{
  "main": {
    "et": {
      "identity": {
        "version": {
          "_cldrVersion": "42"
        },
        "language": "et"
      },
      "dates": {
        "timeZoneNames": {
          "hourFormat": "+HH:mm;−HH:mm",
          "gmtFormat": "GMT {0}",
          "gmtZeroFormat": "GMT",
          "regionFormat": "({0})",
          "regionFormat-type-daylight": "{0} (+1)",
          "regionFormat-type-standard": "{0} (+0)",
          "fallbackFormat": "{1} ({0})",
          "zone": {
            "America": {
              "Adak": {
                "exemplarCity": "Adak"
              },
              "Anchorage": {
                "exemplarCity": "Anchorage"
              },
              "Anguilla": {
                "exemplarCity": "Anguilla"
              },
              "Antigua": {
                "exemplarCity": "Antigua"
              },
              "Araguaina": {
                "exemplarCity": "Araguaína"
              },
              "Argentina": {
                "Rio_Gallegos": {
                  "exemplarCity": "Río Gallegos"
                },
                "San_Juan": {
                  "exemplarCity": "San Juan"
                },
                "Ushuaia": {
                  "exemplarCity": "Ushuaia"
                },
                "La_Rioja": {
                  "exemplarCity": "La Rioja"
                },
                "San_Luis": {
                  "exemplarCity": "San Luis"
                },
                "Salta": {
                  "exemplarCity": "Salta"
                },
                "Tucuman": {
                  "exemplarCity": "Tucumán"
                }
              },
              "Aruba": {
                "exemplarCity": "Aruba"
              },
              "Asuncion": {
                "exemplarCity": "Asunción"
              },
              "Bahia": {
                "exemplarCity": "Bahia"
              },
              "Bahia_Banderas": {
                "exemplarCity": "Bahia Banderas"
              },
              "Barbados": {
                "exemplarCity": "Barbados"
              },
              "Belem": {
                "exemplarCity": "Belém"
              },
              "Belize": {
                "exemplarCity": "Belize"
              },
              "Blanc-Sablon": {
                "exemplarCity": "Blanc-Sablon"
              },
              "Boa_Vista": {
                "exemplarCity": "Boa Vista"
              },
              "Bogota": {
                "exemplarCity": "Bogotá"
              },
              "Boise": {
                "exemplarCity": "Boise"
              },
              "Buenos_Aires": {
                "exemplarCity": "Buenos Aires"
              },
              "Cambridge_Bay": {
                "exemplarCity": "Cambridge Bay"
              },
              "Campo_Grande": {
                "exemplarCity": "Campo Grande"
              },
              "Cancun": {
                "exemplarCity": "Cancún"
              },
              "Caracas": {
                "exemplarCity": "Caracas"
              },
              "Catamarca": {
                "exemplarCity": "Catamarca"
              },
              "Cayenne": {
                "exemplarCity": "Cayenne"
              },
              "Cayman": {
                "exemplarCity": "Cayman"
              },
              "Chicago": {
                "exemplarCity": "Chicago"
              },
              "Chihuahua": {
                "exemplarCity": "Chihuahua"
              },
              "Coral_Harbour": {
                "exemplarCity": "Atikokan"
              },
              "Cordoba": {
                "exemplarCity": "Córdoba"
              },
              "Costa_Rica": {
                "exemplarCity": "Costa Rica"
              },
              "Creston": {
                "exemplarCity": "Creston"
              },
              "Cuiaba": {
                "exemplarCity": "Cuiabá"
              },
              "Curacao": {
                "exemplarCity": "Curaçao"
              },
              "Danmarkshavn": {
                "exemplarCity": "Danmarkshavn"
              },
              "Dawson": {
                "exemplarCity": "Dawson"
              },
              "Dawson_Creek": {
                "exemplarCity": "Dawson Creek"
              },
              "Denver": {
                "exemplarCity": "Denver"
              },
              "Detroit": {
                "exemplarCity": "Detroit"
              },
              "Dominica": {
                "exemplarCity": "Dominica"
              },
              "Edmonton": {
                "exemplarCity": "Edmonton"
              },
              "Eirunepe": {
                "exemplarCity": "Eirunepé"
              },
              "El_Salvador": {
                "exemplarCity": "El Salvador"
              },
              "Fort_Nelson": {
                "exemplarCity": "Fort Nelson"
              },
              "Fortaleza": {
                "exemplarCity": "Fortaleza"
              },
              "Glace_Bay": {
                "exemplarCity": "Glace Bay"
              },
              "Godthab": {
                "exemplarCity": "Nuuk"
              },
              "Goose_Bay": {
                "exemplarCity": "Goose Bay"
              },
              "Grand_Turk": {
                "exemplarCity": "Grand Turk"
              },
              "Grenada": {
                "exemplarCity": "Grenada"
              },
              "Guadeloupe": {
                "exemplarCity": "Guadeloupe"
              },
              "Guatemala": {
                "exemplarCity": "Guatemala"
              },
              "Guayaquil": {
                "exemplarCity": "Guayaquil"
              },
              "Guyana": {
                "exemplarCity": "Guyana"
              },
              "Halifax": {
                "exemplarCity": "Halifax"
              },
              "Havana": {
                "exemplarCity": "Havanna"
              },
              "Hermosillo": {
                "exemplarCity": "Hermosillo"
              },
              "Indiana": {
                "Vincennes": {
                  "exemplarCity": "Vincennes, Indiana"
                },
                "Petersburg": {
                  "exemplarCity": "Petersburg, Indiana"
                },
                "Tell_City": {
                  "exemplarCity": "Tell City, Indiana"
                },
                "Knox": {
                  "exemplarCity": "Knox, Indiana"
                },
                "Winamac": {
                  "exemplarCity": "Winamac, Indiana"
                },
                "Marengo": {
                  "exemplarCity": "Marengo, Indiana"
                },
                "Vevay": {
                  "exemplarCity": "Vevay, Indiana"
                }
              },
              "Indianapolis": {
                "exemplarCity": "Indianapolis"
              },
              "Inuvik": {
                "exemplarCity": "Inuvik"
              },
              "Iqaluit": {
                "exemplarCity": "Iqaluit"
              },
              "Jamaica": {
                "exemplarCity": "Jamaica"
              },
              "Jujuy": {
                "exemplarCity": "Jujuy"
              },
              "Juneau": {
                "exemplarCity": "Juneau"
              },
              "Kentucky": {
                "Monticello": {
                  "exemplarCity": "Monticello, Kentucky"
                }
              },
              "Kralendijk": {
                "exemplarCity": "Kralendijk"
              },
              "La_Paz": {
                "exemplarCity": "La Paz"
              },
              "Lima": {
                "exemplarCity": "Lima"
              },
              "Los_Angeles": {
                "exemplarCity": "Los Angeles"
              },
              "Louisville": {
                "exemplarCity": "Louisville"
              },
              "Lower_Princes": {
                "exemplarCity": "Lower Prince’s Quarter"
              },
              "Maceio": {
                "exemplarCity": "Maceió"
              },
              "Managua": {
                "exemplarCity": "Managua"
              },
              "Manaus": {
                "exemplarCity": "Manaus"
              },
              "Marigot": {
                "exemplarCity": "Marigot"
              },
              "Martinique": {
                "exemplarCity": "Martinique"
              },
              "Matamoros": {
                "exemplarCity": "Matamoros"
              },
              "Mazatlan": {
                "exemplarCity": "Mazatlán"
              },
              "Mendoza": {
                "exemplarCity": "Mendoza"
              },
              "Menominee": {
                "exemplarCity": "Menominee"
              },
              "Merida": {
                "exemplarCity": "Mérida"
              },
              "Metlakatla": {
                "exemplarCity": "Metlakatla"
              },
              "Mexico_City": {
                "exemplarCity": "México"
              },
              "Miquelon": {
                "exemplarCity": "Miquelon"
              },
              "Moncton": {
                "exemplarCity": "Moncton"
              },
              "Monterrey": {
                "exemplarCity": "Monterrey"
              },
              "Montevideo": {
                "exemplarCity": "Montevideo"
              },
              "Montserrat": {
                "exemplarCity": "Montserrat"
              },
              "Nassau": {
                "exemplarCity": "Nassau"
              },
              "New_York": {
                "exemplarCity": "New York"
              },
              "Nipigon": {
                "exemplarCity": "Nipigon"
              },
              "Nome": {
                "exemplarCity": "Nome"
              },
              "Noronha": {
                "exemplarCity": "Noronha"
              },
              "North_Dakota": {
                "Beulah": {
                  "exemplarCity": "Beulah, Põhja-Dakota"
                },
                "New_Salem": {
                  "exemplarCity": "New Salem, Põhja-Dakota"
                },
                "Center": {
                  "exemplarCity": "Center, Põhja-Dakota"
                }
              },
              "Ojinaga": {
                "exemplarCity": "Ojinaga"
              },
              "Panama": {
                "exemplarCity": "Panama"
              },
              "Pangnirtung": {
                "exemplarCity": "Pangnirtung"
              },
              "Paramaribo": {
                "exemplarCity": "Paramaribo"
              },
              "Phoenix": {
                "exemplarCity": "Phoenix"
              },
              "Port-au-Prince": {
                "exemplarCity": "Port-au-Prince"
              },
              "Port_of_Spain": {
                "exemplarCity": "Port of Spain"
              },
              "Porto_Velho": {
                "exemplarCity": "Porto Velho"
              },
              "Puerto_Rico": {
                "exemplarCity": "Puerto Rico"
              },
              "Punta_Arenas": {
                "exemplarCity": "Punta Arenas"
              },
              "Rainy_River": {
                "exemplarCity": "Rainy River"
              },
              "Rankin_Inlet": {
                "exemplarCity": "Rankin Inlet"
              },
              "Recife": {
                "exemplarCity": "Recife"
              },
              "Regina": {
                "exemplarCity": "Regina"
              },
              "Resolute": {
                "exemplarCity": "Resolute"
              },
              "Rio_Branco": {
                "exemplarCity": "Rio Branco"
              },
              "Santa_Isabel": {
                "exemplarCity": "Santa Isabel"
              },
              "Santarem": {
                "exemplarCity": "Santarém"
              },
              "Santiago": {
                "exemplarCity": "Santiago"
              },
              "Santo_Domingo": {
                "exemplarCity": "Santo Domingo"
              },
              "Sao_Paulo": {
                "exemplarCity": "São Paulo"
              },
              "Scoresbysund": {
                "exemplarCity": "Ittoqqortoormiit"
              },
              "Sitka": {
                "exemplarCity": "Sitka"
              },
              "St_Barthelemy": {
                "exemplarCity": "Saint-Barthélemy"
              },
              "St_Johns": {
                "exemplarCity": "Saint John’s"
              },
              "St_Kitts": {
                "exemplarCity": "Saint Kitts"
              },
              "St_Lucia": {
                "exemplarCity": "Saint Lucia"
              },
              "St_Thomas": {
                "exemplarCity": "Saint Thomas"
              },
              "St_Vincent": {
                "exemplarCity": "Saint Vincent"
              },
              "Swift_Current": {
                "exemplarCity": "Swift Current"
              },
              "Tegucigalpa": {
                "exemplarCity": "Tegucigalpa"
              },
              "Thule": {
                "exemplarCity": "Thule"
              },
              "Thunder_Bay": {
                "exemplarCity": "Thunder Bay"
              },
              "Tijuana": {
                "exemplarCity": "Tijuana"
              },
              "Toronto": {
                "exemplarCity": "Toronto"
              },
              "Tortola": {
                "exemplarCity": "Tortola"
              },
              "Vancouver": {
                "exemplarCity": "Vancouver"
              },
              "Whitehorse": {
                "exemplarCity": "Whitehorse"
              },
              "Winnipeg": {
                "exemplarCity": "Winnipeg"
              },
              "Yakutat": {
                "exemplarCity": "Yakutat"
              },
              "Yellowknife": {
                "exemplarCity": "Yellowknife"
              }
            },
            "Atlantic": {
              "Azores": {
                "exemplarCity": "Assoorid"
              },
              "Bermuda": {
                "exemplarCity": "Bermuda"
              },
              "Canary": {
                "exemplarCity": "Kanaari saared"
              },
              "Cape_Verde": {
                "exemplarCity": "Roheneemesaared"
              },
              "Faeroe": {
                "exemplarCity": "Fääri saared"
              },
              "Madeira": {
                "exemplarCity": "Madeira"
              },
              "Reykjavik": {
                "exemplarCity": "Reykjavík"
              },
              "South_Georgia": {
                "exemplarCity": "Lõuna-Georgia"
              },
              "St_Helena": {
                "exemplarCity": "Saint Helena"
              },
              "Stanley": {
                "exemplarCity": "Stanley"
              }
            },
            "Europe": {
              "Amsterdam": {
                "exemplarCity": "Amsterdam"
              },
              "Andorra": {
                "exemplarCity": "Andorra"
              },
              "Astrakhan": {
                "exemplarCity": "Astrahan"
              },
              "Athens": {
                "exemplarCity": "Ateena"
              },
              "Belgrade": {
                "exemplarCity": "Belgrad"
              },
              "Berlin": {
                "exemplarCity": "Berliin"
              },
              "Bratislava": {
                "exemplarCity": "Bratislava"
              },
              "Brussels": {
                "exemplarCity": "Brüssel"
              },
              "Bucharest": {
                "exemplarCity": "Bukarest"
              },
              "Budapest": {
                "exemplarCity": "Budapest"
              },
              "Busingen": {
                "exemplarCity": "Büsingen"
              },
              "Chisinau": {
                "exemplarCity": "Chișinău"
              },
              "Copenhagen": {
                "exemplarCity": "Kopenhaagen"
              },
              "Dublin": {
                "long": {
                  "daylight": "Iiri suveaeg"
                },
                "exemplarCity": "Dublin"
              },
              "Gibraltar": {
                "exemplarCity": "Gibraltar"
              },
              "Guernsey": {
                "exemplarCity": "Guernsey"
              },
              "Helsinki": {
                "exemplarCity": "Helsingi"
              },
              "Isle_of_Man": {
                "exemplarCity": "Mani saar"
              },
              "Istanbul": {
                "exemplarCity": "İstanbul"
              },
              "Jersey": {
                "exemplarCity": "Jersey"
              },
              "Kaliningrad": {
                "exemplarCity": "Kaliningrad"
              },
              "Kiev": {
                "exemplarCity": "Kiiev"
              },
              "Kirov": {
                "exemplarCity": "Kirov"
              },
              "Lisbon": {
                "exemplarCity": "Lissabon"
              },
              "Ljubljana": {
                "exemplarCity": "Ljubljana"
              },
              "London": {
                "long": {
                  "daylight": "Briti suveaeg"
                },
                "exemplarCity": "London"
              },
              "Luxembourg": {
                "exemplarCity": "Luxembourg"
              },
              "Madrid": {
                "exemplarCity": "Madrid"
              },
              "Malta": {
                "exemplarCity": "Malta"
              },
              "Mariehamn": {
                "exemplarCity": "Maarianhamina"
              },
              "Minsk": {
                "exemplarCity": "Minsk"
              },
              "Monaco": {
                "exemplarCity": "Monaco"
              },
              "Moscow": {
                "exemplarCity": "Moskva"
              },
              "Oslo": {
                "exemplarCity": "Oslo"
              },
              "Paris": {
                "exemplarCity": "Pariis"
              },
              "Podgorica": {
                "exemplarCity": "Podgorica"
              },
              "Prague": {
                "exemplarCity": "Praha"
              },
              "Riga": {
                "exemplarCity": "Riia"
              },
              "Rome": {
                "exemplarCity": "Rooma"
              },
              "Samara": {
                "exemplarCity": "Samara"
              },
              "San_Marino": {
                "exemplarCity": "San Marino"
              },
              "Sarajevo": {
                "exemplarCity": "Sarajevo"
              },
              "Saratov": {
                "exemplarCity": "Saratov"
              },
              "Simferopol": {
                "exemplarCity": "Simferopol"
              },
              "Skopje": {
                "exemplarCity": "Skopje"
              },
              "Sofia": {
                "exemplarCity": "Sofia"
              },
              "Stockholm": {
                "exemplarCity": "Stockholm"
              },
              "Tallinn": {
                "exemplarCity": "Tallinn"
              },
              "Tirane": {
                "exemplarCity": "Tirana"
              },
              "Ulyanovsk": {
                "exemplarCity": "Uljanovsk"
              },
              "Uzhgorod": {
                "exemplarCity": "Užgorod"
              },
              "Vaduz": {
                "exemplarCity": "Vaduz"
              },
              "Vatican": {
                "exemplarCity": "Vatikan"
              },
              "Vienna": {
                "exemplarCity": "Viin"
              },
              "Vilnius": {
                "exemplarCity": "Vilnius"
              },
              "Volgograd": {
                "exemplarCity": "Volgograd"
              },
              "Warsaw": {
                "exemplarCity": "Varssavi"
              },
              "Zagreb": {
                "exemplarCity": "Zagreb"
              },
              "Zaporozhye": {
                "exemplarCity": "Zaporožje"
              },
              "Zurich": {
                "exemplarCity": "Zürich"
              }
            },
            "Africa": {
              "Abidjan": {
                "exemplarCity": "Abidjan"
              },
              "Accra": {
                "exemplarCity": "Accra"
              },
              "Addis_Ababa": {
                "exemplarCity": "Addis Abeba"
              },
              "Algiers": {
                "exemplarCity": "Alžiir"
              },
              "Asmera": {
                "exemplarCity": "Asmara"
              },
              "Bamako": {
                "exemplarCity": "Bamako"
              },
              "Bangui": {
                "exemplarCity": "Bangui"
              },
              "Banjul": {
                "exemplarCity": "Banjul"
              },
              "Bissau": {
                "exemplarCity": "Bissau"
              },
              "Blantyre": {
                "exemplarCity": "Blantyre"
              },
              "Brazzaville": {
                "exemplarCity": "Brazzaville"
              },
              "Bujumbura": {
                "exemplarCity": "Bujumbura"
              },
              "Cairo": {
                "exemplarCity": "Kairo"
              },
              "Casablanca": {
                "exemplarCity": "Casablanca"
              },
              "Ceuta": {
                "exemplarCity": "Ceuta"
              },
              "Conakry": {
                "exemplarCity": "Conakry"
              },
              "Dakar": {
                "exemplarCity": "Dakar"
              },
              "Dar_es_Salaam": {
                "exemplarCity": "Dar es Salaam"
              },
              "Djibouti": {
                "exemplarCity": "Djibouti"
              },
              "Douala": {
                "exemplarCity": "Douala"
              },
              "El_Aaiun": {
                "exemplarCity": "El Aaiun"
              },
              "Freetown": {
                "exemplarCity": "Freetown"
              },
              "Gaborone": {
                "exemplarCity": "Gaborone"
              },
              "Harare": {
                "exemplarCity": "Harare"
              },
              "Johannesburg": {
                "exemplarCity": "Johannesburg"
              },
              "Juba": {
                "exemplarCity": "Juba"
              },
              "Kampala": {
                "exemplarCity": "Kampala"
              },
              "Khartoum": {
                "exemplarCity": "Hartum"
              },
              "Kigali": {
                "exemplarCity": "Kigali"
              },
              "Kinshasa": {
                "exemplarCity": "Kinshasa"
              },
              "Lagos": {
                "exemplarCity": "Lagos"
              },
              "Libreville": {
                "exemplarCity": "Libreville"
              },
              "Lome": {
                "exemplarCity": "Lome"
              },
              "Luanda": {
                "exemplarCity": "Luanda"
              },
              "Lubumbashi": {
                "exemplarCity": "Lubumbashi"
              },
              "Lusaka": {
                "exemplarCity": "Lusaka"
              },
              "Malabo": {
                "exemplarCity": "Malabo"
              },
              "Maputo": {
                "exemplarCity": "Maputo"
              },
              "Maseru": {
                "exemplarCity": "Maseru"
              },
              "Mbabane": {
                "exemplarCity": "Mbabane"
              },
              "Mogadishu": {
                "exemplarCity": "Mogadishu"
              },
              "Monrovia": {
                "exemplarCity": "Monrovia"
              },
              "Nairobi": {
                "exemplarCity": "Nairobi"
              },
              "Ndjamena": {
                "exemplarCity": "N’Djamena"
              },
              "Niamey": {
                "exemplarCity": "Niamey"
              },
              "Nouakchott": {
                "exemplarCity": "Nouakchott"
              },
              "Ouagadougou": {
                "exemplarCity": "Ouagadougou"
              },
              "Porto-Novo": {
                "exemplarCity": "Porto-Novo"
              },
              "Sao_Tome": {
                "exemplarCity": "São Tomé"
              },
              "Tripoli": {
                "exemplarCity": "Tripoli"
              },
              "Tunis": {
                "exemplarCity": "Tunis"
              },
              "Windhoek": {
                "exemplarCity": "Windhoek"
              }
            },
            "Asia": {
              "Aden": {
                "exemplarCity": "Aden"
              },
              "Almaty": {
                "exemplarCity": "Almatõ"
              },
              "Amman": {
                "exemplarCity": "Amman"
              },
              "Anadyr": {
                "exemplarCity": "Anadõr"
              },
              "Aqtau": {
                "exemplarCity": "Aktau"
              },
              "Aqtobe": {
                "exemplarCity": "Aktöbe"
              },
              "Ashgabat": {
                "exemplarCity": "Aşgabat"
              },
              "Atyrau": {
                "exemplarCity": "Atõrau"
              },
              "Baghdad": {
                "exemplarCity": "Bagdad"
              },
              "Bahrain": {
                "exemplarCity": "Bahrein"
              },
              "Baku": {
                "exemplarCity": "Bakuu"
              },
              "Bangkok": {
                "exemplarCity": "Bangkok"
              },
              "Barnaul": {
                "exemplarCity": "Barnaul"
              },
              "Beirut": {
                "exemplarCity": "Beirut"
              },
              "Bishkek": {
                "exemplarCity": "Biškek"
              },
              "Brunei": {
                "exemplarCity": "Brunei"
              },
              "Calcutta": {
                "exemplarCity": "Kolkata"
              },
              "Chita": {
                "exemplarCity": "Tšita"
              },
              "Choibalsan": {
                "exemplarCity": "Tšojbalsan"
              },
              "Colombo": {
                "exemplarCity": "Colombo"
              },
              "Damascus": {
                "exemplarCity": "Damaskus"
              },
              "Dhaka": {
                "exemplarCity": "Dhaka"
              },
              "Dili": {
                "exemplarCity": "Dili"
              },
              "Dubai": {
                "exemplarCity": "Dubai"
              },
              "Dushanbe": {
                "exemplarCity": "Dušanbe"
              },
              "Famagusta": {
                "exemplarCity": "Famagusta"
              },
              "Gaza": {
                "exemplarCity": "Gaza"
              },
              "Hebron": {
                "exemplarCity": "Hebron"
              },
              "Hong_Kong": {
                "exemplarCity": "Hongkong"
              },
              "Hovd": {
                "exemplarCity": "Hovd"
              },
              "Irkutsk": {
                "exemplarCity": "Irkutsk"
              },
              "Jakarta": {
                "exemplarCity": "Jakarta"
              },
              "Jayapura": {
                "exemplarCity": "Jayapura"
              },
              "Jerusalem": {
                "exemplarCity": "Jeruusalemm"
              },
              "Kabul": {
                "exemplarCity": "Kabul"
              },
              "Kamchatka": {
                "exemplarCity": "Kamtšatka"
              },
              "Karachi": {
                "exemplarCity": "Karachi"
              },
              "Katmandu": {
                "exemplarCity": "Katmandu"
              },
              "Khandyga": {
                "exemplarCity": "Handõga"
              },
              "Krasnoyarsk": {
                "exemplarCity": "Krasnojarsk"
              },
              "Kuala_Lumpur": {
                "exemplarCity": "Kuala Lumpur"
              },
              "Kuching": {
                "exemplarCity": "Kuching"
              },
              "Kuwait": {
                "exemplarCity": "Kuveit"
              },
              "Macau": {
                "exemplarCity": "Macau"
              },
              "Magadan": {
                "exemplarCity": "Magadan"
              },
              "Makassar": {
                "exemplarCity": "Makassar"
              },
              "Manila": {
                "exemplarCity": "Manila"
              },
              "Muscat": {
                "exemplarCity": "Masqaţ"
              },
              "Nicosia": {
                "exemplarCity": "Nikosia"
              },
              "Novokuznetsk": {
                "exemplarCity": "Novokuznetsk"
              },
              "Novosibirsk": {
                "exemplarCity": "Novosibirsk"
              },
              "Omsk": {
                "exemplarCity": "Omsk"
              },
              "Oral": {
                "exemplarCity": "Oral"
              },
              "Phnom_Penh": {
                "exemplarCity": "Phnom Penh"
              },
              "Pontianak": {
                "exemplarCity": "Pontianak"
              },
              "Pyongyang": {
                "exemplarCity": "Pyongyang"
              },
              "Qatar": {
                "exemplarCity": "Katar"
              },
              "Qostanay": {
                "exemplarCity": "Kostanaj"
              },
              "Qyzylorda": {
                "exemplarCity": "Kõzõlorda"
              },
              "Rangoon": {
                "exemplarCity": "Yangon"
              },
              "Riyadh": {
                "exemplarCity": "Ar-Riyāḑ"
              },
              "Saigon": {
                "exemplarCity": "Ho Chi Minh"
              },
              "Sakhalin": {
                "exemplarCity": "Sahhalin"
              },
              "Samarkand": {
                "exemplarCity": "Samarkand"
              },
              "Seoul": {
                "exemplarCity": "Soul"
              },
              "Shanghai": {
                "exemplarCity": "Shanghai"
              },
              "Singapore": {
                "exemplarCity": "Singapur"
              },
              "Srednekolymsk": {
                "exemplarCity": "Srednekolõmsk"
              },
              "Taipei": {
                "exemplarCity": "Taipei"
              },
              "Tashkent": {
                "exemplarCity": "Taškent"
              },
              "Tbilisi": {
                "exemplarCity": "Thbilisi"
              },
              "Tehran": {
                "exemplarCity": "Teheran"
              },
              "Thimphu": {
                "exemplarCity": "Thimphu"
              },
              "Tokyo": {
                "exemplarCity": "Tōkyō"
              },
              "Tomsk": {
                "exemplarCity": "Tomsk"
              },
              "Ulaanbaatar": {
                "exemplarCity": "Ulaanbaatar"
              },
              "Urumqi": {
                "exemplarCity": "Ürümqi"
              },
              "Ust-Nera": {
                "exemplarCity": "Ust-Nera"
              },
              "Vientiane": {
                "exemplarCity": "Vientiane"
              },
              "Vladivostok": {
                "exemplarCity": "Vladivostok"
              },
              "Yakutsk": {
                "exemplarCity": "Jakutsk"
              },
              "Yekaterinburg": {
                "exemplarCity": "Jekaterinburg"
              },
              "Yerevan": {
                "exemplarCity": "Jerevan"
              }
            },
            "Indian": {
              "Antananarivo": {
                "exemplarCity": "Antananarivo"
              },
              "Chagos": {
                "exemplarCity": "Chagos"
              },
              "Christmas": {
                "exemplarCity": "Jõulusaar"
              },
              "Cocos": {
                "exemplarCity": "Kookossaared"
              },
              "Comoro": {
                "exemplarCity": "Comoro"
              },
              "Kerguelen": {
                "exemplarCity": "Kerguelen"
              },
              "Mahe": {
                "exemplarCity": "Mahe"
              },
              "Maldives": {
                "exemplarCity": "Maldiivid"
              },
              "Mauritius": {
                "exemplarCity": "Mauritius"
              },
              "Mayotte": {
                "exemplarCity": "Mayotte"
              },
              "Reunion": {
                "exemplarCity": "Réunion"
              }
            },
            "Australia": {
              "Adelaide": {
                "exemplarCity": "Adelaide"
              },
              "Brisbane": {
                "exemplarCity": "Brisbane"
              },
              "Broken_Hill": {
                "exemplarCity": "Broken Hill"
              },
              "Currie": {
                "exemplarCity": "Currie"
              },
              "Darwin": {
                "exemplarCity": "Darwin"
              },
              "Eucla": {
                "exemplarCity": "Eucla"
              },
              "Hobart": {
                "exemplarCity": "Hobart"
              },
              "Lindeman": {
                "exemplarCity": "Lindeman"
              },
              "Lord_Howe": {
                "exemplarCity": "Lord Howe"
              },
              "Melbourne": {
                "exemplarCity": "Melbourne"
              },
              "Perth": {
                "exemplarCity": "Perth"
              },
              "Sydney": {
                "exemplarCity": "Sydney"
              }
            },
            "Pacific": {
              "Apia": {
                "exemplarCity": "Apia"
              },
              "Auckland": {
                "exemplarCity": "Auckland"
              },
              "Bougainville": {
                "exemplarCity": "Bougainville"
              },
              "Chatham": {
                "exemplarCity": "Chatham"
              },
              "Easter": {
                "exemplarCity": "Lihavõttesaar"
              },
              "Efate": {
                "exemplarCity": "Efate"
              },
              "Enderbury": {
                "exemplarCity": "Enderbury"
              },
              "Fakaofo": {
                "exemplarCity": "Fakaofo"
              },
              "Fiji": {
                "exemplarCity": "Fidži"
              },
              "Funafuti": {
                "exemplarCity": "Funafuti"
              },
              "Galapagos": {
                "exemplarCity": "Galápagos"
              },
              "Gambier": {
                "exemplarCity": "Gambier"
              },
              "Guadalcanal": {
                "exemplarCity": "Guadalcanal"
              },
              "Guam": {
                "exemplarCity": "Guam"
              },
              "Honolulu": {
                "exemplarCity": "Honolulu"
              },
              "Johnston": {
                "exemplarCity": "Johnston"
              },
              "Kanton": {
                "exemplarCity": "Kanton"
              },
              "Kiritimati": {
                "exemplarCity": "Kiritimati"
              },
              "Kosrae": {
                "exemplarCity": "Kosrae"
              },
              "Kwajalein": {
                "exemplarCity": "Kwajalein"
              },
              "Majuro": {
                "exemplarCity": "Majuro"
              },
              "Marquesas": {
                "exemplarCity": "Markiisaared"
              },
              "Midway": {
                "exemplarCity": "Midway"
              },
              "Nauru": {
                "exemplarCity": "Nauru"
              },
              "Niue": {
                "exemplarCity": "Niue"
              },
              "Norfolk": {
                "exemplarCity": "Norfolk"
              },
              "Noumea": {
                "exemplarCity": "Noumea"
              },
              "Pago_Pago": {
                "exemplarCity": "Pago Pago"
              },
              "Palau": {
                "exemplarCity": "Belau"
              },
              "Pitcairn": {
                "exemplarCity": "Pitcairn"
              },
              "Ponape": {
                "exemplarCity": "Pohnpei"
              },
              "Port_Moresby": {
                "exemplarCity": "Port Moresby"
              },
              "Rarotonga": {
                "exemplarCity": "Rarotonga"
              },
              "Saipan": {
                "exemplarCity": "Saipan"
              },
              "Tahiti": {
                "exemplarCity": "Tahiti"
              },
              "Tarawa": {
                "exemplarCity": "Tarawa"
              },
              "Tongatapu": {
                "exemplarCity": "Tongatapu"
              },
              "Truk": {
                "exemplarCity": "Chuuk"
              },
              "Wake": {
                "exemplarCity": "Wake"
              },
              "Wallis": {
                "exemplarCity": "Wallis"
              }
            },
            "Arctic": {
              "Longyearbyen": {
                "exemplarCity": "Longyearbyen"
              }
            },
            "Antarctica": {
              "Casey": {
                "exemplarCity": "Casey"
              },
              "Davis": {
                "exemplarCity": "Davis"
              },
              "DumontDUrville": {
                "exemplarCity": "Dumont d’Urville"
              },
              "Macquarie": {
                "exemplarCity": "Macquarie"
              },
              "Mawson": {
                "exemplarCity": "Mawson"
              },
              "McMurdo": {
                "exemplarCity": "McMurdo"
              },
              "Palmer": {
                "exemplarCity": "Palmer"
              },
              "Rothera": {
                "exemplarCity": "Rothera"
              },
              "Syowa": {
                "exemplarCity": "Syowa"
              },
              "Troll": {
                "exemplarCity": "Troll"
              },
              "Vostok": {
                "exemplarCity": "Vostok"
              }
            },
            "Etc": {
              "UTC": {
                "long": {
                  "standard": "Koordineeritud maailmaaeg"
                },
                "short": {
                  "standard": "UTC"
                }
              },
              "Unknown": {
                "exemplarCity": "määramata linn"
              }
            }
          },
          "metazone": {
            "Acre": {
              "long": {
                "generic": "Acre aeg",
                "standard": "Acre standardaeg",
                "daylight": "Acre suveaeg"
              }
            },
            "Afghanistan": {
              "long": {
                "standard": "Afganistani aeg"
              }
            },
            "Africa_Central": {
              "long": {
                "standard": "Kesk-Aafrika aeg"
              }
            },
            "Africa_Eastern": {
              "long": {
                "standard": "Ida-Aafrika aeg"
              }
            },
            "Africa_Southern": {
              "long": {
                "standard": "Lõuna-Aafrika standardaeg"
              }
            },
            "Africa_Western": {
              "long": {
                "generic": "Lääne-Aafrika aeg",
                "standard": "Lääne-Aafrika standardaeg",
                "daylight": "Lääne-Aafrika suveaeg"
              }
            },
            "Alaska": {
              "long": {
                "generic": "Alaska aeg",
                "standard": "Alaska standardaeg",
                "daylight": "Alaska suveaeg"
              }
            },
            "Almaty": {
              "long": {
                "generic": "Almatõ aeg",
                "standard": "Almatõ standardaeg",
                "daylight": "Almatõ suveaeg"
              }
            },
            "Amazon": {
              "long": {
                "generic": "Amazonase aeg",
                "standard": "Amazonase standardaeg",
                "daylight": "Amazonase suveaeg"
              }
            },
            "America_Central": {
              "long": {
                "generic": "Kesk-Ameerika aeg",
                "standard": "Kesk-Ameerika standardaeg",
                "daylight": "Kesk-Ameerika suveaeg"
              }
            },
            "America_Eastern": {
              "long": {
                "generic": "Idaranniku aeg",
                "standard": "Idaranniku standardaeg",
                "daylight": "Idaranniku suveaeg"
              }
            },
            "America_Mountain": {
              "long": {
                "generic": "Mäestikuvööndi aeg",
                "standard": "Mäestikuvööndi standardaeg",
                "daylight": "Mäestikuvööndi suveaeg"
              }
            },
            "America_Pacific": {
              "long": {
                "generic": "Vaikse ookeani aeg",
                "standard": "Vaikse ookeani standardaeg",
                "daylight": "Vaikse ookeani suveaeg"
              }
            },
            "Anadyr": {
              "long": {
                "generic": "Anadõri aeg",
                "standard": "Anadõri standardaeg",
                "daylight": "Anadõri suveaeg"
              }
            },
            "Apia": {
              "long": {
                "generic": "Apia aeg",
                "standard": "Apia standardaeg",
                "daylight": "Apia suveaeg"
              }
            },
            "Aqtau": {
              "long": {
                "generic": "Aktau aeg",
                "standard": "Aktau standardaeg",
                "daylight": "Aktau suveaeg"
              }
            },
            "Aqtobe": {
              "long": {
                "generic": "Aktöbe aeg",
                "standard": "Aktöbe standardaeg",
                "daylight": "Aktöbe suveaeg"
              }
            },
            "Arabian": {
              "long": {
                "generic": "Araabia aeg",
                "standard": "Araabia standardaeg",
                "daylight": "Araabia suveaeg"
              }
            },
            "Argentina": {
              "long": {
                "generic": "Argentina aeg",
                "standard": "Argentina standardaeg",
                "daylight": "Argentina suveaeg"
              }
            },
            "Argentina_Western": {
              "long": {
                "generic": "Lääne-Argentina aeg",
                "standard": "Lääne-Argentina standardaeg",
                "daylight": "Lääne-Argentina suveaeg"
              }
            },
            "Armenia": {
              "long": {
                "generic": "Armeenia aeg",
                "standard": "Armeenia standardaeg",
                "daylight": "Armeenia suveaeg"
              }
            },
            "Atlantic": {
              "long": {
                "generic": "Atlandi aeg",
                "standard": "Atlandi standardaeg",
                "daylight": "Atlandi suveaeg"
              }
            },
            "Australia_Central": {
              "long": {
                "generic": "Kesk-Austraalia aeg",
                "standard": "Kesk-Austraalia standardaeg",
                "daylight": "Kesk-Austraalia suveaeg"
              }
            },
            "Australia_CentralWestern": {
              "long": {
                "generic": "Austraalia Kesk-Lääne aeg",
                "standard": "Austraalia Kesk-Lääne standardaeg",
                "daylight": "Austraalia Kesk-Lääne suveaeg"
              }
            },
            "Australia_Eastern": {
              "long": {
                "generic": "Ida-Austraalia aeg",
                "standard": "Ida-Austraalia standardaeg",
                "daylight": "Ida-Austraalia suveaeg"
              }
            },
            "Australia_Western": {
              "long": {
                "generic": "Lääne-Austraalia aeg",
                "standard": "Lääne-Austraalia standardaeg",
                "daylight": "Lääne-Austraalia suveaeg"
              }
            },
            "Azerbaijan": {
              "long": {
                "generic": "Aserbaidžaani aeg",
                "standard": "Aserbaidžaani standardaeg",
                "daylight": "Aserbaidžaani suveaeg"
              }
            },
            "Azores": {
              "long": {
                "generic": "Assooride aeg",
                "standard": "Assooride standardaeg",
                "daylight": "Assooride suveaeg"
              }
            },
            "Bangladesh": {
              "long": {
                "generic": "Bangladeshi aeg",
                "standard": "Bangladeshi standardaeg",
                "daylight": "Bangladeshi suveaeg"
              }
            },
            "Bhutan": {
              "long": {
                "standard": "Bhutani aeg"
              }
            },
            "Bolivia": {
              "long": {
                "standard": "Boliivia aeg"
              }
            },
            "Brasilia": {
              "long": {
                "generic": "Brasiilia aeg",
                "standard": "Brasiilia standardaeg",
                "daylight": "Brasiilia suveaeg"
              }
            },
            "Brunei": {
              "long": {
                "standard": "Brunei aeg"
              }
            },
            "Cape_Verde": {
              "long": {
                "generic": "Roheneemesaarte aeg",
                "standard": "Roheneemesaarte standardaeg",
                "daylight": "Roheneemesaarte suveaeg"
              }
            },
            "Casey": {
              "long": {
                "standard": "Casey aeg"
              }
            },
            "Chamorro": {
              "long": {
                "standard": "Tšamorro standardaeg"
              }
            },
            "Chatham": {
              "long": {
                "generic": "Chathami aeg",
                "standard": "Chathami standardaeg",
                "daylight": "Chathami suveaeg"
              }
            },
            "Chile": {
              "long": {
                "generic": "Tšiili aeg",
                "standard": "Tšiili standardaeg",
                "daylight": "Tšiili suveaeg"
              }
            },
            "China": {
              "long": {
                "generic": "Hiina aeg",
                "standard": "Hiina standardaeg",
                "daylight": "Hiina suveaeg"
              }
            },
            "Choibalsan": {
              "long": {
                "generic": "Tšojbalsani aeg",
                "standard": "Tšojbalsani standardaeg",
                "daylight": "Tšojbalsani suveaeg"
              }
            },
            "Christmas": {
              "long": {
                "standard": "Jõulusaare aeg"
              }
            },
            "Cocos": {
              "long": {
                "standard": "Kookossaarte aeg"
              }
            },
            "Colombia": {
              "long": {
                "generic": "Colombia aeg",
                "standard": "Colombia standardaeg",
                "daylight": "Colombia suveaeg"
              }
            },
            "Cook": {
              "long": {
                "generic": "Cooki saarte aeg",
                "standard": "Cooki saarte standardaeg",
                "daylight": "Cooki saarte osaline suveaeg"
              }
            },
            "Cuba": {
              "long": {
                "generic": "Kuuba aeg",
                "standard": "Kuuba standardaeg",
                "daylight": "Kuuba suveaeg"
              }
            },
            "Davis": {
              "long": {
                "standard": "Davise aeg"
              }
            },
            "DumontDUrville": {
              "long": {
                "standard": "Dumont-d’Urville’i aeg"
              }
            },
            "East_Timor": {
              "long": {
                "standard": "Ida-Timori aeg"
              }
            },
            "Easter": {
              "long": {
                "generic": "Lihavõttesaare aeg",
                "standard": "Lihavõttesaare standardaeg",
                "daylight": "Lihavõttesaare suveaeg"
              }
            },
            "Ecuador": {
              "long": {
                "standard": "Ecuadori aeg"
              }
            },
            "Europe_Central": {
              "long": {
                "generic": "Kesk-Euroopa aeg",
                "standard": "Kesk-Euroopa standardaeg",
                "daylight": "Kesk-Euroopa suveaeg"
              }
            },
            "Europe_Eastern": {
              "long": {
                "generic": "Ida-Euroopa aeg",
                "standard": "Ida-Euroopa standardaeg",
                "daylight": "Ida-Euroopa suveaeg"
              }
            },
            "Europe_Further_Eastern": {
              "long": {
                "standard": "Kaliningradi ja Valgevene aeg"
              }
            },
            "Europe_Western": {
              "long": {
                "generic": "Lääne-Euroopa aeg",
                "standard": "Lääne-Euroopa standardaeg",
                "daylight": "Lääne-Euroopa suveaeg"
              }
            },
            "Falkland": {
              "long": {
                "generic": "Falklandi saarte aeg",
                "standard": "Falklandi saarte standardaeg",
                "daylight": "Falklandi saarte suveaeg"
              }
            },
            "Fiji": {
              "long": {
                "generic": "Fidži aeg",
                "standard": "Fidži standardaeg",
                "daylight": "Fidži suveaeg"
              }
            },
            "French_Guiana": {
              "long": {
                "standard": "Prantsuse Guajaana aeg"
              }
            },
            "French_Southern": {
              "long": {
                "standard": "Prantsuse Antarktiliste ja Lõunaalade aeg"
              }
            },
            "Galapagos": {
              "long": {
                "standard": "Galapagose aeg"
              }
            },
            "Gambier": {
              "long": {
                "standard": "Gambier’ aeg"
              }
            },
            "Georgia": {
              "long": {
                "generic": "Gruusia aeg",
                "standard": "Gruusia standardaeg",
                "daylight": "Gruusia suveaeg"
              }
            },
            "Gilbert_Islands": {
              "long": {
                "standard": "Gilberti saarte aeg"
              }
            },
            "GMT": {
              "long": {
                "standard": "Greenwichi aeg"
              }
            },
            "Greenland_Eastern": {
              "long": {
                "generic": "Ida-Gröönimaa aeg",
                "standard": "Ida-Gröönimaa standardaeg",
                "daylight": "Ida-Gröönimaa suveaeg"
              }
            },
            "Greenland_Western": {
              "long": {
                "generic": "Lääne-Gröönimaa aeg",
                "standard": "Lääne-Gröönimaa standardaeg",
                "daylight": "Lääne-Gröönimaa suveaeg"
              }
            },
            "Guam": {
              "long": {
                "standard": "Guami standardaeg"
              }
            },
            "Gulf": {
              "long": {
                "standard": "Pärsia lahe standardaeg"
              }
            },
            "Guyana": {
              "long": {
                "standard": "Guyana aeg"
              }
            },
            "Hawaii_Aleutian": {
              "long": {
                "generic": "Hawaii-Aleuudi aeg",
                "standard": "Hawaii-Aleuudi standardaeg",
                "daylight": "Hawaii-Aleuudi suveaeg"
              }
            },
            "Hong_Kong": {
              "long": {
                "generic": "Hongkongi aeg",
                "standard": "Hongkongi standardaeg",
                "daylight": "Hongkongi suveaeg"
              }
            },
            "Hovd": {
              "long": {
                "generic": "Hovdi aeg",
                "standard": "Hovdi standardaeg",
                "daylight": "Hovdi suveaeg"
              }
            },
            "India": {
              "long": {
                "standard": "India aeg"
              }
            },
            "Indian_Ocean": {
              "long": {
                "standard": "India ookeani aeg"
              }
            },
            "Indochina": {
              "long": {
                "standard": "Indohiina aeg"
              }
            },
            "Indonesia_Central": {
              "long": {
                "standard": "Kesk-Indoneesia aeg"
              }
            },
            "Indonesia_Eastern": {
              "long": {
                "standard": "Ida-Indoneesia aeg"
              }
            },
            "Indonesia_Western": {
              "long": {
                "standard": "Lääne-Indoneesia aeg"
              }
            },
            "Iran": {
              "long": {
                "generic": "Iraani aeg",
                "standard": "Iraani standardaeg",
                "daylight": "Iraani suveaeg"
              }
            },
            "Irkutsk": {
              "long": {
                "generic": "Irkutski aeg",
                "standard": "Irkutski standardaeg",
                "daylight": "Irkutski suveaeg"
              }
            },
            "Israel": {
              "long": {
                "generic": "Iisraeli aeg",
                "standard": "Iisraeli standardaeg",
                "daylight": "Iisraeli suveaeg"
              }
            },
            "Japan": {
              "long": {
                "generic": "Jaapani aeg",
                "standard": "Jaapani standardaeg",
                "daylight": "Jaapani suveaeg"
              }
            },
            "Kamchatka": {
              "long": {
                "generic": "Petropavlovsk-Kamtšatski aeg",
                "standard": "Kamtšatka standardaeg",
                "daylight": "Kamtšatka suveaeg"
              }
            },
            "Kazakhstan_Eastern": {
              "long": {
                "standard": "Ida-Kasahstani aeg"
              }
            },
            "Kazakhstan_Western": {
              "long": {
                "standard": "Lääne-Kasahstani aeg"
              }
            },
            "Korea": {
              "long": {
                "generic": "Korea aeg",
                "standard": "Korea standardaeg",
                "daylight": "Korea suveaeg"
              }
            },
            "Kosrae": {
              "long": {
                "standard": "Kosrae aeg"
              }
            },
            "Krasnoyarsk": {
              "long": {
                "generic": "Krasnojarski aeg",
                "standard": "Krasnojarski standardaeg",
                "daylight": "Krasnojarski suveaeg"
              }
            },
            "Kyrgystan": {
              "long": {
                "standard": "Kõrgõzstani aeg"
              }
            },
            "Lanka": {
              "long": {
                "standard": "Sri Lanka aeg"
              }
            },
            "Line_Islands": {
              "long": {
                "standard": "Line’i saarte aeg"
              }
            },
            "Lord_Howe": {
              "long": {
                "generic": "Lord Howe’i aeg",
                "standard": "Lord Howe’i standardaeg",
                "daylight": "Lord Howe’i suveaeg"
              }
            },
            "Macau": {
              "long": {
                "generic": "Macau aeg",
                "standard": "Macau standardaeg",
                "daylight": "Macau suveaeg"
              }
            },
            "Macquarie": {
              "long": {
                "standard": "Macquarie saare aeg"
              }
            },
            "Magadan": {
              "long": {
                "generic": "Magadani aeg",
                "standard": "Magadani standardaeg",
                "daylight": "Magadani suveaeg"
              }
            },
            "Malaysia": {
              "long": {
                "standard": "Malaisia aeg"
              }
            },
            "Maldives": {
              "long": {
                "standard": "Maldiivi aeg"
              }
            },
            "Marquesas": {
              "long": {
                "standard": "Markiisaarte aeg"
              }
            },
            "Marshall_Islands": {
              "long": {
                "standard": "Marshalli Saarte aeg"
              }
            },
            "Mauritius": {
              "long": {
                "generic": "Mauritiuse aeg",
                "standard": "Mauritiuse standardaeg",
                "daylight": "Mauritiuse suveaeg"
              }
            },
            "Mawson": {
              "long": {
                "standard": "Mawsoni aeg"
              }
            },
            "Mexico_Northwest": {
              "long": {
                "generic": "Loode-Mehhiko aeg",
                "standard": "Loode-Mehhiko standardaeg",
                "daylight": "Loode-Mehhiko suveaeg"
              }
            },
            "Mexico_Pacific": {
              "long": {
                "generic": "Mehhiko Vaikse ookeani aeg",
                "standard": "Mehhiko Vaikse ookeani standardaeg",
                "daylight": "Mehhiko Vaikse ookeani suveaeg"
              }
            },
            "Mongolia": {
              "long": {
                "generic": "Ulaanbaatari aeg",
                "standard": "Ulaanbaatari standardaeg",
                "daylight": "Ulaanbaatari suveaeg"
              }
            },
            "Moscow": {
              "long": {
                "generic": "Moskva aeg",
                "standard": "Moskva standardaeg",
                "daylight": "Moskva suveaeg"
              }
            },
            "Myanmar": {
              "long": {
                "standard": "Birma aeg"
              }
            },
            "Nauru": {
              "long": {
                "standard": "Nauru aeg"
              }
            },
            "Nepal": {
              "long": {
                "standard": "Nepali aeg"
              }
            },
            "New_Caledonia": {
              "long": {
                "generic": "Uus-Kaledoonia aeg",
                "standard": "Uus-Kaledoonia standardaeg",
                "daylight": "Uus-Kaledoonia suveaeg"
              }
            },
            "New_Zealand": {
              "long": {
                "generic": "Uus-Meremaa aeg",
                "standard": "Uus-Meremaa standardaeg",
                "daylight": "Uus-Meremaa suveaeg"
              }
            },
            "Newfoundland": {
              "long": {
                "generic": "Newfoundlandi aeg",
                "standard": "Newfoundlandi standardaeg",
                "daylight": "Newfoundlandi suveaeg"
              }
            },
            "Niue": {
              "long": {
                "standard": "Niue aeg"
              }
            },
            "Norfolk": {
              "long": {
                "generic": "Norfolki saare aeg",
                "standard": "Norfolki saare standardaeg",
                "daylight": "Norfolki saare suveaeg"
              }
            },
            "Noronha": {
              "long": {
                "generic": "Fernando de Noronha aeg",
                "standard": "Fernando de Noronha standardaeg",
                "daylight": "Fernando de Noronha suveaeg"
              }
            },
            "North_Mariana": {
              "long": {
                "standard": "Põhja-Mariaani aeg"
              }
            },
            "Novosibirsk": {
              "long": {
                "generic": "Novosibirski aeg",
                "standard": "Novosibirski standardaeg",
                "daylight": "Novosibirski suveaeg"
              }
            },
            "Omsk": {
              "long": {
                "generic": "Omski aeg",
                "standard": "Omski standardaeg",
                "daylight": "Omski suveaeg"
              }
            },
            "Pakistan": {
              "long": {
                "generic": "Pakistani aeg",
                "standard": "Pakistani standardaeg",
                "daylight": "Pakistani suveaeg"
              }
            },
            "Palau": {
              "long": {
                "standard": "Belau aeg"
              }
            },
            "Papua_New_Guinea": {
              "long": {
                "standard": "Paapua Uus-Guinea aeg"
              }
            },
            "Paraguay": {
              "long": {
                "generic": "Paraguay aeg",
                "standard": "Paraguay standardaeg",
                "daylight": "Paraguay suveaeg"
              }
            },
            "Peru": {
              "long": {
                "generic": "Peruu aeg",
                "standard": "Peruu standardaeg",
                "daylight": "Peruu suveaeg"
              }
            },
            "Philippines": {
              "long": {
                "generic": "Filipiini aeg",
                "standard": "Filipiini standardaeg",
                "daylight": "Filipiini suveaeg"
              }
            },
            "Phoenix_Islands": {
              "long": {
                "standard": "Fööniksisaarte aeg"
              }
            },
            "Pierre_Miquelon": {
              "long": {
                "generic": "Saint-Pierre’i ja Miqueloni aeg",
                "standard": "Saint-Pierre’i ja Miqueloni standardaeg",
                "daylight": "Saint-Pierre’i ja Miqueloni suveaeg"
              }
            },
            "Pitcairn": {
              "long": {
                "standard": "Pitcairni aeg"
              }
            },
            "Ponape": {
              "long": {
                "standard": "Pohnpei aeg"
              }
            },
            "Pyongyang": {
              "long": {
                "standard": "Pyongyangi aeg"
              }
            },
            "Qyzylorda": {
              "long": {
                "generic": "Kõzõlorda aeg",
                "standard": "Kõzõlorda standardaeg",
                "daylight": "Kõzõlorda suveaeg"
              }
            },
            "Reunion": {
              "long": {
                "standard": "Réunioni aeg"
              }
            },
            "Rothera": {
              "long": {
                "standard": "Rothera aeg"
              }
            },
            "Sakhalin": {
              "long": {
                "generic": "Sahhalini aeg",
                "standard": "Sahhalini standardaeg",
                "daylight": "Sahhalini suveaeg"
              }
            },
            "Samara": {
              "long": {
                "generic": "Samara aeg",
                "standard": "Samara standardaeg",
                "daylight": "Samara suveaeg"
              }
            },
            "Samoa": {
              "long": {
                "generic": "Samoa aeg",
                "standard": "Samoa standardaeg",
                "daylight": "Samoa suveaeg"
              }
            },
            "Seychelles": {
              "long": {
                "standard": "Seišelli aeg"
              }
            },
            "Singapore": {
              "long": {
                "standard": "Singapuri standardaeg"
              }
            },
            "Solomon": {
              "long": {
                "standard": "Saalomoni Saarte aeg"
              }
            },
            "South_Georgia": {
              "long": {
                "standard": "Lõuna-Georgia aeg"
              }
            },
            "Suriname": {
              "long": {
                "standard": "Suriname aeg"
              }
            },
            "Syowa": {
              "long": {
                "standard": "Syowa aeg"
              }
            },
            "Tahiti": {
              "long": {
                "standard": "Tahiti aeg"
              }
            },
            "Taipei": {
              "long": {
                "generic": "Taipei aeg",
                "standard": "Taipei standardaeg",
                "daylight": "Taipei suveaeg"
              }
            },
            "Tajikistan": {
              "long": {
                "standard": "Tadžikistani aeg"
              }
            },
            "Tokelau": {
              "long": {
                "standard": "Tokelau aeg"
              }
            },
            "Tonga": {
              "long": {
                "generic": "Tonga aeg",
                "standard": "Tonga standardaeg",
                "daylight": "Tonga suveaeg"
              }
            },
            "Truk": {
              "long": {
                "standard": "Chuuki aeg"
              }
            },
            "Turkmenistan": {
              "long": {
                "generic": "Türkmenistani aeg",
                "standard": "Türkmenistani standardaeg",
                "daylight": "Türkmenistani suveaeg"
              }
            },
            "Tuvalu": {
              "long": {
                "standard": "Tuvalu aeg"
              }
            },
            "Uruguay": {
              "long": {
                "generic": "Uruguay aeg",
                "standard": "Uruguay standardaeg",
                "daylight": "Uruguay suveaeg"
              }
            },
            "Uzbekistan": {
              "long": {
                "generic": "Usbekistani aeg",
                "standard": "Usbekistani standardaeg",
                "daylight": "Usbekistani suveaeg"
              }
            },
            "Vanuatu": {
              "long": {
                "generic": "Vanuatu aeg",
                "standard": "Vanuatu standardaeg",
                "daylight": "Vanuatu suveaeg"
              }
            },
            "Venezuela": {
              "long": {
                "standard": "Venezuela aeg"
              }
            },
            "Vladivostok": {
              "long": {
                "generic": "Vladivostoki aeg",
                "standard": "Vladivostoki standardaeg",
                "daylight": "Vladivostoki suveaeg"
              }
            },
            "Volgograd": {
              "long": {
                "generic": "Volgogradi aeg",
                "standard": "Volgogradi standardaeg",
                "daylight": "Volgogradi suveaeg"
              }
            },
            "Vostok": {
              "long": {
                "standard": "Vostoki aeg"
              }
            },
            "Wake": {
              "long": {
                "standard": "Wake’i aeg"
              }
            },
            "Wallis": {
              "long": {
                "standard": "Wallise ja Futuna aeg"
              }
            },
            "Yakutsk": {
              "long": {
                "generic": "Jakutski aeg",
                "standard": "Jakutski standardaeg",
                "daylight": "Jakutski suveaeg"
              }
            },
            "Yekaterinburg": {
              "long": {
                "generic": "Jekaterinburgi aeg",
                "standard": "Jekaterinburgi standardaeg",
                "daylight": "Jekaterinburgi suveaeg"
              }
            },
            "Yukon": {
              "long": {
                "standard": "Yukoni aeg"
              }
            }
          }
        }
      }
    }
  }
}
