{
  "main": {
    "mai": {
      "identity": {
        "version": {
          "_cldrVersion": "42"
        },
        "language": "mai"
      },
      "dates": {
        "timeZoneNames": {
          "hourFormat": "+HH:mm;-HH:mm",
          "gmtFormat": "जीएमटी{0}",
          "gmtZeroFormat": "जीएमटी",
          "regionFormat": "{0} समय",
          "regionFormat-type-daylight": "{0} डेलाइट समय",
          "regionFormat-type-standard": "{0} मानक समय",
          "fallbackFormat": "{1} ({0})",
          "zone": {
            "America": {
              "Adak": {
                "exemplarCity": "अदक"
              },
              "Anchorage": {
                "exemplarCity": "एंकोरेज"
              },
              "Anguilla": {
                "exemplarCity": "एंग्विला"
              },
              "Antigua": {
                "exemplarCity": "एंटिगुआ"
              },
              "Araguaina": {
                "exemplarCity": "अरागुएना"
              },
              "Argentina": {
                "Rio_Gallegos": {
                  "exemplarCity": "रियो गैलगस"
                },
                "San_Juan": {
                  "exemplarCity": "सन जुआन"
                },
                "Ushuaia": {
                  "exemplarCity": "उशुयाया"
                },
                "La_Rioja": {
                  "exemplarCity": "ला रियोजा"
                },
                "San_Luis": {
                  "exemplarCity": "सन लूईस"
                },
                "Salta": {
                  "exemplarCity": "सालटा"
                },
                "Tucuman": {
                  "exemplarCity": "टुकुमान"
                }
              },
              "Aruba": {
                "exemplarCity": "अरूबा"
              },
              "Asuncion": {
                "exemplarCity": "असुनशियन"
              },
              "Bahia": {
                "exemplarCity": "बहिया"
              },
              "Bahia_Banderas": {
                "exemplarCity": "बहिया बंडेरास"
              },
              "Barbados": {
                "exemplarCity": "बारबडोस"
              },
              "Belem": {
                "exemplarCity": "बैलैम"
              },
              "Belize": {
                "exemplarCity": "बेलिज"
              },
              "Blanc-Sablon": {
                "exemplarCity": "ब्लैंक-सबलोन"
              },
              "Boa_Vista": {
                "exemplarCity": "बोआ बिस्टा"
              },
              "Bogota": {
                "exemplarCity": "बोगोटा"
              },
              "Boise": {
                "exemplarCity": "बोयजी"
              },
              "Buenos_Aires": {
                "exemplarCity": "ब्यूनस आयर्स"
              },
              "Cambridge_Bay": {
                "exemplarCity": "कैम्ब्रीज बे"
              },
              "Campo_Grande": {
                "exemplarCity": "केम्पो ग्रेनडा"
              },
              "Cancun": {
                "exemplarCity": "कानकुन"
              },
              "Caracas": {
                "exemplarCity": "काराकास"
              },
              "Catamarca": {
                "exemplarCity": "काटामार्का"
              },
              "Cayenne": {
                "exemplarCity": "कायेन"
              },
              "Cayman": {
                "exemplarCity": "कैमेन"
              },
              "Chicago": {
                "exemplarCity": "शिकागो"
              },
              "Chihuahua": {
                "exemplarCity": "चिहुआहुआ"
              },
              "Coral_Harbour": {
                "exemplarCity": "अटिकोकन"
              },
              "Cordoba": {
                "exemplarCity": "कोर्डोबा"
              },
              "Costa_Rica": {
                "exemplarCity": "कोस्टा रिका"
              },
              "Creston": {
                "exemplarCity": "क्रेस्टन"
              },
              "Cuiaba": {
                "exemplarCity": "कुयाबा"
              },
              "Curacao": {
                "exemplarCity": "क्यूरासाओ"
              },
              "Danmarkshavn": {
                "exemplarCity": "दमर्कशन"
              },
              "Dawson": {
                "exemplarCity": "डाउसन"
              },
              "Dawson_Creek": {
                "exemplarCity": "डाउसन क्रीक"
              },
              "Denver": {
                "exemplarCity": "डेनबर"
              },
              "Detroit": {
                "exemplarCity": "डेट्रायट"
              },
              "Dominica": {
                "exemplarCity": "डोमिनिका"
              },
              "Edmonton": {
                "exemplarCity": "एडमोंटोन"
              },
              "Eirunepe": {
                "exemplarCity": "ईरूनेपे"
              },
              "El_Salvador": {
                "exemplarCity": "अल सल्वाडोर"
              },
              "Fort_Nelson": {
                "exemplarCity": "फोर्ट नेलसन"
              },
              "Fortaleza": {
                "exemplarCity": "फोर्टालेजा"
              },
              "Glace_Bay": {
                "exemplarCity": "ग्लेस बे"
              },
              "Godthab": {
                "exemplarCity": "नुक"
              },
              "Goose_Bay": {
                "exemplarCity": "गूज बे"
              },
              "Grand_Turk": {
                "exemplarCity": "ग्रांड टर्क"
              },
              "Grenada": {
                "exemplarCity": "ग्रेनाडा"
              },
              "Guadeloupe": {
                "exemplarCity": "ग्वाडेलूप"
              },
              "Guatemala": {
                "exemplarCity": "ग्वाटेमाला"
              },
              "Guayaquil": {
                "exemplarCity": "गुआयाक्विल"
              },
              "Guyana": {
                "exemplarCity": "गुयाना"
              },
              "Halifax": {
                "exemplarCity": "हेलिफेक्स"
              },
              "Havana": {
                "exemplarCity": "हवाना"
              },
              "Hermosillo": {
                "exemplarCity": "हरमोसिलो"
              },
              "Indiana": {
                "Vincennes": {
                  "exemplarCity": "विनसेंस, इंडियाना"
                },
                "Petersburg": {
                  "exemplarCity": "पीटर्सबर्ग, इंडियाना"
                },
                "Tell_City": {
                  "exemplarCity": "टेल सिटी, इंडियाना"
                },
                "Knox": {
                  "exemplarCity": "नोक्स, इंडियाना"
                },
                "Winamac": {
                  "exemplarCity": "बिनामैक, इंडियाना"
                },
                "Marengo": {
                  "exemplarCity": "मेरैंगो, इंडियाना"
                },
                "Vevay": {
                  "exemplarCity": "बीबे, इंडियाना"
                }
              },
              "Indianapolis": {
                "exemplarCity": "इंडियानापोलिस"
              },
              "Inuvik": {
                "exemplarCity": "इनुबिक"
              },
              "Iqaluit": {
                "exemplarCity": "इकालविट"
              },
              "Jamaica": {
                "exemplarCity": "जमैका"
              },
              "Jujuy": {
                "exemplarCity": "जुजुय"
              },
              "Juneau": {
                "exemplarCity": "जुनेउ"
              },
              "Kentucky": {
                "Monticello": {
                  "exemplarCity": "मोंटीचेलो, केंटुकी"
                }
              },
              "Kralendijk": {
                "exemplarCity": "केलेंडिज्क"
              },
              "La_Paz": {
                "exemplarCity": "ला पाज"
              },
              "Lima": {
                "exemplarCity": "लीमा"
              },
              "Los_Angeles": {
                "exemplarCity": "लास एंजिलिस"
              },
              "Louisville": {
                "exemplarCity": "लुइसविले"
              },
              "Lower_Princes": {
                "exemplarCity": "लोअर प्रिंसेस क्वाटर"
              },
              "Maceio": {
                "exemplarCity": "मसीयो"
              },
              "Managua": {
                "exemplarCity": "मनागुआ"
              },
              "Manaus": {
                "exemplarCity": "मनौस"
              },
              "Marigot": {
                "exemplarCity": "मारीगौट"
              },
              "Martinique": {
                "exemplarCity": "मार्टिनिक"
              },
              "Matamoros": {
                "exemplarCity": "माटामोरोस"
              },
              "Mazatlan": {
                "exemplarCity": "मजाटलान"
              },
              "Mendoza": {
                "exemplarCity": "मेंडोजा"
              },
              "Menominee": {
                "exemplarCity": "मैनोमिनी"
              },
              "Merida": {
                "exemplarCity": "मैरिडा"
              },
              "Metlakatla": {
                "exemplarCity": "मैटलाकाटला"
              },
              "Mexico_City": {
                "exemplarCity": "मैक्सिको सिटी"
              },
              "Miquelon": {
                "exemplarCity": "मिक्वेलान"
              },
              "Moncton": {
                "exemplarCity": "मान्कटान"
              },
              "Monterrey": {
                "exemplarCity": "मानटेैरी"
              },
              "Montevideo": {
                "exemplarCity": "मोंटैविडियो"
              },
              "Montserrat": {
                "exemplarCity": "मोंटसेरात"
              },
              "Nassau": {
                "exemplarCity": "नसाउ"
              },
              "New_York": {
                "exemplarCity": "न्यूयार्क"
              },
              "Nipigon": {
                "exemplarCity": "निपिगान"
              },
              "Nome": {
                "exemplarCity": "नोम"
              },
              "Noronha": {
                "exemplarCity": "नोरोन्हा"
              },
              "North_Dakota": {
                "Beulah": {
                  "exemplarCity": "बियूला, उत्तर डकोटा"
                },
                "New_Salem": {
                  "exemplarCity": "न्यू सलेम, उत्तर डकोटा"
                },
                "Center": {
                  "exemplarCity": "सेंटर, उत्तर डकोटा"
                }
              },
              "Ojinaga": {
                "exemplarCity": "ओजिनागा"
              },
              "Panama": {
                "exemplarCity": "पनामा"
              },
              "Pangnirtung": {
                "exemplarCity": "पैंगनिरटंग"
              },
              "Paramaribo": {
                "exemplarCity": "पारामारिबो"
              },
              "Phoenix": {
                "exemplarCity": "फिनिक्स"
              },
              "Port-au-Prince": {
                "exemplarCity": "पोर्ट आउ प्रिंस"
              },
              "Port_of_Spain": {
                "exemplarCity": "पोर्ट आफ स्पेन"
              },
              "Porto_Velho": {
                "exemplarCity": "पोर्टो बेल्हो"
              },
              "Puerto_Rico": {
                "exemplarCity": "पोर्टो रिको"
              },
              "Punta_Arenas": {
                "exemplarCity": "पुंटा अरेनाज"
              },
              "Rainy_River": {
                "exemplarCity": "रेनी रिवर"
              },
              "Rankin_Inlet": {
                "exemplarCity": "रेंकिन इनलेट"
              },
              "Recife": {
                "exemplarCity": "रिसीफ"
              },
              "Regina": {
                "exemplarCity": "रैगिना"
              },
              "Resolute": {
                "exemplarCity": "रेसालूत"
              },
              "Rio_Branco": {
                "exemplarCity": "रियो ब्रेंको"
              },
              "Santarem": {
                "exemplarCity": "सांतारेम"
              },
              "Santiago": {
                "exemplarCity": "सैंटियागो"
              },
              "Santo_Domingo": {
                "exemplarCity": "सेंटो डोमिनगो"
              },
              "Sao_Paulo": {
                "exemplarCity": "साओ पाउलो"
              },
              "Scoresbysund": {
                "exemplarCity": "इटोकोर्टूरमिट"
              },
              "Sitka": {
                "exemplarCity": "सितका"
              },
              "St_Barthelemy": {
                "exemplarCity": "सेंट बर्थेलमी"
              },
              "St_Johns": {
                "exemplarCity": "सेंट जान्स"
              },
              "St_Kitts": {
                "exemplarCity": "सेंट किट्स"
              },
              "St_Lucia": {
                "exemplarCity": "सेंट लूशिया"
              },
              "St_Thomas": {
                "exemplarCity": "सेंट थोमस"
              },
              "St_Vincent": {
                "exemplarCity": "सेंट विंसेंट"
              },
              "Swift_Current": {
                "exemplarCity": "स्विफ्ट करेंट"
              },
              "Tegucigalpa": {
                "exemplarCity": "तेगुसिगाल्पा"
              },
              "Thule": {
                "exemplarCity": "तुले"
              },
              "Thunder_Bay": {
                "exemplarCity": "थंडर बे"
              },
              "Tijuana": {
                "exemplarCity": "तिजुआना"
              },
              "Toronto": {
                "exemplarCity": "टोरंटो"
              },
              "Tortola": {
                "exemplarCity": "टोर्टोला"
              },
              "Vancouver": {
                "exemplarCity": "बैंकुबर"
              },
              "Whitehorse": {
                "exemplarCity": "वाइटहार्स"
              },
              "Winnipeg": {
                "exemplarCity": "बिनिपैग"
              },
              "Yakutat": {
                "exemplarCity": "यकुटाट"
              },
              "Yellowknife": {
                "exemplarCity": "येलोनाइफ"
              }
            },
            "Atlantic": {
              "Azores": {
                "exemplarCity": "एजोर्स"
              },
              "Bermuda": {
                "exemplarCity": "बरमूडा"
              },
              "Canary": {
                "exemplarCity": "केनेरी"
              },
              "Cape_Verde": {
                "exemplarCity": "केप बर्ड"
              },
              "Faeroe": {
                "exemplarCity": "फराओ"
              },
              "Madeira": {
                "exemplarCity": "मदैरा"
              },
              "Reykjavik": {
                "exemplarCity": "रिकजेविक"
              },
              "South_Georgia": {
                "exemplarCity": "दक्षिण जार्जिया"
              },
              "St_Helena": {
                "exemplarCity": "सेंट हेलेना"
              },
              "Stanley": {
                "exemplarCity": "स्टेनली"
              }
            },
            "Europe": {
              "Amsterdam": {
                "exemplarCity": "एम्सटर्डम"
              },
              "Andorra": {
                "exemplarCity": "एंडोरा"
              },
              "Astrakhan": {
                "exemplarCity": "अस्ट्राकान"
              },
              "Athens": {
                "exemplarCity": "एथेंस"
              },
              "Belgrade": {
                "exemplarCity": "बेलग्रेड"
              },
              "Berlin": {
                "exemplarCity": "बर्लिन"
              },
              "Bratislava": {
                "exemplarCity": "बारितस्लावा"
              },
              "Brussels": {
                "exemplarCity": "ब्रसेल्स"
              },
              "Bucharest": {
                "exemplarCity": "बुखारेस्ट"
              },
              "Budapest": {
                "exemplarCity": "बुडापेस्ट"
              },
              "Busingen": {
                "exemplarCity": "बसिंगेन"
              },
              "Chisinau": {
                "exemplarCity": "चिसिनाऊ"
              },
              "Copenhagen": {
                "exemplarCity": "कोपेनहेगेन"
              },
              "Dublin": {
                "exemplarCity": "डबलिन"
              },
              "Gibraltar": {
                "exemplarCity": "जिब्राल्टर"
              },
              "Guernsey": {
                "exemplarCity": "गर्नजी"
              },
              "Helsinki": {
                "exemplarCity": "हैलसिंकी"
              },
              "Isle_of_Man": {
                "exemplarCity": "आइजल आफ मैन"
              },
              "Istanbul": {
                "exemplarCity": "इस्ताम्बुल"
              },
              "Jersey": {
                "exemplarCity": "जर्सी"
              },
              "Kaliningrad": {
                "exemplarCity": "कलिनिनग्रेड"
              },
              "Kiev": {
                "exemplarCity": "कीव"
              },
              "Kirov": {
                "exemplarCity": "किरोव"
              },
              "Lisbon": {
                "exemplarCity": "लिसबन"
              },
              "Ljubljana": {
                "exemplarCity": "लुबलियाना"
              },
              "London": {
                "exemplarCity": "लंदन"
              },
              "Luxembourg": {
                "exemplarCity": "लग्जमबर्ग"
              },
              "Madrid": {
                "exemplarCity": "मेड्रिड"
              },
              "Malta": {
                "exemplarCity": "मालटा"
              },
              "Mariehamn": {
                "exemplarCity": "मेरियेहम"
              },
              "Minsk": {
                "exemplarCity": "मिन्सक"
              },
              "Monaco": {
                "exemplarCity": "मोनेको"
              },
              "Moscow": {
                "exemplarCity": "मास्को"
              },
              "Oslo": {
                "exemplarCity": "ओस्लो"
              },
              "Paris": {
                "exemplarCity": "पेरिस"
              },
              "Podgorica": {
                "exemplarCity": "पोडगोरिशा"
              },
              "Prague": {
                "exemplarCity": "प्राग"
              },
              "Riga": {
                "exemplarCity": "रिगा"
              },
              "Rome": {
                "exemplarCity": "रोम"
              },
              "Samara": {
                "exemplarCity": "समारा"
              },
              "San_Marino": {
                "exemplarCity": "सैन मरीनो"
              },
              "Sarajevo": {
                "exemplarCity": "सराजेबो"
              },
              "Saratov": {
                "exemplarCity": "सारातोब"
              },
              "Simferopol": {
                "exemplarCity": "सिम्फेरोपोल"
              },
              "Skopje": {
                "exemplarCity": "स्कोपये"
              },
              "Sofia": {
                "exemplarCity": "सोफिया"
              },
              "Stockholm": {
                "exemplarCity": "स्टाकहोम"
              },
              "Tallinn": {
                "exemplarCity": "टालिन"
              },
              "Tirane": {
                "exemplarCity": "टिराने"
              },
              "Ulyanovsk": {
                "exemplarCity": "उल्येनोबोस्क"
              },
              "Uzhgorod": {
                "exemplarCity": "उझोरोद"
              },
              "Vaduz": {
                "exemplarCity": "बेदुज"
              },
              "Vatican": {
                "exemplarCity": "बेटिकन"
              },
              "Vienna": {
                "exemplarCity": "बिएना"
              },
              "Vilnius": {
                "exemplarCity": "बिलनिउस"
              },
              "Volgograd": {
                "exemplarCity": "बोलगोग्राद"
              },
              "Warsaw": {
                "exemplarCity": "बारसा"
              },
              "Zagreb": {
                "exemplarCity": "जगरैब"
              },
              "Zaporozhye": {
                "exemplarCity": "जपोरोजाए"
              },
              "Zurich": {
                "exemplarCity": "ज्यूरिख"
              }
            },
            "Africa": {
              "Abidjan": {
                "exemplarCity": "अबिजान"
              },
              "Accra": {
                "exemplarCity": "अकरा"
              },
              "Addis_Ababa": {
                "exemplarCity": "अदिस अबाबा"
              },
              "Algiers": {
                "exemplarCity": "अल्जीयर्स"
              },
              "Asmera": {
                "exemplarCity": "असमारा"
              },
              "Bamako": {
                "exemplarCity": "बमाको"
              },
              "Bangui": {
                "exemplarCity": "बंगुई"
              },
              "Banjul": {
                "exemplarCity": "बंजुल"
              },
              "Bissau": {
                "exemplarCity": "बिसाऊ"
              },
              "Blantyre": {
                "exemplarCity": "ब्लेंटायर"
              },
              "Brazzaville": {
                "exemplarCity": "ब्रेजाविल"
              },
              "Bujumbura": {
                "exemplarCity": "बुजुमबुरा"
              },
              "Cairo": {
                "exemplarCity": "काहिरा"
              },
              "Casablanca": {
                "exemplarCity": "कासाब्लांका"
              },
              "Ceuta": {
                "exemplarCity": "सिउता"
              },
              "Conakry": {
                "exemplarCity": "कोनाक्री"
              },
              "Dakar": {
                "exemplarCity": "डकार"
              },
              "Dar_es_Salaam": {
                "exemplarCity": "डारे सलाम"
              },
              "Djibouti": {
                "exemplarCity": "जिबूती"
              },
              "Douala": {
                "exemplarCity": "डाउला"
              },
              "El_Aaiun": {
                "exemplarCity": "एल ऐयून"
              },
              "Freetown": {
                "exemplarCity": "फ्रीटाउन"
              },
              "Gaborone": {
                "exemplarCity": "गेबोरोन"
              },
              "Harare": {
                "exemplarCity": "हरारे"
              },
              "Johannesburg": {
                "exemplarCity": "जोहानिसबर्ग"
              },
              "Juba": {
                "exemplarCity": "जुबा"
              },
              "Kampala": {
                "exemplarCity": "कमपाला"
              },
              "Khartoum": {
                "exemplarCity": "खारतौम"
              },
              "Kigali": {
                "exemplarCity": "किगाली"
              },
              "Kinshasa": {
                "exemplarCity": "किंशासा"
              },
              "Lagos": {
                "exemplarCity": "लागोस"
              },
              "Libreville": {
                "exemplarCity": "लिब्रेविल"
              },
              "Lome": {
                "exemplarCity": "लोम"
              },
              "Luanda": {
                "exemplarCity": "लुआंडा"
              },
              "Lubumbashi": {
                "exemplarCity": "लुबुमबाशी"
              },
              "Lusaka": {
                "exemplarCity": "लुसाका"
              },
              "Malabo": {
                "exemplarCity": "मलाबो"
              },
              "Maputo": {
                "exemplarCity": "मपूतो"
              },
              "Maseru": {
                "exemplarCity": "मसैरू"
              },
              "Mbabane": {
                "exemplarCity": "मेंबाबाने"
              },
              "Mogadishu": {
                "exemplarCity": "मोगादिशू"
              },
              "Monrovia": {
                "exemplarCity": "मोनरोविया"
              },
              "Nairobi": {
                "exemplarCity": "नैरोबी"
              },
              "Ndjamena": {
                "exemplarCity": "नेजेमीना"
              },
              "Niamey": {
                "exemplarCity": "नियामेय"
              },
              "Nouakchott": {
                "exemplarCity": "नौकचोट"
              },
              "Ouagadougou": {
                "exemplarCity": "औगाडुगू"
              },
              "Porto-Novo": {
                "exemplarCity": "पोर्टो-नोवो"
              },
              "Sao_Tome": {
                "exemplarCity": "साओ टोम"
              },
              "Tripoli": {
                "exemplarCity": "त्रिपोली"
              },
              "Tunis": {
                "exemplarCity": "ट्यूनिस"
              },
              "Windhoek": {
                "exemplarCity": "बिंडोएक"
              }
            },
            "Asia": {
              "Aden": {
                "exemplarCity": "अदन"
              },
              "Almaty": {
                "exemplarCity": "अल्माती"
              },
              "Amman": {
                "exemplarCity": "अम्मान"
              },
              "Anadyr": {
                "exemplarCity": "एनाडिर"
              },
              "Aqtau": {
                "exemplarCity": "अक्ताउ"
              },
              "Aqtobe": {
                "exemplarCity": "अक्तोब"
              },
              "Ashgabat": {
                "exemplarCity": "अश्गाबात"
              },
              "Atyrau": {
                "exemplarCity": "अतिराउ"
              },
              "Baghdad": {
                "exemplarCity": "बगदाद"
              },
              "Bahrain": {
                "exemplarCity": "बहरीन"
              },
              "Baku": {
                "exemplarCity": "बाकू"
              },
              "Bangkok": {
                "exemplarCity": "बैंकाक"
              },
              "Barnaul": {
                "exemplarCity": "बर्नोल"
              },
              "Beirut": {
                "exemplarCity": "बेरूत"
              },
              "Bishkek": {
                "exemplarCity": "बिश्केक"
              },
              "Brunei": {
                "exemplarCity": "ब्रूनेई"
              },
              "Calcutta": {
                "exemplarCity": "कोलकाता"
              },
              "Chita": {
                "exemplarCity": "चिता"
              },
              "Choibalsan": {
                "exemplarCity": "चोइबलसेन"
              },
              "Colombo": {
                "exemplarCity": "कोलम्बो"
              },
              "Damascus": {
                "exemplarCity": "दमिश्क"
              },
              "Dhaka": {
                "exemplarCity": "ढाका"
              },
              "Dili": {
                "exemplarCity": "डिली"
              },
              "Dubai": {
                "exemplarCity": "दुबई"
              },
              "Dushanbe": {
                "exemplarCity": "दुशांबे"
              },
              "Famagusta": {
                "exemplarCity": "फामागुस्ता"
              },
              "Gaza": {
                "exemplarCity": "गाजा"
              },
              "Hebron": {
                "exemplarCity": "हैब्रान"
              },
              "Hong_Kong": {
                "exemplarCity": "हांग कांग"
              },
              "Hovd": {
                "exemplarCity": "होब्द"
              },
              "Irkutsk": {
                "exemplarCity": "इरकुस्क"
              },
              "Jakarta": {
                "exemplarCity": "जकार्ता"
              },
              "Jayapura": {
                "exemplarCity": "जयापुरा"
              },
              "Jerusalem": {
                "exemplarCity": "जेरूसेलम"
              },
              "Kabul": {
                "exemplarCity": "काबुल"
              },
              "Kamchatka": {
                "exemplarCity": "कमचटका"
              },
              "Karachi": {
                "exemplarCity": "कराची"
              },
              "Katmandu": {
                "exemplarCity": "काठमांडू"
              },
              "Khandyga": {
                "exemplarCity": "खांध्यगा"
              },
              "Krasnoyarsk": {
                "exemplarCity": "क्रेस्नोयार्स्क"
              },
              "Kuala_Lumpur": {
                "exemplarCity": "कुआलालम्पुर"
              },
              "Kuching": {
                "exemplarCity": "कुचिंग"
              },
              "Kuwait": {
                "exemplarCity": "कुवैत"
              },
              "Macau": {
                "exemplarCity": "मकाऊ"
              },
              "Magadan": {
                "exemplarCity": "मगादान"
              },
              "Makassar": {
                "exemplarCity": "मकासार"
              },
              "Manila": {
                "exemplarCity": "मनीला"
              },
              "Muscat": {
                "exemplarCity": "मस्कट"
              },
              "Nicosia": {
                "exemplarCity": "निकोशिया"
              },
              "Novokuznetsk": {
                "exemplarCity": "कोबोकुजनेट्स"
              },
              "Novosibirsk": {
                "exemplarCity": "नोबोसिबिरस्क"
              },
              "Omsk": {
                "exemplarCity": "ओमस्क"
              },
              "Oral": {
                "exemplarCity": "ओराल"
              },
              "Phnom_Penh": {
                "exemplarCity": "नोम पेन्ह"
              },
              "Pontianak": {
                "exemplarCity": "पोंटियांक"
              },
              "Pyongyang": {
                "exemplarCity": "प्योंगयांग"
              },
              "Qatar": {
                "exemplarCity": "कतर"
              },
              "Qostanay": {
                "exemplarCity": "कोस्ताने"
              },
              "Qyzylorda": {
                "exemplarCity": "किजिलोर्डा"
              },
              "Rangoon": {
                "exemplarCity": "यांगुन"
              },
              "Riyadh": {
                "exemplarCity": "रियाद"
              },
              "Saigon": {
                "exemplarCity": "हो ची मिन्ह सिटी"
              },
              "Sakhalin": {
                "exemplarCity": "साकलिन"
              },
              "Samarkand": {
                "exemplarCity": "समरकंद"
              },
              "Seoul": {
                "exemplarCity": "सियोल"
              },
              "Shanghai": {
                "exemplarCity": "शांघाई"
              },
              "Singapore": {
                "exemplarCity": "सिंगापुर"
              },
              "Srednekolymsk": {
                "exemplarCity": "श्रेडनेकोलिमिस्क"
              },
              "Taipei": {
                "exemplarCity": "ताइपेई"
              },
              "Tashkent": {
                "exemplarCity": "ताशकंद"
              },
              "Tbilisi": {
                "exemplarCity": "टबिलिसि"
              },
              "Tehran": {
                "exemplarCity": "तेहरान"
              },
              "Thimphu": {
                "exemplarCity": "थिम्पू"
              },
              "Tokyo": {
                "exemplarCity": "टोक्यो"
              },
              "Tomsk": {
                "exemplarCity": "टोम्स"
              },
              "Ulaanbaatar": {
                "exemplarCity": "उलनबटोर"
              },
              "Urumqi": {
                "exemplarCity": "उरूमकी"
              },
              "Ust-Nera": {
                "exemplarCity": "उस्त-नेरा"
              },
              "Vientiane": {
                "exemplarCity": "बियंटियान"
              },
              "Vladivostok": {
                "exemplarCity": "ब्लाडिबोस्तोक"
              },
              "Yakutsk": {
                "exemplarCity": "युकुत्स्क"
              },
              "Yekaterinburg": {
                "exemplarCity": "यैकेटेरिनबर्ग"
              },
              "Yerevan": {
                "exemplarCity": "यैरेबन"
              }
            },
            "Indian": {
              "Antananarivo": {
                "exemplarCity": "अंतानानेरिवो"
              },
              "Chagos": {
                "exemplarCity": "चगोस"
              },
              "Christmas": {
                "exemplarCity": "क्रिसमस"
              },
              "Cocos": {
                "exemplarCity": "कोकोस"
              },
              "Comoro": {
                "exemplarCity": "कोमोरो"
              },
              "Kerguelen": {
                "exemplarCity": "कैरगुएलेन"
              },
              "Mahe": {
                "exemplarCity": "माहे"
              },
              "Maldives": {
                "exemplarCity": "मालदीव"
              },
              "Mauritius": {
                "exemplarCity": "मारीशस"
              },
              "Mayotte": {
                "exemplarCity": "मयोते"
              },
              "Reunion": {
                "exemplarCity": "रियूनियन"
              }
            },
            "Australia": {
              "Adelaide": {
                "exemplarCity": "एडिलेड"
              },
              "Brisbane": {
                "exemplarCity": "ब्रिसबेन"
              },
              "Broken_Hill": {
                "exemplarCity": "ब्रोकेन हिल"
              },
              "Darwin": {
                "exemplarCity": "डार्बिन"
              },
              "Eucla": {
                "exemplarCity": "इयूकला"
              },
              "Hobart": {
                "exemplarCity": "होबर्ट"
              },
              "Lindeman": {
                "exemplarCity": "लिंडमैन"
              },
              "Lord_Howe": {
                "exemplarCity": "लार्ड होबे"
              },
              "Melbourne": {
                "exemplarCity": "मेलबोर्न"
              },
              "Perth": {
                "exemplarCity": "पर्थ"
              },
              "Sydney": {
                "exemplarCity": "सिडनी"
              }
            },
            "Pacific": {
              "Apia": {
                "exemplarCity": "Apia"
              },
              "Auckland": {
                "exemplarCity": "आकलैंड"
              },
              "Bougainville": {
                "exemplarCity": "Bougainville"
              },
              "Chatham": {
                "exemplarCity": "चेथम"
              },
              "Easter": {
                "exemplarCity": "ईस्टर"
              },
              "Efate": {
                "exemplarCity": "Efate"
              },
              "Fakaofo": {
                "exemplarCity": "Fakaofo"
              },
              "Fiji": {
                "exemplarCity": "Fiji"
              },
              "Funafuti": {
                "exemplarCity": "Funafuti"
              },
              "Galapagos": {
                "exemplarCity": "गैलापैगोस"
              },
              "Gambier": {
                "exemplarCity": "Gambier"
              },
              "Guadalcanal": {
                "exemplarCity": "Guadalcanal"
              },
              "Guam": {
                "exemplarCity": "Guam"
              },
              "Johnston": {
                "exemplarCity": "Johnston"
              },
              "Kanton": {
                "exemplarCity": "Kanton"
              },
              "Kiritimati": {
                "exemplarCity": "Kiritimati"
              },
              "Kosrae": {
                "exemplarCity": "Kosrae"
              },
              "Kwajalein": {
                "exemplarCity": "Kwajalein"
              },
              "Majuro": {
                "exemplarCity": "Majuro"
              },
              "Marquesas": {
                "exemplarCity": "Marquesas"
              },
              "Midway": {
                "exemplarCity": "Midway"
              },
              "Nauru": {
                "exemplarCity": "Nauru"
              },
              "Niue": {
                "exemplarCity": "Niue"
              },
              "Norfolk": {
                "exemplarCity": "नारफाक"
              },
              "Noumea": {
                "exemplarCity": "Noumea"
              },
              "Pago_Pago": {
                "exemplarCity": "Pago Pago"
              },
              "Palau": {
                "exemplarCity": "Palau"
              },
              "Pitcairn": {
                "exemplarCity": "Pitcairn"
              },
              "Ponape": {
                "exemplarCity": "Pohnpei"
              },
              "Port_Moresby": {
                "exemplarCity": "Port Moresby"
              },
              "Rarotonga": {
                "exemplarCity": "Rarotonga"
              },
              "Saipan": {
                "exemplarCity": "Saipan"
              },
              "Tahiti": {
                "exemplarCity": "Tahiti"
              },
              "Tarawa": {
                "exemplarCity": "Tarawa"
              },
              "Tongatapu": {
                "exemplarCity": "Tongatapu"
              },
              "Truk": {
                "exemplarCity": "Chuuk"
              },
              "Wake": {
                "exemplarCity": "Wake"
              },
              "Wallis": {
                "exemplarCity": "Wallis"
              }
            },
            "Arctic": {
              "Longyearbyen": {
                "exemplarCity": "लान्गियरबेन"
              }
            },
            "Antarctica": {
              "Casey": {
                "exemplarCity": "केसी"
              },
              "Davis": {
                "exemplarCity": "Davis"
              },
              "DumontDUrville": {
                "exemplarCity": "Dumont d’Urville"
              },
              "Macquarie": {
                "exemplarCity": "मैक्वैरी"
              },
              "Mawson": {
                "exemplarCity": "Mawson"
              },
              "McMurdo": {
                "exemplarCity": "McMurdo"
              },
              "Palmer": {
                "exemplarCity": "Palmer"
              },
              "Rothera": {
                "exemplarCity": "Rothera"
              },
              "Syowa": {
                "exemplarCity": "Syowa"
              },
              "Troll": {
                "exemplarCity": "Troll"
              },
              "Vostok": {
                "exemplarCity": "Vostok"
              }
            },
            "Etc": {
              "UTC": {
                "long": {
                  "standard": "समन्वित वैश्विक समय"
                },
                "short": {
                  "standard": "UTC"
                }
              },
              "Unknown": {
                "exemplarCity": "अज्ञात शहर"
              }
            }
          },
          "metazone": {
            "Afghanistan": {
              "long": {
                "standard": "अफगानिस्तान टाइम"
              }
            },
            "Africa_Central": {
              "long": {
                "standard": "मध्य अफ्रीका टाइम"
              }
            },
            "Africa_Eastern": {
              "long": {
                "standard": "पूरब अफ्रीका टाइम"
              }
            },
            "Africa_Southern": {
              "long": {
                "standard": "दक्षिण अफ्रीका मानक टाइम"
              }
            },
            "Africa_Western": {
              "long": {
                "generic": "पश्चिम अफ्रीका टाइम",
                "standard": "पश्चिम अफ्रीका मानक टाइम",
                "daylight": "मध्य अफ्रीका समर टाइम"
              }
            },
            "Alaska": {
              "long": {
                "generic": "अलास्का समय",
                "standard": "अलास्का मानक समय",
                "daylight": "अलास्का डेलाइट समय"
              }
            },
            "Amazon": {
              "long": {
                "generic": "अमेजन टाइम",
                "standard": "अमेजन मानक टाइम",
                "daylight": "अमेजन समर टाइम"
              }
            },
            "America_Central": {
              "long": {
                "generic": "उत्तरी अमेरिकी केंद्रीय समय",
                "standard": "उत्तरी अमेरिकी केंद्रीय मानक समय",
                "daylight": "उत्तरी अमेरिकी केंद्रीय डेलाइट समय"
              }
            },
            "America_Eastern": {
              "long": {
                "generic": "उत्तरी अमेरिकी पूर्वी समय",
                "standard": "उत्तरी अमेरिकी पूर्वी मानक समय",
                "daylight": "उत्तरी अमेरिकी पूर्वी डेलाइट समय"
              }
            },
            "America_Mountain": {
              "long": {
                "generic": "उत्तरी अमेरिकी माउंटेन समय",
                "standard": "उत्तरी अमेरिकी माउंटेन मानक समय",
                "daylight": "उत्तरी अमेरिकी माउंटेन डेलाइट समय"
              }
            },
            "America_Pacific": {
              "long": {
                "generic": "उत्तरी अमेरिकी प्रशांत समय",
                "standard": "उत्तरी अमेरिकी प्रशांत मानक समय",
                "daylight": "उत्तरी अमेरिकी प्रशांत डेलाइट समय"
              }
            },
            "Arabian": {
              "long": {
                "generic": "अरेबियन टाइम",
                "standard": "अरेबियन मानक टाइम",
                "daylight": "अरेबियन डेलाइट टाइम"
              }
            },
            "Argentina": {
              "long": {
                "generic": "अर्जेंटीना टाइम",
                "standard": "अर्जेंटीना मानक टाइम",
                "daylight": "अर्जेंटीना समर टाइम"
              }
            },
            "Argentina_Western": {
              "long": {
                "generic": "पश्चिमी अर्जेंटीना टाइम",
                "standard": "पश्चिमी अर्जेंटीना मानक टाइम",
                "daylight": "पश्चिमी अर्जेंटीना समर टाइम"
              }
            },
            "Armenia": {
              "long": {
                "generic": "आर्मेनिया टाइम",
                "standard": "आर्मेनिया मानक टाइम",
                "daylight": "आर्मेनिया समर टाइम"
              }
            },
            "Atlantic": {
              "long": {
                "generic": "अटलांटिक समय",
                "standard": "अटलांटिक मानक समय",
                "daylight": "अटलांटिक डेलाइट समय"
              }
            },
            "Australia_Central": {
              "long": {
                "generic": "मध्य आस्ट्रेलिया टाइम",
                "standard": "आस्ट्रेलियाई मध्य मानक टाइम",
                "daylight": "आस्ट्रेलियाई मध्य डेलाइट टाइम"
              }
            },
            "Australia_CentralWestern": {
              "long": {
                "generic": "आस्ट्रेलियाई मध्य पश्चिमी टाइम",
                "standard": "आस्ट्रेलियाई मध्य पश्चिमी मानक टाइम",
                "daylight": "आस्ट्रेलियाई मध्य पश्चिमी डेलाइट टाइम"
              }
            },
            "Australia_Eastern": {
              "long": {
                "generic": "पूरबी आस्ट्रेलिया टाइम",
                "standard": "आस्ट्रेलियाई पूरबी मानक टाइम",
                "daylight": "आस्ट्रेलियाई पूरबी डेलाइट टाइम"
              }
            },
            "Australia_Western": {
              "long": {
                "generic": "पश्चिमी आस्ट्रेलिया टाइम",
                "standard": "आस्ट्रेलियाई पश्चिमी मानक टाइम",
                "daylight": "आस्ट्रेलियाई पश्चिमी डेलाइट टाइम"
              }
            },
            "Azerbaijan": {
              "long": {
                "generic": "अजरबैजान टाइम",
                "standard": "अजरबैजान मानक टाइम",
                "daylight": "अजरबैजान समर टाइम"
              }
            },
            "Azores": {
              "long": {
                "generic": "एजोर्स टाइम",
                "standard": "एजोर्स मानक टाइम",
                "daylight": "एजोर्स समर टाइम"
              }
            },
            "Bangladesh": {
              "long": {
                "generic": "बंगलादेश टाइम",
                "standard": "बंगलादेश मानक टाइम",
                "daylight": "बंगलादेश समर टाइम"
              }
            },
            "Bhutan": {
              "long": {
                "standard": "भूटान टाइम"
              }
            },
            "Bolivia": {
              "long": {
                "standard": "बोलीबिया टाइम"
              }
            },
            "Brasilia": {
              "long": {
                "generic": "ब्राजीलिया टाइम",
                "standard": "ब्राजीलिया मानक टाइम",
                "daylight": "ब्राजीलिया समर टाइम"
              }
            },
            "Brunei": {
              "long": {
                "standard": "ब्रूनेई दारेसलाम टाइम"
              }
            },
            "Cape_Verde": {
              "long": {
                "generic": "केप बर्डे टाइम",
                "standard": "केप बर्ड मानक टाइम",
                "daylight": "केप बर्ड समर टाइम"
              }
            },
            "Chatham": {
              "long": {
                "generic": "चेथम टाइम",
                "standard": "चेथम मानक टाइम",
                "daylight": "चेथम डेलाइट टाइम"
              }
            },
            "Chile": {
              "long": {
                "generic": "चिली टाइम",
                "standard": "चिली मानक टाइम",
                "daylight": "चिली समर टाइम"
              }
            },
            "China": {
              "long": {
                "generic": "चीनी टाइम",
                "standard": "चीनी मानत टाइम",
                "daylight": "चीनी डेलाइट टाइम"
              }
            },
            "Choibalsan": {
              "long": {
                "generic": "चोइबलसेन टाइम",
                "standard": "चोइबलसेन मानक टाइम",
                "daylight": "चोइबलसेन समर टाइम"
              }
            },
            "Christmas": {
              "long": {
                "standard": "क्रिसमस द्वीप टाइम"
              }
            },
            "Cocos": {
              "long": {
                "standard": "कोकोस द्वीप टाइम"
              }
            },
            "Colombia": {
              "long": {
                "generic": "कोलंबिया टाइम",
                "standard": "कोलंबिया मानक टाइम",
                "daylight": "कोलंबिया समर टाइम"
              }
            },
            "Cuba": {
              "long": {
                "generic": "क्यूबा टाइम",
                "standard": "क्यूबा मानक टाइम",
                "daylight": "क्यूबा डेलाइट टाइम"
              }
            },
            "East_Timor": {
              "long": {
                "standard": "पूरबी तिमोर टाइम"
              }
            },
            "Easter": {
              "long": {
                "generic": "ईस्टर आइलैंड टाइम",
                "standard": "ईस्टर आइलैंड मानक टाइम",
                "daylight": "ईस्टर आइलैंड समर टाइम"
              }
            },
            "Ecuador": {
              "long": {
                "standard": "इक्वाडोर टाइम"
              }
            },
            "Europe_Central": {
              "long": {
                "generic": "मध्य यूरोपीय समय",
                "standard": "मध्य यूरोपीय मानक समय",
                "daylight": "मध्‍य यूरोपीय ग्रीष्‍मकालीन समय"
              }
            },
            "Europe_Eastern": {
              "long": {
                "generic": "पूर्वी यूरोपीय समय",
                "standard": "पूर्वी यूरोपीय मानक समय",
                "daylight": "पूर्वी यूरोपीय ग्रीष्मकालीन समय"
              }
            },
            "Europe_Further_Eastern": {
              "long": {
                "standard": "फरदर-ईस्टर्न यूरोपीयन टाइम"
              }
            },
            "Europe_Western": {
              "long": {
                "generic": "पश्चिमी यूरोपीय समय",
                "standard": "पश्चिमी यूरोपीय मानक समय",
                "daylight": "पश्चिमी यूरोपीय ग्रीष्‍मकालीन समय"
              }
            },
            "Falkland": {
              "long": {
                "generic": "फाकलैंड आइलैंड टाइम",
                "standard": "फाकलैंड आइलैंड मानक टाइम",
                "daylight": "फाकलैंड आइलैंड समर टाइम"
              }
            },
            "French_Guiana": {
              "long": {
                "standard": "फ्रेंच गुयाना टाइम"
              }
            },
            "French_Southern": {
              "long": {
                "standard": "फ़्रांसीसी दक्षिणी क्षेत्र आ अंटार्कटिक टाइम"
              }
            },
            "Galapagos": {
              "long": {
                "standard": "गैलापैगोस टाइम"
              }
            },
            "Georgia": {
              "long": {
                "generic": "जार्जिया टाइम",
                "standard": "जार्जिया मानक टाइम",
                "daylight": "जार्जिया समर टाइम"
              }
            },
            "GMT": {
              "long": {
                "standard": "ग्रीनविच मीन टाइम"
              }
            },
            "Greenland_Eastern": {
              "long": {
                "generic": "पूरबी ग्रीनलैंड टाइम",
                "standard": "पूरबी ग्रीनलैंड मानक टाइम",
                "daylight": "पूरबी ग्रीनलैंड समर टाइम"
              }
            },
            "Greenland_Western": {
              "long": {
                "generic": "पश्चिमी ग्रीनलैंड टाइम",
                "standard": "पश्चिमी ग्रीनलैंड मानक टाइम",
                "daylight": "पश्चिमी ग्रीनलैंड समर टाइम"
              }
            },
            "Gulf": {
              "long": {
                "standard": "गल्फ मानक समय"
              }
            },
            "Guyana": {
              "long": {
                "standard": "गुयाना टाइम"
              }
            },
            "Hawaii_Aleutian": {
              "long": {
                "generic": "हवाई-एल्यूटियन टाइम",
                "standard": "हवाई-एल्यूटियन मानक टाइम",
                "daylight": "हवाई-एल्यूटियन डेलाइट टाइम"
              }
            },
            "Hong_Kong": {
              "long": {
                "generic": "हांग कांग टाइम",
                "standard": "हांग कांग मानक टाइम",
                "daylight": "हांग कांग समर टाइम"
              }
            },
            "Hovd": {
              "long": {
                "generic": "होब्द टाइम",
                "standard": "होब्द मानक टाइम",
                "daylight": "होब्द समर टाइम"
              }
            },
            "India": {
              "long": {
                "standard": "भारतीय मानक समय"
              }
            },
            "Indian_Ocean": {
              "long": {
                "standard": "हिंद महासागर टाइम"
              }
            },
            "Indochina": {
              "long": {
                "standard": "इंडोचाइना टाइम"
              }
            },
            "Indonesia_Central": {
              "long": {
                "standard": "मध्य इंडोनेशिया टाइम"
              }
            },
            "Indonesia_Eastern": {
              "long": {
                "standard": "पूरबी इंडोनेशिया टाइम"
              }
            },
            "Indonesia_Western": {
              "long": {
                "standard": "पश्चिमी इंडोनेशिया टाइम"
              }
            },
            "Iran": {
              "long": {
                "generic": "ईरान टाइम",
                "standard": "ईरानमानक टाइम",
                "daylight": "ईरान डेलाइट टाइम"
              }
            },
            "Irkutsk": {
              "long": {
                "generic": "इरकूत्स्क टाइम",
                "standard": "इरकूत्स्क मानक टाइम",
                "daylight": "इरकूत्स्क समर टाइम"
              }
            },
            "Israel": {
              "long": {
                "generic": "इजरायल टाइम",
                "standard": "इजरायल मानक टाइम",
                "daylight": "इजरायल डेलाइट टाइम"
              }
            },
            "Japan": {
              "long": {
                "generic": "जापान टाइम",
                "standard": "जापान मानक टाइम",
                "daylight": "जापान डेलाइट टाइम"
              }
            },
            "Kazakhstan_Eastern": {
              "long": {
                "standard": "पूरब कजाखस्तान टाइम"
              }
            },
            "Kazakhstan_Western": {
              "long": {
                "standard": "पश्चिम कजाखस्तान टाइम"
              }
            },
            "Korea": {
              "long": {
                "generic": "कोरियन टाइम",
                "standard": "कोरियन मानक टाइम",
                "daylight": "कोरियन डेलाइट टाइम"
              }
            },
            "Krasnoyarsk": {
              "long": {
                "generic": "क्रेस्नोयार्स्क",
                "standard": "क्रेस्नोयार्स्क मानक टाइम",
                "daylight": "क्रेस्नोयार्स्क समर टाइम"
              }
            },
            "Kyrgystan": {
              "long": {
                "standard": "किर्गिस्तान"
              }
            },
            "Lord_Howe": {
              "long": {
                "generic": "लार्ड होबे टाइम",
                "standard": "लार्ड होबे मानक टाइम",
                "daylight": "लार्ड होबे डेलाइट टाइम"
              }
            },
            "Macquarie": {
              "long": {
                "standard": "मेक्वैरी द्वीप टाइम"
              }
            },
            "Magadan": {
              "long": {
                "generic": "मगादान टाइम",
                "standard": "मगादान मानक टाइम",
                "daylight": "मगादान समर टाइम"
              }
            },
            "Malaysia": {
              "long": {
                "standard": "मलेशिया टाइम"
              }
            },
            "Maldives": {
              "long": {
                "standard": "मालदीव टाइम"
              }
            },
            "Mauritius": {
              "long": {
                "generic": "मारीशस टाइम",
                "standard": "मारीशस मानक टाइम",
                "daylight": "मारीशस समर टाइम"
              }
            },
            "Mexico_Northwest": {
              "long": {
                "generic": "उत्तर-पश्चिमी मैक्सिको टाइम",
                "standard": "उत्तर-पश्चिमी मैक्सिको मानक टाइम",
                "daylight": "उत्तर-पश्चिमी मैक्सिको डेलाइट टाइम"
              }
            },
            "Mexico_Pacific": {
              "long": {
                "generic": "मैक्सिकन पेसिफिक टाइम",
                "standard": "मैक्सिकन पेसिफिक मानक टाइम",
                "daylight": "मैक्सिकन पेसिफिक डेलाइट टाइम"
              }
            },
            "Mongolia": {
              "long": {
                "generic": "उलनबटोर टाइम",
                "standard": "उलनबटोर मानक टाइम",
                "daylight": "उलनबटोर समर टाइम"
              }
            },
            "Moscow": {
              "long": {
                "generic": "मास्को टाइम",
                "standard": "मास्को मानक टाइम",
                "daylight": "मास्को समर टाइम"
              }
            },
            "Myanmar": {
              "long": {
                "standard": "मयनमार टाइम"
              }
            },
            "Nepal": {
              "long": {
                "standard": "नेपाल टाइम"
              }
            },
            "New_Caledonia": {
              "long": {
                "generic": "न्यू केलैडोनिया समय",
                "standard": "न्यू केलैडोनिया मानक समय",
                "daylight": "न्यू केलैडोनिया डेलाइट समय"
              }
            },
            "New_Zealand": {
              "long": {
                "generic": "न्यूजीलैंड टाइम",
                "standard": "न्यूजीलैंड मानक टाइम",
                "daylight": "न्यूजीलैंड डेलाइट टाइम"
              }
            },
            "Newfoundland": {
              "long": {
                "generic": "न्यूफाउंडलैंड टाइम",
                "standard": "न्यूफाउंडलैंड मानक टाइम",
                "daylight": "न्यूफाउंडलैंड डेलाइट टाइम"
              }
            },
            "Norfolk": {
              "long": {
                "generic": "फाकलैंड द्वीप टाइम",
                "standard": "फाकलैंड द्वीप मानक टाइम",
                "daylight": "फाकलैंड द्वीप डेलाइट टाइम"
              }
            },
            "Noronha": {
              "long": {
                "generic": "फर्नेंडो डी नोरोन्हा टाइम",
                "standard": "फर्नेंडो डी नोरोन्हा मानक टाइम",
                "daylight": "फर्नेंडो डी नोरोन्हा समर टाइम"
              }
            },
            "Novosibirsk": {
              "long": {
                "generic": "नोबोसिबिर्स्क टाइप",
                "standard": "नोबोसिबिर्स्क मानक टाइम",
                "daylight": "नोबोसिबिर्स्क समर टाइम"
              }
            },
            "Omsk": {
              "long": {
                "generic": "ओम्स्क टाइम",
                "standard": "ओम्स्क मानक टाइम",
                "daylight": "ओम्स्क समर टाइम"
              }
            },
            "Pakistan": {
              "long": {
                "generic": "पाकिस्तान टाइम",
                "standard": "पाकिस्तान मानक टाइम",
                "daylight": "पाकिस्तान समर टाइम"
              }
            },
            "Paraguay": {
              "long": {
                "generic": "पराग्वे टाइम",
                "standard": "पराग्वे मानक टाइम",
                "daylight": "पराग्वे समर टाइम"
              }
            },
            "Peru": {
              "long": {
                "generic": "पेरू टाइम",
                "standard": "पेरू मानक टाइम",
                "daylight": "पेरू समर टाइम"
              }
            },
            "Philippines": {
              "long": {
                "generic": "फिलिपीन टाइम",
                "standard": "फिलिपीन मानक टाइम",
                "daylight": "फिलिपीन समर टाइम"
              }
            },
            "Pierre_Miquelon": {
              "long": {
                "generic": "सेंट पिएरे आ मिक्वेलान टाइम",
                "standard": "सेंट पिएरे आ मिक्वेलान मानक टाइम",
                "daylight": "सेंट पिएरे आ मिक्वेलान डेलाइट टाइम"
              }
            },
            "Pyongyang": {
              "long": {
                "standard": "प्योंगयांग टाइम"
              }
            },
            "Reunion": {
              "long": {
                "standard": "रियूनियन टाइम"
              }
            },
            "Sakhalin": {
              "long": {
                "generic": "सकालिन टाइम",
                "standard": "सकालिन मानक टाइम",
                "daylight": "सकालिन समर टाइम"
              }
            },
            "Samoa": {
              "long": {
                "generic": "सामोआ समय",
                "standard": "सामोआ मानक समय",
                "daylight": "सामोआ समर समय"
              }
            },
            "Seychelles": {
              "long": {
                "standard": "सेशेल्स टाइम"
              }
            },
            "Singapore": {
              "long": {
                "standard": "सिंगापुर मानक टाइम"
              }
            },
            "South_Georgia": {
              "long": {
                "standard": "दक्षिण जार्जिया टाइम"
              }
            },
            "Suriname": {
              "long": {
                "standard": "सुरीनाम टाइम"
              }
            },
            "Taipei": {
              "long": {
                "generic": "ताइपेई टाइम",
                "standard": "ताइपेई मानक टाइम",
                "daylight": "ताइपेई डेलाइट टाइम"
              }
            },
            "Tajikistan": {
              "long": {
                "standard": "ताजिकिस्तान"
              }
            },
            "Turkmenistan": {
              "long": {
                "generic": "तुर्कमेनिस्तान टाइम",
                "standard": "तुर्कमेनिस्तान मानक टाइम",
                "daylight": "तुर्कमेनिस्तान समर टाइम"
              }
            },
            "Uruguay": {
              "long": {
                "generic": "उरुग्वे टाइम",
                "standard": "उरुग्वे मानक टाइम",
                "daylight": "उरुग्वे समर टाइम"
              }
            },
            "Uzbekistan": {
              "long": {
                "generic": "उजबेकिस्तान टाइम",
                "standard": "उजबेकिस्तान मानक टाइम",
                "daylight": "उजबेकिस्तान समर टाइम"
              }
            },
            "Venezuela": {
              "long": {
                "standard": "बेनेजुएला टाइम"
              }
            },
            "Vladivostok": {
              "long": {
                "generic": "ब्लादिबोस्तोक टाइम",
                "standard": "ब्लादिबोस्तोक मानक टाइम",
                "daylight": "ब्लादिबोस्तोक समर टाइम"
              }
            },
            "Volgograd": {
              "long": {
                "generic": "बोल्गोग्राद टाइम",
                "standard": "बोल्गोग्राद मानक टाइम",
                "daylight": "बोल्गोग्राद समर टाइम"
              }
            },
            "Yakutsk": {
              "long": {
                "generic": "यकुत्स्क टाइम",
                "standard": "यकुत्स्क मानक टाइम",
                "daylight": "यकुत्स्क समर टाइम"
              }
            },
            "Yekaterinburg": {
              "long": {
                "generic": "येकाटैरिनबर्ग टाइम",
                "standard": "येकाटैरिनबर्ग मानक टाइम",
                "daylight": "येकाटैरिनबर्ग समर टाइम"
              }
            },
            "Yukon": {
              "long": {
                "standard": "यूकोन टाइम"
              }
            }
          }
        }
      }
    }
  }
}
