{
  "main": {
    "sd": {
      "identity": {
        "version": {
          "_cldrVersion": "42"
        },
        "language": "sd"
      },
      "dates": {
        "timeZoneNames": {
          "hourFormat": "+HH:mm;-HH:mm",
          "gmtFormat": "GMT{0}",
          "gmtZeroFormat": "GMT",
          "regionFormat": "{0} وقت",
          "regionFormat-type-daylight": "{0} ڏينهن جو وقت",
          "regionFormat-type-standard": "{0} معياري وقت",
          "fallbackFormat": "{1} ({0})",
          "zone": {
            "America": {
              "Adak": {
                "exemplarCity": "ادڪ"
              },
              "Anchorage": {
                "exemplarCity": "اينڪريج"
              },
              "Anguilla": {
                "exemplarCity": "انگويلا"
              },
              "Antigua": {
                "exemplarCity": "اينٽيگوا"
              },
              "Araguaina": {
                "exemplarCity": "اراگویانا"
              },
              "Argentina": {
                "Rio_Gallegos": {
                  "exemplarCity": "ریو گالیگوس"
                },
                "San_Juan": {
                  "exemplarCity": "سان جوآن"
                },
                "Ushuaia": {
                  "exemplarCity": "اوشوآئیا"
                },
                "La_Rioja": {
                  "exemplarCity": "لا ریئوجا"
                },
                "San_Luis": {
                  "exemplarCity": "سان لوئیس"
                },
                "Salta": {
                  "exemplarCity": "سالٽا"
                },
                "Tucuman": {
                  "exemplarCity": "ٽوڪومين"
                }
              },
              "Aruba": {
                "exemplarCity": "اروبا"
              },
              "Asuncion": {
                "exemplarCity": "اسانسیون"
              },
              "Bahia": {
                "exemplarCity": "باحيه"
              },
              "Bahia_Banderas": {
                "exemplarCity": "باهیا بیندراس"
              },
              "Barbados": {
                "exemplarCity": "بارباڊوس"
              },
              "Belem": {
                "exemplarCity": "بیلم"
              },
              "Belize": {
                "exemplarCity": "بیلیز"
              },
              "Blanc-Sablon": {
                "exemplarCity": "بلانڪ سبلون"
              },
              "Boa_Vista": {
                "exemplarCity": "بائو وستا"
              },
              "Bogota": {
                "exemplarCity": "بگوٽا"
              },
              "Boise": {
                "exemplarCity": "بوئس"
              },
              "Buenos_Aires": {
                "exemplarCity": "بيونوس ايئرس"
              },
              "Cambridge_Bay": {
                "exemplarCity": "ڪيمبرج بي"
              },
              "Campo_Grande": {
                "exemplarCity": "ڪيمپو گرانڊي"
              },
              "Cancun": {
                "exemplarCity": "ڪانڪون"
              },
              "Caracas": {
                "exemplarCity": "ڪراڪس"
              },
              "Catamarca": {
                "exemplarCity": "ڪيٽا مارڪا"
              },
              "Cayenne": {
                "exemplarCity": "ڪائين"
              },
              "Cayman": {
                "exemplarCity": "سيامن"
              },
              "Chicago": {
                "exemplarCity": "شڪاگو"
              },
              "Chihuahua": {
                "exemplarCity": "چي هوا هوا"
              },
              "Coral_Harbour": {
                "exemplarCity": "اٽيڪوڪن"
              },
              "Cordoba": {
                "exemplarCity": "ڪارڊوبا"
              },
              "Costa_Rica": {
                "exemplarCity": "ڪوسٽا ريڪا"
              },
              "Creston": {
                "exemplarCity": "ڪريسٽن"
              },
              "Cuiaba": {
                "exemplarCity": "ڪوئيابا"
              },
              "Curacao": {
                "exemplarCity": "ڪيوراسائو"
              },
              "Danmarkshavn": {
                "exemplarCity": "ڊينمارڪ شون"
              },
              "Dawson": {
                "exemplarCity": "ڊاوسن"
              },
              "Dawson_Creek": {
                "exemplarCity": "ڊاوسن ڪريڪ"
              },
              "Denver": {
                "exemplarCity": "ڊينور"
              },
              "Detroit": {
                "exemplarCity": "ڊيٽرائيٽ"
              },
              "Dominica": {
                "exemplarCity": "ڊومينيڪا"
              },
              "Edmonton": {
                "exemplarCity": "ايڊمونٽن"
              },
              "Eirunepe": {
                "exemplarCity": "ايرونيپ"
              },
              "El_Salvador": {
                "exemplarCity": "ايل سلواڊور"
              },
              "Fort_Nelson": {
                "exemplarCity": "فورٽ نيلسن"
              },
              "Fortaleza": {
                "exemplarCity": "فورٽاليزا"
              },
              "Glace_Bay": {
                "exemplarCity": "گليس بي"
              },
              "Godthab": {
                "exemplarCity": "نيوڪ"
              },
              "Goose_Bay": {
                "exemplarCity": "گوز بي"
              },
              "Grand_Turk": {
                "exemplarCity": "گرانڊ ترڪ"
              },
              "Grenada": {
                "exemplarCity": "گريناڊا"
              },
              "Guadeloupe": {
                "exemplarCity": "گواڊيلوپ"
              },
              "Guatemala": {
                "exemplarCity": "گوئٽي مالا"
              },
              "Guayaquil": {
                "exemplarCity": "گواياڪيل"
              },
              "Guyana": {
                "exemplarCity": "گيانا"
              },
              "Halifax": {
                "exemplarCity": "هيلي فيڪس"
              },
              "Havana": {
                "exemplarCity": "هوانا"
              },
              "Hermosillo": {
                "exemplarCity": "هرموسلو"
              },
              "Indiana": {
                "Vincennes": {
                  "exemplarCity": "ونسینیز، انڊیانا"
                },
                "Petersburg": {
                  "exemplarCity": "پيٽرسبرگ، انڊيانا"
                },
                "Tell_City": {
                  "exemplarCity": "ٽيل سٽي، انڊيانا"
                },
                "Knox": {
                  "exemplarCity": "ناڪس، انڊيانا"
                },
                "Winamac": {
                  "exemplarCity": "ويناميڪ، انڊيانا"
                },
                "Marengo": {
                  "exemplarCity": "مرينگو، انڊيانا"
                },
                "Vevay": {
                  "exemplarCity": "ويوي، انڊيانا"
                }
              },
              "Indianapolis": {
                "exemplarCity": "انڊيانا پولس"
              },
              "Inuvik": {
                "exemplarCity": "انووڪ"
              },
              "Iqaluit": {
                "exemplarCity": "اڪالوئٽ"
              },
              "Jamaica": {
                "exemplarCity": "جمائڪا"
              },
              "Jujuy": {
                "exemplarCity": "ڪوڪوئي"
              },
              "Juneau": {
                "exemplarCity": "جونئو"
              },
              "Kentucky": {
                "Monticello": {
                  "exemplarCity": "مونٽيسيلو، ڪينٽڪي"
                }
              },
              "Kralendijk": {
                "exemplarCity": "ڪرالينڊڪ"
              },
              "La_Paz": {
                "exemplarCity": "لا پز"
              },
              "Lima": {
                "exemplarCity": "ليما"
              },
              "Los_Angeles": {
                "exemplarCity": "لاس اينجلس"
              },
              "Louisville": {
                "exemplarCity": "لوئي ويل"
              },
              "Lower_Princes": {
                "exemplarCity": "لوئر پرنسز ڪوارٽر"
              },
              "Maceio": {
                "exemplarCity": "میسیئو"
              },
              "Managua": {
                "exemplarCity": "ماناگوا"
              },
              "Manaus": {
                "exemplarCity": "منائوس"
              },
              "Marigot": {
                "exemplarCity": "ميريگوٽ"
              },
              "Martinique": {
                "exemplarCity": "مارٽينڪ"
              },
              "Matamoros": {
                "exemplarCity": "متاموروس"
              },
              "Mazatlan": {
                "exemplarCity": "مزاٽلان"
              },
              "Mendoza": {
                "exemplarCity": "مينڊوزا"
              },
              "Menominee": {
                "exemplarCity": "مینومیني"
              },
              "Merida": {
                "exemplarCity": "ميريڊا"
              },
              "Metlakatla": {
                "exemplarCity": "ميٽلاڪاٽالا"
              },
              "Mexico_City": {
                "exemplarCity": "ميڪسيڪو شهر"
              },
              "Miquelon": {
                "exemplarCity": "میڪوئیلون"
              },
              "Moncton": {
                "exemplarCity": "مانڪٽن"
              },
              "Monterrey": {
                "exemplarCity": "مانٽيري"
              },
              "Montevideo": {
                "exemplarCity": "مونٽي ويڊيو"
              },
              "Montserrat": {
                "exemplarCity": "مانٽسريٽ"
              },
              "Nassau": {
                "exemplarCity": "ناسائو"
              },
              "New_York": {
                "exemplarCity": "نيويارڪ"
              },
              "Nipigon": {
                "exemplarCity": "نپيگان"
              },
              "Nome": {
                "exemplarCity": "نوم"
              },
              "Noronha": {
                "exemplarCity": "نورانهيا"
              },
              "North_Dakota": {
                "Beulah": {
                  "exemplarCity": "بيولاه، اتر ڊڪوٽا"
                },
                "New_Salem": {
                  "exemplarCity": "نيو سيلم، اتر ڊڪوٽا"
                },
                "Center": {
                  "exemplarCity": "سينٽر، اتر ڊڪوٽا"
                }
              },
              "Ojinaga": {
                "exemplarCity": "اوڪيناگا"
              },
              "Panama": {
                "exemplarCity": "پناما"
              },
              "Pangnirtung": {
                "exemplarCity": "پینگنرٽنگ"
              },
              "Paramaribo": {
                "exemplarCity": "پيراميريبو"
              },
              "Phoenix": {
                "exemplarCity": "فونيڪس"
              },
              "Port-au-Prince": {
                "exemplarCity": "پورٽ او پرنس"
              },
              "Port_of_Spain": {
                "exemplarCity": "اسپين جو ٻيٽ"
              },
              "Porto_Velho": {
                "exemplarCity": "پورٽو ويلهو"
              },
              "Puerto_Rico": {
                "exemplarCity": "پورٽو ريڪو"
              },
              "Punta_Arenas": {
                "exemplarCity": "پنٽا اريناس"
              },
              "Rainy_River": {
                "exemplarCity": "ريني رور"
              },
              "Rankin_Inlet": {
                "exemplarCity": "رينڪن انليٽ"
              },
              "Recife": {
                "exemplarCity": "هيسيفي"
              },
              "Regina": {
                "exemplarCity": "ریجینا"
              },
              "Resolute": {
                "exemplarCity": "ريزوليوٽ"
              },
              "Rio_Branco": {
                "exemplarCity": "ريو برانڪو"
              },
              "Santarem": {
                "exemplarCity": "سنٽاريم"
              },
              "Santiago": {
                "exemplarCity": "سينٽياگو"
              },
              "Santo_Domingo": {
                "exemplarCity": "سينٽو ڊومينگو"
              },
              "Sao_Paulo": {
                "exemplarCity": "سائو پولو"
              },
              "Scoresbysund": {
                "exemplarCity": "اٽوڪورٽومائٽ"
              },
              "Sitka": {
                "exemplarCity": "سٽڪا"
              },
              "St_Barthelemy": {
                "exemplarCity": "سينٽ برٿليمي"
              },
              "St_Johns": {
                "exemplarCity": "سينٽ جانز"
              },
              "St_Kitts": {
                "exemplarCity": "سينٽ ڪٽس"
              },
              "St_Lucia": {
                "exemplarCity": "سينٽ لوسيا"
              },
              "St_Thomas": {
                "exemplarCity": "سينٽ ٿامس"
              },
              "St_Vincent": {
                "exemplarCity": "سينٽ ونسينٽ"
              },
              "Swift_Current": {
                "exemplarCity": "سوئفٽ ڪرنٽ"
              },
              "Tegucigalpa": {
                "exemplarCity": "ٽيگوسيگلپا"
              },
              "Thule": {
                "exemplarCity": "ٿولي"
              },
              "Thunder_Bay": {
                "exemplarCity": "ٿنڊر بي"
              },
              "Tijuana": {
                "exemplarCity": "تيجوانا"
              },
              "Toronto": {
                "exemplarCity": "ٽورنٽو"
              },
              "Tortola": {
                "exemplarCity": "ٽورٽولا"
              },
              "Vancouver": {
                "exemplarCity": "وينڪوور"
              },
              "Whitehorse": {
                "exemplarCity": "وائيٽ هائوس"
              },
              "Winnipeg": {
                "exemplarCity": "وني پيگ"
              },
              "Yakutat": {
                "exemplarCity": "ياڪوتات"
              },
              "Yellowknife": {
                "exemplarCity": "ييلو نائيف"
              }
            },
            "Atlantic": {
              "Azores": {
                "exemplarCity": "ازورز"
              },
              "Bermuda": {
                "exemplarCity": "برمودا"
              },
              "Canary": {
                "exemplarCity": "ڪينري"
              },
              "Cape_Verde": {
                "exemplarCity": "ڪيپ ورڊي"
              },
              "Faeroe": {
                "exemplarCity": "فيرو"
              },
              "Madeira": {
                "exemplarCity": "ماڊيرا"
              },
              "Reykjavik": {
                "exemplarCity": "ريڪيوڪ"
              },
              "South_Georgia": {
                "exemplarCity": "ڏکڻ جورجيا"
              },
              "St_Helena": {
                "exemplarCity": "سينٽ هيلينا"
              },
              "Stanley": {
                "exemplarCity": "اسٽينلي"
              }
            },
            "Europe": {
              "Amsterdam": {
                "exemplarCity": "ايمسٽرڊيم"
              },
              "Andorra": {
                "exemplarCity": "اندورا"
              },
              "Astrakhan": {
                "exemplarCity": "آستراخان"
              },
              "Athens": {
                "exemplarCity": "ايٿنز"
              },
              "Belgrade": {
                "exemplarCity": "بلغراد"
              },
              "Berlin": {
                "exemplarCity": "برلن"
              },
              "Bratislava": {
                "exemplarCity": "براتيسلوا"
              },
              "Brussels": {
                "exemplarCity": "برسلز"
              },
              "Bucharest": {
                "exemplarCity": "بخاريسٽ"
              },
              "Budapest": {
                "exemplarCity": "بداپيسٽ"
              },
              "Busingen": {
                "exemplarCity": "بزيجين"
              },
              "Chisinau": {
                "exemplarCity": "چسينائو"
              },
              "Copenhagen": {
                "exemplarCity": "ڪوپن هيگن"
              },
              "Dublin": {
                "long": {
                  "daylight": "آئرش جو معياري وقت"
                },
                "exemplarCity": "ڊبلن"
              },
              "Gibraltar": {
                "exemplarCity": "جبرالٽر"
              },
              "Guernsey": {
                "exemplarCity": "گرنزي"
              },
              "Helsinki": {
                "exemplarCity": "هيلسنڪي"
              },
              "Isle_of_Man": {
                "exemplarCity": "آئيزل آف مين"
              },
              "Istanbul": {
                "exemplarCity": "استنبول"
              },
              "Jersey": {
                "exemplarCity": "جرسي"
              },
              "Kaliningrad": {
                "exemplarCity": "ڪلينن گراڊ"
              },
              "Kiev": {
                "exemplarCity": "ڪِيو"
              },
              "Kirov": {
                "exemplarCity": "ڪيروف"
              },
              "Lisbon": {
                "exemplarCity": "لسبن"
              },
              "Ljubljana": {
                "exemplarCity": "لبليانا"
              },
              "London": {
                "long": {
                  "daylight": "برطانيا جي اونهاري جو وقت"
                },
                "exemplarCity": "لنڊن"
              },
              "Luxembourg": {
                "exemplarCity": "لگزمبرگ"
              },
              "Madrid": {
                "exemplarCity": "ميڊرڊ"
              },
              "Malta": {
                "exemplarCity": "مالٽا"
              },
              "Mariehamn": {
                "exemplarCity": "ميريهام"
              },
              "Minsk": {
                "exemplarCity": "منسڪ"
              },
              "Monaco": {
                "exemplarCity": "موناڪو"
              },
              "Moscow": {
                "exemplarCity": "ماسڪو"
              },
              "Oslo": {
                "exemplarCity": "اوسلو"
              },
              "Paris": {
                "exemplarCity": "پئرس"
              },
              "Podgorica": {
                "exemplarCity": "پوڊگورسيا"
              },
              "Prague": {
                "exemplarCity": "پراگ"
              },
              "Riga": {
                "exemplarCity": "رگا"
              },
              "Rome": {
                "exemplarCity": "روم"
              },
              "Samara": {
                "exemplarCity": "سمارا"
              },
              "San_Marino": {
                "exemplarCity": "سين مرينو"
              },
              "Sarajevo": {
                "exemplarCity": "سراجیوو"
              },
              "Saratov": {
                "exemplarCity": "سراتو"
              },
              "Simferopol": {
                "exemplarCity": "سمفروپول"
              },
              "Skopje": {
                "exemplarCity": "اسڪوپي"
              },
              "Sofia": {
                "exemplarCity": "سوفيا"
              },
              "Stockholm": {
                "exemplarCity": "اسٽاڪ هوم"
              },
              "Tallinn": {
                "exemplarCity": "ٽالن"
              },
              "Tirane": {
                "exemplarCity": "تراني"
              },
              "Ulyanovsk": {
                "exemplarCity": "اليانوسڪ"
              },
              "Uzhgorod": {
                "exemplarCity": "ازهارڊ"
              },
              "Vaduz": {
                "exemplarCity": "وڊوز"
              },
              "Vatican": {
                "exemplarCity": "وئٽيڪن"
              },
              "Vienna": {
                "exemplarCity": "وينا"
              },
              "Vilnius": {
                "exemplarCity": "ويلنيس"
              },
              "Volgograd": {
                "exemplarCity": "وولگوگراد"
              },
              "Warsaw": {
                "exemplarCity": "وارسا"
              },
              "Zagreb": {
                "exemplarCity": "زغرب"
              },
              "Zaporozhye": {
                "exemplarCity": "زيپروزهايا"
              },
              "Zurich": {
                "exemplarCity": "زيورخ"
              }
            },
            "Africa": {
              "Abidjan": {
                "exemplarCity": "ابي جان"
              },
              "Accra": {
                "exemplarCity": "ايڪرا"
              },
              "Addis_Ababa": {
                "exemplarCity": "ايڊيس اببا"
              },
              "Algiers": {
                "exemplarCity": "الجيرز"
              },
              "Asmera": {
                "exemplarCity": "ازمارا"
              },
              "Bamako": {
                "exemplarCity": "باماڪو"
              },
              "Bangui": {
                "exemplarCity": "بنگي"
              },
              "Banjul": {
                "exemplarCity": "بينجال"
              },
              "Bissau": {
                "exemplarCity": "بسائو"
              },
              "Blantyre": {
                "exemplarCity": "بلنٽائر"
              },
              "Brazzaville": {
                "exemplarCity": "برازاويل"
              },
              "Bujumbura": {
                "exemplarCity": "بوجمبورا"
              },
              "Cairo": {
                "exemplarCity": "قائرا"
              },
              "Casablanca": {
                "exemplarCity": "ڪاسابلانڪا"
              },
              "Ceuta": {
                "exemplarCity": "سيوٽا"
              },
              "Conakry": {
                "exemplarCity": "ڪوناڪري"
              },
              "Dakar": {
                "exemplarCity": "ڊاڪار"
              },
              "Dar_es_Salaam": {
                "exemplarCity": "دارالسلام"
              },
              "Djibouti": {
                "exemplarCity": "جبوتي"
              },
              "Douala": {
                "exemplarCity": "دوالا"
              },
              "El_Aaiun": {
                "exemplarCity": "ال ايون"
              },
              "Freetown": {
                "exemplarCity": "فري ٽائون"
              },
              "Gaborone": {
                "exemplarCity": "گيبورون"
              },
              "Harare": {
                "exemplarCity": "هراري"
              },
              "Johannesburg": {
                "exemplarCity": "جوهانسبرگ"
              },
              "Juba": {
                "exemplarCity": "جوبا"
              },
              "Kampala": {
                "exemplarCity": "ڪمپالا"
              },
              "Khartoum": {
                "exemplarCity": "خرطوم"
              },
              "Kigali": {
                "exemplarCity": "ڪيگالي"
              },
              "Kinshasa": {
                "exemplarCity": "ڪنشاسا"
              },
              "Lagos": {
                "exemplarCity": "لاگوس"
              },
              "Libreville": {
                "exemplarCity": "لیبرویلی"
              },
              "Lome": {
                "exemplarCity": "لوم"
              },
              "Luanda": {
                "exemplarCity": "لوانڊا"
              },
              "Lubumbashi": {
                "exemplarCity": "لوبمباشی"
              },
              "Lusaka": {
                "exemplarCity": "لوساڪا"
              },
              "Malabo": {
                "exemplarCity": "ملابو"
              },
              "Maputo": {
                "exemplarCity": "ماپوتو"
              },
              "Maseru": {
                "exemplarCity": "ماسيرو"
              },
              "Mbabane": {
                "exemplarCity": "مبابين"
              },
              "Mogadishu": {
                "exemplarCity": "موغادیشو"
              },
              "Monrovia": {
                "exemplarCity": "مونروویا"
              },
              "Nairobi": {
                "exemplarCity": "نيروبي"
              },
              "Ndjamena": {
                "exemplarCity": "نجامينا"
              },
              "Niamey": {
                "exemplarCity": "نيامي"
              },
              "Nouakchott": {
                "exemplarCity": "نواڪشوط"
              },
              "Ouagadougou": {
                "exemplarCity": "آئوگو ڊائوگو"
              },
              "Porto-Novo": {
                "exemplarCity": "پورٽو نوو"
              },
              "Sao_Tome": {
                "exemplarCity": "سائو ٽوم"
              },
              "Tripoli": {
                "exemplarCity": "ٽرپولي"
              },
              "Tunis": {
                "exemplarCity": "تيونس"
              },
              "Windhoek": {
                "exemplarCity": "ونڊهوڪ"
              }
            },
            "Asia": {
              "Aden": {
                "exemplarCity": "عدن"
              },
              "Almaty": {
                "exemplarCity": "الماتي"
              },
              "Amman": {
                "exemplarCity": "امان"
              },
              "Anadyr": {
                "exemplarCity": "انيدر"
              },
              "Aqtau": {
                "exemplarCity": "اڪٽائو"
              },
              "Aqtobe": {
                "exemplarCity": "ايڪٽوب"
              },
              "Ashgabat": {
                "exemplarCity": "آشگاباد"
              },
              "Atyrau": {
                "exemplarCity": "آتيرائو"
              },
              "Baghdad": {
                "exemplarCity": "بغداد"
              },
              "Bahrain": {
                "exemplarCity": "بحرين"
              },
              "Baku": {
                "exemplarCity": "باڪو"
              },
              "Bangkok": {
                "exemplarCity": "بئنڪاڪ"
              },
              "Barnaul": {
                "exemplarCity": "برنل"
              },
              "Beirut": {
                "exemplarCity": "بيروت"
              },
              "Bishkek": {
                "exemplarCity": "بشڪيڪ"
              },
              "Brunei": {
                "exemplarCity": "برونائي"
              },
              "Calcutta": {
                "exemplarCity": "ڪلڪتا"
              },
              "Chita": {
                "exemplarCity": "چيتا"
              },
              "Choibalsan": {
                "exemplarCity": "چوئي بيلسن"
              },
              "Colombo": {
                "exemplarCity": "ڪولمبو"
              },
              "Damascus": {
                "exemplarCity": "دمشق"
              },
              "Dhaka": {
                "exemplarCity": "ڍاڪا"
              },
              "Dili": {
                "exemplarCity": "دلي"
              },
              "Dubai": {
                "exemplarCity": "دبئي"
              },
              "Dushanbe": {
                "exemplarCity": "دوشانبي"
              },
              "Famagusta": {
                "exemplarCity": "فاماگوستا"
              },
              "Gaza": {
                "exemplarCity": "غزه"
              },
              "Hebron": {
                "exemplarCity": "هيبرون"
              },
              "Hong_Kong": {
                "exemplarCity": "هانگ ڪانگ"
              },
              "Hovd": {
                "exemplarCity": "هووڊ"
              },
              "Irkutsk": {
                "exemplarCity": "ارڪتسڪ"
              },
              "Jakarta": {
                "exemplarCity": "جڪارتا"
              },
              "Jayapura": {
                "exemplarCity": "جياپورا"
              },
              "Jerusalem": {
                "exemplarCity": "يوروشلم"
              },
              "Kabul": {
                "exemplarCity": "ڪابل"
              },
              "Kamchatka": {
                "exemplarCity": "ڪمچاسڪي"
              },
              "Karachi": {
                "exemplarCity": "ڪراچي"
              },
              "Katmandu": {
                "exemplarCity": "کٽمنڊو"
              },
              "Khandyga": {
                "exemplarCity": "کندياگا"
              },
              "Krasnoyarsk": {
                "exemplarCity": "ڪريسنويارسڪ"
              },
              "Kuala_Lumpur": {
                "exemplarCity": "ڪوالالمپور"
              },
              "Kuching": {
                "exemplarCity": "کوچنگ"
              },
              "Kuwait": {
                "exemplarCity": "ڪويت"
              },
              "Macau": {
                "exemplarCity": "مڪائو"
              },
              "Magadan": {
                "exemplarCity": "مگادان"
              },
              "Makassar": {
                "exemplarCity": "ميڪاسر"
              },
              "Manila": {
                "exemplarCity": "منيلا"
              },
              "Muscat": {
                "exemplarCity": "مسقط"
              },
              "Nicosia": {
                "exemplarCity": "نيڪوسيا"
              },
              "Novokuznetsk": {
                "exemplarCity": "نووڪزنيتسڪ"
              },
              "Novosibirsk": {
                "exemplarCity": "نوواسبئيرسڪ"
              },
              "Omsk": {
                "exemplarCity": "اومسڪ"
              },
              "Oral": {
                "exemplarCity": "زباني"
              },
              "Phnom_Penh": {
                "exemplarCity": "فنام پينه"
              },
              "Pontianak": {
                "exemplarCity": "پونٽيانڪ"
              },
              "Pyongyang": {
                "exemplarCity": "شيانگ يانگ"
              },
              "Qatar": {
                "exemplarCity": "قطر"
              },
              "Qostanay": {
                "exemplarCity": "ڪوٽانسي"
              },
              "Qyzylorda": {
                "exemplarCity": "ڪيزلورڊا"
              },
              "Rangoon": {
                "exemplarCity": "رنگون"
              },
              "Riyadh": {
                "exemplarCity": "رياض"
              },
              "Saigon": {
                "exemplarCity": "هوچي من"
              },
              "Sakhalin": {
                "exemplarCity": "شخالين"
              },
              "Samarkand": {
                "exemplarCity": "سمرقند"
              },
              "Seoul": {
                "exemplarCity": "سيول"
              },
              "Shanghai": {
                "exemplarCity": "شنگهائي"
              },
              "Singapore": {
                "exemplarCity": "سنگاپور"
              },
              "Srednekolymsk": {
                "exemplarCity": "سريديڪوليمسڪ"
              },
              "Taipei": {
                "exemplarCity": "تائپي"
              },
              "Tashkent": {
                "exemplarCity": "تاشقنت"
              },
              "Tbilisi": {
                "exemplarCity": "تبليسي"
              },
              "Tehran": {
                "exemplarCity": "تهران"
              },
              "Thimphu": {
                "exemplarCity": "ٿمفو"
              },
              "Tokyo": {
                "exemplarCity": "ٽوڪيو"
              },
              "Tomsk": {
                "exemplarCity": "تمسڪ"
              },
              "Ulaanbaatar": {
                "exemplarCity": "اولان باتر"
              },
              "Urumqi": {
                "exemplarCity": "يورمڪي"
              },
              "Ust-Nera": {
                "exemplarCity": "اسٽ نيرا"
              },
              "Vientiane": {
                "exemplarCity": "وينٽيان"
              },
              "Vladivostok": {
                "exemplarCity": "ولادووستوڪ"
              },
              "Yakutsk": {
                "exemplarCity": "ياڪتسڪ"
              },
              "Yekaterinburg": {
                "exemplarCity": "یڪاٽرنبرگ"
              },
              "Yerevan": {
                "exemplarCity": "يريوان"
              }
            },
            "Indian": {
              "Antananarivo": {
                "exemplarCity": "انتاناناريوو"
              },
              "Chagos": {
                "exemplarCity": "چاگوس"
              },
              "Christmas": {
                "exemplarCity": "ڪرسمس"
              },
              "Cocos": {
                "exemplarCity": "ڪوڪوس"
              },
              "Comoro": {
                "exemplarCity": "ڪومورو"
              },
              "Kerguelen": {
                "exemplarCity": "ڪرگيولين"
              },
              "Mahe": {
                "exemplarCity": "ماهي"
              },
              "Maldives": {
                "exemplarCity": "مالديپ"
              },
              "Mauritius": {
                "exemplarCity": "موريشس"
              },
              "Mayotte": {
                "exemplarCity": "مياٽي"
              },
              "Reunion": {
                "exemplarCity": "ري يونين"
              }
            },
            "Australia": {
              "Adelaide": {
                "exemplarCity": "ايڊيليڊ"
              },
              "Brisbane": {
                "exemplarCity": "برسبين"
              },
              "Broken_Hill": {
                "exemplarCity": "بروڪن هل"
              },
              "Currie": {
                "exemplarCity": "ڪري"
              },
              "Darwin": {
                "exemplarCity": "ڊارون"
              },
              "Eucla": {
                "exemplarCity": "يوڪلا"
              },
              "Hobart": {
                "exemplarCity": "هوبارٽ"
              },
              "Lindeman": {
                "exemplarCity": "لنڊمين"
              },
              "Lord_Howe": {
                "exemplarCity": "لارڊ هائو"
              },
              "Melbourne": {
                "exemplarCity": "ميلبورن"
              },
              "Perth": {
                "exemplarCity": "پرٿ"
              },
              "Sydney": {
                "exemplarCity": "سڊني"
              }
            },
            "Pacific": {
              "Apia": {
                "exemplarCity": "اپيا"
              },
              "Auckland": {
                "exemplarCity": "آڪلينڊ"
              },
              "Bougainville": {
                "exemplarCity": "بوگين ويليا"
              },
              "Chatham": {
                "exemplarCity": "چئٿم"
              },
              "Easter": {
                "exemplarCity": "ايسٽر"
              },
              "Efate": {
                "exemplarCity": "افاتي"
              },
              "Enderbury": {
                "exemplarCity": "اينڊربري"
              },
              "Fakaofo": {
                "exemplarCity": "فڪائوفو"
              },
              "Fiji": {
                "exemplarCity": "فجي"
              },
              "Funafuti": {
                "exemplarCity": "فنافوٽي"
              },
              "Galapagos": {
                "exemplarCity": "گالاپاگوز"
              },
              "Gambier": {
                "exemplarCity": "گيمبيئر"
              },
              "Guadalcanal": {
                "exemplarCity": "گواڊل ڪينال"
              },
              "Guam": {
                "exemplarCity": "گوام"
              },
              "Honolulu": {
                "exemplarCity": "هونو لولو"
              },
              "Johnston": {
                "exemplarCity": "جانسٹن"
              },
              "Kanton": {
                "exemplarCity": "ڪانٽن"
              },
              "Kiritimati": {
                "exemplarCity": "ڪريٽمٽي"
              },
              "Kosrae": {
                "exemplarCity": "ڪوسرائي"
              },
              "Kwajalein": {
                "exemplarCity": "ڪواجلين"
              },
              "Majuro": {
                "exemplarCity": "مجورو"
              },
              "Marquesas": {
                "exemplarCity": "مرڪيوسس"
              },
              "Midway": {
                "exemplarCity": "مڊوي"
              },
              "Nauru": {
                "exemplarCity": "نائرو"
              },
              "Niue": {
                "exemplarCity": "نيووي"
              },
              "Norfolk": {
                "exemplarCity": "نار فوڪ"
              },
              "Noumea": {
                "exemplarCity": "نائوميا"
              },
              "Pago_Pago": {
                "exemplarCity": "پاگو پاگو"
              },
              "Palau": {
                "exemplarCity": "پلائو"
              },
              "Pitcairn": {
                "exemplarCity": "پٽڪيرن"
              },
              "Ponape": {
                "exemplarCity": "پونپیئي"
              },
              "Port_Moresby": {
                "exemplarCity": "پورٽ مورسبي"
              },
              "Rarotonga": {
                "exemplarCity": "راروٽونگا"
              },
              "Saipan": {
                "exemplarCity": "سيپن"
              },
              "Tahiti": {
                "exemplarCity": "تاهٽي"
              },
              "Tarawa": {
                "exemplarCity": "تراوا"
              },
              "Tongatapu": {
                "exemplarCity": "ٽونگاٽاپو"
              },
              "Truk": {
                "exemplarCity": "چيوڪ"
              },
              "Wake": {
                "exemplarCity": "ويڪ"
              },
              "Wallis": {
                "exemplarCity": "ويلس"
              }
            },
            "Arctic": {
              "Longyearbyen": {
                "exemplarCity": "لانگ ائيربن"
              }
            },
            "Antarctica": {
              "Casey": {
                "exemplarCity": "ڪيسي"
              },
              "Davis": {
                "exemplarCity": "ڊيوس"
              },
              "DumontDUrville": {
                "exemplarCity": "ڊومانٽ درويئل"
              },
              "Macquarie": {
                "exemplarCity": "مڪوائري"
              },
              "Mawson": {
                "exemplarCity": "موسن"
              },
              "McMurdo": {
                "exemplarCity": "ميڪ مرڊو"
              },
              "Palmer": {
                "exemplarCity": "پامر"
              },
              "Rothera": {
                "exemplarCity": "روڌرا"
              },
              "Syowa": {
                "exemplarCity": "سيووا"
              },
              "Troll": {
                "exemplarCity": "ٽرول"
              },
              "Vostok": {
                "exemplarCity": "ووستوڪ"
              }
            },
            "Etc": {
              "UTC": {
                "long": {
                  "standard": "گڏيل دنياوي وقت"
                },
                "short": {
                  "standard": "م ع و"
                }
              },
              "Unknown": {
                "exemplarCity": "اڻڄاتل شهر"
              }
            }
          },
          "metazone": {
            "Afghanistan": {
              "long": {
                "standard": "افغانستان جو وقت"
              }
            },
            "Africa_Central": {
              "long": {
                "standard": "مرڪزي آفريقا جو وقت"
              }
            },
            "Africa_Eastern": {
              "long": {
                "standard": "اوڀر آفريڪا جو وقت"
              }
            },
            "Africa_Southern": {
              "long": {
                "standard": "ڏکڻ آفريڪا جو معياري وقت"
              }
            },
            "Africa_Western": {
              "long": {
                "generic": "اولهه آفريقا جو وقت",
                "standard": "اولهه آفريقا جو معياري وقت",
                "daylight": "اولهه آفريقا جي اونهاري جو وقت"
              }
            },
            "Alaska": {
              "long": {
                "generic": "الاسڪا جو وقت",
                "standard": "الاسڪا جو معياري وقت",
                "daylight": "الاسڪا جي ڏينهن جو وقت"
              }
            },
            "Amazon": {
              "long": {
                "generic": "ايميزون جو وقت",
                "standard": "ايميزون جو معياري وقت",
                "daylight": "ايميزون جي اونهاري جو وقت"
              }
            },
            "America_Central": {
              "long": {
                "generic": "مرڪزي وقت",
                "standard": "مرڪزي معياري وقت",
                "daylight": "مرڪزي ڏينهن جو وقت"
              }
            },
            "America_Eastern": {
              "long": {
                "generic": "مشرقي وقت",
                "standard": "مشرقي معياري وقت",
                "daylight": "مشرقي ڏينهن جو وقت"
              }
            },
            "America_Mountain": {
              "long": {
                "generic": "پهاڙي وقت",
                "standard": "پهاڙي معياري وقت",
                "daylight": "پهاڙي ڏينهن جو وقت"
              }
            },
            "America_Pacific": {
              "long": {
                "generic": "پيسيفڪ وقت",
                "standard": "پيسيفڪ معياري وقت",
                "daylight": "پيسيفڪ ڏينهن جو وقت"
              }
            },
            "Apia": {
              "long": {
                "generic": "اپيا جو وقت",
                "standard": "اپيا جو معياري وقت",
                "daylight": "اپيا جي ڏينهن جو وقت"
              }
            },
            "Arabian": {
              "long": {
                "generic": "عربين جو وقت",
                "standard": "عربين جو معياري وقت",
                "daylight": "عربين جي ڏينهن جو وقت"
              }
            },
            "Argentina": {
              "long": {
                "generic": "ارجنٽينا جو وقت",
                "standard": "ارجنٽائن معياري وقت",
                "daylight": "ارجنٽائن جي اونهاري جو وقت"
              }
            },
            "Argentina_Western": {
              "long": {
                "generic": "اولهه ارجنٽينا جو وقت",
                "standard": "اولهه ارجنٽينا جو معياري وقت",
                "daylight": "اولهه ارجنٽينا جي اونهاري جو وقت"
              }
            },
            "Armenia": {
              "long": {
                "generic": "آرمينيا جو وقت",
                "standard": "آرمينيا جو معياري وقت",
                "daylight": "آرمينيا جي اونهاري جو وقت"
              }
            },
            "Atlantic": {
              "long": {
                "generic": "ايٽلانٽڪ جو وقت",
                "standard": "ايٽلانٽڪ جو معياري وقت",
                "daylight": "ايٽلانٽڪ جي ڏينهن جو وقت"
              }
            },
            "Australia_Central": {
              "long": {
                "generic": "مرڪزي آسٽريليا جو وقت",
                "standard": "آسٽريليا جو مرڪزي معياري وقت",
                "daylight": "آسٽريليا جو مرڪزي ڏينهن جو وقت"
              }
            },
            "Australia_CentralWestern": {
              "long": {
                "generic": "آسٽريليا جو مرڪزي مغربي وقت",
                "standard": "آسٽريليا جو مرڪزي مغربي معياري وقت",
                "daylight": "آسٽريليا جو مرڪزي مغربي ڏينهن جو وقت"
              }
            },
            "Australia_Eastern": {
              "long": {
                "generic": "اوڀر آسٽريليا جو وقت",
                "standard": "آسٽريليا جو مشرقي معياري وقت",
                "daylight": "آسٽريليا جو مشرقي ڏينهن جو وقت"
              }
            },
            "Australia_Western": {
              "long": {
                "generic": "مغربي آسٽريليا جو وقت",
                "standard": "آسٽريليا جو مغربي معياري وقت",
                "daylight": "آسٽريليا جو مغربي ڏينهن جو وقت"
              }
            },
            "Azerbaijan": {
              "long": {
                "generic": "آذربائيجان جو وقت",
                "standard": "آذربائيجان جو معياري وقت",
                "daylight": "آذربائيجان جي اونهاري جو وقت"
              }
            },
            "Azores": {
              "long": {
                "generic": "ازورز جو وقت",
                "standard": "ازورز جو معياري وقت",
                "daylight": "ازورز جي اونهاري جو وقت"
              }
            },
            "Bangladesh": {
              "long": {
                "generic": "بنگلاديش جو وقت",
                "standard": "بنگلاديش جو معياري وقت",
                "daylight": "بنگلاديش جي اونهاري جو وقت"
              }
            },
            "Bhutan": {
              "long": {
                "standard": "ڀوٽان جو وقت"
              }
            },
            "Bolivia": {
              "long": {
                "standard": "بولويائي وقت"
              }
            },
            "Brasilia": {
              "long": {
                "generic": "بريسيليائي وقت",
                "standard": "براسيليا جو معياري وقت",
                "daylight": "براسيليا جي اونهاري جو وقت"
              }
            },
            "Brunei": {
              "long": {
                "standard": "برونائي دارالسلام جو وقت"
              }
            },
            "Cape_Verde": {
              "long": {
                "generic": "ڪيپ ورڊ جو وقت",
                "standard": "ڪيپ ورڊ جو معياري وقت",
                "daylight": "ڪيپ ورڊ جي اونهاري جو وقت"
              }
            },
            "Chamorro": {
              "long": {
                "standard": "چمورو جو معياري وقت"
              }
            },
            "Chatham": {
              "long": {
                "generic": "چئٿم جو وقت",
                "standard": "چئٿم جو معياري وقت",
                "daylight": "چئٿم جي ڏينهن جو وقت"
              }
            },
            "Chile": {
              "long": {
                "generic": "چلي جو وقت",
                "standard": "چلي جو معياري وقت",
                "daylight": "چلي جي اونهاري جو وقت"
              }
            },
            "China": {
              "long": {
                "generic": "چين جو وقت",
                "standard": "چائنا جو معياري وقت",
                "daylight": "چائنا جي ڏينهن جو وقت"
              }
            },
            "Choibalsan": {
              "long": {
                "generic": "چوئي بيلسن جو وقت",
                "standard": "چوئي بيلسن جو معياري وقت",
                "daylight": "چوئي بيلسن جي اونهاري جو وقت"
              }
            },
            "Christmas": {
              "long": {
                "standard": "ڪرسمس آئي لينڊ جو وقت"
              }
            },
            "Cocos": {
              "long": {
                "standard": "ڪوڪوس آئي لينڊ جو وقت"
              }
            },
            "Colombia": {
              "long": {
                "generic": "ڪولمبيا جو وقت",
                "standard": "ڪولمبيا جو معياري وقت",
                "daylight": "ڪولمبيا جي اونهاري جو وقت"
              }
            },
            "Cook": {
              "long": {
                "generic": "ڪوڪ آئي لينڊ جو وقت",
                "standard": "ڪوڪ آئي لينڊ جو معياري وقت",
                "daylight": "ڪوڪ آئي لينڊ جي اڌ اونهاري جو وقت"
              }
            },
            "Cuba": {
              "long": {
                "generic": "ڪيوبا جو وقت",
                "standard": "ڪيوبا جو معياري وقت",
                "daylight": "ڪيوبا جي ڏينهن جو وقت"
              }
            },
            "Davis": {
              "long": {
                "standard": "ڊيوس جو وقت"
              }
            },
            "DumontDUrville": {
              "long": {
                "standard": "ڊومانٽ درويئل جو وقت"
              }
            },
            "East_Timor": {
              "long": {
                "standard": "اوڀر تيمور جو وقت"
              }
            },
            "Easter": {
              "long": {
                "generic": "ايسٽر آئي لينڊ جو وقت",
                "standard": "ايسٽر آئي لينڊ جو معياري وقت",
                "daylight": "ايسٽر آئي لينڊ جي اونهاري جو وقت"
              }
            },
            "Ecuador": {
              "long": {
                "standard": "ايڪواڊور جو وقت"
              }
            },
            "Europe_Central": {
              "long": {
                "generic": "مرڪزي يورپي وقت",
                "standard": "مرڪزي يورپي معياري وقت",
                "daylight": "مرڪزي يورپي اونهاري جو وقت"
              }
            },
            "Europe_Eastern": {
              "long": {
                "generic": "مشرقي يورپي وقت",
                "standard": "مشرقي يورپي معياري وقت",
                "daylight": "مشرقي يورپي اونهاري جو وقت"
              }
            },
            "Europe_Further_Eastern": {
              "long": {
                "standard": "وڌيڪ مشرقي يورپي وقت"
              }
            },
            "Europe_Western": {
              "long": {
                "generic": "اولهه يورپي وقت",
                "standard": "اولهه يورپي معياري وقت",
                "daylight": "اولهه يورپي ڏينهن جو وقت"
              }
            },
            "Falkland": {
              "long": {
                "generic": "فاڪ لينڊ آئي لينڊ جو وقت",
                "standard": "فاڪ لينڊ آئي لينڊ جو معياري وقت",
                "daylight": "فاڪ لينڊ آئي لينڊ جي اونهاري جو وقت"
              }
            },
            "Fiji": {
              "long": {
                "generic": "فجي جو وقت",
                "standard": "فجي جو معياري وقت",
                "daylight": "فجي جي اونهاري جو وقت"
              }
            },
            "French_Guiana": {
              "long": {
                "standard": "فرانسيسي گيانا جو وقت"
              }
            },
            "French_Southern": {
              "long": {
                "standard": "فرانسيسي ڏاکڻيو ۽ انٽارڪٽڪ وقت"
              }
            },
            "Galapagos": {
              "long": {
                "standard": "گالاپاگوز جو وقت"
              }
            },
            "Gambier": {
              "long": {
                "standard": "گيمبيئر جو وقت"
              }
            },
            "Georgia": {
              "long": {
                "generic": "جارجيا جو وقت",
                "standard": "جارجيا جو معياري وقت",
                "daylight": "جارجيا جي اونهاري جو وقت"
              }
            },
            "Gilbert_Islands": {
              "long": {
                "standard": "گلبرٽ آئي لينڊ جو وقت"
              }
            },
            "GMT": {
              "long": {
                "standard": "گرين وچ مين ٽائيم"
              }
            },
            "Greenland_Eastern": {
              "long": {
                "generic": "مشرقي گرين لينڊ جو وقت",
                "standard": "مشرقي گرين لينڊ جو معياري وقت",
                "daylight": "مشرقي گرين لينڊ جي اونهاري جو وقت"
              }
            },
            "Greenland_Western": {
              "long": {
                "generic": "مغربي گرين لينڊ جو وقت",
                "standard": "مغربي گرين لينڊ جو معياري وقت",
                "daylight": "مغربي گرين لينڊ جي اونهاري جو وقت"
              }
            },
            "Gulf": {
              "long": {
                "standard": "خليجي معياري وقت"
              }
            },
            "Guyana": {
              "long": {
                "standard": "گيانائي وقت"
              }
            },
            "Hawaii_Aleutian": {
              "long": {
                "generic": "هوائي اليوٽين جو وقت",
                "standard": "هوائي اليوٽين جو معياري وقت",
                "daylight": "هوائي اليوٽين جي ڏينهن جو وقت"
              }
            },
            "Hong_Kong": {
              "long": {
                "generic": "هانگ ڪانگ جو وقت",
                "standard": "هانگ ڪانگ جو معياري وقت",
                "daylight": "هانگ ڪانگ جي اونهاري جو وقت"
              }
            },
            "Hovd": {
              "long": {
                "generic": "هووڊ جو وقت",
                "standard": "هووڊ جو معياري وقت",
                "daylight": "هووڊ جي اونهاري جو وقت"
              }
            },
            "India": {
              "long": {
                "standard": "ڀارت جو معياري وقت"
              }
            },
            "Indian_Ocean": {
              "long": {
                "standard": "هند سمنڊ جو وقت"
              }
            },
            "Indochina": {
              "long": {
                "standard": "انڊو چائنا جو وقت"
              }
            },
            "Indonesia_Central": {
              "long": {
                "standard": "مرڪزي انڊونيشيا جو وقت"
              }
            },
            "Indonesia_Eastern": {
              "long": {
                "standard": "اوڀر انڊونيشيا جو وقت"
              }
            },
            "Indonesia_Western": {
              "long": {
                "standard": "اولهه انڊونيشيا جو وقت"
              }
            },
            "Iran": {
              "long": {
                "generic": "ايران جو وقت",
                "standard": "ايران جو معياري وقت",
                "daylight": "ايران جي ڏينهن جو وقت"
              }
            },
            "Irkutsk": {
              "long": {
                "generic": "ارڪتسڪ جو وقت",
                "standard": "ارڪتسڪ جو معياري وقت",
                "daylight": "ارڪتسڪ جي ڏينهن جو وقت"
              }
            },
            "Israel": {
              "long": {
                "generic": "اسرائيل جو وقت",
                "standard": "اسرائيل جو معياري وقت",
                "daylight": "اسرائيل جي ڏينهن جو وقت"
              }
            },
            "Japan": {
              "long": {
                "generic": "جاپان جو وقت",
                "standard": "جاپان جو معياري وقت",
                "daylight": "جاپان جي ڏينهن جو وقت"
              }
            },
            "Kazakhstan_Eastern": {
              "long": {
                "standard": "اوڀر قزاقستان جو وقت"
              }
            },
            "Kazakhstan_Western": {
              "long": {
                "standard": "اولهه قازقستان جو وقت"
              }
            },
            "Korea": {
              "long": {
                "generic": "ڪوريا جو وقت",
                "standard": "ڪوريا جو معياري وقت",
                "daylight": "ڪوريا جي ڏينهن جو وقت"
              }
            },
            "Kosrae": {
              "long": {
                "standard": "ڪوسرائي جو وقت"
              }
            },
            "Krasnoyarsk": {
              "long": {
                "generic": "ڪریسنویارسڪ جو وقت",
                "standard": "ڪریسنویارسڪ جو معياري وقت",
                "daylight": "ڪریسنویارسڪ جي ڏينهن جو وقت"
              }
            },
            "Kyrgystan": {
              "long": {
                "standard": "ڪرغزستان جو وقت"
              }
            },
            "Line_Islands": {
              "long": {
                "standard": "لائن آئي لينڊ جو وقت"
              }
            },
            "Lord_Howe": {
              "long": {
                "generic": "لورڊ هووي جو وقت",
                "standard": "لورڊ هووي جو معياري وقت",
                "daylight": "لورڊ هووي جي ڏينهن جو وقت"
              }
            },
            "Macquarie": {
              "long": {
                "standard": "مڪوائري آئي لينڊ جو وقت"
              }
            },
            "Magadan": {
              "long": {
                "generic": "مگادان جو وقت",
                "standard": "مگادان جو معياري وقت",
                "daylight": "مگادان جي ڏينهن جي وقت"
              }
            },
            "Malaysia": {
              "long": {
                "standard": "ملائيشيا جو وقت"
              }
            },
            "Maldives": {
              "long": {
                "standard": "مالديپ جو وقت"
              }
            },
            "Marquesas": {
              "long": {
                "standard": "مرڪيوسس جو وقت"
              }
            },
            "Marshall_Islands": {
              "long": {
                "standard": "مارشل آئي لينڊ جو وقت"
              }
            },
            "Mauritius": {
              "long": {
                "generic": "موريشيس جو وقت",
                "standard": "موريشيس جو معياري وقت",
                "daylight": "موريشيس جي اونهاري جو وقت"
              }
            },
            "Mawson": {
              "long": {
                "standard": "مائوسن جو وقت"
              }
            },
            "Mexico_Northwest": {
              "long": {
                "generic": "شمالي مغربي ميڪسيڪو جو وقت",
                "standard": "شمالي مغربي ميڪسيڪو جو معياري وقت",
                "daylight": "شمالي مغربي ميڪسيڪو جي ڏينهن جو وقت"
              }
            },
            "Mexico_Pacific": {
              "long": {
                "generic": "ميڪسيڪن پيسيفڪ وقت",
                "standard": "ميڪسيڪن پيسيفڪ جو معياري وقت",
                "daylight": "ميڪسيڪن پيسيفڪ جي ڏينهن جو وقت"
              }
            },
            "Mongolia": {
              "long": {
                "generic": "اولان باتر جو وقت",
                "standard": "اولان باتر جو معياري وقت",
                "daylight": "اولان باتر جي اونهاري جو وقت"
              }
            },
            "Moscow": {
              "long": {
                "generic": "ماسڪو جو وقت",
                "standard": "ماسڪو جو معياري وقت",
                "daylight": "ماسڪو جي ڏينهن جي وقت"
              }
            },
            "Myanmar": {
              "long": {
                "standard": "ميانمار جو وقت"
              }
            },
            "Nauru": {
              "long": {
                "standard": "نائورو جو وقت"
              }
            },
            "Nepal": {
              "long": {
                "standard": "نيپال جو وقت"
              }
            },
            "New_Caledonia": {
              "long": {
                "generic": "نيو ڪيليڊونيا جو وقت",
                "standard": "نيو ڪيليڊونيا جو معياري وقت",
                "daylight": "نيو ڪيليڊونيا جي اونهاري جو وقت"
              }
            },
            "New_Zealand": {
              "long": {
                "generic": "نيوزيلينڊ جو وقت",
                "standard": "نيوزيلينڊ جو معياري وقت",
                "daylight": "نيوزيلينڊ جي ڏينهن جو وقت"
              }
            },
            "Newfoundland": {
              "long": {
                "generic": "نيو فائونڊ لينڊ جو وقت",
                "standard": "نيو فائونڊ لينڊ جو معياري وقت",
                "daylight": "نيو فائونڊ لينڊ جي ڏينهن جو وقت"
              }
            },
            "Niue": {
              "long": {
                "standard": "نيووي جو وقت"
              }
            },
            "Norfolk": {
              "long": {
                "generic": "نار فوڪ آئي لينڊ جو وقت",
                "standard": "نار فوڪ آئي لينڊ جو معياري وقت",
                "daylight": "نار فوڪ آئي لينڊ جي ڏينهن جو وقت"
              }
            },
            "Noronha": {
              "long": {
                "generic": "فرنانڊو دي نورونها جو وقت",
                "standard": "فرنانڊو دي نورونها جو معياري وقت",
                "daylight": "فرنانڊو دي نورونها جي اونهاري وقت"
              }
            },
            "Novosibirsk": {
              "long": {
                "generic": "نوواسبئيرسڪ جو وقت",
                "standard": "نوواسبئيرسڪ جو معياري وقت",
                "daylight": "نوواسبئيرسڪ جي ڏينهن جو وقت"
              }
            },
            "Omsk": {
              "long": {
                "generic": "اومسڪ جو وقت",
                "standard": "اومسڪ جو معياري وقت",
                "daylight": "اومسڪ جي ڏينهن جو وقت"
              }
            },
            "Pakistan": {
              "long": {
                "generic": "پاڪستان جو وقت",
                "standard": "پاڪستان جو معياري وقت",
                "daylight": "پاڪستان جي اونهاري جو وقت"
              }
            },
            "Palau": {
              "long": {
                "standard": "پلائو جو وقت"
              }
            },
            "Papua_New_Guinea": {
              "long": {
                "standard": "پاپوا نيو گني جو وقت"
              }
            },
            "Paraguay": {
              "long": {
                "generic": "پيراگوئي جو وقت",
                "standard": "پيراگوئي جو معياري وقت",
                "daylight": "پيراگوئي جي اونهاري جو وقت"
              }
            },
            "Peru": {
              "long": {
                "generic": "پيرو جو وقت",
                "standard": "پيرو جو معياري وقت",
                "daylight": "پيرو جي اونهاري جو وقت"
              }
            },
            "Philippines": {
              "long": {
                "generic": "فلپائن جو وقت",
                "standard": "فلپائن جو معياري وقت",
                "daylight": "فلپائن جي اونهاري جو وقت"
              }
            },
            "Phoenix_Islands": {
              "long": {
                "standard": "فونيڪس آئي لينڊ جو وقت"
              }
            },
            "Pierre_Miquelon": {
              "long": {
                "generic": "سينٽ پيئر ۽ ميڪلون جو وقت",
                "standard": "سينٽ پيئر ۽ ميڪلون جو معياري وقت",
                "daylight": "سينٽ پيئر ۽ ميڪلون جي ڏينهن جو وقت"
              }
            },
            "Pitcairn": {
              "long": {
                "standard": "پٽڪيرن جو وقت"
              }
            },
            "Ponape": {
              "long": {
                "standard": "پوناپي جو وقت"
              }
            },
            "Pyongyang": {
              "long": {
                "standard": "پيانگ يانگ جو وقت"
              }
            },
            "Reunion": {
              "long": {
                "standard": "ري يونين جو وقت"
              }
            },
            "Rothera": {
              "long": {
                "standard": "روٿيرا جو وقت"
              }
            },
            "Sakhalin": {
              "long": {
                "generic": "سخالين جو وقت",
                "standard": "سخالين جو معياري وقت",
                "daylight": "سخالين جي ڏينهن جو وقت"
              }
            },
            "Samoa": {
              "long": {
                "generic": "ساموا جو وقت",
                "standard": "ساموا جو معياري وقت",
                "daylight": "ساموا جي ڏينهن جو وقت"
              }
            },
            "Seychelles": {
              "long": {
                "standard": "شي شلز جو وقت"
              }
            },
            "Singapore": {
              "long": {
                "standard": "سنگاپور جو معياري وقت"
              }
            },
            "Solomon": {
              "long": {
                "standard": "سولومن آئي لينڊ جو وقت"
              }
            },
            "South_Georgia": {
              "long": {
                "standard": "ڏکڻ جارجيا جو وقت"
              }
            },
            "Suriname": {
              "long": {
                "standard": "سوري نام جو وقت"
              }
            },
            "Syowa": {
              "long": {
                "standard": "سائيوا جو وقت"
              }
            },
            "Tahiti": {
              "long": {
                "standard": "تاهيٽي جو وقت"
              }
            },
            "Taipei": {
              "long": {
                "generic": "تائپي جو وقت",
                "standard": "تائپي جو معياري وقت",
                "daylight": "تائپي جي ڏينهن جو وقت"
              }
            },
            "Tajikistan": {
              "long": {
                "standard": "تاجڪستان جو وقت"
              }
            },
            "Tokelau": {
              "long": {
                "standard": "ٽوڪيلائو جو وقت"
              }
            },
            "Tonga": {
              "long": {
                "generic": "ٽونگا جو وقت",
                "standard": "ٽونگا جو معياري وقت",
                "daylight": "ٽونگا جي اونهاري جو وقت"
              }
            },
            "Truk": {
              "long": {
                "standard": "چيوڪ جو وقت"
              }
            },
            "Turkmenistan": {
              "long": {
                "generic": "ترڪمانستان جو وقت",
                "standard": "ترڪمانستان جو معياري وقت",
                "daylight": "ترڪمانستان جي اونهاري جو وقت"
              }
            },
            "Tuvalu": {
              "long": {
                "standard": "تووالو جو وقت"
              }
            },
            "Uruguay": {
              "long": {
                "generic": "يوروگائي جو وقت",
                "standard": "يوروگائي جو معياري وقت",
                "daylight": "يوروگائي جي اونهاري جو وقت"
              }
            },
            "Uzbekistan": {
              "long": {
                "generic": "ازبڪستان جو وقت",
                "standard": "ازبڪستان جو معياري وقت",
                "daylight": "ازبڪستان جي اونهاري جو وقت"
              }
            },
            "Vanuatu": {
              "long": {
                "generic": "وانواتو جو وقت",
                "standard": "وانواتو جو معياري وقت",
                "daylight": "وانواتو جي ڏينهن جو وقت"
              }
            },
            "Venezuela": {
              "long": {
                "standard": "وينزويلا جو وقت"
              }
            },
            "Vladivostok": {
              "long": {
                "generic": "ولادووستوڪ جو وقت",
                "standard": "ولادووستوڪ جو معياري وقت",
                "daylight": "اولادووستوڪ جي ڏينهن جو وقت"
              }
            },
            "Volgograd": {
              "long": {
                "generic": "وولگوگراد جو وقت",
                "standard": "وولگوگراد جو معياري وقت",
                "daylight": "وولگوگراد جي ڏينهن جو وقت"
              }
            },
            "Vostok": {
              "long": {
                "standard": "ووسٽوڪ جو وقت"
              }
            },
            "Wake": {
              "long": {
                "standard": "ويڪ آئي لينڊ جو وقت"
              }
            },
            "Wallis": {
              "long": {
                "standard": "ويلس ۽ فتونا جو وقت"
              }
            },
            "Yakutsk": {
              "long": {
                "generic": "ياڪتسڪ جو وقت",
                "standard": "ياڪتسڪ جو معياري وقت",
                "daylight": "ياڪتسڪ جي ڏينهن جو وقت"
              }
            },
            "Yekaterinburg": {
              "long": {
                "generic": "يڪاٽيرنبرگ جو وقت",
                "standard": "يڪاٽيرنبرگ جو معياري وقت",
                "daylight": "يڪاٽيرنبرگ جي ڏينهن جو وقت"
              }
            },
            "Yukon": {
              "long": {
                "standard": "يڪون جو وقت"
              }
            }
          }
        }
      }
    }
  }
}
