{
  "main": {
    "ia": {
      "identity": {
        "language": "ia"
      },
      "dates": {
        "timeZoneNames": {
          "hourFormat": "+HH:mm;-HH:mm",
          "gmtFormat": "GMT{0}",
          "gmtZeroFormat": "GMT",
          "gmtUnknownFormat": "GMT+?",
          "regionFormat": "hora de {0}",
          "regionFormat-type-daylight": "hora estive de {0}",
          "regionFormat-type-standard": "hora normal de {0}",
          "fallbackFormat": "{1} ({0})",
          "zone": {
            "Etc": {
              "UTC": {
                "_type": "zone",
                "long": {
                  "standard": "Universal Tempore Coordinate"
                },
                "short": {
                  "standard": "UTC"
                }
              },
              "Unknown": {
                "_type": "zone",
                "exemplarCity": "Loco incognite"
              }
            },
            "Europe": {
              "Tirane": {
                "_type": "zone",
                "exemplarCity": "Tirana"
              },
              "Brussels": {
                "_type": "zone",
                "exemplarCity": "Bruxelles"
              },
              "Prague": {
                "_type": "zone",
                "exemplarCity": "Praga"
              },
              "Busingen": {
                "_type": "zone",
                "exemplarCity": "Büsingen"
              },
              "London": {
                "_type": "zone",
                "long": {
                  "daylight": "Hora estive britannic"
                }
              },
              "Athens": {
                "_type": "zone",
                "exemplarCity": "Athenas"
              },
              "Dublin": {
                "_type": "zone",
                "long": {
                  "daylight": "Hora estive irlandese"
                }
              },
              "Isle_of_Man": {
                "_type": "zone",
                "exemplarCity": "Insula de Man"
              },
              "Rome": {
                "_type": "zone",
                "exemplarCity": "Roma"
              },
              "Luxembourg": {
                "_type": "zone",
                "exemplarCity": "Luxemburg"
              },
              "Chisinau": {
                "_type": "zone",
                "exemplarCity": "Chișinău"
              },
              "Warsaw": {
                "_type": "zone",
                "exemplarCity": "Varsovia"
              },
              "Lisbon": {
                "_type": "zone",
                "exemplarCity": "Lisbona"
              },
              "Bucharest": {
                "_type": "zone",
                "exemplarCity": "Bucarest"
              },
              "Belgrade": {
                "_type": "zone",
                "exemplarCity": "Belgrado"
              },
              "Moscow": {
                "_type": "zone",
                "exemplarCity": "Moscova"
              },
              "Kiev": {
                "_type": "zone",
                "exemplarCity": "Kiev"
              },
              "Vatican": {
                "_type": "zone",
                "exemplarCity": "Vaticano"
              }
            },
            "Antarctica": {
              "Syowa": {
                "_type": "zone",
                "exemplarCity": "Showa"
              },
              "DumontDUrville": {
                "_type": "zone",
                "exemplarCity": "Dumont-d’Urville"
              }
            },
            "America": {
              "Argentina": {
                "Rio_Gallegos": {
                  "_type": "zone",
                  "exemplarCity": "Río Gallegos"
                },
                "Tucuman": {
                  "_type": "zone",
                  "exemplarCity": "Tucumán"
                }
              },
              "Cordoba": {
                "_type": "zone",
                "exemplarCity": "Córdoba"
              },
              "St_Barthelemy": {
                "_type": "zone",
                "exemplarCity": "Sancte Bartholomeo"
              },
              "Eirunepe": {
                "_type": "zone",
                "exemplarCity": "Eirunepé"
              },
              "Cuiaba": {
                "_type": "zone",
                "exemplarCity": "Cuiabá"
              },
              "Santarem": {
                "_type": "zone",
                "exemplarCity": "Santarém"
              },
              "Belem": {
                "_type": "zone",
                "exemplarCity": "Belém"
              },
              "Araguaina": {
                "_type": "zone",
                "exemplarCity": "Araguaína"
              },
              "Sao_Paulo": {
                "_type": "zone",
                "exemplarCity": "São Paulo"
              },
              "Maceio": {
                "_type": "zone",
                "exemplarCity": "Maceió"
              },
              "Noronha": {
                "_type": "zone",
                "exemplarCity": "Fernando de Noronha"
              },
              "Coral_Harbour": {
                "_type": "zone",
                "exemplarCity": "Atikokan"
              },
              "St_Johns": {
                "_type": "zone",
                "exemplarCity": "Sancte Johannes de Terranova"
              },
              "Bogota": {
                "_type": "zone",
                "exemplarCity": "Bogotá"
              },
              "Curacao": {
                "_type": "zone",
                "exemplarCity": "Curaçao"
              },
              "Godthab": {
                "_type": "zone",
                "exemplarCity": "Nuuk"
              },
              "Scoresbysund": {
                "_type": "zone",
                "exemplarCity": "Ittoqqortoormiit"
              },
              "St_Kitts": {
                "_type": "zone",
                "exemplarCity": "Sancte Christophoro"
              },
              "Cayman": {
                "_type": "zone",
                "exemplarCity": "Caiman"
              },
              "St_Lucia": {
                "_type": "zone",
                "exemplarCity": "Sancte Lucia"
              },
              "Martinique": {
                "_type": "zone",
                "exemplarCity": "Martinica"
              },
              "Ciudad_Juarez": {
                "_type": "zone",
                "exemplarCity": "Ciudad Juárez"
              },
              "Mazatlan": {
                "_type": "zone",
                "exemplarCity": "Mazatlán"
              },
              "Bahia_Banderas": {
                "_type": "zone",
                "exemplarCity": "Bahia de Banderas"
              },
              "Mexico_City": {
                "_type": "zone",
                "exemplarCity": "Citate de Mexico"
              },
              "Merida": {
                "_type": "zone",
                "exemplarCity": "Merida"
              },
              "Cancun": {
                "_type": "zone",
                "exemplarCity": "Cancun"
              },
              "Miquelon": {
                "_type": "zone",
                "exemplarCity": "Saint-Pierre"
              },
              "Puerto_Rico": {
                "_type": "zone",
                "exemplarCity": "Porto Rico"
              },
              "Asuncion": {
                "_type": "zone",
                "exemplarCity": "Asunción"
              },
              "Lower_Princes": {
                "_type": "zone",
                "exemplarCity": "Lower Prince’s Quarter"
              },
              "North_Dakota": {
                "Beulah": {
                  "_type": "zone",
                  "exemplarCity": "Beulah, Dakota del Nord"
                },
                "New_Salem": {
                  "_type": "zone",
                  "exemplarCity": "New Salem, Dakota del Nord"
                },
                "Center": {
                  "_type": "zone",
                  "exemplarCity": "Center, Dakota del Nord"
                }
              },
              "Indiana": {
                "Vincennes": {
                  "_type": "zone",
                  "exemplarCity": "Vincennes, Indiana"
                },
                "Petersburg": {
                  "_type": "zone",
                  "exemplarCity": "Petersburg, Indiana"
                },
                "Tell_City": {
                  "_type": "zone",
                  "exemplarCity": "Tell City, Indiana"
                },
                "Knox": {
                  "_type": "zone",
                  "exemplarCity": "Knox, Indiana"
                },
                "Winamac": {
                  "_type": "zone",
                  "exemplarCity": "Winamac, Indiana"
                },
                "Marengo": {
                  "_type": "zone",
                  "exemplarCity": "Marengo, Indiana"
                },
                "Vevay": {
                  "_type": "zone",
                  "exemplarCity": "Vevay, Indiana"
                }
              },
              "Kentucky": {
                "Monticello": {
                  "_type": "zone",
                  "exemplarCity": "Monticello, Kentucky"
                }
              },
              "New_York": {
                "_type": "zone",
                "exemplarCity": "Nove York"
              },
              "St_Vincent": {
                "_type": "zone",
                "exemplarCity": "Sancte Vincente"
              },
              "St_Thomas": {
                "_type": "zone",
                "exemplarCity": "Sancte Thomas"
              }
            },
            "Asia": {
              "Bahrain": {
                "_type": "zone",
                "exemplarCity": "Bahrein"
              },
              "Urumqi": {
                "_type": "zone",
                "exemplarCity": "Ürümqi"
              },
              "Hong_Kong": {
                "_type": "zone",
                "exemplarCity": "Hongkong"
              },
              "Calcutta": {
                "_type": "zone",
                "exemplarCity": "Calcutta"
              },
              "Rangoon": {
                "_type": "zone",
                "exemplarCity": "Yangon"
              },
              "Hovd": {
                "_type": "zone",
                "exemplarCity": "Khovd"
              },
              "Ulaanbaatar": {
                "_type": "zone",
                "exemplarCity": "Ulan Bator"
              },
              "Macau": {
                "_type": "zone",
                "exemplarCity": "Macao"
              },
              "Katmandu": {
                "_type": "zone",
                "exemplarCity": "Kathmandu"
              },
              "Yekaterinburg": {
                "_type": "zone",
                "exemplarCity": "Ekaterinburg"
              },
              "Khandyga": {
                "_type": "zone",
                "exemplarCity": "Chandyga"
              },
              "Sakhalin": {
                "_type": "zone",
                "exemplarCity": "Sachalin"
              },
              "Damascus": {
                "_type": "zone",
                "exemplarCity": "Damasco"
              },
              "Saigon": {
                "_type": "zone",
                "exemplarCity": "Ho Chi Minh"
              }
            },
            "Pacific": {
              "Easter": {
                "_type": "zone",
                "exemplarCity": "Pascha"
              },
              "Galapagos": {
                "_type": "zone",
                "exemplarCity": "Galápagos"
              },
              "Truk": {
                "_type": "zone",
                "exemplarCity": "Chuuk"
              },
              "Ponape": {
                "_type": "zone",
                "exemplarCity": "Pohnpei"
              },
              "Enderbury": {
                "_type": "zone",
                "exemplarCity": "Canton"
              },
              "Noumea": {
                "_type": "zone",
                "exemplarCity": "Nouméa"
              },
              "Wallis": {
                "_type": "zone",
                "exemplarCity": "Wallis & Futuna"
              }
            },
            "Atlantic": {
              "Cape_Verde": {
                "_type": "zone",
                "exemplarCity": "Capo Verde"
              },
              "Canary": {
                "_type": "zone",
                "exemplarCity": "Canarias"
              },
              "Faeroe": {
                "_type": "zone",
                "exemplarCity": "Feroe"
              },
              "St_Helena": {
                "_type": "zone",
                "exemplarCity": "St. Helena"
              }
            },
            "Indian": {
              "Christmas": {
                "_type": "zone",
                "exemplarCity": "Natal"
              },
              "Comoro": {
                "_type": "zone",
                "exemplarCity": "Comores"
              },
              "Mauritius": {
                "_type": "zone",
                "exemplarCity": "Mauritio"
              },
              "Maldives": {
                "_type": "zone",
                "exemplarCity": "Maldivas"
              },
              "Reunion": {
                "_type": "zone",
                "exemplarCity": "Réunion"
              },
              "Mahe": {
                "_type": "zone",
                "exemplarCity": "Mahé"
              },
              "Mayotte": {
                "_type": "zone",
                "exemplarCity": "Mayotta"
              }
            },
            "Africa": {
              "Djibouti": {
                "_type": "zone",
                "exemplarCity": "Djibuti"
              },
              "El_Aaiun": {
                "_type": "zone",
                "exemplarCity": "El Aaiún"
              },
              "Asmera": {
                "_type": "zone",
                "exemplarCity": "Asmara"
              },
              "Sao_Tome": {
                "_type": "zone",
                "exemplarCity": "São Tomé"
              },
              "Ndjamena": {
                "_type": "zone",
                "exemplarCity": "N’Djamena"
              },
              "Lome": {
                "_type": "zone",
                "exemplarCity": "Lomé"
              }
            }
          },
          "metazone": {
            "Acre": {
              "long": {
                "generic": "hora de Acre",
                "standard": "hora normal de Acre",
                "daylight": "hora estive de Acre"
              }
            },
            "Afghanistan": {
              "long": {
                "standard": "hora de Afghanistan"
              }
            },
            "Africa_Central": {
              "long": {
                "standard": "hora de Africa Central"
              }
            },
            "Africa_Eastern": {
              "long": {
                "standard": "hora de Africa del Est"
              }
            },
            "Africa_Southern": {
              "long": {
                "standard": "hora normal de Africa del Sud"
              }
            },
            "Africa_Western": {
              "long": {
                "standard": "hora de Africa del West"
              }
            },
            "Alaska": {
              "long": {
                "generic": "hora de Alaska",
                "standard": "hora normal de Alaska",
                "daylight": "hora estive de Alaska"
              }
            },
            "Amazon": {
              "long": {
                "generic": "hora de Amazonia",
                "standard": "hora normal de Amazonia",
                "daylight": "hora estive de Amazonia"
              }
            },
            "America_Central": {
              "long": {
                "generic": "hora central",
                "standard": "hora normal central",
                "daylight": "hora estive central"
              }
            },
            "America_Eastern": {
              "long": {
                "generic": "hora del est",
                "standard": "hora normal del est",
                "daylight": "hora estive del est"
              }
            },
            "America_Mountain": {
              "long": {
                "generic": "hora del montanias",
                "standard": "hora normal del montanias",
                "daylight": "hora estive del montanias"
              }
            },
            "America_Pacific": {
              "long": {
                "generic": "hora pacific",
                "standard": "hora normal pacific",
                "daylight": "hora estive pacific"
              }
            },
            "Apia": {
              "long": {
                "generic": "hora de Samoa",
                "standard": "hora normal de Samoa",
                "daylight": "hora estive de Samoa"
              }
            },
            "Arabian": {
              "long": {
                "generic": "hora arabe",
                "standard": "hora normal arabe",
                "daylight": "hora estive arabe"
              }
            },
            "Argentina": {
              "long": {
                "generic": "hora de Argentina",
                "standard": "hora normal de Argentina",
                "daylight": "hora estive de Argentina"
              }
            },
            "Argentina_Western": {
              "long": {
                "generic": "hora de Argentina occidental",
                "standard": "hora normal de Argentina occidental",
                "daylight": "hora estive de Argentina occidental"
              }
            },
            "Armenia": {
              "long": {
                "generic": "hora de Armenia",
                "standard": "hora normal de Armenia",
                "daylight": "hora estive de Armenia"
              }
            },
            "Atlantic": {
              "long": {
                "generic": "hora atlantic",
                "standard": "hora normal atlantic",
                "daylight": "hora estive atlantic"
              }
            },
            "Australia_Central": {
              "long": {
                "generic": "hora de Australia central",
                "standard": "hora normal de Australia central",
                "daylight": "hora estive de Australia central"
              }
            },
            "Australia_CentralWestern": {
              "long": {
                "generic": "hora de Australia centro-occidental",
                "standard": "hora normal de Australia centro-occidental",
                "daylight": "hora estive de Australia centro-occidental"
              }
            },
            "Australia_Eastern": {
              "long": {
                "generic": "hora de Australia oriental",
                "standard": "hora normal de Australia oriental",
                "daylight": "hora estive de Australia oriental"
              }
            },
            "Australia_Western": {
              "long": {
                "generic": "hora de Australia occidental",
                "standard": "hora normal de Australia occidental",
                "daylight": "hora estive de Australia occidental"
              }
            },
            "Azerbaijan": {
              "long": {
                "generic": "hora de Azerbeidzhan",
                "standard": "hora normal de Azerbeidzhan",
                "daylight": "hora estive de Azerbeidzhan"
              }
            },
            "Azores": {
              "long": {
                "generic": "hora del Azores",
                "standard": "hora normal del Azores",
                "daylight": "hora estive del Azores"
              }
            },
            "Bangladesh": {
              "long": {
                "generic": "hora de Bangladesh",
                "standard": "hora normal de Bangladesh",
                "daylight": "hora estive de Bangladesh"
              }
            },
            "Bhutan": {
              "long": {
                "standard": "hora de Bhutan"
              }
            },
            "Bolivia": {
              "long": {
                "standard": "hora de Bolivia"
              }
            },
            "Brasilia": {
              "long": {
                "generic": "hora de Brasilia",
                "standard": "hora normal de Brasilia",
                "daylight": "hora estive de Brasilia"
              }
            },
            "Brunei": {
              "long": {
                "standard": "hora de Brunei"
              }
            },
            "Cape_Verde": {
              "long": {
                "generic": "hora de Capo Verde",
                "standard": "hora normal de Capo Verde",
                "daylight": "hora estive de Capo Verde"
              }
            },
            "Chamorro": {
              "long": {
                "standard": "hora normal de Chamorro"
              }
            },
            "Chatham": {
              "long": {
                "generic": "hora de Chatham",
                "standard": "hora normal de Chatham",
                "daylight": "hora estive de Chatham"
              }
            },
            "Chile": {
              "long": {
                "generic": "hora de Chile",
                "standard": "hora normal de Chile",
                "daylight": "hora estive de Chile"
              }
            },
            "China": {
              "long": {
                "generic": "hora de China",
                "standard": "hora normal de China",
                "daylight": "hora estive de China"
              }
            },
            "Christmas": {
              "long": {
                "standard": "hora del Insula de Natal"
              }
            },
            "Cocos": {
              "long": {
                "standard": "hora del Insulas Cocos"
              }
            },
            "Colombia": {
              "long": {
                "generic": "hora de Colombia",
                "standard": "hora normal de Colombia",
                "daylight": "hora estive de Colombia"
              }
            },
            "Cook": {
              "long": {
                "generic": "hora del Insulas Cook",
                "standard": "hora normal del Insulas Cook",
                "daylight": "hora estive del Insulas Cook"
              }
            },
            "Cuba": {
              "long": {
                "generic": "hora de Cuba",
                "standard": "hora normal de Cuba",
                "daylight": "hora estive de Cuba"
              }
            },
            "Davis": {
              "long": {
                "standard": "hora de Davis"
              }
            },
            "DumontDUrville": {
              "long": {
                "standard": "hora de Dumont d’Urville"
              }
            },
            "East_Timor": {
              "long": {
                "standard": "hora de Timor Oriental"
              }
            },
            "Easter": {
              "long": {
                "generic": "hora del Insula de Pascha",
                "standard": "hora normal del Insula de Pascha",
                "daylight": "hora estive del Insula de Pascha"
              }
            },
            "Ecuador": {
              "long": {
                "standard": "hora de Ecuador"
              }
            },
            "Europe_Central": {
              "long": {
                "generic": "hora de Europa central",
                "standard": "hora normal de Europa central",
                "daylight": "hora estive de Europa central"
              }
            },
            "Europe_Eastern": {
              "long": {
                "generic": "hora de Europa oriental",
                "standard": "hora normal de Europa oriental",
                "daylight": "hora estive de Europa oriental"
              }
            },
            "Europe_Further_Eastern": {
              "long": {
                "standard": "hora de Europa ultra-oriental"
              }
            },
            "Europe_Western": {
              "long": {
                "generic": "hora de Europa occidental",
                "standard": "hora normal de Europa occidental",
                "daylight": "hora estive de Europa occidental"
              }
            },
            "Falkland": {
              "long": {
                "generic": "hora del Insulas Falkland",
                "standard": "hora normal del Insulas Falkland",
                "daylight": "hora estive del Insulas Falkland"
              }
            },
            "Fiji": {
              "long": {
                "generic": "hora de Fiji",
                "standard": "hora normal de Fiji",
                "daylight": "hora estive de Fiji"
              }
            },
            "French_Guiana": {
              "long": {
                "standard": "hora de Guiana Francese"
              }
            },
            "French_Southern": {
              "long": {
                "standard": "hora francese meridional e antarctic"
              }
            },
            "Galapagos": {
              "long": {
                "standard": "hora del Galápagos"
              }
            },
            "Gambier": {
              "long": {
                "standard": "hora de Gambier"
              }
            },
            "Georgia": {
              "long": {
                "generic": "hora de Georgia",
                "standard": "hora normal de Georgia",
                "daylight": "hora estive de Georgia"
              }
            },
            "Gilbert_Islands": {
              "long": {
                "standard": "hora del Insulas Gilbert"
              }
            },
            "GMT": {
              "long": {
                "standard": "hora medie de Greenwich"
              }
            },
            "Greenland": {
              "long": {
                "generic": "hora de Groenlandia",
                "standard": "hora normal de Groenlandia",
                "daylight": "hora estive de Groenlandia"
              }
            },
            "Greenland_Eastern": {
              "long": {
                "generic": "hora de Groenlandia oriental",
                "standard": "hora normal de Groenlandia oriental",
                "daylight": "hora estive de Groenlandia oriental"
              }
            },
            "Greenland_Western": {
              "long": {
                "generic": "hora de Groenlandia occidental",
                "standard": "hora normal de Groenlandia occidental",
                "daylight": "hora estive de Groenlandia occidental"
              }
            },
            "Guam": {
              "long": {
                "standard": "hora normal de Guam"
              }
            },
            "Gulf": {
              "long": {
                "standard": "hora normal del Golfo"
              }
            },
            "Guyana": {
              "long": {
                "standard": "hora de Guyana"
              }
            },
            "Hawaii": {
              "long": {
                "standard": "hora normal de Hawaii-Aleutianas"
              }
            },
            "Hawaii_Aleutian": {
              "long": {
                "generic": "hora de Hawaii-Aleutianas",
                "standard": "hora normal de Hawaii-Aleutianas",
                "daylight": "hora estive de Hawaii-Aleutianas"
              }
            },
            "Hong_Kong": {
              "long": {
                "generic": "hora de Hongkong",
                "standard": "hora normal de Hongkong",
                "daylight": "hora estive de Hongkong"
              }
            },
            "Hovd": {
              "long": {
                "generic": "hora de Khovd",
                "standard": "hora normal de Khovd",
                "daylight": "hora estive de Khovd"
              }
            },
            "India": {
              "long": {
                "standard": "hora normal de India"
              }
            },
            "Indian_Ocean": {
              "long": {
                "standard": "hora del Oceano Indian"
              }
            },
            "Indochina": {
              "long": {
                "standard": "hora de Indochina"
              }
            },
            "Indonesia_Central": {
              "long": {
                "standard": "hora de Indonesia Central"
              }
            },
            "Indonesia_Eastern": {
              "long": {
                "standard": "hora de Indonesia del Est"
              }
            },
            "Indonesia_Western": {
              "long": {
                "standard": "hora de Indonesia del West"
              }
            },
            "Iran": {
              "long": {
                "generic": "hora de Iran",
                "standard": "hora normal de Iran",
                "daylight": "hora estive de Iran"
              }
            },
            "Irkutsk": {
              "long": {
                "generic": "hora de Irkutsk",
                "standard": "hora normal de Irkutsk",
                "daylight": "hora estive de Irkutsk"
              }
            },
            "Israel": {
              "long": {
                "generic": "hora de Israel",
                "standard": "hora normal de Israel",
                "daylight": "hora estive de Israel"
              }
            },
            "Japan": {
              "long": {
                "generic": "hora de Japon",
                "standard": "hora normal de Japon",
                "daylight": "hora estive de Japon"
              }
            },
            "Kazakhstan": {
              "long": {
                "standard": "hora de Kazakhstan"
              }
            },
            "Kazakhstan_Eastern": {
              "long": {
                "standard": "hora de Kazakhstan del Est"
              }
            },
            "Kazakhstan_Western": {
              "long": {
                "standard": "hora de Kazakhstan del West"
              }
            },
            "Korea": {
              "long": {
                "generic": "hora de Corea",
                "standard": "hora normal de Corea",
                "daylight": "hora estive de Corea"
              }
            },
            "Kosrae": {
              "long": {
                "standard": "hora de Kosrae"
              }
            },
            "Krasnoyarsk": {
              "long": {
                "generic": "hora de Krasnoyarsk",
                "standard": "hora normal de Krasnoyarsk",
                "daylight": "hora estive de Krasnoyarsk"
              }
            },
            "Kyrgystan": {
              "long": {
                "standard": "hora de Kirghizistan"
              }
            },
            "Line_Islands": {
              "long": {
                "standard": "hora del Insulas del Linea"
              }
            },
            "Lord_Howe": {
              "long": {
                "generic": "hora de Lord Howe",
                "standard": "hora normal de Lord Howe",
                "daylight": "hora estive de Lord Howe"
              }
            },
            "Magadan": {
              "long": {
                "generic": "hora de Magadan",
                "standard": "hora normal de Magadan",
                "daylight": "hora estive de Magadan"
              }
            },
            "Malaysia": {
              "long": {
                "standard": "hora de Malaysia"
              }
            },
            "Maldives": {
              "long": {
                "standard": "hora del Maldivas"
              }
            },
            "Marquesas": {
              "long": {
                "standard": "hora de Marquesas"
              }
            },
            "Marshall_Islands": {
              "long": {
                "standard": "hora del Insulas Marshall"
              }
            },
            "Mauritius": {
              "long": {
                "generic": "hora de Mauritio",
                "standard": "hora normal de Mauritio",
                "daylight": "hora estive de Mauritio"
              }
            },
            "Mawson": {
              "long": {
                "standard": "hora de Mawson"
              }
            },
            "Mexico_Pacific": {
              "long": {
                "generic": "hora del Pacifico mexican",
                "standard": "hora normal del Pacifico mexican",
                "daylight": "hora estive del Pacifico mexican"
              }
            },
            "Mongolia": {
              "long": {
                "generic": "hora de Ulan Bator",
                "standard": "hora normal de Ulan Bator",
                "daylight": "hora estive de Ulan Bator"
              }
            },
            "Moscow": {
              "long": {
                "generic": "hora de Moscova",
                "standard": "hora normal de Moscova",
                "daylight": "hora estive de Moscova"
              }
            },
            "Myanmar": {
              "long": {
                "standard": "hora de Myanmar"
              }
            },
            "Nauru": {
              "long": {
                "standard": "hora de Nauru"
              }
            },
            "Nepal": {
              "long": {
                "standard": "hora de Nepal"
              }
            },
            "New_Caledonia": {
              "long": {
                "generic": "hora de Nove Caledonia",
                "standard": "hora normal de Nove Caledonia",
                "daylight": "hora estive de Nove Caledonia"
              }
            },
            "New_Zealand": {
              "long": {
                "generic": "hora de Nove Zelanda",
                "standard": "hora normal de Nove Zelanda",
                "daylight": "hora estive de Nove Zelanda"
              }
            },
            "Newfoundland": {
              "long": {
                "generic": "hora de Terranova",
                "standard": "hora normal de Terranova",
                "daylight": "hora estive de Terranova"
              }
            },
            "Niue": {
              "long": {
                "standard": "hora de Niue"
              }
            },
            "Norfolk": {
              "long": {
                "generic": "hora del Insula Norfolk",
                "standard": "hora normal del Insula Norfolk",
                "daylight": "hora estive del Insula Norfolk"
              }
            },
            "Noronha": {
              "long": {
                "generic": "hora de Fernando de Noronha",
                "standard": "hora normal de Fernando de Noronha",
                "daylight": "hora estive de Fernando de Noronha"
              }
            },
            "Novosibirsk": {
              "long": {
                "generic": "hora de Novosibirsk",
                "standard": "hora normal de Novosibirsk",
                "daylight": "hora estive de Novosibirsk"
              }
            },
            "Omsk": {
              "long": {
                "generic": "hora de Omsk",
                "standard": "hora normal de Omsk",
                "daylight": "hora estive de Omsk"
              }
            },
            "Pakistan": {
              "long": {
                "generic": "hora de Pakistan",
                "standard": "hora normal de Pakistan",
                "daylight": "hora estive de Pakistan"
              }
            },
            "Palau": {
              "long": {
                "standard": "hora de Palau"
              }
            },
            "Papua_New_Guinea": {
              "long": {
                "standard": "hora de Papua Nove Guinea"
              }
            },
            "Paraguay": {
              "long": {
                "generic": "hora de Paraguay",
                "standard": "hora normal de Paraguay",
                "daylight": "hora estive de Paraguay"
              }
            },
            "Peru": {
              "long": {
                "generic": "hora de Peru",
                "standard": "hora normal de Peru",
                "daylight": "hora estive de Peru"
              }
            },
            "Philippines": {
              "long": {
                "generic": "hora del Philippinas",
                "standard": "hora normal del Philippinas",
                "daylight": "hora estive del Philippinas"
              }
            },
            "Phoenix_Islands": {
              "long": {
                "standard": "hora del Insulas Phenice"
              }
            },
            "Pierre_Miquelon": {
              "long": {
                "generic": "hora de Saint-Pierre e Miquelon",
                "standard": "hora normal de Saint-Pierre e Miquelon",
                "daylight": "hora estive de Saint-Pierre e Miquelon"
              }
            },
            "Pitcairn": {
              "long": {
                "standard": "hora de Pitcairn"
              }
            },
            "Ponape": {
              "long": {
                "standard": "hora de Pohnpei"
              }
            },
            "Pyongyang": {
              "long": {
                "standard": "hora de Corea del Nord"
              }
            },
            "Reunion": {
              "long": {
                "standard": "hora de Réunion"
              }
            },
            "Rothera": {
              "long": {
                "standard": "hora de Rothera"
              }
            },
            "Sakhalin": {
              "long": {
                "generic": "hora de Sachalin",
                "standard": "hora normal de Sachalin",
                "daylight": "hora estive de Sachalin"
              }
            },
            "Samoa": {
              "long": {
                "generic": "hora de Samoa american",
                "standard": "hora normal de Samoa american",
                "daylight": "hora estive de Samoa american"
              }
            },
            "Seychelles": {
              "long": {
                "standard": "hora del Seychelles"
              }
            },
            "Singapore": {
              "long": {
                "standard": "hora normal de Singapore"
              }
            },
            "Solomon": {
              "long": {
                "standard": "hora del Insulas Solomon"
              }
            },
            "South_Georgia": {
              "long": {
                "standard": "hora de Georgia del Sud"
              }
            },
            "Suriname": {
              "long": {
                "standard": "hora de Suriname"
              }
            },
            "Syowa": {
              "long": {
                "standard": "hora de Syowa"
              }
            },
            "Tahiti": {
              "long": {
                "standard": "hora de Tahiti"
              }
            },
            "Taipei": {
              "long": {
                "generic": "hora de Taiwan",
                "standard": "hora normal de Taiwan",
                "daylight": "hora estive de Taiwan"
              }
            },
            "Tajikistan": {
              "long": {
                "standard": "hora de Tajikistan"
              }
            },
            "Tokelau": {
              "long": {
                "standard": "hora de Tokelau"
              }
            },
            "Tonga": {
              "long": {
                "generic": "hora de Tonga",
                "standard": "hora normal de Tonga",
                "daylight": "hora estive de Tonga"
              }
            },
            "Truk": {
              "long": {
                "standard": "hora de Chuuk"
              }
            },
            "Turkmenistan": {
              "long": {
                "generic": "hora de Turkmenistan",
                "standard": "hora normal de Turkmenistan",
                "daylight": "hora estive de Turkmenistan"
              }
            },
            "Tuvalu": {
              "long": {
                "standard": "hora de Tuvalu"
              }
            },
            "Uruguay": {
              "long": {
                "generic": "hora de Uruguay",
                "standard": "hora normal de Uruguay",
                "daylight": "hora estive de Uruguay"
              }
            },
            "Uzbekistan": {
              "long": {
                "generic": "hora de Uzbekistan",
                "standard": "hora normal de Uzbekistan",
                "daylight": "hora estive de Uzbekistan"
              }
            },
            "Vanuatu": {
              "long": {
                "generic": "hora de Vanuatu",
                "standard": "hora normal de Vanuatu",
                "daylight": "hora estive de Vanuatu"
              }
            },
            "Venezuela": {
              "long": {
                "standard": "hora de Venezuela"
              }
            },
            "Vladivostok": {
              "long": {
                "generic": "hora de Vladivostok",
                "standard": "hora normal de Vladivostok",
                "daylight": "hora estive de Vladivostok"
              }
            },
            "Volgograd": {
              "long": {
                "generic": "hora de Volgograd",
                "standard": "hora normal de Volgograd",
                "daylight": "hora estive de Volgograd"
              }
            },
            "Vostok": {
              "long": {
                "standard": "hora de Vostok"
              }
            },
            "Wake": {
              "long": {
                "standard": "hora del Insula Wake"
              }
            },
            "Wallis": {
              "long": {
                "standard": "hora de Wallis e Futuna"
              }
            },
            "Yakutsk": {
              "long": {
                "generic": "hora de Yakutsk",
                "standard": "hora normal de Yakutsk",
                "daylight": "hora estive de Yakutsk"
              }
            },
            "Yekaterinburg": {
              "long": {
                "generic": "hora de Ekaterinburg",
                "standard": "hora normal de Ekaterinburg",
                "daylight": "hora estive de Ekaterinburg"
              }
            },
            "Yukon": {
              "long": {
                "standard": "hora de Yukon"
              }
            }
          }
        }
      }
    }
  }
}
