{
  "main": {
    "mi": {
      "identity": {
        "version": {
          "_cldrVersion": "44"
        },
        "language": "mi"
      },
      "dates": {
        "timeZoneNames": {
          "hourFormat": "+HH:mm;-HH:mm",
          "gmtFormat": "GMT{0}",
          "gmtZeroFormat": "GMT",
          "regionFormat": "{0} Wā",
          "regionFormat-type-daylight": "{0} Wā Awatea",
          "regionFormat-type-standard": "{0} Wā Arowhānui",
          "fallbackFormat": "{1} ({0})",
          "zone": {
            "America": {
              "Antigua": {
                "exemplarCity": "Te Motu Nehe"
              },
              "Asuncion": {
                "exemplarCity": "Asunción"
              },
              "Bahia_Banderas": {
                "exemplarCity": "Bahía de Banderas"
              },
              "Barbados": {
                "exemplarCity": "Papatohe"
              },
              "Belize": {
                "exemplarCity": "Pērihi"
              },
              "Cambridge_Bay": {
                "exemplarCity": "Kemureti Pei"
              },
              "Cancun": {
                "exemplarCity": "Cancún"
              },
              "Cayman": {
                "exemplarCity": "Kāmana"
              },
              "Chicago": {
                "exemplarCity": "Hikāko"
              },
              "Ciudad_Juarez": {
                "exemplarCity": "Ciudad Juárez"
              },
              "Coral_Harbour": {
                "exemplarCity": "Atikokan"
              },
              "Costa_Rica": {
                "exemplarCity": "Koto Rika"
              },
              "Curacao": {
                "exemplarCity": "Curaçao"
              },
              "Dominica": {
                "exemplarCity": "Tominika"
              },
              "El_Salvador": {
                "exemplarCity": "Whakaora"
              },
              "Godthab": {
                "exemplarCity": "Nuuk"
              },
              "Goose_Bay": {
                "exemplarCity": "Kuihi Pei"
              },
              "Grand_Turk": {
                "exemplarCity": "Tākoru Nui"
              },
              "Grenada": {
                "exemplarCity": "Kerenata"
              },
              "Guatemala": {
                "exemplarCity": "Kuatamāra"
              },
              "Havana": {
                "exemplarCity": "Hawhāna"
              },
              "Indiana": {
                "Vincennes": {
                  "exemplarCity": "Vincennes, Indiana"
                },
                "Petersburg": {
                  "exemplarCity": "Petersburg, Indiana"
                },
                "Tell_City": {
                  "exemplarCity": "Tell City, Indiana"
                },
                "Knox": {
                  "exemplarCity": "Knox, Indiana"
                },
                "Winamac": {
                  "exemplarCity": "Winamac, Indiana"
                },
                "Marengo": {
                  "exemplarCity": "Marengo, Indiana"
                },
                "Vevay": {
                  "exemplarCity": "Vevay, Indiana"
                }
              },
              "Jamaica": {
                "exemplarCity": "Hemeika"
              },
              "Kentucky": {
                "Monticello": {
                  "exemplarCity": "Monticello, Kentucky"
                }
              },
              "Los_Angeles": {
                "exemplarCity": "Ngā Anahera"
              },
              "Lower_Princes": {
                "exemplarCity": "Lower Prince’s Quarter"
              },
              "Martinique": {
                "exemplarCity": "Mātiniki"
              },
              "Merida": {
                "exemplarCity": "Mérida"
              },
              "Mexico_City": {
                "exemplarCity": "Mēhiko Tāonenui"
              },
              "New_York": {
                "exemplarCity": "Te Āporo Nui"
              },
              "North_Dakota": {
                "Beulah": {
                  "exemplarCity": "Beulah, North Dakota"
                },
                "New_Salem": {
                  "exemplarCity": "New Salem, North Dakota"
                },
                "Center": {
                  "exemplarCity": "Center, North Dakota"
                }
              },
              "Puerto_Rico": {
                "exemplarCity": "Peta Riko"
              },
              "Scoresbysund": {
                "exemplarCity": "Ittoqqortoormiit"
              },
              "St_Barthelemy": {
                "exemplarCity": "St. Barthélemy"
              },
              "St_Johns": {
                "exemplarCity": "Hato Hone"
              },
              "St_Kitts": {
                "exemplarCity": "St. Kitts"
              },
              "St_Lucia": {
                "exemplarCity": "Hato Ruihia"
              },
              "St_Thomas": {
                "exemplarCity": "Hato Tamati"
              },
              "St_Vincent": {
                "exemplarCity": "Hato Wēneti"
              },
              "Thunder_Bay": {
                "exemplarCity": "Whaitiri Pei"
              },
              "Toronto": {
                "exemplarCity": "Tāroto"
              },
              "Vancouver": {
                "exemplarCity": "Te Whanga-a-Kiwa"
              }
            },
            "Atlantic": {
              "Bermuda": {
                "exemplarCity": "Pāmura"
              },
              "Cape_Verde": {
                "exemplarCity": "Te Kūrae Matomato"
              },
              "Faeroe": {
                "exemplarCity": "Faroe"
              },
              "South_Georgia": {
                "exemplarCity": "Hōria ki Te Tonga"
              },
              "St_Helena": {
                "exemplarCity": "Hato Hērena"
              }
            },
            "Europe": {
              "Amsterdam": {
                "exemplarCity": "Pāpuniāmita"
              },
              "Andorra": {
                "exemplarCity": "Anatōra"
              },
              "Athens": {
                "exemplarCity": "Ātene"
              },
              "Berlin": {
                "exemplarCity": "Pearīni"
              },
              "Brussels": {
                "exemplarCity": "Paruhi"
              },
              "Budapest": {
                "exemplarCity": "Putapēhi"
              },
              "Copenhagen": {
                "exemplarCity": "Kopeheikana"
              },
              "Dublin": {
                "long": {
                  "daylight": "Wā Airihi Arowhānui"
                },
                "exemplarCity": "Tapurini"
              },
              "Helsinki": {
                "exemplarCity": "Hēriki"
              },
              "Isle_of_Man": {
                "exemplarCity": "Te Moutere Mana"
              },
              "Istanbul": {
                "exemplarCity": "Itapūru"
              },
              "Kiev": {
                "exemplarCity": "Kyiv"
              },
              "Lisbon": {
                "exemplarCity": "Rīpene"
              },
              "London": {
                "long": {
                  "daylight": "Wā Piritana Raumati"
                },
                "exemplarCity": "Rānana"
              },
              "Luxembourg": {
                "exemplarCity": "Rakapuō"
              },
              "Madrid": {
                "exemplarCity": "Mātiri"
              },
              "Malta": {
                "exemplarCity": "Mārata"
              },
              "Monaco": {
                "exemplarCity": "Monāko"
              },
              "Moscow": {
                "exemplarCity": "Mohikau"
              },
              "Oslo": {
                "exemplarCity": "Ōhoro"
              },
              "Paris": {
                "exemplarCity": "Parī"
              },
              "Prague": {
                "exemplarCity": "Parāka"
              },
              "Rome": {
                "exemplarCity": "Rōma"
              },
              "San_Marino": {
                "exemplarCity": "Hana Marino"
              },
              "Stockholm": {
                "exemplarCity": "Tokoomo"
              },
              "Vatican": {
                "exemplarCity": "Te Poho-o-Pita"
              },
              "Vienna": {
                "exemplarCity": "Whiena"
              },
              "Zurich": {
                "exemplarCity": "Hūrika"
              }
            },
            "Africa": {
              "Asmera": {
                "exemplarCity": "Asmara"
              },
              "Cairo": {
                "exemplarCity": "Kairo"
              },
              "Nairobi": {
                "exemplarCity": "Ngāiropi"
              },
              "Sao_Tome": {
                "exemplarCity": "São Tomé"
              },
              "Tripoli": {
                "exemplarCity": "Tiriporī"
              },
              "Tunis": {
                "exemplarCity": "Tūnīhi"
              }
            },
            "Asia": {
              "Baghdad": {
                "exemplarCity": "Pākatata"
              },
              "Bahrain": {
                "exemplarCity": "Pāreina"
              },
              "Bangkok": {
                "exemplarCity": "Pangakoko"
              },
              "Brunei": {
                "exemplarCity": "Poronai"
              },
              "Calcutta": {
                "exemplarCity": "Kolkata"
              },
              "Dubai": {
                "exemplarCity": "Tupae"
              },
              "Gaza": {
                "exemplarCity": "Kāha"
              },
              "Hong_Kong": {
                "exemplarCity": "Hongipua"
              },
              "Jakarta": {
                "exemplarCity": "Tiakāta"
              },
              "Jerusalem": {
                "exemplarCity": "Hiruhārama"
              },
              "Katmandu": {
                "exemplarCity": "Katamarū"
              },
              "Kuala_Lumpur": {
                "exemplarCity": "Kuara Rūpa"
              },
              "Kuwait": {
                "exemplarCity": "Kūweiti"
              },
              "Macau": {
                "exemplarCity": "Makau"
              },
              "Manila": {
                "exemplarCity": "Manira"
              },
              "Phnom_Penh": {
                "exemplarCity": "Penoma Pena"
              },
              "Qatar": {
                "exemplarCity": "Katā"
              },
              "Rangoon": {
                "exemplarCity": "Yangon"
              },
              "Riyadh": {
                "exemplarCity": "Riata"
              },
              "Saigon": {
                "exemplarCity": "Ho Chi Minh"
              },
              "Seoul": {
                "exemplarCity": "Houra"
              },
              "Shanghai": {
                "exemplarCity": "Hangahai"
              },
              "Singapore": {
                "exemplarCity": "Hingapoa"
              },
              "Tehran": {
                "exemplarCity": "Terāna"
              },
              "Tokyo": {
                "exemplarCity": "Tōkio"
              }
            },
            "Indian": {
              "Christmas": {
                "exemplarCity": "Kirihimete"
              },
              "Cocos": {
                "exemplarCity": "Kokohi"
              },
              "Comoro": {
                "exemplarCity": "Komoro"
              },
              "Maldives": {
                "exemplarCity": "Māratiri"
              },
              "Mauritius": {
                "exemplarCity": "Marihi"
              },
              "Reunion": {
                "exemplarCity": "Réunion"
              }
            },
            "Australia": {
              "Adelaide": {
                "exemplarCity": "Atireira"
              },
              "Brisbane": {
                "exemplarCity": "Piripane"
              },
              "Darwin": {
                "exemplarCity": "Tāwini"
              },
              "Hobart": {
                "exemplarCity": "Hopatāone"
              },
              "Melbourne": {
                "exemplarCity": "Poipiripi"
              },
              "Perth": {
                "exemplarCity": "Pētia"
              },
              "Sydney": {
                "exemplarCity": "Poihākena"
              }
            },
            "Pacific": {
              "Apia": {
                "exemplarCity": "Āpia"
              },
              "Auckland": {
                "exemplarCity": "Tāmaki Makaurau"
              },
              "Chatham": {
                "exemplarCity": "Rēkohu"
              },
              "Fiji": {
                "exemplarCity": "Whītī"
              },
              "Guam": {
                "exemplarCity": "Kuama"
              },
              "Norfolk": {
                "exemplarCity": "Nōpoke"
              },
              "Noumea": {
                "exemplarCity": "Nūmea"
              },
              "Pago_Pago": {
                "exemplarCity": "Pango Pango"
              },
              "Palau": {
                "exemplarCity": "Pārau"
              },
              "Ponape": {
                "exemplarCity": "Pohnpei"
              },
              "Port_Moresby": {
                "exemplarCity": "Pota Moahipi"
              },
              "Truk": {
                "exemplarCity": "Chuuk"
              },
              "Wallis": {
                "exemplarCity": "Wārihi"
              }
            },
            "Antarctica": {
              "Davis": {
                "exemplarCity": "Rēweti"
              },
              "DumontDUrville": {
                "exemplarCity": "Dumont d’Urville"
              },
              "Macquarie": {
                "exemplarCity": "Makoare"
              }
            },
            "Etc": {
              "UTC": {
                "long": {
                  "standard": "Wā Aonui Kōtuitui"
                },
                "short": {
                  "standard": "UTC"
                }
              },
              "Unknown": {
                "exemplarCity": "Tāone Tē Mōhiotia"
              }
            }
          },
          "metazone": {
            "Afghanistan": {
              "long": {
                "standard": "Wā Awhekenetāna"
              }
            },
            "Africa_Central": {
              "long": {
                "standard": "Wā o Te Puku o Āwherika"
              }
            },
            "Africa_Eastern": {
              "long": {
                "standard": "Wā o Āwherika ki te rāwhiti"
              }
            },
            "Africa_Southern": {
              "long": {
                "standard": "Wā Arowhānui o Āwherika ki te tonga"
              }
            },
            "Africa_Western": {
              "long": {
                "generic": "Wā o Āwherika ki te uru",
                "standard": "Wā Arowhānui o Āwerika ki te uru",
                "daylight": "Wā Raumati o Āwherika ki te uru"
              }
            },
            "Alaska": {
              "long": {
                "generic": "Wā Alaska",
                "standard": "Wā Arowhānui Alaska",
                "daylight": "Wā Awatea Alaska"
              }
            },
            "Amazon": {
              "long": {
                "generic": "Wā Amahona",
                "standard": "Wā Amahona Arowhānui",
                "daylight": "Wā Amahona Raumati"
              }
            },
            "America_Central": {
              "long": {
                "generic": "Wā Waenga",
                "standard": "Wā Arowhānui Waenga",
                "daylight": "Wā Awatea Waenga"
              }
            },
            "America_Eastern": {
              "long": {
                "generic": "Wā Rāwhiti",
                "standard": "Wā Arowhānui Rāwhiti",
                "daylight": "Wā Awatea Rāwhiti"
              }
            },
            "America_Mountain": {
              "long": {
                "generic": "Wā Maunga",
                "standard": "Wā Arowhānui Maunga",
                "daylight": "Wā Awatea Maunga"
              }
            },
            "America_Pacific": {
              "long": {
                "generic": "Wā Kiwa",
                "standard": "Wā Arowhānui Kiwa",
                "daylight": "Wā Awatea Kiwa"
              }
            },
            "Apia": {
              "long": {
                "generic": "Wā Āpia",
                "standard": "Wā Āpia Arowhānui",
                "daylight": "Wā Āpia Awatea"
              }
            },
            "Arabian": {
              "long": {
                "generic": "Wā Arāpia",
                "standard": "Wā Arāpia Arowhānui",
                "daylight": "Wā Arāpia Awatea"
              }
            },
            "Argentina": {
              "long": {
                "generic": "Wā Āketina",
                "standard": "Wā Āketina Arowhānui",
                "daylight": "Wā Āketina Raumati"
              }
            },
            "Argentina_Western": {
              "long": {
                "generic": "Wā Āketina ki te uru",
                "standard": "Wā Āketina ki te uru Arowhānui",
                "daylight": "Wā Āketina ki te uru Raumati"
              }
            },
            "Armenia": {
              "long": {
                "generic": "Wā Āmenia",
                "standard": "Wā Āmenia Arowhānui",
                "daylight": "Wā Āmenia Raumati"
              }
            },
            "Atlantic": {
              "long": {
                "generic": "Wā Ranatiki",
                "standard": "Wā Arowhānui Ranatiki",
                "daylight": "Wā Awatea Ranatiki"
              }
            },
            "Australia_Central": {
              "long": {
                "generic": "Wā Ahitereiria Waenga",
                "standard": "Wā Ahitereiria Waenga Arowhānui",
                "daylight": "Wā Ahitereiria Waenga Awatea"
              }
            },
            "Australia_CentralWestern": {
              "long": {
                "generic": "Wā Ahitereiria Waenga-Uru",
                "standard": "Wā Ahitereiria Waenga-Uru Arowhānui",
                "daylight": "Wā Ahitereiria Waenga-Uru Awatea"
              }
            },
            "Australia_Eastern": {
              "long": {
                "generic": "Wā Ahitereiria ki te Rāwhiti",
                "standard": "Wā Ahitereiria ki te Rāwhiti Arowhānui",
                "daylight": "Wā Ahitereiria ki te Rāwhiti Awatea"
              }
            },
            "Australia_Western": {
              "long": {
                "generic": "Wā Ahitereiria ki te Uru",
                "standard": "Wā Ahitereiria ki te Uru Arowhānui",
                "daylight": "Wā Ahitereiria ki te Uru Awatea"
              }
            },
            "Azerbaijan": {
              "long": {
                "generic": "Wā Atepaihānia",
                "standard": "Wā Atepaihānia Arowhānui",
                "daylight": "Wā Atepaihānia Raumati"
              }
            },
            "Azores": {
              "long": {
                "generic": "Wā Azores",
                "standard": "Wā Azores Arowhānui",
                "daylight": "Wā Azores Raumati"
              }
            },
            "Bangladesh": {
              "long": {
                "generic": "Wā Pākaratēhi",
                "standard": "Wā Pākaratēhi Arowhānui",
                "daylight": "Wā Pākaratēhi Raumati"
              }
            },
            "Bhutan": {
              "long": {
                "standard": "Wā Pūtana"
              }
            },
            "Bolivia": {
              "long": {
                "standard": "Wā Poriwia"
              }
            },
            "Brasilia": {
              "long": {
                "generic": "Wā Parīhia",
                "standard": "Wā Parīhia Arowhānui",
                "daylight": "Wā Parīhia Raumati"
              }
            },
            "Brunei": {
              "long": {
                "standard": "Wā Poronai Darussalam"
              }
            },
            "Cape_Verde": {
              "long": {
                "generic": "Wā o Te Kūrae Matomato",
                "standard": "Wā Arowhānui o Te Kūrae Matomato",
                "daylight": "Wā Raumati o Te Kūrae Matomato"
              }
            },
            "Chamorro": {
              "long": {
                "standard": "Wā Chamorro Arowhānui"
              }
            },
            "Chatham": {
              "long": {
                "generic": "Wā Rēkohu",
                "standard": "Wā Rēkohu Arowhānui",
                "daylight": "Wā Rēkohu Awatea"
              }
            },
            "Chile": {
              "long": {
                "generic": "Wā Hiri",
                "standard": "Wā Hiri Arowhānui",
                "daylight": "Wā Hiri Raumati"
              }
            },
            "China": {
              "long": {
                "generic": "Wā Haina",
                "standard": "Wā Haina Arowhānui",
                "daylight": "Wā Haina Awatea"
              }
            },
            "Choibalsan": {
              "long": {
                "generic": "Wā Choibalsan",
                "standard": "Wā Choibalsan Arowhānui",
                "daylight": "Wā Choibalsan Raumati"
              }
            },
            "Christmas": {
              "long": {
                "standard": "Wā o Te Moutere Kirihimete"
              }
            },
            "Cocos": {
              "long": {
                "standard": "Wā o Ngā Moutere Kokohi"
              }
            },
            "Colombia": {
              "long": {
                "generic": "Wā Koromōpia",
                "standard": "Wā Koromōpia Arowhānui",
                "daylight": "Wā Koromōpia Raumati"
              }
            },
            "Cook": {
              "long": {
                "generic": "Wā Kuki Airani",
                "standard": "Wā Kuki Airani Arowhānui",
                "daylight": "Wā Kuki Airani Raumati Haurua"
              }
            },
            "Cuba": {
              "long": {
                "generic": "Wā Kiupa",
                "standard": "Wā Arowhānui Kiupa",
                "daylight": "Wā Awatea Kiupa"
              }
            },
            "Davis": {
              "long": {
                "standard": "Wā Rēweti"
              }
            },
            "DumontDUrville": {
              "long": {
                "standard": "Wā Dumont-d’Urville"
              }
            },
            "East_Timor": {
              "long": {
                "standard": "Wā o Timoa ki te Rāwhiti"
              }
            },
            "Easter": {
              "long": {
                "generic": "Wā ki te Moutere o Aranga",
                "standard": "Wā ki te Moutere Aranga Arowhānui",
                "daylight": "Wā ki te Moutere Aranga Raumati"
              }
            },
            "Ecuador": {
              "long": {
                "standard": "Wā Ekuatoa"
              }
            },
            "Europe_Central": {
              "long": {
                "generic": "Wā Uropi Waenga",
                "standard": "Wā Arowhānui Uropi Waenga",
                "daylight": "Wā Raumati Uropi Waenga"
              }
            },
            "Europe_Eastern": {
              "long": {
                "generic": "Wā Uropi Rāwhiti",
                "standard": "Wā Arowhānui Uropi Rāwhiti",
                "daylight": "Wā Raumati Uropi Rāwhiti"
              }
            },
            "Europe_Further_Eastern": {
              "long": {
                "standard": "Wā Ūropi ki te rāwhiti rawa"
              }
            },
            "Europe_Western": {
              "long": {
                "generic": "Wā Uropi Uru",
                "standard": "Wā Arowhānui Uropi Uru",
                "daylight": "Wā Raumati Uropi Uru"
              }
            },
            "Falkland": {
              "long": {
                "generic": "Wā ki Ngā Motu Whākana",
                "standard": "Wā ki Ngā Motu Whākana Arowhānui",
                "daylight": "Wā ki Ngā Motu Whākana Raumati"
              }
            },
            "Fiji": {
              "long": {
                "generic": "Wā Whītī",
                "standard": "Wā Whītī Arowhānui",
                "daylight": "Wā Whītī Raumati"
              }
            },
            "French_Guiana": {
              "long": {
                "standard": "Wā Kiāna Wīwī"
              }
            },
            "French_Southern": {
              "long": {
                "standard": "Wā Wīwī o Te Tonga me te Kōpakatanga ki te Tonga"
              }
            },
            "Galapagos": {
              "long": {
                "standard": "Wā Galapagos"
              }
            },
            "Gambier": {
              "long": {
                "standard": "Wā Gambier"
              }
            },
            "Georgia": {
              "long": {
                "generic": "Wā Hōria",
                "standard": "Wā Hōria Arowhānui",
                "daylight": "Wā Hōria Raumati"
              }
            },
            "Gilbert_Islands": {
              "long": {
                "standard": "Wā Kiripati"
              }
            },
            "GMT": {
              "long": {
                "standard": "Wā Toharite Kiriwīti"
              }
            },
            "Greenland_Eastern": {
              "long": {
                "generic": "Wā Whenuakāriki ki te rāwhiti",
                "standard": "Wā Arowhānui o Whenuakāriki ki te rāwhiti",
                "daylight": "Wā Raumati o Whenuakāriki ki te rāwhiti"
              }
            },
            "Greenland_Western": {
              "long": {
                "generic": "Wā Whenuakāriki ki te uru",
                "standard": "Wā Arowhānui o Whenuakāriki ki te uru",
                "daylight": "Wā Raumati o Whenuakāriki ki te uru"
              }
            },
            "Gulf": {
              "long": {
                "standard": "Wā Whanga Arowhānui"
              }
            },
            "Guyana": {
              "long": {
                "standard": "Wā Kaiana"
              }
            },
            "Hawaii_Aleutian": {
              "long": {
                "generic": "Wā Hawaii-Aleutian",
                "standard": "Wā Arowhānui Hawaii-Aleutian",
                "daylight": "Wā Awatea Hawaii-Aleutian"
              }
            },
            "Hong_Kong": {
              "long": {
                "generic": "Wā Hongipua",
                "standard": "Wā Hongipua Arowhānui",
                "daylight": "Wā Hongipua Raumati"
              }
            },
            "Hovd": {
              "long": {
                "generic": "Wā Hovd",
                "standard": "Wā Hovd Arowhānui",
                "daylight": "Wā Hovd Raumati"
              }
            },
            "India": {
              "long": {
                "standard": "Wā Īnia"
              }
            },
            "Indian_Ocean": {
              "long": {
                "standard": "Wā o Te Moana Īnia"
              }
            },
            "Indochina": {
              "long": {
                "standard": "Wā Īniahaina"
              }
            },
            "Indonesia_Central": {
              "long": {
                "standard": "Wā Initonīhia Waenga"
              }
            },
            "Indonesia_Eastern": {
              "long": {
                "standard": "Wā Initonīhia ki te rāwhiti"
              }
            },
            "Indonesia_Western": {
              "long": {
                "standard": "Wā Initonīhia ki te uru"
              }
            },
            "Iran": {
              "long": {
                "generic": "Wā Irāna",
                "standard": "Wā Irāna Arowhānui",
                "daylight": "Wā Irāna Awatea"
              }
            },
            "Irkutsk": {
              "long": {
                "generic": "Wā Irkutsk",
                "standard": "Wā Irkutsk Arowhānui",
                "daylight": "Wā Irkutsk Raumati"
              }
            },
            "Israel": {
              "long": {
                "generic": "Wā Iharaira",
                "standard": "Wā Iharaira Arowhānui",
                "daylight": "Wā Iharaira Awatea"
              }
            },
            "Japan": {
              "long": {
                "generic": "Wā Hapani",
                "standard": "Wā Hapani Arowhānui",
                "daylight": "Wā Hapani Awatea"
              }
            },
            "Kazakhstan_Eastern": {
              "long": {
                "standard": "Wā Katatānga ki te Rāwhiti"
              }
            },
            "Kazakhstan_Western": {
              "long": {
                "standard": "Wā Katatānga ki te Uru"
              }
            },
            "Korea": {
              "long": {
                "generic": "Wā Kōrea",
                "standard": "Wā Kōrea Arowhānui",
                "daylight": "Wā Kōrea Awatea"
              }
            },
            "Kosrae": {
              "long": {
                "standard": "Wā Kosrae"
              }
            },
            "Krasnoyarsk": {
              "long": {
                "generic": "Wā Krasnoyarsk",
                "standard": "Wā Krasnoyarsk Arowhānui",
                "daylight": "Wā Krasnoyarsk Raumati"
              }
            },
            "Kyrgystan": {
              "long": {
                "standard": "Wā Kikitānga"
              }
            },
            "Line_Islands": {
              "long": {
                "standard": "Wā o Ngā Mouter o Te Raina"
              }
            },
            "Lord_Howe": {
              "long": {
                "generic": "Wā Lord Howe",
                "standard": "Wā Lord Howe Arowhānui",
                "daylight": "Wā Lord Howe Awatea"
              }
            },
            "Macquarie": {
              "long": {
                "standard": "Wā o Te Moutere Makoare"
              }
            },
            "Magadan": {
              "long": {
                "generic": "Wā Magadan",
                "standard": "Wā Magadan Arowhānui",
                "daylight": "Wā Magadan Raumati"
              }
            },
            "Malaysia": {
              "long": {
                "standard": "Wā Mareia"
              }
            },
            "Maldives": {
              "long": {
                "standard": "Wā Māratiri"
              }
            },
            "Marquesas": {
              "long": {
                "standard": "Wā Marquesas"
              }
            },
            "Marshall_Islands": {
              "long": {
                "standard": "Wā o Ngā Motu Māhara"
              }
            },
            "Mauritius": {
              "long": {
                "generic": "Wā Marihi",
                "standard": "Wā Marihi Arowhānui",
                "daylight": "Wā Marihi Raumati"
              }
            },
            "Mawson": {
              "long": {
                "standard": "Wā Mawson"
              }
            },
            "Mexico_Northwest": {
              "long": {
                "generic": "Wā Mēhiko ki te uru-mā-raki",
                "standard": "Wā Arowhānui o Mēhiko ki te uru-mā-raki",
                "daylight": "Wā Awatea o Mēhiko ki te uru-mā-raki"
              }
            },
            "Mexico_Pacific": {
              "long": {
                "generic": "Wā Mēhiko Kiwa",
                "standard": "Wā Arowhānui Mēhiko Kiwa",
                "daylight": "Wā Awatea Mēhiko Kiwa"
              }
            },
            "Mongolia": {
              "long": {
                "generic": "Wā Ulaanbaatar",
                "standard": "Wā Ulaanbaatar Arowhānui",
                "daylight": "Wā Ulaanbaatar Raumati"
              }
            },
            "Moscow": {
              "long": {
                "generic": "Wā Mohikau",
                "standard": "Wā Mohikau Arowhānui",
                "daylight": "Wā Mohikau Raumati"
              }
            },
            "Myanmar": {
              "long": {
                "standard": "Wā Pēma"
              }
            },
            "Nauru": {
              "long": {
                "standard": "Wā Nauru"
              }
            },
            "Nepal": {
              "long": {
                "standard": "Wā Nepōra"
              }
            },
            "New_Caledonia": {
              "long": {
                "generic": "Wā Whenua Kanaki",
                "standard": "Wā Whenua Kanaki Arowhānui",
                "daylight": "Wā Whenua Kanaki Raumati"
              }
            },
            "New_Zealand": {
              "long": {
                "generic": "Wā Aotearoa",
                "standard": "Wā Aotearoa Arowhānui",
                "daylight": "Wā Aotearoa Awatea"
              }
            },
            "Newfoundland": {
              "long": {
                "generic": "Wā Newfoundland",
                "standard": "Wā Arowhānui Newfoundland",
                "daylight": "Wā Awatea Newfoundland"
              }
            },
            "Niue": {
              "long": {
                "standard": "Wā Niue"
              }
            },
            "Norfolk": {
              "long": {
                "generic": "Wā o Te Moutere Nōpoke",
                "standard": "Wā o Te Moutere Nōpoke Arowhānui",
                "daylight": "Wā o Te Moutere Nōpoke Awatea"
              }
            },
            "Noronha": {
              "long": {
                "generic": "Wā Fernando de Noronha",
                "standard": "Wā Fernando de Noronha Arowhānui",
                "daylight": "Wā Fernando de Noronha Raumati"
              }
            },
            "Novosibirsk": {
              "long": {
                "generic": "Wā Novosibirsk",
                "standard": "Wā Novosibirsk Arowhānui",
                "daylight": "Wā Novosibirsk Raumati"
              }
            },
            "Omsk": {
              "long": {
                "generic": "Wā Omsk",
                "standard": "Wā Omsk Arowhānui",
                "daylight": "Wā Omsk Raumati"
              }
            },
            "Pakistan": {
              "long": {
                "generic": "Wā Pakitāne",
                "standard": "Wā Pakitāne Arowhānui",
                "daylight": "Wā Pakitāne Raumati"
              }
            },
            "Palau": {
              "long": {
                "standard": "Wā Pārau"
              }
            },
            "Papua_New_Guinea": {
              "long": {
                "standard": "Wā Papua Nūkini"
              }
            },
            "Paraguay": {
              "long": {
                "generic": "Wā Parakai",
                "standard": "Wā Parakai Arowhānui",
                "daylight": "Wā Parakai Raumati"
              }
            },
            "Peru": {
              "long": {
                "generic": "Wā Peru",
                "standard": "Wā Peru Arowhānui",
                "daylight": "Wā Peru Raumati"
              }
            },
            "Philippines": {
              "long": {
                "generic": "Wā Piripīni",
                "standard": "Wā Piripīni Arowhānui",
                "daylight": "Wā Piripīni Raumati"
              }
            },
            "Phoenix_Islands": {
              "long": {
                "standard": "Wā o Ngā Moutere Phoenix"
              }
            },
            "Pierre_Miquelon": {
              "long": {
                "generic": "Wā St. Pierre me Miquelon",
                "standard": "Wā Arowhānui o St. Pierre me Miquelon",
                "daylight": "Wā Awatea o St. Pierre me Miquelon"
              }
            },
            "Pitcairn": {
              "long": {
                "standard": "Wā Pitcairn"
              }
            },
            "Ponape": {
              "long": {
                "standard": "Wā Ponape"
              }
            },
            "Pyongyang": {
              "long": {
                "standard": "Wā Pyongyang"
              }
            },
            "Reunion": {
              "long": {
                "standard": "Wā Reunion"
              }
            },
            "Rothera": {
              "long": {
                "standard": "Wā Rothera"
              }
            },
            "Sakhalin": {
              "long": {
                "generic": "Wā Sakhalin",
                "standard": "Wā Sakhalin Arowhānui",
                "daylight": "Wā Sakhalin Raumati"
              }
            },
            "Samoa": {
              "long": {
                "generic": "Wā Hāmoa",
                "standard": "Wā Hāmoa Arowhānui",
                "daylight": "Wā Hāmoa Awatea"
              }
            },
            "Seychelles": {
              "long": {
                "standard": "Wā Heikere"
              }
            },
            "Singapore": {
              "long": {
                "standard": "Wā Hingapoa Arowhānui"
              }
            },
            "Solomon": {
              "long": {
                "standard": "Wā o Ngā Motu Horomona"
              }
            },
            "South_Georgia": {
              "long": {
                "standard": "Wā Hōria ki te Tonga"
              }
            },
            "Suriname": {
              "long": {
                "standard": "Wā Huriname"
              }
            },
            "Syowa": {
              "long": {
                "standard": "Wā Syowa"
              }
            },
            "Tahiti": {
              "long": {
                "standard": "Wā Tahiti"
              }
            },
            "Taipei": {
              "long": {
                "generic": "Wā Taipei",
                "standard": "Wā Taipei Arowhānui",
                "daylight": "Wā Taipei Awatea"
              }
            },
            "Tajikistan": {
              "long": {
                "standard": "Wā Takiritānga"
              }
            },
            "Tokelau": {
              "long": {
                "standard": "Wā Tokerau"
              }
            },
            "Tonga": {
              "long": {
                "generic": "Wā Tonga",
                "standard": "Wā Tonga Arowhānui",
                "daylight": "Wā Tonga Raumati"
              }
            },
            "Truk": {
              "long": {
                "standard": "Wā Chuuk"
              }
            },
            "Turkmenistan": {
              "long": {
                "generic": "Wā Tukumanatānga",
                "standard": "Wā Tukumanatānga Arowhānui",
                "daylight": "Wā Tukumanatānga Raumati"
              }
            },
            "Tuvalu": {
              "long": {
                "standard": "Wā Tūwaru"
              }
            },
            "Uruguay": {
              "long": {
                "generic": "Wā Urukoi",
                "standard": "Wā Urukoi Arowhānui",
                "daylight": "Wā Urukoi Raumati"
              }
            },
            "Uzbekistan": {
              "long": {
                "generic": "Wā Uhipeketāne",
                "standard": "Wā Uhipeketāne Arowhānui",
                "daylight": "Wā Uhipeketāne Raumati"
              }
            },
            "Vanuatu": {
              "long": {
                "generic": "Wā Whenuatū",
                "standard": "Wā Whenuatū Arowhānui",
                "daylight": "Wā Whenuatū Raumati"
              }
            },
            "Venezuela": {
              "long": {
                "standard": "Wā Penehūera"
              }
            },
            "Vladivostok": {
              "long": {
                "generic": "Wā Vladivostok",
                "standard": "Wā Vladivostok Arowhānui",
                "daylight": "Wā Vladivostok Raumati"
              }
            },
            "Volgograd": {
              "long": {
                "generic": "Wā Volgograd",
                "standard": "Wā Volgograd Arowhānui",
                "daylight": "Wā Volgograd Raumati"
              }
            },
            "Vostok": {
              "long": {
                "standard": "Wā Vostok"
              }
            },
            "Wake": {
              "long": {
                "standard": "Wā o Te Motu Wake"
              }
            },
            "Wallis": {
              "long": {
                "standard": "Wā Wārihi me Whutuna"
              }
            },
            "Yakutsk": {
              "long": {
                "generic": "Wā Yakutsk",
                "standard": "Wā Yakutsk Arowhānui",
                "daylight": "Wā Yakutsk Raumati"
              }
            },
            "Yekaterinburg": {
              "long": {
                "generic": "Wā Yekaterinburg",
                "standard": "Wā Yekaterinburg Arowhānui",
                "daylight": "Wā Yekaterinburg Raumati"
              }
            },
            "Yukon": {
              "long": {
                "standard": "Wā Yukon"
              }
            }
          }
        }
      }
    }
  }
}
