{
  "main": {
    "si": {
      "identity": {
        "version": {
          "_cldrVersion": "42"
        },
        "language": "si"
      },
      "dates": {
        "timeZoneNames": {
          "hourFormat": "+HH.mm;-HH.mm",
          "gmtFormat": "ග්‍රිමවේ{0}",
          "gmtZeroFormat": "ග්‍රිමවේ",
          "regionFormat": "{0} වේලාව",
          "regionFormat-type-daylight": "{0} දිවාආලෝක වේලාව",
          "regionFormat-type-standard": "{0} සම්මත වේලාව",
          "fallbackFormat": "{1} ({0})",
          "zone": {
            "America": {
              "Adak": {
                "exemplarCity": "ඇඩක්"
              },
              "Anchorage": {
                "exemplarCity": "ඇනකොරාජ්"
              },
              "Anguilla": {
                "exemplarCity": "ඇන්ගුයිලාව"
              },
              "Antigua": {
                "exemplarCity": "ඇන්ටිගුවා"
              },
              "Araguaina": {
                "exemplarCity": "ඇරගුඅයිනා"
              },
              "Argentina": {
                "Rio_Gallegos": {
                  "exemplarCity": "රියෝ ගලෙගොස්"
                },
                "San_Juan": {
                  "exemplarCity": "සැන් ජුවාන්"
                },
                "Ushuaia": {
                  "exemplarCity": "උෂුඅයියා"
                },
                "La_Rioja": {
                  "exemplarCity": "ලා රිජෝලා"
                },
                "San_Luis": {
                  "exemplarCity": "සැන් ලුවිස්"
                },
                "Salta": {
                  "exemplarCity": "සොල්ටා"
                },
                "Tucuman": {
                  "exemplarCity": "ටුකුමන්"
                }
              },
              "Aruba": {
                "exemplarCity": "අරූබා"
              },
              "Asuncion": {
                "exemplarCity": "අසුන්සියොන්"
              },
              "Bahia": {
                "exemplarCity": "බහියා"
              },
              "Bahia_Banderas": {
                "exemplarCity": "බහියා බන්දෙරාස්"
              },
              "Barbados": {
                "exemplarCity": "බාබඩෝස්"
              },
              "Belem": {
                "exemplarCity": "බෙලෙම්"
              },
              "Belize": {
                "exemplarCity": "බෙලීස්"
              },
              "Blanc-Sablon": {
                "exemplarCity": "බ්ලැන්ක්-සැබ්ලන්"
              },
              "Boa_Vista": {
                "exemplarCity": "බොආ විස්ටා"
              },
              "Bogota": {
                "exemplarCity": "බොගොටා"
              },
              "Boise": {
                "exemplarCity": "බොයිසි"
              },
              "Buenos_Aires": {
                "exemplarCity": "බුවනෝස් අයර්ස්"
              },
              "Cambridge_Bay": {
                "exemplarCity": "කේම්බ්‍රිජ් බොක්ක"
              },
              "Campo_Grande": {
                "exemplarCity": "කම්පෝ ග්‍රෑන්ඩ්"
              },
              "Cancun": {
                "exemplarCity": "කැන්කුන්"
              },
              "Caracas": {
                "exemplarCity": "කරකස්"
              },
              "Catamarca": {
                "exemplarCity": "කටමර්කා"
              },
              "Cayenne": {
                "exemplarCity": "කේයෙන්"
              },
              "Cayman": {
                "exemplarCity": "කේමන්"
              },
              "Chicago": {
                "exemplarCity": "චිකාගෝ"
              },
              "Chihuahua": {
                "exemplarCity": "චිහුආහුආ"
              },
              "Coral_Harbour": {
                "exemplarCity": "ඇටිකොකන්"
              },
              "Cordoba": {
                "exemplarCity": "කොර්දොබා"
              },
              "Costa_Rica": {
                "exemplarCity": "කොස්ටරිකා"
              },
              "Creston": {
                "exemplarCity": "ක්‍රෙස්ටන්"
              },
              "Cuiaba": {
                "exemplarCity": "කුයිඅබා"
              },
              "Curacao": {
                "exemplarCity": "කුරකාවෝ"
              },
              "Danmarkshavn": {
                "exemplarCity": "ඩෙන්මාර්ක්ශව්න්"
              },
              "Dawson": {
                "exemplarCity": "ඩෝසන්"
              },
              "Dawson_Creek": {
                "exemplarCity": "ඩෝසන් ක්‍රීක්"
              },
              "Denver": {
                "exemplarCity": "ඩෙන්වර්"
              },
              "Detroit": {
                "exemplarCity": "ඩෙත්රුවා"
              },
              "Dominica": {
                "exemplarCity": "ඩොමිනිකා"
              },
              "Edmonton": {
                "exemplarCity": "එඩ්මන්ටන්"
              },
              "Eirunepe": {
                "exemplarCity": "එයිරුනේප්"
              },
              "El_Salvador": {
                "exemplarCity": "එල්සැල්වදෝර්"
              },
              "Fort_Nelson": {
                "exemplarCity": "ෆෝට් නෙල්සන්"
              },
              "Fortaleza": {
                "exemplarCity": "ෆොර්ටලේසා"
              },
              "Glace_Bay": {
                "exemplarCity": "ග්ලේස් බොක්ක"
              },
              "Godthab": {
                "exemplarCity": "නූක්"
              },
              "Goose_Bay": {
                "exemplarCity": "ගූස් බොක්ක"
              },
              "Grand_Turk": {
                "exemplarCity": "ග්රෑන්ඩ් ටර්ක්"
              },
              "Grenada": {
                "exemplarCity": "ග්‍රැනඩා"
              },
              "Guadeloupe": {
                "exemplarCity": "ග්වාඩ්ලෝප්"
              },
              "Guatemala": {
                "exemplarCity": "ගෝතමාලාව"
              },
              "Guayaquil": {
                "exemplarCity": "ගුඅයාකුයිල්"
              },
              "Guyana": {
                "exemplarCity": "ගයනාව"
              },
              "Halifax": {
                "exemplarCity": "හලිෆැක්ස්"
              },
              "Havana": {
                "exemplarCity": "හවානා"
              },
              "Hermosillo": {
                "exemplarCity": "හෙමොසිලෝ"
              },
              "Indiana": {
                "Vincennes": {
                  "exemplarCity": "වින්සනස්, ඉන්දියානා"
                },
                "Petersburg": {
                  "exemplarCity": "පීටර්ස්බර්ග්, ඉන්දියානා"
                },
                "Tell_City": {
                  "exemplarCity": "ටෙල් නගරය, ඉන්දියානා"
                },
                "Knox": {
                  "exemplarCity": "නොක්ස්, ඉන්දියානා"
                },
                "Winamac": {
                  "exemplarCity": "විනමැක්, ඉන්දියානා"
                },
                "Marengo": {
                  "exemplarCity": "මරෙන්ගෝ, ඉන්දියානා"
                },
                "Vevay": {
                  "exemplarCity": "වෙවේ, ඉන්දියානා"
                }
              },
              "Indianapolis": {
                "exemplarCity": "ඉන්ඩියානපොලිස්"
              },
              "Inuvik": {
                "exemplarCity": "ඉනුවික්"
              },
              "Iqaluit": {
                "exemplarCity": "ඉකාලුයිට්"
              },
              "Jamaica": {
                "exemplarCity": "ජැමෙයිකා"
              },
              "Jujuy": {
                "exemplarCity": "ජුජුයි"
              },
              "Juneau": {
                "exemplarCity": "ජූනෝ"
              },
              "Kentucky": {
                "Monticello": {
                  "exemplarCity": "මොන්ටිසෙලෝ, කෙන්ටකි"
                }
              },
              "Kralendijk": {
                "exemplarCity": "ක්‍රලෙන්දිජ්ක්"
              },
              "La_Paz": {
                "exemplarCity": "ලා පස්"
              },
              "Lima": {
                "exemplarCity": "ලීමා"
              },
              "Los_Angeles": {
                "exemplarCity": "ලොස් ඇන්ජලීස්"
              },
              "Louisville": {
                "exemplarCity": "ලුවිස්විල්"
              },
              "Lower_Princes": {
                "exemplarCity": "ලෝවර් ප්‍රින්සස් ක්වාටර්"
              },
              "Maceio": {
                "exemplarCity": "මසේයියෝ"
              },
              "Managua": {
                "exemplarCity": "මනගුආ"
              },
              "Manaus": {
                "exemplarCity": "මැනෝස්"
              },
              "Marigot": {
                "exemplarCity": "මැරිගොට්"
              },
              "Martinique": {
                "exemplarCity": "මාටිනික්"
              },
              "Matamoros": {
                "exemplarCity": "මටමොරොස්"
              },
              "Mazatlan": {
                "exemplarCity": "මසට්ලාන්"
              },
              "Mendoza": {
                "exemplarCity": "මෙන්ඩෝසා"
              },
              "Menominee": {
                "exemplarCity": "මෙනොමිනී"
              },
              "Merida": {
                "exemplarCity": "මෙරිඩා"
              },
              "Metlakatla": {
                "exemplarCity": "මෙට්ලකට්ලා"
              },
              "Mexico_City": {
                "exemplarCity": "මෙක්සිකෝ නගරය"
              },
              "Miquelon": {
                "exemplarCity": "මිකියුලන්"
              },
              "Moncton": {
                "exemplarCity": "මොන්ක්ටන්"
              },
              "Monterrey": {
                "exemplarCity": "මොන්ටෙරේ"
              },
              "Montevideo": {
                "exemplarCity": "මොන්ටෙවිඩියෝ"
              },
              "Montserrat": {
                "exemplarCity": "මොන්ට්සේරාට්"
              },
              "Nassau": {
                "exemplarCity": "නස්සෝ"
              },
              "New_York": {
                "exemplarCity": "නිව්යෝක්"
              },
              "Nipigon": {
                "exemplarCity": "නිපිගන්"
              },
              "Nome": {
                "exemplarCity": "නෝම්"
              },
              "Noronha": {
                "exemplarCity": "නොරොන්හා"
              },
              "North_Dakota": {
                "Beulah": {
                  "exemplarCity": "බියුලා, උතුරු ඩකෝටා"
                },
                "New_Salem": {
                  "exemplarCity": "නව සලෙම්ම, උතුරු ඩකෝටා"
                },
                "Center": {
                  "exemplarCity": "මධ්‍යම, උතුරු ඩකෝටා"
                }
              },
              "Ojinaga": {
                "exemplarCity": "ඔජිනගා"
              },
              "Panama": {
                "exemplarCity": "පැනමා"
              },
              "Pangnirtung": {
                "exemplarCity": "පැන්නීටන්"
              },
              "Paramaribo": {
                "exemplarCity": "පැරාමරිබෝ"
              },
              "Phoenix": {
                "exemplarCity": "ෆීනික්ස්"
              },
              "Port-au-Prince": {
                "exemplarCity": "පොර්ට්-ඕ-ප්‍රින්ස්"
              },
              "Port_of_Spain": {
                "exemplarCity": "පොර්ට් ඔෆ් ස්පෙයින්"
              },
              "Porto_Velho": {
                "exemplarCity": "පොර්තෝ වෙල්හෝ"
              },
              "Puerto_Rico": {
                "exemplarCity": "පුවටොරිකෝව"
              },
              "Punta_Arenas": {
                "exemplarCity": "පුන්ටා ඇරිනාස්"
              },
              "Rainy_River": {
                "exemplarCity": "රෙයිනි ගඟ"
              },
              "Rankin_Inlet": {
                "exemplarCity": "රැන්කින් පිවිසුම"
              },
              "Recife": {
                "exemplarCity": "රෙසිෆ්"
              },
              "Regina": {
                "exemplarCity": "රෙජිනා"
              },
              "Resolute": {
                "exemplarCity": "රෙසොලුට්"
              },
              "Rio_Branco": {
                "exemplarCity": "රියෝ බ්‍රන්කෝ"
              },
              "Santa_Isabel": {
                "exemplarCity": "සැන්ටා ඉසබෙල්"
              },
              "Santarem": {
                "exemplarCity": "සන්ටරේම්"
              },
              "Santiago": {
                "exemplarCity": "සන්තියාගෝ"
              },
              "Santo_Domingo": {
                "exemplarCity": "සැන්ටෝ ඩොමින්ගෝ"
              },
              "Sao_Paulo": {
                "exemplarCity": "සාවෝ පෝලො"
              },
              "Scoresbysund": {
                "exemplarCity": "ඉටොකොර්ටෝමිට්"
              },
              "Sitka": {
                "exemplarCity": "සිට්කා"
              },
              "St_Barthelemy": {
                "exemplarCity": "ශාන්ත බර්තලෙමි"
              },
              "St_Johns": {
                "exemplarCity": "ශාන්ත ජෝන්ගේ"
              },
              "St_Kitts": {
                "exemplarCity": "ශාන්ත කිට්ස්"
              },
              "St_Lucia": {
                "exemplarCity": "ශාන්ත ලුසියා"
              },
              "St_Thomas": {
                "exemplarCity": "ශාන්ත තෝමස්"
              },
              "St_Vincent": {
                "exemplarCity": "ශාන්ත වින්ට්සන්"
              },
              "Swift_Current": {
                "exemplarCity": "ස්විෆ්ට් කරන්ට්"
              },
              "Tegucigalpa": {
                "exemplarCity": "ටෙගුසිගල්පා"
              },
              "Thule": {
                "exemplarCity": "තුලේ"
              },
              "Thunder_Bay": {
                "exemplarCity": "තන්ඩර් බොක්ක"
              },
              "Tijuana": {
                "exemplarCity": "ටිජුආනා"
              },
              "Toronto": {
                "exemplarCity": "ටොරන්ටෝ"
              },
              "Tortola": {
                "exemplarCity": "ටොර්ටෝලා"
              },
              "Vancouver": {
                "exemplarCity": "වැන්කුවර්"
              },
              "Whitehorse": {
                "exemplarCity": "වයිට්හෝර්ස්"
              },
              "Winnipeg": {
                "exemplarCity": "විනිපෙග්"
              },
              "Yakutat": {
                "exemplarCity": "යකුටට්"
              },
              "Yellowknife": {
                "exemplarCity": "යෙලෝනයිෆ්"
              }
            },
            "Atlantic": {
              "Azores": {
                "exemplarCity": "ඇසොරේ"
              },
              "Bermuda": {
                "exemplarCity": "බර්මියුඩා"
              },
              "Canary": {
                "exemplarCity": "කැනරි"
              },
              "Cape_Verde": {
                "exemplarCity": "කේප් වර්ඩ්"
              },
              "Faeroe": {
                "exemplarCity": "ෆාරෝ"
              },
              "Madeira": {
                "exemplarCity": "මඩෙයිරා"
              },
              "Reykjavik": {
                "exemplarCity": "රෙයික්ජාවික්"
              },
              "South_Georgia": {
                "exemplarCity": "දකුණු ජෝර්ජියාව"
              },
              "St_Helena": {
                "exemplarCity": "ශා. හෙලේනා"
              },
              "Stanley": {
                "exemplarCity": "ස්ටැන්ලි"
              }
            },
            "Europe": {
              "Amsterdam": {
                "exemplarCity": "ඇම්ස්ටර්ඩෑම්"
              },
              "Andorra": {
                "exemplarCity": "ඇන්ඩෝරාව"
              },
              "Astrakhan": {
                "exemplarCity": "අස්ට්‍රඛාන්"
              },
              "Athens": {
                "exemplarCity": "ඇතැන්ස්"
              },
              "Belgrade": {
                "exemplarCity": "බෙල්ග්‍රේඩ්ඩ්"
              },
              "Berlin": {
                "exemplarCity": "බර්ලින්"
              },
              "Bratislava": {
                "exemplarCity": "බ්‍රටිස්ලවා"
              },
              "Brussels": {
                "exemplarCity": "බ්‍රසල්ස්"
              },
              "Bucharest": {
                "exemplarCity": "බුකාරෙස්ට්"
              },
              "Budapest": {
                "exemplarCity": "බුඩාපෙස්ට්"
              },
              "Busingen": {
                "exemplarCity": "බුසින්ජෙන්"
              },
              "Chisinau": {
                "exemplarCity": "චිසිනෝ"
              },
              "Copenhagen": {
                "exemplarCity": "කෝපන්හේගන්"
              },
              "Dublin": {
                "long": {
                  "daylight": "අයර්ලන්ත සම්මත වේලාව"
                },
                "exemplarCity": "ඩබ්ලින්"
              },
              "Gibraltar": {
                "exemplarCity": "ජිබ්රෝල්ටා"
              },
              "Guernsey": {
                "exemplarCity": "ගුවන්සේ"
              },
              "Helsinki": {
                "exemplarCity": "හෙල්සින්කි"
              },
              "Isle_of_Man": {
                "exemplarCity": "අයිල් ඔෆ් මෑන්"
              },
              "Istanbul": {
                "exemplarCity": "ඉස්තාන්බුල්"
              },
              "Jersey": {
                "exemplarCity": "ජර්සි"
              },
              "Kaliningrad": {
                "exemplarCity": "කලිනින්ග්‍රෑඩ්"
              },
              "Kiev": {
                "exemplarCity": "කිව්"
              },
              "Kirov": {
                "exemplarCity": "කිරොව්"
              },
              "Lisbon": {
                "exemplarCity": "ලිස්බන්"
              },
              "Ljubljana": {
                "exemplarCity": "ල්ජුබුල්ජනා"
              },
              "London": {
                "long": {
                  "daylight": "බ්‍රිතාන්‍ය ගිම්හාන වේලාව"
                },
                "exemplarCity": "ලන්ඩන්"
              },
              "Luxembourg": {
                "exemplarCity": "ලක්සැම්බර්ග්"
              },
              "Madrid": {
                "exemplarCity": "මැඩ්රිඩ්"
              },
              "Malta": {
                "exemplarCity": "මෝල්ටා"
              },
              "Mariehamn": {
                "exemplarCity": "මරියෙහම්න්"
              },
              "Minsk": {
                "exemplarCity": "මින්ස්ක්"
              },
              "Monaco": {
                "exemplarCity": "මොනැකෝ"
              },
              "Moscow": {
                "exemplarCity": "මොස්කව්"
              },
              "Oslo": {
                "exemplarCity": "ඔස්ලෝ"
              },
              "Paris": {
                "exemplarCity": "පැරිස්"
              },
              "Podgorica": {
                "exemplarCity": "පොඩ්ගොරිකා"
              },
              "Prague": {
                "exemplarCity": "ප්‍රෙග්"
              },
              "Riga": {
                "exemplarCity": "රිගා"
              },
              "Rome": {
                "exemplarCity": "රෝමය"
              },
              "Samara": {
                "exemplarCity": "සමරා"
              },
              "San_Marino": {
                "exemplarCity": "සැන් මැරිනෝ"
              },
              "Sarajevo": {
                "exemplarCity": "සරාජෙවෝ"
              },
              "Saratov": {
                "exemplarCity": "සරටොව්"
              },
              "Simferopol": {
                "exemplarCity": "සිම්ෆෙරෝපොල්"
              },
              "Skopje": {
                "exemplarCity": "ස්කොප්ජේ"
              },
              "Sofia": {
                "exemplarCity": "සොෆියා"
              },
              "Stockholm": {
                "exemplarCity": "ස්ටොක්හෝම්"
              },
              "Tallinn": {
                "exemplarCity": "ටලින්"
              },
              "Tirane": {
                "exemplarCity": "ටිරානේ"
              },
              "Ulyanovsk": {
                "exemplarCity": "උල්යනොව්ස්ක්"
              },
              "Uzhgorod": {
                "exemplarCity": "උස්ගොරෝඩ්"
              },
              "Vaduz": {
                "exemplarCity": "වඩුස්"
              },
              "Vatican": {
                "exemplarCity": "වතිකානුව"
              },
              "Vienna": {
                "exemplarCity": "වියනා"
              },
              "Vilnius": {
                "exemplarCity": "විල්නියුස්"
              },
              "Volgograd": {
                "exemplarCity": "වොල්ගොග්‍රෑඩ්"
              },
              "Warsaw": {
                "exemplarCity": "වර්සෝ"
              },
              "Zagreb": {
                "exemplarCity": "සග්රෙබ්"
              },
              "Zaporozhye": {
                "exemplarCity": "සපොරෝසියේ"
              },
              "Zurich": {
                "exemplarCity": "සූරිච්"
              }
            },
            "Africa": {
              "Abidjan": {
                "exemplarCity": "අබිජාන්"
              },
              "Accra": {
                "exemplarCity": "අක්රා"
              },
              "Addis_Ababa": {
                "exemplarCity": "අඩිස් අබාබා"
              },
              "Algiers": {
                "exemplarCity": "ඇල්ජියර්ස්"
              },
              "Asmera": {
                "exemplarCity": "අස්මාරා"
              },
              "Bamako": {
                "exemplarCity": "බමකො"
              },
              "Bangui": {
                "exemplarCity": "බන්ගුයි"
              },
              "Banjul": {
                "exemplarCity": "බන්ජුල්"
              },
              "Bissau": {
                "exemplarCity": "බිසෝ"
              },
              "Blantyre": {
                "exemplarCity": "බ්ලන්ටයර්"
              },
              "Brazzaville": {
                "exemplarCity": "බ්‍රසාවිල්"
              },
              "Bujumbura": {
                "exemplarCity": "බුජුම්බුරා"
              },
              "Cairo": {
                "exemplarCity": "කයිරෝ"
              },
              "Casablanca": {
                "exemplarCity": "කැසබ්ලන්කා"
              },
              "Ceuta": {
                "exemplarCity": "සෙයුටා"
              },
              "Conakry": {
                "exemplarCity": "කොනක්‍රි"
              },
              "Dakar": {
                "exemplarCity": "ඩකර්"
              },
              "Dar_es_Salaam": {
                "exemplarCity": "දාර් එස් සලාම්"
              },
              "Djibouti": {
                "exemplarCity": "ජිබුටි"
              },
              "Douala": {
                "exemplarCity": "දෞඅලා"
              },
              "El_Aaiun": {
                "exemplarCity": "එල් ආයුන්"
              },
              "Freetown": {
                "exemplarCity": "ෆ්‍රීටවුන්"
              },
              "Gaborone": {
                "exemplarCity": "ගැබරෝන්"
              },
              "Harare": {
                "exemplarCity": "හරාරේ"
              },
              "Johannesburg": {
                "exemplarCity": "ජොහන්නස්බර්ග්"
              },
              "Juba": {
                "exemplarCity": "ජුබා"
              },
              "Kampala": {
                "exemplarCity": "කම්පාලා"
              },
              "Khartoum": {
                "exemplarCity": "කාර්ටොම්"
              },
              "Kigali": {
                "exemplarCity": "කිගාලි"
              },
              "Kinshasa": {
                "exemplarCity": "කින්ශාසා"
              },
              "Lagos": {
                "exemplarCity": "ලාගෝස්"
              },
              "Libreville": {
                "exemplarCity": "ලිබ්රවිල්"
              },
              "Lome": {
                "exemplarCity": "ලෝම්"
              },
              "Luanda": {
                "exemplarCity": "ලුවන්ඩා"
              },
              "Lubumbashi": {
                "exemplarCity": "ලුබුම්බාශි"
              },
              "Lusaka": {
                "exemplarCity": "ලුසාකා"
              },
              "Malabo": {
                "exemplarCity": "මලබෝ"
              },
              "Maputo": {
                "exemplarCity": "මපුටෝ"
              },
              "Maseru": {
                "exemplarCity": "මසේරු"
              },
              "Mbabane": {
                "exemplarCity": "ම්බබානේ"
              },
              "Mogadishu": {
                "exemplarCity": "මොගඩිෂු"
              },
              "Monrovia": {
                "exemplarCity": "මොන්රොවියා"
              },
              "Nairobi": {
                "exemplarCity": "නයිරෝබි"
              },
              "Ndjamena": {
                "exemplarCity": "ද්ජමෙනා"
              },
              "Niamey": {
                "exemplarCity": "නියාමේ"
              },
              "Nouakchott": {
                "exemplarCity": "නුආක්චොට්"
              },
              "Ouagadougou": {
                "exemplarCity": "ඔආගඩොගො"
              },
              "Porto-Novo": {
                "exemplarCity": "පොර්තෝ-නොවෝ"
              },
              "Sao_Tome": {
                "exemplarCity": "සාඕ තෝම්"
              },
              "Tripoli": {
                "exemplarCity": "ට්‍රිපොලි"
              },
              "Tunis": {
                "exemplarCity": "ටියුනිස්"
              },
              "Windhoek": {
                "exemplarCity": "වින්ඩ්හොඑක්"
              }
            },
            "Asia": {
              "Aden": {
                "exemplarCity": "ඒඩ්න්"
              },
              "Almaty": {
                "exemplarCity": "අල්මටි"
              },
              "Amman": {
                "exemplarCity": "අම්මාන්"
              },
              "Anadyr": {
                "exemplarCity": "ඇනාදිය්ර්"
              },
              "Aqtau": {
                "exemplarCity": "අක්ටෝ"
              },
              "Aqtobe": {
                "exemplarCity": "අක්ටෝබ්"
              },
              "Ashgabat": {
                "exemplarCity": "අශ්ගබැට්"
              },
              "Atyrau": {
                "exemplarCity": "ඇටිරවු"
              },
              "Baghdad": {
                "exemplarCity": "බැග්ඩෑඩ්"
              },
              "Bahrain": {
                "exemplarCity": "බහරේන්"
              },
              "Baku": {
                "exemplarCity": "බාකු"
              },
              "Bangkok": {
                "exemplarCity": "බැංකොක්"
              },
              "Barnaul": {
                "exemplarCity": "බර්නෞල්"
              },
              "Beirut": {
                "exemplarCity": "බීරුට්"
              },
              "Bishkek": {
                "exemplarCity": "බිශ්කෙක්"
              },
              "Brunei": {
                "exemplarCity": "බෲනායි"
              },
              "Calcutta": {
                "exemplarCity": "කල්කටා"
              },
              "Chita": {
                "exemplarCity": "චිටා"
              },
              "Choibalsan": {
                "exemplarCity": "චොයිබල්සාන්"
              },
              "Colombo": {
                "exemplarCity": "කොළඹ"
              },
              "Damascus": {
                "exemplarCity": "ඩැමස්කස්"
              },
              "Dhaka": {
                "exemplarCity": "ඩකා"
              },
              "Dili": {
                "exemplarCity": "ඩිලි"
              },
              "Dubai": {
                "exemplarCity": "ඩුබායි"
              },
              "Dushanbe": {
                "exemplarCity": "ඩුශන්බේ"
              },
              "Famagusta": {
                "exemplarCity": "ෆැමගුස්ටා"
              },
              "Gaza": {
                "exemplarCity": "ගාසා"
              },
              "Hebron": {
                "exemplarCity": "හෙබ්රෝන්"
              },
              "Hong_Kong": {
                "exemplarCity": "හොංකොං"
              },
              "Hovd": {
                "exemplarCity": "හොව්ඩ්"
              },
              "Irkutsk": {
                "exemplarCity": "ඉරකුට්ස්ක්"
              },
              "Jakarta": {
                "exemplarCity": "ජකර්තා"
              },
              "Jayapura": {
                "exemplarCity": "ජයපුර"
              },
              "Jerusalem": {
                "exemplarCity": "ජෙරුසලම"
              },
              "Kabul": {
                "exemplarCity": "කාබුල්"
              },
              "Kamchatka": {
                "exemplarCity": "කම්චට්කා"
              },
              "Karachi": {
                "exemplarCity": "කරච්චිචි"
              },
              "Katmandu": {
                "exemplarCity": "කත්මන්ඩු"
              },
              "Khandyga": {
                "exemplarCity": "ඛන්ඩිගා"
              },
              "Krasnoyarsk": {
                "exemplarCity": "ක්‍රස්නෝයාර්ස්ක්"
              },
              "Kuala_Lumpur": {
                "exemplarCity": "ක්වාලාලම්පූර්"
              },
              "Kuching": {
                "exemplarCity": "කුචිං"
              },
              "Kuwait": {
                "exemplarCity": "කුවේට්"
              },
              "Macau": {
                "exemplarCity": "මැකාවු"
              },
              "Magadan": {
                "exemplarCity": "මගඩන්"
              },
              "Makassar": {
                "exemplarCity": "මක්ස්සාර්"
              },
              "Manila": {
                "exemplarCity": "මැනිලා"
              },
              "Muscat": {
                "exemplarCity": "මස්කට්"
              },
              "Nicosia": {
                "exemplarCity": "නිකෝසියා"
              },
              "Novokuznetsk": {
                "exemplarCity": "නොවොකුස්නේට්ස්ක්"
              },
              "Novosibirsk": {
                "exemplarCity": "නොවොසිබර්ස්ක්"
              },
              "Omsk": {
                "exemplarCity": "ඔම්ස්ක්"
              },
              "Oral": {
                "exemplarCity": "ඔරාල්"
              },
              "Phnom_Penh": {
                "exemplarCity": "නොම් පෙන්"
              },
              "Pontianak": {
                "exemplarCity": "පොන්ටියනක්"
              },
              "Pyongyang": {
                "exemplarCity": "ප්යෝන්ග්යැන්ග්"
              },
              "Qatar": {
                "exemplarCity": "කටාර්"
              },
              "Qostanay": {
                "exemplarCity": "කොස්තානේ"
              },
              "Qyzylorda": {
                "exemplarCity": "ක්යිසිලෝර්ඩා"
              },
              "Rangoon": {
                "exemplarCity": "රැංගුන්"
              },
              "Riyadh": {
                "exemplarCity": "රියාද්"
              },
              "Saigon": {
                "exemplarCity": "හෝචි මිං නගරය"
              },
              "Sakhalin": {
                "exemplarCity": "සක්හලින්"
              },
              "Samarkand": {
                "exemplarCity": "සාමාර්කන්ඩ්"
              },
              "Seoul": {
                "exemplarCity": "සෝල්"
              },
              "Shanghai": {
                "exemplarCity": "ෂැන්හයි"
              },
              "Singapore": {
                "exemplarCity": "සිංගප්පූරුව"
              },
              "Srednekolymsk": {
                "exemplarCity": "ශ්‍රෙඩ්නෙකෝලිම්සක්"
              },
              "Taipei": {
                "exemplarCity": "තායිපෙ"
              },
              "Tashkent": {
                "exemplarCity": "ටෂ්කෙන්ට්"
              },
              "Tbilisi": {
                "exemplarCity": "ට්බිලිසි"
              },
              "Tehran": {
                "exemplarCity": "ටෙහෙරාන්"
              },
              "Thimphu": {
                "exemplarCity": "තිම්පු"
              },
              "Tokyo": {
                "exemplarCity": "ටෝකියෝ"
              },
              "Tomsk": {
                "exemplarCity": "ටොම්ස්ක්"
              },
              "Ulaanbaatar": {
                "exemplarCity": "උලාන්බාටර්"
              },
              "Urumqi": {
                "exemplarCity": "උරුම්කි"
              },
              "Ust-Nera": {
                "exemplarCity": "උස්ට්-නෙරා"
              },
              "Vientiane": {
                "exemplarCity": "වියැන්ටියන්"
              },
              "Vladivostok": {
                "exemplarCity": "ව්ලඩිවොස්ටොක්"
              },
              "Yakutsk": {
                "exemplarCity": "යකුට්ස්ක්"
              },
              "Yekaterinburg": {
                "exemplarCity": "යෙකටරින්බර්ග්"
              },
              "Yerevan": {
                "exemplarCity": "යෙරෙවන්"
              }
            },
            "Indian": {
              "Antananarivo": {
                "exemplarCity": "ඇන්ටනානරිවෝ"
              },
              "Chagos": {
                "exemplarCity": "චාගොස්"
              },
              "Christmas": {
                "exemplarCity": "ක්‍රිස්මස්"
              },
              "Cocos": {
                "exemplarCity": "කොකොස්"
              },
              "Comoro": {
                "exemplarCity": "කොමොරෝ"
              },
              "Kerguelen": {
                "exemplarCity": "කෙර්ගුඑලෙන්"
              },
              "Mahe": {
                "exemplarCity": "මාහේ"
              },
              "Maldives": {
                "exemplarCity": "මාල දිවයින"
              },
              "Mauritius": {
                "exemplarCity": "මුරුසිය"
              },
              "Mayotte": {
                "exemplarCity": "මයෝටි"
              },
              "Reunion": {
                "exemplarCity": "රියුනියන්"
              }
            },
            "Australia": {
              "Adelaide": {
                "exemplarCity": "ඇඩිලේඩ්"
              },
              "Brisbane": {
                "exemplarCity": "බ්‍රිස්බේන්"
              },
              "Broken_Hill": {
                "exemplarCity": "බ්‍රෝකන් හිල්"
              },
              "Currie": {
                "exemplarCity": "කුරී"
              },
              "Darwin": {
                "exemplarCity": "ඩාවින්"
              },
              "Eucla": {
                "exemplarCity": "ඉයුක්ලා"
              },
              "Hobart": {
                "exemplarCity": "හෝබාර්ට්"
              },
              "Lindeman": {
                "exemplarCity": "ලින්ඩේමන්"
              },
              "Lord_Howe": {
                "exemplarCity": "ලෝර්ඩ් හෝව්"
              },
              "Melbourne": {
                "exemplarCity": "මෙල්බෝර්න්"
              },
              "Perth": {
                "exemplarCity": "පර්ත්"
              },
              "Sydney": {
                "exemplarCity": "සිඩ්නි"
              }
            },
            "Pacific": {
              "Apia": {
                "exemplarCity": "ඇපියා"
              },
              "Auckland": {
                "exemplarCity": "ඕක්ලන්ඩ්"
              },
              "Bougainville": {
                "exemplarCity": "බෝගන්විලා"
              },
              "Chatham": {
                "exemplarCity": "චැතම්"
              },
              "Easter": {
                "exemplarCity": "ඊස්ටර්"
              },
              "Efate": {
                "exemplarCity": "එෆාත්"
              },
              "Enderbury": {
                "exemplarCity": "එන්ඩර්බරි"
              },
              "Fakaofo": {
                "exemplarCity": "ෆාකාඕෆෝ"
              },
              "Fiji": {
                "exemplarCity": "ෆීජි"
              },
              "Funafuti": {
                "exemplarCity": "ෆුනෆුටි"
              },
              "Galapagos": {
                "exemplarCity": "ගලපගෝස්"
              },
              "Gambier": {
                "exemplarCity": "ගම්බියෙර්"
              },
              "Guadalcanal": {
                "exemplarCity": "ගුවාඩල්කැනල්"
              },
              "Guam": {
                "exemplarCity": "ගුවාම්"
              },
              "Honolulu": {
                "exemplarCity": "හොනොලුලු"
              },
              "Johnston": {
                "exemplarCity": "ජොන්ස්ටන්"
              },
              "Kanton": {
                "exemplarCity": "කැන්ටන්"
              },
              "Kiritimati": {
                "exemplarCity": "කිරිමටි"
              },
              "Kosrae": {
                "exemplarCity": "කොස්රේ"
              },
              "Kwajalein": {
                "exemplarCity": "ක්වාජලෙයින්"
              },
              "Majuro": {
                "exemplarCity": "මජුරෝ"
              },
              "Marquesas": {
                "exemplarCity": "මාකුවෙසාස්"
              },
              "Midway": {
                "exemplarCity": "මිඩ්වේ"
              },
              "Nauru": {
                "exemplarCity": "නවුරු"
              },
              "Niue": {
                "exemplarCity": "නියු"
              },
              "Norfolk": {
                "exemplarCity": "නෝෆෝක්"
              },
              "Noumea": {
                "exemplarCity": "නෝමියා"
              },
              "Pago_Pago": {
                "exemplarCity": "පගෝ පගෝ"
              },
              "Palau": {
                "exemplarCity": "පලාවු"
              },
              "Pitcairn": {
                "exemplarCity": "පිට්කෙයාන්"
              },
              "Ponape": {
                "exemplarCity": "පොන්පෙයි"
              },
              "Port_Moresby": {
                "exemplarCity": "පොර්ට් මොරෙස්බි"
              },
              "Rarotonga": {
                "exemplarCity": "රරෝටෝන්ගා"
              },
              "Saipan": {
                "exemplarCity": "සයිපාන්"
              },
              "Tahiti": {
                "exemplarCity": "ටහිති"
              },
              "Tarawa": {
                "exemplarCity": "ටරාවා"
              },
              "Tongatapu": {
                "exemplarCity": "ටොන්ගටාපු"
              },
              "Truk": {
                "exemplarCity": "චූක්"
              },
              "Wake": {
                "exemplarCity": "වේක්"
              },
              "Wallis": {
                "exemplarCity": "වැලිස්"
              }
            },
            "Arctic": {
              "Longyearbyen": {
                "exemplarCity": "ලෝන්ග්ඉයර්බියෙන්"
              }
            },
            "Antarctica": {
              "Casey": {
                "exemplarCity": "කැසේ"
              },
              "Davis": {
                "exemplarCity": "ඩේවිස්"
              },
              "DumontDUrville": {
                "exemplarCity": "ඩුමොන්ට් ඩු‘ර්විල්"
              },
              "Macquarie": {
                "exemplarCity": "මක්කුවරි"
              },
              "Mawson": {
                "exemplarCity": "මව්සන්"
              },
              "McMurdo": {
                "exemplarCity": "මැක්මුර්ඩෝ"
              },
              "Palmer": {
                "exemplarCity": "පැල්මර්"
              },
              "Rothera": {
                "exemplarCity": "රොතෙරා"
              },
              "Syowa": {
                "exemplarCity": "සියෝවා"
              },
              "Troll": {
                "exemplarCity": "ට්‍රෝල්"
              },
              "Vostok": {
                "exemplarCity": "වොස්ටොක්"
              }
            },
            "Etc": {
              "UTC": {
                "long": {
                  "standard": "සමකක්ෂ සාර්ව වේලාව"
                },
                "short": {
                  "standard": "UTC"
                }
              },
              "Unknown": {
                "exemplarCity": "හඳුනා නොගත් නගරය"
              }
            }
          },
          "metazone": {
            "Afghanistan": {
              "long": {
                "standard": "ඇෆ්ගනිස්ථාන වේලාව"
              }
            },
            "Africa_Central": {
              "long": {
                "standard": "මධ්‍යම අප්‍රිකානු වේලාව"
              }
            },
            "Africa_Eastern": {
              "long": {
                "standard": "නැගෙනහිර අප්‍රිකානු වේලාව"
              }
            },
            "Africa_Southern": {
              "long": {
                "standard": "දකුණු අප්‍රිකානු වේලාව"
              }
            },
            "Africa_Western": {
              "long": {
                "generic": "බටහිර අප්‍රිකානු වේලාව",
                "standard": "බටහිර අප්‍රිකානු සම්මත වේලාව",
                "daylight": "බටහිර අප්‍රිකානු ග්‍රීෂ්ම කාලය"
              }
            },
            "Alaska": {
              "long": {
                "generic": "ඇලස්කා වේලාව",
                "standard": "ඇලස්කා සම්මත වේලාව",
                "daylight": "ඇලස්කා දිවාආලෝක වේලාව"
              }
            },
            "Amazon": {
              "long": {
                "generic": "ඇමර්සන් වේලාව",
                "standard": "ඇමර්සන් සම්මත වේලාව",
                "daylight": "ඇමර්සන් ග්‍රීෂ්ම කාලය"
              }
            },
            "America_Central": {
              "long": {
                "generic": "උතුරු ඇමරිකානු මධ්‍යම වේලාව",
                "standard": "උතුරු ඇමරිකානු මධ්‍යම සම්මත වේලාව",
                "daylight": "උතුරු ඇමරිකානු මධ්‍යම දිවාආලෝක වේලාව"
              }
            },
            "America_Eastern": {
              "long": {
                "generic": "උතුරු ඇමරිකානු නැගෙනහිර වේලාව",
                "standard": "උතුරු ඇමරිකානු නැගෙනහිර සම්මත වේලාව",
                "daylight": "උතුරු ඇමරිකානු නැගෙනහිර දිවාආලෝක වේලාව"
              }
            },
            "America_Mountain": {
              "long": {
                "generic": "උතුරු ඇමරිකානු කඳුකර වේලාව",
                "standard": "උතුරු ඇමරිකානු කඳුකර සම්මත වේලාව",
                "daylight": "උතුරු ඇමරිකානු කඳුකර දිවාආලෝක වේලාව"
              }
            },
            "America_Pacific": {
              "long": {
                "generic": "උතුරු ඇමරිකානු පැසිෆික් වේලාව",
                "standard": "උතුරු ඇමරිකානු පැසිෆික් සම්මත වේලාව",
                "daylight": "උතුරු ඇමරිකානු පැසිෆික් දිවාආලෝක වේලාව"
              }
            },
            "Apia": {
              "long": {
                "generic": "අපියා වේලාව",
                "standard": "අපියා සම්මත වේලාව",
                "daylight": "අපියා දිවා වේලාව"
              }
            },
            "Arabian": {
              "long": {
                "generic": "අරාබි වේලාව",
                "standard": "අරාබි සම්මත වේලාව",
                "daylight": "අරාබි දහවල් වේලාව"
              }
            },
            "Argentina": {
              "long": {
                "generic": "ආර්ජන්ටිනා වේලාව",
                "standard": "ආර්ජන්ටිනා සම්මත වේලාව",
                "daylight": "ආර්ජන්ටිනා ග්‍රීෂ්ම කාලය"
              }
            },
            "Argentina_Western": {
              "long": {
                "generic": "බටහිර ආර්ජන්ටිනා වේලාව",
                "standard": "බටහිර ආර්ජන්ටිනා සම්මත වේලාව",
                "daylight": "බටහිර ආර්ජන්ටිනා ග්‍රීෂ්ම කාලය"
              }
            },
            "Armenia": {
              "long": {
                "generic": "ආමේනියානු වේලාව",
                "standard": "ආමේනියානු සම්මත වේලාව",
                "daylight": "ආමේනියානු ග්‍රීෂ්ම වේලාව"
              }
            },
            "Atlantic": {
              "long": {
                "generic": "අත්ලාන්තික් වේලාව",
                "standard": "අත්ලාන්තික් සම්මත වේලාව",
                "daylight": "අත්ලාන්තික් දිවාආලෝක වේලාව"
              }
            },
            "Australia_Central": {
              "long": {
                "generic": "මධ්‍යම ඕස්ට්‍රේලියානු වේලාව",
                "standard": "ඕස්ට්‍රේලියානු සම්මත වේලාව",
                "daylight": "මධ්‍යම ඔස්ට්‍රේලියානු දහවල් වේලාව"
              }
            },
            "Australia_CentralWestern": {
              "long": {
                "generic": "මධ්‍යම බටහිර ඔස්ට්‍රේලියානු වේලාව",
                "standard": "මධ්‍යම බටහිර ඔස්ට්‍රේලියානු සම්මත වේලාව",
                "daylight": "මධ්‍යම බටහිර ඔස්ට්‍රේලියානු දහවල් වේලාව"
              }
            },
            "Australia_Eastern": {
              "long": {
                "generic": "නැගෙනහිර ඕස්ට්‍රේලියානු වේලාව",
                "standard": "නැගෙනහිර ඕස්ට්‍රේලියානු සම්මත වේලාව",
                "daylight": "නැඟෙනහිර ඕස්ට්‍රේලියානු දහවල් වේලාව"
              }
            },
            "Australia_Western": {
              "long": {
                "generic": "බටහිර ඕස්ට්‍රේලියානු වේලාව",
                "standard": "බටහිර ඕස්ට්‍රේලියානු සම්මත වේලාව",
                "daylight": "බටහිර ඔස්ට්‍රේලියානු දහවල් වේලාව"
              }
            },
            "Azerbaijan": {
              "long": {
                "generic": "අසර්බයිජාන් වේලාව",
                "standard": "අසර්බයිජාන් සම්මත වේලාව",
                "daylight": "අසර්බයිජාන් ග්‍රීෂ්ම වේලාව"
              }
            },
            "Azores": {
              "long": {
                "generic": "ඇසොර්ස් වේලාව",
                "standard": "ඇසොර්ස් සම්මත වේලාව",
                "daylight": "ඇසොර්ස් ග්‍රීෂ්ම වේලාව"
              }
            },
            "Bangladesh": {
              "long": {
                "generic": "බංගලාදේශ වේලාව",
                "standard": "බංගලාදේශ සම්මත වේලාව",
                "daylight": "බංගලාදේශ ග්‍රීෂ්ම කාලය"
              }
            },
            "Bhutan": {
              "long": {
                "standard": "භුතාන වේලාව"
              }
            },
            "Bolivia": {
              "long": {
                "standard": "බොලිවියා වේලාව"
              }
            },
            "Brasilia": {
              "long": {
                "generic": "බ්‍රසීල වේලාව",
                "standard": "බ්‍රසීල සම්මත වේලාව",
                "daylight": "බ්‍රසීල ග්‍රීෂ්ම කාලය"
              }
            },
            "Brunei": {
              "long": {
                "standard": "බෘනායි දරුස්සලාම් වේලාව"
              }
            },
            "Cape_Verde": {
              "long": {
                "generic": "කේප්වේඩ් වේලාව",
                "standard": "කේප්වේඩ් සම්මත වේලාව",
                "daylight": "කේප්වේඩ් ග්‍රීෂ්ම කාලය"
              }
            },
            "Chamorro": {
              "long": {
                "standard": "චමොරෝ වේලාව"
              }
            },
            "Chatham": {
              "long": {
                "generic": "චැතම් වේලාව",
                "standard": "චැතම් සම්මත වේලාව",
                "daylight": "චැතම් දිවා වේලාව"
              }
            },
            "Chile": {
              "long": {
                "generic": "චිලී වේලාව",
                "standard": "චිලී සම්මත වේලාව",
                "daylight": "චිලී ග්‍රීෂ්ම කාලය"
              }
            },
            "China": {
              "long": {
                "generic": "චීන වේලාව",
                "standard": "චීන සම්මත වේලාව",
                "daylight": "චීන දහවල් වේලාව"
              }
            },
            "Choibalsan": {
              "long": {
                "generic": "චොයිබල්සාන් වේලාව",
                "standard": "චොයිබල්සාන් සම්මත වේලාව",
                "daylight": "චොයිබල්සාන් ග්‍රීෂ්ම වේලාව"
              }
            },
            "Christmas": {
              "long": {
                "standard": "ක්‍රිස්මස් දුපත් වේලාව"
              }
            },
            "Cocos": {
              "long": {
                "standard": "කොකෝස් දුපත් වේලාව"
              }
            },
            "Colombia": {
              "long": {
                "generic": "කොලොම්බියා වේලාව",
                "standard": "කොලොම්බියා සම්මත වේලාව",
                "daylight": "කොලොම්බියා ග්‍රීෂ්ම කාලය"
              }
            },
            "Cook": {
              "long": {
                "generic": "කුක් දුපත් වේලාව",
                "standard": "කුක් දුපත් සම්මත වේලාව",
                "daylight": "කුක් දුපත් භාග ග්‍රීෂ්ම වේලාව"
              }
            },
            "Cuba": {
              "long": {
                "generic": "කියුබානු වේලාව",
                "standard": "කියුබානු සම්මත වේලාව",
                "daylight": "කියුබානු දිවාආලෝක වේලාව"
              }
            },
            "Davis": {
              "long": {
                "standard": "ඩාවිස් වේලාව"
              }
            },
            "DumontDUrville": {
              "long": {
                "standard": "දුමොන්ත්-ඩ්උර්විල් වේලාව"
              }
            },
            "East_Timor": {
              "long": {
                "standard": "නැගෙනහිර ටිමෝර් වේලාව"
              }
            },
            "Easter": {
              "long": {
                "generic": "ඊස්ටර් දූපත් වේලාව",
                "standard": "ඊස්ටර් දූපත් සම්මත වේලාව",
                "daylight": "ඊස්ටර් දූපත් ග්‍රීෂ්ම කාලය"
              }
            },
            "Ecuador": {
              "long": {
                "standard": "ඉක්වදෝර් වේලාව"
              }
            },
            "Europe_Central": {
              "long": {
                "generic": "මධ්‍යම යුරෝපීය වේලාව",
                "standard": "මධ්‍යම යුරෝපීය සම්මත වේලාව",
                "daylight": "මධ්‍යම යුරෝපීය ග්‍රීෂ්ම වේලාව"
              }
            },
            "Europe_Eastern": {
              "long": {
                "generic": "නැගෙනහිර යුරෝපීය වේලාව",
                "standard": "නැගෙනහිර යුරෝපීය සම්මත වේලාව",
                "daylight": "නැගෙනහිර යුරෝපීය ග්‍රීෂ්ම වේලාව"
              }
            },
            "Europe_Further_Eastern": {
              "long": {
                "standard": "තවත්-නැගෙනහිර යුරෝපීය වේලාව"
              }
            },
            "Europe_Western": {
              "long": {
                "generic": "බටහිර යුරෝපීය වේලාව",
                "standard": "බටහිර යුරෝපීය සම්මත වේලාව",
                "daylight": "බටහිර යුරෝපීය ග්‍රීෂ්ම වේලාව"
              }
            },
            "Falkland": {
              "long": {
                "generic": "ෆෝක්ලන්ඩ් දූපත් වේලාව",
                "standard": "ෆෝක්ලන්ඩ් දූපත් සම්මත වේලාව",
                "daylight": "ෆෝක්ලන්ඩ් දූපත් ග්‍රීෂ්ම කාලය"
              }
            },
            "Fiji": {
              "long": {
                "generic": "ෆිජි වේලාව",
                "standard": "ෆිජි සම්මත වේලාව",
                "daylight": "ෆිජි ග්‍රීෂ්ම වේලාව"
              }
            },
            "French_Guiana": {
              "long": {
                "standard": "ප්‍රංශ ගයනා වේලාව"
              }
            },
            "French_Southern": {
              "long": {
                "standard": "ප්‍රංශ දකුණුදිග සහ ඇන්ටාර්ක්ටික් වේලාව"
              }
            },
            "Galapagos": {
              "long": {
                "standard": "ගලපගොස් වේලාව"
              }
            },
            "Gambier": {
              "long": {
                "standard": "ගැම්බියර් වේලාව"
              }
            },
            "Georgia": {
              "long": {
                "generic": "ජෝර්ජියානු වේලාව",
                "standard": "ජෝර්ජියානු සම්මත වේලාව",
                "daylight": "ජෝර්ජියානු ග්‍රීෂ්ම වේලාව"
              }
            },
            "Gilbert_Islands": {
              "long": {
                "standard": "ගිල්බර්ට් දුපත් වේලාව"
              }
            },
            "GMT": {
              "long": {
                "standard": "ග්‍රිනිච් මධ්‍යම වේලාව"
              }
            },
            "Greenland_Eastern": {
              "long": {
                "generic": "නැගෙනහිර ග්‍රීන්ලන්ත වේලාව",
                "standard": "නැගෙනහිර ග්‍රීන්ලන්ත සම්මත වේලාව",
                "daylight": "නැගෙනහිර ග්‍රීන්ලන්ත ග්‍රීෂ්ම කාලය"
              }
            },
            "Greenland_Western": {
              "long": {
                "generic": "බටහිර ග්‍රීන්ලන්ත වේලාව",
                "standard": "බටහිර ග්‍රීන්ලන්ත සම්මත වේලාව",
                "daylight": "බටහිර ග්‍රීන්ලන්ත ග්‍රීෂ්ම කාලය"
              }
            },
            "Gulf": {
              "long": {
                "standard": "ගල්ෆ් වේලාව"
              }
            },
            "Guyana": {
              "long": {
                "standard": "ගයනා වේලාව"
              }
            },
            "Hawaii_Aleutian": {
              "long": {
                "generic": "හවායි-අලෙයුතියාන් වේලාව",
                "standard": "හවායි-අලෙයුතියාන් සම්මත වේලාව",
                "daylight": "හවායි-අලෙයුතියාන් දිවාආලෝක වේලාව"
              }
            },
            "Hong_Kong": {
              "long": {
                "generic": "හොංකොං වේලාව",
                "standard": "හොංකොං සම්මත වේලාව",
                "daylight": "හොංකොං ග්‍රීෂ්ම වේලාව"
              }
            },
            "Hovd": {
              "long": {
                "generic": "හොව්ඩ් වේලාව",
                "standard": "හොව්ඩ් සම්මත වේලාව",
                "daylight": "හොව්ඩ් ග්‍රීෂ්ම වේලාව"
              }
            },
            "India": {
              "long": {
                "standard": "ඉන්දියානු වේලාව"
              }
            },
            "Indian_Ocean": {
              "long": {
                "standard": "ඉන්දියන් සාගර වේලාව"
              }
            },
            "Indochina": {
              "long": {
                "standard": "ඉන්දුචීන වේලාව"
              }
            },
            "Indonesia_Central": {
              "long": {
                "standard": "මධ්‍යම ඉන්දුනීසියානු වේලාව"
              }
            },
            "Indonesia_Eastern": {
              "long": {
                "standard": "නැගෙනහිර ඉන්දුනීසියානු වේලාව"
              }
            },
            "Indonesia_Western": {
              "long": {
                "standard": "බටහිර ඉන්දුනීසියානු වේලාව"
              }
            },
            "Iran": {
              "long": {
                "generic": "ඉරාන වේලාව",
                "standard": "ඉරාන සම්මත වේලාව",
                "daylight": "ඉරාන දිවා කාලය"
              }
            },
            "Irkutsk": {
              "long": {
                "generic": "ඉර්කුට්ස්ක් වේලාව",
                "standard": "ඉර්කුට්ස්ක් සම්මත වේලාව",
                "daylight": "ඉර්කුට්ස්ක් ග්‍රීෂ්ම වේලාව"
              }
            },
            "Israel": {
              "long": {
                "generic": "ඊශ්‍රායල වේලාව",
                "standard": "ඊශ්‍රායල සම්මත වේලාව",
                "daylight": "ඊශ්‍රායල දහවල් වේලාව"
              }
            },
            "Japan": {
              "long": {
                "generic": "ජපාන වේලාව",
                "standard": "ජපාන සම්මත වේලාව",
                "daylight": "ජපාන දහවල් වේලාව"
              }
            },
            "Kazakhstan_Eastern": {
              "long": {
                "standard": "නැගෙනහිර කසකස්තාන වේලාව"
              }
            },
            "Kazakhstan_Western": {
              "long": {
                "standard": "බටහිර කසකස්තාන වේලාව"
              }
            },
            "Korea": {
              "long": {
                "generic": "කොරියානු වේලාව",
                "standard": "කොරියානු සම්මත වේලාව",
                "daylight": "කොරියානු දහවල් වේලාව"
              }
            },
            "Kosrae": {
              "long": {
                "standard": "කොස්රේ වේලාව"
              }
            },
            "Krasnoyarsk": {
              "long": {
                "generic": "ක්‍රස්නොයාර්ස්ක් වේලාව",
                "standard": "ක්‍රස්නොයාර්ස්ක් සම්මත වේලාව",
                "daylight": "ක්‍රස්නොයාර්ස්ක් ග්‍රීෂ්ම වේලාව"
              }
            },
            "Kyrgystan": {
              "long": {
                "standard": "කිර්ගිස්තාන වේලාව"
              }
            },
            "Lanka": {
              "long": {
                "standard": "ශ්‍රී ලංකා වේලාව"
              }
            },
            "Line_Islands": {
              "long": {
                "standard": "ලයින් දුපත් වේලාව"
              }
            },
            "Lord_Howe": {
              "long": {
                "generic": "ලෝර්ඩ් හෝව් වේලාව",
                "standard": "ලෝර්ඩ් හෝව් සම්මත වේලාව",
                "daylight": "ලෝර්ඩ් හෝව් දිවා වේලාව"
              }
            },
            "Macquarie": {
              "long": {
                "standard": "මැක්කුඅරි දුපත් වේලාව"
              }
            },
            "Magadan": {
              "long": {
                "generic": "මෙගඩන් වේලාව",
                "standard": "මෙගඩන් සම්මත වේලාව",
                "daylight": "මෙගඩන් ග්‍රීෂ්ම වේලාව"
              }
            },
            "Malaysia": {
              "long": {
                "standard": "මැලේසියානු වේලාව"
              }
            },
            "Maldives": {
              "long": {
                "standard": "මාලදිවයින් වේලාව"
              }
            },
            "Marquesas": {
              "long": {
                "standard": "මාර්කුඑසාස් වේලාව"
              }
            },
            "Marshall_Islands": {
              "long": {
                "standard": "මාර්ෂල් දුපත් වේලාව"
              }
            },
            "Mauritius": {
              "long": {
                "generic": "මුරුසි වේලාව",
                "standard": "මුරුසි සම්මත වේලාව",
                "daylight": "මුරුසි ග්‍රීෂ්ම කාලය"
              }
            },
            "Mawson": {
              "long": {
                "standard": "මොව්සන් වේලාව"
              }
            },
            "Mexico_Northwest": {
              "long": {
                "generic": "වයඹ මෙක්සිකෝ වේලාව",
                "standard": "වයඹ මෙක්සිකෝ සම්මත වේලාව",
                "daylight": "වයඹ මෙක්සිකෝ දිවාආලෝක වේලාව"
              }
            },
            "Mexico_Pacific": {
              "long": {
                "generic": "මෙක්සිකෝ පැසිෆික් වේලාව",
                "standard": "මෙක්සිකෝ පැසිෆික් සම්මත වේලාව",
                "daylight": "මෙක්සිකෝ පැසිෆික් දිවාආලෝක වේලාව"
              }
            },
            "Mongolia": {
              "long": {
                "generic": "උලාන් බාටර් වේලාව",
                "standard": "උලාන් බාටර් සම්මත වේලාව",
                "daylight": "උලාන් බාටර් ග්‍රීෂ්ම වේලාව"
              }
            },
            "Moscow": {
              "long": {
                "generic": "මොස්කව් වේලාව",
                "standard": "මොස්කව් සම්මත වේලාව",
                "daylight": "මොස්කව් ග්‍රීෂ්ම වේලාව"
              }
            },
            "Myanmar": {
              "long": {
                "standard": "මියන්මාර් වේලාව"
              }
            },
            "Nauru": {
              "long": {
                "standard": "නාවුරු වේලාව"
              }
            },
            "Nepal": {
              "long": {
                "standard": "නේපාල වේලාව"
              }
            },
            "New_Caledonia": {
              "long": {
                "generic": "නව සෙලඩොනියානු වේලාව",
                "standard": "නව සෙලඩොනියානු සම්මත වේලාව",
                "daylight": "නව සෙලඩොනියානු ග්‍රීෂ්ම වේලාව"
              }
            },
            "New_Zealand": {
              "long": {
                "generic": "නවසීලන්ත වේලාව",
                "standard": "නවසීලන්ත සම්මත වේලාව",
                "daylight": "නවසීලන්ත දිවා වේලාව"
              }
            },
            "Newfoundland": {
              "long": {
                "generic": "නිව්ෆවුන්ලන්ත වේලාව",
                "standard": "නිව්ෆවුන්ලන්ත සම්මත වේලාව",
                "daylight": "නිව්ෆවුන්ලන්ත දිවාආලෝක වේලාව"
              }
            },
            "Niue": {
              "long": {
                "standard": "නියු වේලාව"
              }
            },
            "Norfolk": {
              "long": {
                "generic": "නොෆොල්ක් දුපත් වේලාව",
                "standard": "නොෆොල්ක් දුපත් සම්මත වේලාව",
                "daylight": "නොෆොල්ක් දුපත් ග්‍රීෂ්ම වේලාව"
              }
            },
            "Noronha": {
              "long": {
                "generic": "ෆර්නැන්ඩෝ ඩි නොරොන්හා වේලාව",
                "standard": "ෆර්නැන්ඩෝ ඩි නොරොන්හා සම්මත වේලාව",
                "daylight": "ෆර්නැන්ඩෝ ඩි නොරොන්හා ග්‍රීෂ්ම කාලය"
              }
            },
            "Novosibirsk": {
              "long": {
                "generic": "නොවසිබිර්ස්ක් වේලාව",
                "standard": "නොවසිබිර්ස්ක් සම්මත වේලාව",
                "daylight": "නොවසිබිර්ස්ක් ග්‍රීෂ්ම වේලාව"
              }
            },
            "Omsk": {
              "long": {
                "generic": "ඔම්ස්ක් වේලාව",
                "standard": "ඔම්ස්ක් සම්මත වේලාව",
                "daylight": "ඔම්ස්ක් ග්‍රීෂ්ම වේලාව"
              }
            },
            "Pakistan": {
              "long": {
                "generic": "පාකිස්ථාන වේලාව",
                "standard": "පාකිස්ථාන සම්මත වේලාව",
                "daylight": "පාකිස්ථාන ග්‍රීෂ්ම කාලය"
              }
            },
            "Palau": {
              "long": {
                "standard": "පලාවු වේලාව"
              }
            },
            "Papua_New_Guinea": {
              "long": {
                "standard": "පැපුවා නිව් ගිනීයා වේලාව"
              }
            },
            "Paraguay": {
              "long": {
                "generic": "පැරගුවේ වේලාව",
                "standard": "පැරගුවේ සම්මත වේලාව",
                "daylight": "පැරගුවේ ග්‍රීෂ්ම කාලය"
              }
            },
            "Peru": {
              "long": {
                "generic": "පේරු වේලාව",
                "standard": "පේරු සම්මත වේලාව",
                "daylight": "පේරු ග්‍රීෂ්ම කාලය"
              }
            },
            "Philippines": {
              "long": {
                "generic": "පිලිපීන වේලාව",
                "standard": "පිලිපීන සම්මත වේලාව",
                "daylight": "පිලිපීන ග්‍රීෂ්ම වේලාව"
              }
            },
            "Phoenix_Islands": {
              "long": {
                "standard": "ෆීනික්ස් දුපත් වේලාව"
              }
            },
            "Pierre_Miquelon": {
              "long": {
                "generic": "ශාන්ත පියරේ සහ මැකෝලන් වේලාව",
                "standard": "ශාන්ත පියරේ සහ මැකෝලන් සම්මත වේලාව",
                "daylight": "ශාන්ත පියරේ සහ මැකෝලන් දිවාආලෝක වේලාව"
              }
            },
            "Pitcairn": {
              "long": {
                "standard": "පිට්කෙයාන් වේලාව"
              }
            },
            "Ponape": {
              "long": {
                "standard": "පොනපේ වේලාව"
              }
            },
            "Pyongyang": {
              "long": {
                "standard": "ප්යොන්ග්යන් වේලාව"
              }
            },
            "Reunion": {
              "long": {
                "standard": "රියුනියන් වේලාව"
              }
            },
            "Rothera": {
              "long": {
                "standard": "රොතෙරා වේලාව"
              }
            },
            "Sakhalin": {
              "long": {
                "generic": "සඛලින් වේලාව",
                "standard": "සඛලින් සම්මත වේලාව",
                "daylight": "සඛලින් ග්‍රීෂ්ම වේලාව"
              }
            },
            "Samoa": {
              "long": {
                "generic": "සැමෝවා වේලාව",
                "standard": "සැමෝවා සම්මත වේලාව",
                "daylight": "සැමෝවා ග්‍රීෂ්ම වේලාව"
              }
            },
            "Seychelles": {
              "long": {
                "standard": "සීෂෙල්ස් වේලාව"
              }
            },
            "Singapore": {
              "long": {
                "standard": "සිංගප්පුරු වේලාව"
              }
            },
            "Solomon": {
              "long": {
                "standard": "සොලොමන් දූපත් වේලාව"
              }
            },
            "South_Georgia": {
              "long": {
                "standard": "දකුණු ජෝජියා වේලාව"
              }
            },
            "Suriname": {
              "long": {
                "standard": "සුරිනාම වේලාව"
              }
            },
            "Syowa": {
              "long": {
                "standard": "ස්යෝවා වේලාව"
              }
            },
            "Tahiti": {
              "long": {
                "standard": "ටාහිටි වේලාව"
              }
            },
            "Taipei": {
              "long": {
                "generic": "තායිපේ වේලාව",
                "standard": "තායිපේ සම්මත වේලාව",
                "daylight": "තායිපේ දහවල් වේලාව"
              }
            },
            "Tajikistan": {
              "long": {
                "standard": "ටජිකිස්තාන වේලාව"
              }
            },
            "Tokelau": {
              "long": {
                "standard": "ටොකෙලාවු වේලාව"
              }
            },
            "Tonga": {
              "long": {
                "generic": "ටොංගා වේලාව",
                "standard": "ටොංගා සම්මත වේලාව",
                "daylight": "ටොංගා ග්‍රීෂ්ම වේලාව"
              }
            },
            "Truk": {
              "long": {
                "standard": "චුක් වේලාව"
              }
            },
            "Turkmenistan": {
              "long": {
                "generic": "ටර්ක්මෙනිස්තාන වේලාව",
                "standard": "ටර්ක්මෙනිස්තාන සම්මත වේලාව",
                "daylight": "ටර්ක්මෙනිස්තාන ග්‍රීෂ්ම වේලාව"
              }
            },
            "Tuvalu": {
              "long": {
                "standard": "ටුවාලු වේලාව"
              }
            },
            "Uruguay": {
              "long": {
                "generic": "උරුගුවේ වේලාව",
                "standard": "උරුගුවේ සම්මත වේලාව",
                "daylight": "උරුගුවේ ග්‍රීෂ්ම කාලය"
              }
            },
            "Uzbekistan": {
              "long": {
                "generic": "උස්බෙකිස්තාන වේලාව",
                "standard": "උස්බෙකිස්තාන සම්මත වේලාව",
                "daylight": "උස්බෙකිස්තාන ග්‍රීෂ්ම වේලාව"
              }
            },
            "Vanuatu": {
              "long": {
                "generic": "වනුආටු වේලාව",
                "standard": "වනුආටු සම්මත වේලාව",
                "daylight": "වනුආටු ගිම්හාන වේලාව"
              }
            },
            "Venezuela": {
              "long": {
                "standard": "වෙනිසියුලා වේලාව"
              }
            },
            "Vladivostok": {
              "long": {
                "generic": "ව්ලදිවෝස්ටෝක් වේලාව",
                "standard": "ව්ලදිවෝස්ටෝක් සම්මත වේලාව",
                "daylight": "ව්ලදිවෝස්ටෝක් ග්‍රීෂ්ම වේලාව"
              }
            },
            "Volgograd": {
              "long": {
                "generic": "වොල්ගොග්‍රාඩ් වේලාව",
                "standard": "වොල්ගොග්‍රාඩ් සම්මත වේලාව",
                "daylight": "වොල්ගොග්‍රාඩ් ග්‍රීෂ්ම වේලාව"
              }
            },
            "Vostok": {
              "long": {
                "standard": "වොස්ටොක් වේලාව"
              }
            },
            "Wake": {
              "long": {
                "standard": "වේක් දූපත් වේලාව"
              }
            },
            "Wallis": {
              "long": {
                "standard": "වැලිස් සහ ෆුටුනා වේලාව"
              }
            },
            "Yakutsk": {
              "long": {
                "generic": "යකුට්ස්ක් වේලාව",
                "standard": "යකුට්ස්ක් සම්මත වේලාව",
                "daylight": "යකුට්ස්ක් ග්‍රීෂ්ම වේලාව"
              }
            },
            "Yekaterinburg": {
              "long": {
                "generic": "යෙකටෙරින්බර්ග් වේලාව",
                "standard": "යෙකටෙරින්බර්ග් සම්මත වේලාව",
                "daylight": "යෙකටෙරින්බර්ග් ග්‍රීෂ්ම වේලාව"
              }
            },
            "Yukon": {
              "long": {
                "standard": "යුකොන් වේලාව"
              }
            }
          }
        }
      }
    }
  }
}
