{
  "main": {
    "gl": {
      "identity": {
        "version": {
          "_cldrVersion": "38"
        },
        "language": "gl"
      },
      "dates": {
        "timeZoneNames": {
          "hourFormat": "+HH:mm;-HH:mm",
          "gmtFormat": "GMT{0}",
          "gmtZeroFormat": "GMT",
          "regionFormat": "Horario de: {0}",
          "regionFormat-type-daylight": "Horario de verán de: {0}",
          "regionFormat-type-standard": "Horario estándar de: {0}",
          "fallbackFormat": "{1} ({0})",
          "zone": {
            "America": {
              "Adak": {
                "exemplarCity": "Adak"
              },
              "Anchorage": {
                "exemplarCity": "Anchorage"
              },
              "Anguilla": {
                "exemplarCity": "Anguila"
              },
              "Antigua": {
                "exemplarCity": "Antigua"
              },
              "Araguaina": {
                "exemplarCity": "Araguaína"
              },
              "Argentina": {
                "Rio_Gallegos": {
                  "exemplarCity": "Río Gallegos"
                },
                "San_Juan": {
                  "exemplarCity": "San Juan"
                },
                "Ushuaia": {
                  "exemplarCity": "Ushuaia"
                },
                "La_Rioja": {
                  "exemplarCity": "A Rioxa"
                },
                "San_Luis": {
                  "exemplarCity": "San Luis"
                },
                "Salta": {
                  "exemplarCity": "Salta"
                },
                "Tucuman": {
                  "exemplarCity": "Tucumán"
                }
              },
              "Aruba": {
                "exemplarCity": "Aruba"
              },
              "Asuncion": {
                "exemplarCity": "Asunción"
              },
              "Bahia": {
                "exemplarCity": "Baía"
              },
              "Bahia_Banderas": {
                "exemplarCity": "Bahía de Banderas"
              },
              "Barbados": {
                "exemplarCity": "Barbados"
              },
              "Belem": {
                "exemplarCity": "Belém"
              },
              "Belize": {
                "exemplarCity": "Belize"
              },
              "Blanc-Sablon": {
                "exemplarCity": "Blanc-Sablon"
              },
              "Boa_Vista": {
                "exemplarCity": "Boa Vista"
              },
              "Bogota": {
                "exemplarCity": "Bogotá"
              },
              "Boise": {
                "exemplarCity": "Boise"
              },
              "Buenos_Aires": {
                "exemplarCity": "Buenos Aires"
              },
              "Cambridge_Bay": {
                "exemplarCity": "Cambridge Bay"
              },
              "Campo_Grande": {
                "exemplarCity": "Campo Grande"
              },
              "Cancun": {
                "exemplarCity": "Cancún"
              },
              "Caracas": {
                "exemplarCity": "Caracas"
              },
              "Catamarca": {
                "exemplarCity": "Catamarca"
              },
              "Cayenne": {
                "exemplarCity": "Caiena"
              },
              "Cayman": {
                "exemplarCity": "Illas Caimán"
              },
              "Chicago": {
                "exemplarCity": "Chicago"
              },
              "Chihuahua": {
                "exemplarCity": "Chihuahua"
              },
              "Coral_Harbour": {
                "exemplarCity": "Atikokan"
              },
              "Cordoba": {
                "exemplarCity": "Córdoba"
              },
              "Costa_Rica": {
                "exemplarCity": "Costa Rica"
              },
              "Creston": {
                "exemplarCity": "Creston"
              },
              "Cuiaba": {
                "exemplarCity": "Cuiabá"
              },
              "Curacao": {
                "exemplarCity": "Curaçao"
              },
              "Danmarkshavn": {
                "exemplarCity": "Danmarkshavn"
              },
              "Dawson": {
                "exemplarCity": "Dawson"
              },
              "Dawson_Creek": {
                "exemplarCity": "Dawson Creek"
              },
              "Denver": {
                "exemplarCity": "Denver"
              },
              "Detroit": {
                "exemplarCity": "Detroit"
              },
              "Dominica": {
                "exemplarCity": "Dominica"
              },
              "Edmonton": {
                "exemplarCity": "Edmonton"
              },
              "Eirunepe": {
                "exemplarCity": "Eirunepé"
              },
              "El_Salvador": {
                "exemplarCity": "O Salvador"
              },
              "Fort_Nelson": {
                "exemplarCity": "Fort Nelson"
              },
              "Fortaleza": {
                "exemplarCity": "Fortaleza"
              },
              "Glace_Bay": {
                "exemplarCity": "Glace Bay"
              },
              "Godthab": {
                "exemplarCity": "Nuuk"
              },
              "Goose_Bay": {
                "exemplarCity": "Goose Bay"
              },
              "Grand_Turk": {
                "exemplarCity": "Grand Turk"
              },
              "Grenada": {
                "exemplarCity": "Granada"
              },
              "Guadeloupe": {
                "exemplarCity": "Guadalupe"
              },
              "Guatemala": {
                "exemplarCity": "Guatemala"
              },
              "Guayaquil": {
                "exemplarCity": "Guayaquil"
              },
              "Guyana": {
                "exemplarCity": "Güiana"
              },
              "Halifax": {
                "exemplarCity": "Halifax"
              },
              "Havana": {
                "exemplarCity": "A Habana"
              },
              "Hermosillo": {
                "exemplarCity": "Hermosillo"
              },
              "Indiana": {
                "Vincennes": {
                  "exemplarCity": "Vincennes, Indiana"
                },
                "Petersburg": {
                  "exemplarCity": "Petersburg, Indiana"
                },
                "Tell_City": {
                  "exemplarCity": "Tell City, Indiana"
                },
                "Knox": {
                  "exemplarCity": "Knox, Indiana"
                },
                "Winamac": {
                  "exemplarCity": "Winamac, Indiana"
                },
                "Marengo": {
                  "exemplarCity": "Marengo, Indiana"
                },
                "Vevay": {
                  "exemplarCity": "Vevay, Indiana"
                }
              },
              "Indianapolis": {
                "exemplarCity": "Indianápolis"
              },
              "Inuvik": {
                "exemplarCity": "Inuvik"
              },
              "Iqaluit": {
                "exemplarCity": "Iqaluit"
              },
              "Jamaica": {
                "exemplarCity": "Xamaica"
              },
              "Jujuy": {
                "exemplarCity": "Jujuy"
              },
              "Juneau": {
                "exemplarCity": "Juneau"
              },
              "Kentucky": {
                "Monticello": {
                  "exemplarCity": "Monticello, Kentucky"
                }
              },
              "Kralendijk": {
                "exemplarCity": "Kralendijk"
              },
              "La_Paz": {
                "exemplarCity": "A Paz"
              },
              "Lima": {
                "exemplarCity": "Lima"
              },
              "Los_Angeles": {
                "exemplarCity": "Os Ánxeles"
              },
              "Louisville": {
                "exemplarCity": "Louisville"
              },
              "Lower_Princes": {
                "exemplarCity": "Lower Prince’s Quarter"
              },
              "Maceio": {
                "exemplarCity": "Maceió"
              },
              "Managua": {
                "exemplarCity": "Managua"
              },
              "Manaus": {
                "exemplarCity": "Manaus"
              },
              "Marigot": {
                "exemplarCity": "Marigot"
              },
              "Martinique": {
                "exemplarCity": "Martinica"
              },
              "Matamoros": {
                "exemplarCity": "Matamoros"
              },
              "Mazatlan": {
                "exemplarCity": "Mazatlán"
              },
              "Mendoza": {
                "exemplarCity": "Mendoza"
              },
              "Menominee": {
                "exemplarCity": "Menominee"
              },
              "Merida": {
                "exemplarCity": "Mérida"
              },
              "Metlakatla": {
                "exemplarCity": "Metlakatla"
              },
              "Mexico_City": {
                "exemplarCity": "Cidade de México"
              },
              "Miquelon": {
                "exemplarCity": "Miquelon"
              },
              "Moncton": {
                "exemplarCity": "Moncton"
              },
              "Monterrey": {
                "exemplarCity": "Monterrey"
              },
              "Montevideo": {
                "exemplarCity": "Montevideo"
              },
              "Montserrat": {
                "exemplarCity": "Montserrat"
              },
              "Nassau": {
                "exemplarCity": "Nassau"
              },
              "New_York": {
                "exemplarCity": "Nova York"
              },
              "Nipigon": {
                "exemplarCity": "Nipigon"
              },
              "Nome": {
                "exemplarCity": "Nome"
              },
              "Noronha": {
                "exemplarCity": "Noronha"
              },
              "North_Dakota": {
                "Beulah": {
                  "exemplarCity": "Beulah, Dacota do Norte"
                },
                "New_Salem": {
                  "exemplarCity": "New Salem, Dacota do Norte"
                },
                "Center": {
                  "exemplarCity": "Center, Dacota do Norte"
                }
              },
              "Ojinaga": {
                "exemplarCity": "Ojinaga"
              },
              "Panama": {
                "exemplarCity": "Panamá"
              },
              "Pangnirtung": {
                "exemplarCity": "Pangnirtung"
              },
              "Paramaribo": {
                "exemplarCity": "Paramaribo"
              },
              "Phoenix": {
                "exemplarCity": "Phoenix"
              },
              "Port-au-Prince": {
                "exemplarCity": "Porto Príncipe"
              },
              "Port_of_Spain": {
                "exemplarCity": "Porto España"
              },
              "Porto_Velho": {
                "exemplarCity": "Porto Velho"
              },
              "Puerto_Rico": {
                "exemplarCity": "Porto Rico"
              },
              "Punta_Arenas": {
                "exemplarCity": "Punta Arenas"
              },
              "Rainy_River": {
                "exemplarCity": "Rainy River"
              },
              "Rankin_Inlet": {
                "exemplarCity": "Rankin Inlet"
              },
              "Recife": {
                "exemplarCity": "Recife"
              },
              "Regina": {
                "exemplarCity": "Regina"
              },
              "Resolute": {
                "exemplarCity": "Resolute"
              },
              "Rio_Branco": {
                "exemplarCity": "Río Branco"
              },
              "Santa_Isabel": {
                "exemplarCity": "Santa Isabel"
              },
              "Santarem": {
                "exemplarCity": "Santarém"
              },
              "Santiago": {
                "exemplarCity": "Santiago"
              },
              "Santo_Domingo": {
                "exemplarCity": "Santo Domingo"
              },
              "Sao_Paulo": {
                "exemplarCity": "São Paulo"
              },
              "Scoresbysund": {
                "exemplarCity": "Ittoqqortoormiit"
              },
              "Sitka": {
                "exemplarCity": "Sitka"
              },
              "St_Barthelemy": {
                "exemplarCity": "Saint Barthélemy"
              },
              "St_Johns": {
                "exemplarCity": "Saint John’s"
              },
              "St_Kitts": {
                "exemplarCity": "Saint Kitts"
              },
              "St_Lucia": {
                "exemplarCity": "Santa Lucía"
              },
              "St_Thomas": {
                "exemplarCity": "Saint Thomas"
              },
              "St_Vincent": {
                "exemplarCity": "San Vicente"
              },
              "Swift_Current": {
                "exemplarCity": "Swift Current"
              },
              "Tegucigalpa": {
                "exemplarCity": "Tegucigalpa"
              },
              "Thule": {
                "exemplarCity": "Thule"
              },
              "Thunder_Bay": {
                "exemplarCity": "Thunder Bay"
              },
              "Tijuana": {
                "exemplarCity": "Tijuana"
              },
              "Toronto": {
                "exemplarCity": "Toronto"
              },
              "Tortola": {
                "exemplarCity": "Tórtola"
              },
              "Vancouver": {
                "exemplarCity": "Vancouver"
              },
              "Whitehorse": {
                "exemplarCity": "Whitehorse"
              },
              "Winnipeg": {
                "exemplarCity": "Winnipeg"
              },
              "Yakutat": {
                "exemplarCity": "Yakutat"
              },
              "Yellowknife": {
                "exemplarCity": "Yellowknife"
              }
            },
            "Atlantic": {
              "Azores": {
                "exemplarCity": "Azores"
              },
              "Bermuda": {
                "exemplarCity": "Illas Bermudas"
              },
              "Canary": {
                "exemplarCity": "Illas Canarias"
              },
              "Cape_Verde": {
                "exemplarCity": "Cabo Verde"
              },
              "Faeroe": {
                "exemplarCity": "Feroe"
              },
              "Madeira": {
                "exemplarCity": "Madeira"
              },
              "Reykjavik": {
                "exemplarCity": "Reiquiavik"
              },
              "South_Georgia": {
                "exemplarCity": "Xeorxia do Sur"
              },
              "St_Helena": {
                "exemplarCity": "Santa Helena"
              },
              "Stanley": {
                "exemplarCity": "Stanley"
              }
            },
            "Europe": {
              "Amsterdam": {
                "exemplarCity": "Ámsterdam"
              },
              "Andorra": {
                "exemplarCity": "Andorra"
              },
              "Astrakhan": {
                "exemplarCity": "Astrakán"
              },
              "Athens": {
                "exemplarCity": "Atenas"
              },
              "Belgrade": {
                "exemplarCity": "Belgrado"
              },
              "Berlin": {
                "exemplarCity": "Berlín"
              },
              "Bratislava": {
                "exemplarCity": "Bratislava"
              },
              "Brussels": {
                "exemplarCity": "Bruxelas"
              },
              "Bucharest": {
                "exemplarCity": "Bucarest"
              },
              "Budapest": {
                "exemplarCity": "Budapest"
              },
              "Busingen": {
                "exemplarCity": "Busingen"
              },
              "Chisinau": {
                "exemplarCity": "Chisinau"
              },
              "Copenhagen": {
                "exemplarCity": "Copenhague"
              },
              "Dublin": {
                "long": {
                  "daylight": "Horario estándar irlandés"
                },
                "exemplarCity": "Dublín"
              },
              "Gibraltar": {
                "exemplarCity": "Xibraltar"
              },
              "Guernsey": {
                "exemplarCity": "Guernsey"
              },
              "Helsinki": {
                "exemplarCity": "Helsinqui"
              },
              "Isle_of_Man": {
                "exemplarCity": "Illa de Man"
              },
              "Istanbul": {
                "exemplarCity": "Istanbul"
              },
              "Jersey": {
                "exemplarCity": "Jersey"
              },
              "Kaliningrad": {
                "exemplarCity": "Kaliningrado"
              },
              "Kiev": {
                "exemplarCity": "Kiev"
              },
              "Kirov": {
                "exemplarCity": "Kirov"
              },
              "Lisbon": {
                "exemplarCity": "Lisboa"
              },
              "Ljubljana": {
                "exemplarCity": "Liubliana"
              },
              "London": {
                "long": {
                  "daylight": "Horario de verán británico"
                },
                "exemplarCity": "Londres"
              },
              "Luxembourg": {
                "exemplarCity": "Luxemburgo"
              },
              "Madrid": {
                "exemplarCity": "Madrid"
              },
              "Malta": {
                "exemplarCity": "Malta"
              },
              "Mariehamn": {
                "exemplarCity": "Mariehamn"
              },
              "Minsk": {
                "exemplarCity": "Minsk"
              },
              "Monaco": {
                "exemplarCity": "Mónaco"
              },
              "Moscow": {
                "exemplarCity": "Moscova"
              },
              "Oslo": {
                "exemplarCity": "Oslo"
              },
              "Paris": {
                "exemplarCity": "París"
              },
              "Podgorica": {
                "exemplarCity": "Podgorica"
              },
              "Prague": {
                "exemplarCity": "Praga"
              },
              "Riga": {
                "exemplarCity": "Riga"
              },
              "Rome": {
                "exemplarCity": "Roma"
              },
              "Samara": {
                "exemplarCity": "Samara"
              },
              "San_Marino": {
                "exemplarCity": "San Marino"
              },
              "Sarajevo": {
                "exemplarCity": "Saraievo"
              },
              "Saratov": {
                "exemplarCity": "Saratov"
              },
              "Simferopol": {
                "exemplarCity": "Simferópol"
              },
              "Skopje": {
                "exemplarCity": "Skopje"
              },
              "Sofia": {
                "exemplarCity": "Sofía"
              },
              "Stockholm": {
                "exemplarCity": "Estocolmo"
              },
              "Tallinn": {
                "exemplarCity": "Tallinn"
              },
              "Tirane": {
                "exemplarCity": "Tirana"
              },
              "Ulyanovsk": {
                "exemplarCity": "Ulianovsk"
              },
              "Uzhgorod": {
                "exemplarCity": "Uzghorod"
              },
              "Vaduz": {
                "exemplarCity": "Vaduz"
              },
              "Vatican": {
                "exemplarCity": "Vaticano"
              },
              "Vienna": {
                "exemplarCity": "Viena"
              },
              "Vilnius": {
                "exemplarCity": "Vilnius"
              },
              "Volgograd": {
                "exemplarCity": "Volgogrado"
              },
              "Warsaw": {
                "exemplarCity": "Varsovia"
              },
              "Zagreb": {
                "exemplarCity": "Zagreb"
              },
              "Zaporozhye": {
                "exemplarCity": "Zaporizhia"
              },
              "Zurich": {
                "exemplarCity": "Zürich"
              }
            },
            "Africa": {
              "Abidjan": {
                "exemplarCity": "Abidjan"
              },
              "Accra": {
                "exemplarCity": "Acra"
              },
              "Addis_Ababa": {
                "exemplarCity": "Adís Abeba"
              },
              "Algiers": {
                "exemplarCity": "Alxer"
              },
              "Asmera": {
                "exemplarCity": "Asmara"
              },
              "Bamako": {
                "exemplarCity": "Bamaco"
              },
              "Bangui": {
                "exemplarCity": "Bangui"
              },
              "Banjul": {
                "exemplarCity": "Banjul"
              },
              "Bissau": {
                "exemplarCity": "Bissau"
              },
              "Blantyre": {
                "exemplarCity": "Blantyre"
              },
              "Brazzaville": {
                "exemplarCity": "Brazzaville"
              },
              "Bujumbura": {
                "exemplarCity": "Bujumbura"
              },
              "Cairo": {
                "exemplarCity": "O Cairo"
              },
              "Casablanca": {
                "exemplarCity": "Casablanca"
              },
              "Ceuta": {
                "exemplarCity": "Ceuta"
              },
              "Conakry": {
                "exemplarCity": "Conakry"
              },
              "Dakar": {
                "exemplarCity": "Dakar"
              },
              "Dar_es_Salaam": {
                "exemplarCity": "Dar es Salaam"
              },
              "Djibouti": {
                "exemplarCity": "Djibuti"
              },
              "Douala": {
                "exemplarCity": "Douala"
              },
              "El_Aaiun": {
                "exemplarCity": "O Aiún"
              },
              "Freetown": {
                "exemplarCity": "Freetown"
              },
              "Gaborone": {
                "exemplarCity": "Gaborone"
              },
              "Harare": {
                "exemplarCity": "Harare"
              },
              "Johannesburg": {
                "exemplarCity": "Xohanesburgo"
              },
              "Juba": {
                "exemplarCity": "Juba"
              },
              "Kampala": {
                "exemplarCity": "Kampala"
              },
              "Khartoum": {
                "exemplarCity": "Khartún"
              },
              "Kigali": {
                "exemplarCity": "Kigali"
              },
              "Kinshasa": {
                "exemplarCity": "Kinshasa"
              },
              "Lagos": {
                "exemplarCity": "Lagos"
              },
              "Libreville": {
                "exemplarCity": "Libreville"
              },
              "Lome": {
                "exemplarCity": "Lomé"
              },
              "Luanda": {
                "exemplarCity": "Luanda"
              },
              "Lubumbashi": {
                "exemplarCity": "Lubumbashi"
              },
              "Lusaka": {
                "exemplarCity": "Lusaca"
              },
              "Malabo": {
                "exemplarCity": "Malabo"
              },
              "Maputo": {
                "exemplarCity": "Maputo"
              },
              "Maseru": {
                "exemplarCity": "Maseru"
              },
              "Mbabane": {
                "exemplarCity": "Mbabane"
              },
              "Mogadishu": {
                "exemplarCity": "Mogadixo"
              },
              "Monrovia": {
                "exemplarCity": "Monrovia"
              },
              "Nairobi": {
                "exemplarCity": "Nairobi"
              },
              "Ndjamena": {
                "exemplarCity": "N’Djamena"
              },
              "Niamey": {
                "exemplarCity": "Niamey"
              },
              "Nouakchott": {
                "exemplarCity": "Nouakchott"
              },
              "Ouagadougou": {
                "exemplarCity": "Uagadugu"
              },
              "Porto-Novo": {
                "exemplarCity": "Porto-Novo"
              },
              "Sao_Tome": {
                "exemplarCity": "San Tomé"
              },
              "Tripoli": {
                "exemplarCity": "Trípoli"
              },
              "Tunis": {
                "exemplarCity": "Tunes"
              },
              "Windhoek": {
                "exemplarCity": "Windhoek"
              }
            },
            "Asia": {
              "Aden": {
                "exemplarCity": "Adén"
              },
              "Almaty": {
                "exemplarCity": "Almati"
              },
              "Amman": {
                "exemplarCity": "Amán"
              },
              "Anadyr": {
                "exemplarCity": "Anadyr"
              },
              "Aqtau": {
                "exemplarCity": "Aktau"
              },
              "Aqtobe": {
                "exemplarCity": "Aktobe"
              },
              "Ashgabat": {
                "exemplarCity": "Achkhabad"
              },
              "Atyrau": {
                "exemplarCity": "Atyrau"
              },
              "Baghdad": {
                "exemplarCity": "Bagdad"
              },
              "Bahrain": {
                "exemplarCity": "Bahrain"
              },
              "Baku": {
                "exemplarCity": "Bacú"
              },
              "Bangkok": {
                "exemplarCity": "Bangkok"
              },
              "Barnaul": {
                "exemplarCity": "Barnaul"
              },
              "Beirut": {
                "exemplarCity": "Beirut"
              },
              "Bishkek": {
                "exemplarCity": "Bishkek"
              },
              "Brunei": {
                "exemplarCity": "Brunei"
              },
              "Calcutta": {
                "exemplarCity": "Calcuta"
              },
              "Chita": {
                "exemplarCity": "Chitá"
              },
              "Choibalsan": {
                "exemplarCity": "Choibalsan"
              },
              "Colombo": {
                "exemplarCity": "Colombo"
              },
              "Damascus": {
                "exemplarCity": "Damasco"
              },
              "Dhaka": {
                "exemplarCity": "Dhaka"
              },
              "Dili": {
                "exemplarCity": "Dili"
              },
              "Dubai": {
                "exemplarCity": "Dubai"
              },
              "Dushanbe": {
                "exemplarCity": "Dushanbe"
              },
              "Famagusta": {
                "exemplarCity": "Famagusta"
              },
              "Gaza": {
                "exemplarCity": "Gaza"
              },
              "Hebron": {
                "exemplarCity": "Hebrón"
              },
              "Hong_Kong": {
                "exemplarCity": "Hong Kong"
              },
              "Hovd": {
                "exemplarCity": "Hovd"
              },
              "Irkutsk": {
                "exemplarCity": "Irkutsk"
              },
              "Jakarta": {
                "exemplarCity": "Iacarta"
              },
              "Jayapura": {
                "exemplarCity": "Jayapura"
              },
              "Jerusalem": {
                "exemplarCity": "Xerusalén"
              },
              "Kabul": {
                "exemplarCity": "Cabul"
              },
              "Kamchatka": {
                "exemplarCity": "Kamchatka"
              },
              "Karachi": {
                "exemplarCity": "Karachi"
              },
              "Katmandu": {
                "exemplarCity": "Katmandú"
              },
              "Khandyga": {
                "exemplarCity": "Chandyga"
              },
              "Krasnoyarsk": {
                "exemplarCity": "Krasnoyarsk"
              },
              "Kuala_Lumpur": {
                "exemplarCity": "Kuala Lumpur"
              },
              "Kuching": {
                "exemplarCity": "Kuching"
              },
              "Kuwait": {
                "exemplarCity": "Kuwait"
              },
              "Macau": {
                "exemplarCity": "Macau"
              },
              "Magadan": {
                "exemplarCity": "Magadan"
              },
              "Makassar": {
                "exemplarCity": "Makassar"
              },
              "Manila": {
                "exemplarCity": "Manila"
              },
              "Muscat": {
                "exemplarCity": "Mascate"
              },
              "Nicosia": {
                "exemplarCity": "Nicosia"
              },
              "Novokuznetsk": {
                "exemplarCity": "Novokuznetsk"
              },
              "Novosibirsk": {
                "exemplarCity": "Novosibirsk"
              },
              "Omsk": {
                "exemplarCity": "Omsk"
              },
              "Oral": {
                "exemplarCity": "Oral"
              },
              "Phnom_Penh": {
                "exemplarCity": "Phnom Penh"
              },
              "Pontianak": {
                "exemplarCity": "Pontianak"
              },
              "Pyongyang": {
                "exemplarCity": "Pyongyang"
              },
              "Qatar": {
                "exemplarCity": "Qatar"
              },
              "Qostanay": {
                "exemplarCity": "Qostanai"
              },
              "Qyzylorda": {
                "exemplarCity": "Kyzylorda"
              },
              "Rangoon": {
                "exemplarCity": "Yangon"
              },
              "Riyadh": {
                "exemplarCity": "Riad"
              },
              "Saigon": {
                "exemplarCity": "Ho Chi Minh"
              },
              "Sakhalin": {
                "exemplarCity": "Sakhalín"
              },
              "Samarkand": {
                "exemplarCity": "Samarcanda"
              },
              "Seoul": {
                "exemplarCity": "Seúl"
              },
              "Shanghai": {
                "exemplarCity": "Shanghai"
              },
              "Singapore": {
                "exemplarCity": "Singapur"
              },
              "Srednekolymsk": {
                "exemplarCity": "Srednekolimsk"
              },
              "Taipei": {
                "exemplarCity": "Taipei"
              },
              "Tashkent": {
                "exemplarCity": "Tashkent"
              },
              "Tbilisi": {
                "exemplarCity": "Tbilisi"
              },
              "Tehran": {
                "exemplarCity": "Teherán"
              },
              "Thimphu": {
                "exemplarCity": "Thimphu"
              },
              "Tokyo": {
                "exemplarCity": "Tokyo"
              },
              "Tomsk": {
                "exemplarCity": "Tomsk"
              },
              "Ulaanbaatar": {
                "exemplarCity": "Ulaanbaatar"
              },
              "Urumqi": {
                "exemplarCity": "Ürümqi"
              },
              "Ust-Nera": {
                "exemplarCity": "Ust-Nera"
              },
              "Vientiane": {
                "exemplarCity": "Vientiane"
              },
              "Vladivostok": {
                "exemplarCity": "Vladivostok"
              },
              "Yakutsk": {
                "exemplarCity": "Iakutsk"
              },
              "Yekaterinburg": {
                "exemplarCity": "Ekaterinburgo"
              },
              "Yerevan": {
                "exemplarCity": "Iereván"
              }
            },
            "Indian": {
              "Antananarivo": {
                "exemplarCity": "Antananarivo"
              },
              "Chagos": {
                "exemplarCity": "Chagos"
              },
              "Christmas": {
                "exemplarCity": "Illa Christmas"
              },
              "Cocos": {
                "exemplarCity": "Cocos"
              },
              "Comoro": {
                "exemplarCity": "Comores"
              },
              "Kerguelen": {
                "exemplarCity": "Kerguelen"
              },
              "Mahe": {
                "exemplarCity": "Mahé"
              },
              "Maldives": {
                "exemplarCity": "Maldivas"
              },
              "Mauritius": {
                "exemplarCity": "Mauricio"
              },
              "Mayotte": {
                "exemplarCity": "Mayotte"
              },
              "Reunion": {
                "exemplarCity": "Reunión"
              }
            },
            "Australia": {
              "Adelaide": {
                "exemplarCity": "Adelaida"
              },
              "Brisbane": {
                "exemplarCity": "Brisbane"
              },
              "Broken_Hill": {
                "exemplarCity": "Broken Hill"
              },
              "Currie": {
                "exemplarCity": "Currie"
              },
              "Darwin": {
                "exemplarCity": "Darwin"
              },
              "Eucla": {
                "exemplarCity": "Eucla"
              },
              "Hobart": {
                "exemplarCity": "Hobart"
              },
              "Lindeman": {
                "exemplarCity": "Lindeman"
              },
              "Lord_Howe": {
                "exemplarCity": "Lord Howe"
              },
              "Melbourne": {
                "exemplarCity": "Melbourne"
              },
              "Perth": {
                "exemplarCity": "Perth"
              },
              "Sydney": {
                "exemplarCity": "Sidney"
              }
            },
            "Pacific": {
              "Apia": {
                "exemplarCity": "Apia"
              },
              "Auckland": {
                "exemplarCity": "Auckland"
              },
              "Bougainville": {
                "exemplarCity": "Bougainville"
              },
              "Chatham": {
                "exemplarCity": "Chatham"
              },
              "Easter": {
                "exemplarCity": "Illa de Pascua"
              },
              "Efate": {
                "exemplarCity": "Efate"
              },
              "Enderbury": {
                "exemplarCity": "Enderbury"
              },
              "Fakaofo": {
                "exemplarCity": "Fakaofo"
              },
              "Fiji": {
                "exemplarCity": "Fixi"
              },
              "Funafuti": {
                "exemplarCity": "Funafuti"
              },
              "Galapagos": {
                "exemplarCity": "Illas Galápagos"
              },
              "Gambier": {
                "exemplarCity": "Gambier"
              },
              "Guadalcanal": {
                "exemplarCity": "Guadalcanal"
              },
              "Guam": {
                "exemplarCity": "Guam"
              },
              "Honolulu": {
                "exemplarCity": "Honolulú"
              },
              "Johnston": {
                "exemplarCity": "Johnston"
              },
              "Kiritimati": {
                "exemplarCity": "Kiritimati"
              },
              "Kosrae": {
                "exemplarCity": "Kosrae"
              },
              "Kwajalein": {
                "exemplarCity": "Kwajalein"
              },
              "Majuro": {
                "exemplarCity": "Majuro"
              },
              "Marquesas": {
                "exemplarCity": "Marquesas"
              },
              "Midway": {
                "exemplarCity": "Midway"
              },
              "Nauru": {
                "exemplarCity": "Nauru"
              },
              "Niue": {
                "exemplarCity": "Niue"
              },
              "Norfolk": {
                "exemplarCity": "Norfolk"
              },
              "Noumea": {
                "exemplarCity": "Noumea"
              },
              "Pago_Pago": {
                "exemplarCity": "Pago Pago"
              },
              "Palau": {
                "exemplarCity": "Palau"
              },
              "Pitcairn": {
                "exemplarCity": "Pitcairn"
              },
              "Ponape": {
                "exemplarCity": "Pohnpei"
              },
              "Port_Moresby": {
                "exemplarCity": "Port Moresby"
              },
              "Rarotonga": {
                "exemplarCity": "Rarotonga"
              },
              "Saipan": {
                "exemplarCity": "Saipan"
              },
              "Tahiti": {
                "exemplarCity": "Tahití"
              },
              "Tarawa": {
                "exemplarCity": "Tarawa"
              },
              "Tongatapu": {
                "exemplarCity": "Tongatapu"
              },
              "Truk": {
                "exemplarCity": "Chuuk"
              },
              "Wake": {
                "exemplarCity": "Wake"
              },
              "Wallis": {
                "exemplarCity": "Wallis"
              }
            },
            "Arctic": {
              "Longyearbyen": {
                "exemplarCity": "Longyearbyen"
              }
            },
            "Antarctica": {
              "Casey": {
                "exemplarCity": "Casey"
              },
              "Davis": {
                "exemplarCity": "Davis"
              },
              "DumontDUrville": {
                "exemplarCity": "Dumont-d’Urville"
              },
              "Macquarie": {
                "exemplarCity": "Macquarie"
              },
              "Mawson": {
                "exemplarCity": "Mawson"
              },
              "McMurdo": {
                "exemplarCity": "McMurdo"
              },
              "Palmer": {
                "exemplarCity": "Palmer"
              },
              "Rothera": {
                "exemplarCity": "Rothera"
              },
              "Syowa": {
                "exemplarCity": "Showa"
              },
              "Troll": {
                "exemplarCity": "Troll"
              },
              "Vostok": {
                "exemplarCity": "Vostok"
              }
            },
            "Etc": {
              "UTC": {
                "long": {
                  "standard": "Horario universal coordinado"
                },
                "short": {
                  "standard": "UTC"
                }
              },
              "Unknown": {
                "exemplarCity": "Cidade descoñecida"
              }
            }
          },
          "metazone": {
            "Afghanistan": {
              "long": {
                "standard": "Horario de Afganistán"
              }
            },
            "Africa_Central": {
              "long": {
                "standard": "Horario de África Central"
              }
            },
            "Africa_Eastern": {
              "long": {
                "standard": "Horario de África Oriental"
              }
            },
            "Africa_Southern": {
              "long": {
                "standard": "Horario de África Meridional"
              }
            },
            "Africa_Western": {
              "long": {
                "generic": "Horario de África Occidental",
                "standard": "Horario estándar de África Occidental",
                "daylight": "Horario de verán de África Occidental"
              }
            },
            "Alaska": {
              "long": {
                "generic": "Horario de Alasca",
                "standard": "Horario estándar de Alasca",
                "daylight": "Horario de verán de Alasca"
              }
            },
            "Amazon": {
              "long": {
                "generic": "Horario do Amazonas",
                "standard": "Horario estándar do Amazonas",
                "daylight": "Horario de verán do Amazonas"
              }
            },
            "America_Central": {
              "long": {
                "generic": "Horario central, Norteamérica",
                "standard": "Horario estándar central, Norteamérica",
                "daylight": "Horario de verán central, Norteamérica"
              }
            },
            "America_Eastern": {
              "long": {
                "generic": "Horario do leste, América do Norte",
                "standard": "Horario estándar do leste, América do Norte",
                "daylight": "Horario de verán do leste, América do Norte"
              }
            },
            "America_Mountain": {
              "long": {
                "generic": "Horario da montaña, América do Norte",
                "standard": "Horario estándar da montaña, América do Norte",
                "daylight": "Horario de verán da montaña, América do Norte"
              }
            },
            "America_Pacific": {
              "long": {
                "generic": "Horario do Pacífico, América do Norte",
                "standard": "Horario estándar do Pacífico, América do Norte",
                "daylight": "Horario de verán do Pacífico, América do Norte"
              }
            },
            "Anadyr": {
              "long": {
                "generic": "Horario de Anadir",
                "standard": "Horario estándar de Anadir",
                "daylight": "Horario de verán de Anadir"
              }
            },
            "Apia": {
              "long": {
                "generic": "Horario de Apia",
                "standard": "Horario estándar de Apia",
                "daylight": "Horario de verán de Apia"
              }
            },
            "Arabian": {
              "long": {
                "generic": "Horario árabe",
                "standard": "Horario estándar árabe",
                "daylight": "Horario de verán árabe"
              }
            },
            "Argentina": {
              "long": {
                "generic": "Horario da Arxentina",
                "standard": "Horario estándar da Arxentina",
                "daylight": "Horario de verán da Arxentina"
              }
            },
            "Argentina_Western": {
              "long": {
                "generic": "Horario da Arxentina Occidental",
                "standard": "Horario estándar da Arxentina Occidental",
                "daylight": "Horario de verán da Arxentina Occidental"
              }
            },
            "Armenia": {
              "long": {
                "generic": "Horario de Armenia",
                "standard": "Horario estándar de Armenia",
                "daylight": "Horario de verán de Armenia"
              }
            },
            "Atlantic": {
              "long": {
                "generic": "Horario do Atlántico",
                "standard": "Horario estándar do Atlántico",
                "daylight": "Horario de verán do Atlántico"
              }
            },
            "Australia_Central": {
              "long": {
                "generic": "Horario de Australia Central",
                "standard": "Horario estándar de Australia Central",
                "daylight": "Horario de verán de Australia Central"
              }
            },
            "Australia_CentralWestern": {
              "long": {
                "generic": "Horario de Australia Occidental Central",
                "standard": "Horario estándar de Australia Occidental Central",
                "daylight": "Horario de verán de Australia Occidental Central"
              }
            },
            "Australia_Eastern": {
              "long": {
                "generic": "Horario de Australia Oriental",
                "standard": "Horario estándar de Australia Oriental",
                "daylight": "Horario de verán de Australia Oriental"
              }
            },
            "Australia_Western": {
              "long": {
                "generic": "Horario de Australia Occidental",
                "standard": "Horario estándar de Australia Occidental",
                "daylight": "Horario de verán de Australia Occidental"
              }
            },
            "Azerbaijan": {
              "long": {
                "generic": "Horario de Acerbaixán",
                "standard": "Horario estándar de Acerbaixán",
                "daylight": "Horario de verán de Acerbaixán"
              }
            },
            "Azores": {
              "long": {
                "generic": "Horario dos Azores",
                "standard": "Horario estándar dos Azores",
                "daylight": "Horario de verán dos Azores"
              }
            },
            "Bangladesh": {
              "long": {
                "generic": "Horario de Bangladesh",
                "standard": "Horario estándar de Bangladesh",
                "daylight": "Horario de verán de Bangladesh"
              }
            },
            "Bhutan": {
              "long": {
                "standard": "Horario de Bután"
              }
            },
            "Bolivia": {
              "long": {
                "standard": "Horario de Bolivia"
              }
            },
            "Brasilia": {
              "long": {
                "generic": "Horario de Brasilia",
                "standard": "Horario estándar de Brasilia",
                "daylight": "Horario de verán de Brasilia"
              }
            },
            "Brunei": {
              "long": {
                "standard": "Horario de Brunei Darussalam"
              }
            },
            "Cape_Verde": {
              "long": {
                "generic": "Horario de Cabo Verde",
                "standard": "Horario estándar de Cabo Verde",
                "daylight": "Horario de verán de Cabo Verde"
              }
            },
            "Chamorro": {
              "long": {
                "standard": "Horario estándar chamorro"
              }
            },
            "Chatham": {
              "long": {
                "generic": "Horario de Chatham",
                "standard": "Horario estándar de Chatham",
                "daylight": "Horario de verán de Chatham"
              }
            },
            "Chile": {
              "long": {
                "generic": "Horario de Chile",
                "standard": "Horario estándar de Chile",
                "daylight": "Horario de verán de Chile"
              }
            },
            "China": {
              "long": {
                "generic": "Horario da China",
                "standard": "Horario estándar da China",
                "daylight": "Horario de verán da China"
              }
            },
            "Choibalsan": {
              "long": {
                "generic": "Horario de Choibalsan",
                "standard": "Horario estándar de Choibalsan",
                "daylight": "Horario de verán de Choibalsan"
              }
            },
            "Christmas": {
              "long": {
                "standard": "Horario da Illa Christmas"
              }
            },
            "Cocos": {
              "long": {
                "standard": "Horario das Illas Cocos"
              }
            },
            "Colombia": {
              "long": {
                "generic": "Horario de Colombia",
                "standard": "Horario estándar de Colombia",
                "daylight": "Horario de verán de Colombia"
              }
            },
            "Cook": {
              "long": {
                "generic": "Horario das Illas Cook",
                "standard": "Horario estándar das Illas Cook",
                "daylight": "Horario de verán medio das Illas Cook"
              }
            },
            "Cuba": {
              "long": {
                "generic": "Horario de Cuba",
                "standard": "Horario estándar de Cuba",
                "daylight": "Horario de verán de Cuba"
              }
            },
            "Davis": {
              "long": {
                "standard": "Horario de Davis"
              }
            },
            "DumontDUrville": {
              "long": {
                "standard": "Horario de Dumont-d’Urville"
              }
            },
            "East_Timor": {
              "long": {
                "standard": "Horario de Timor Leste"
              }
            },
            "Easter": {
              "long": {
                "generic": "Horario da Illa de Pascua",
                "standard": "Horario estándar da Illa de Pascua",
                "daylight": "Horario de verán da Illa de Pascua"
              }
            },
            "Ecuador": {
              "long": {
                "standard": "Horario de Ecuador"
              }
            },
            "Europe_Central": {
              "long": {
                "generic": "Horario de Europa Central",
                "standard": "Horario estándar de Europa Central",
                "daylight": "Horario de verán de Europa Central"
              },
              "short": {
                "generic": "CET",
                "standard": "CET",
                "daylight": "CEST"
              }
            },
            "Europe_Eastern": {
              "long": {
                "generic": "Horario de Europa Oriental",
                "standard": "Horario estándar de Europa Oriental",
                "daylight": "Horario de verán de Europa Oriental"
              },
              "short": {
                "generic": "EET",
                "standard": "EET",
                "daylight": "EEST"
              }
            },
            "Europe_Further_Eastern": {
              "long": {
                "standard": "Horario do extremo leste europeo"
              }
            },
            "Europe_Western": {
              "long": {
                "generic": "Horario de Europa Occidental",
                "standard": "Horario estándar de Europa Occidental",
                "daylight": "Horario de verán de Europa Occidental"
              },
              "short": {
                "generic": "WET",
                "standard": "WET",
                "daylight": "WEST"
              }
            },
            "Falkland": {
              "long": {
                "generic": "Horario das Illas Malvinas",
                "standard": "Horario estándar das Illas Malvinas",
                "daylight": "Horario de verán das Illas Malvinas"
              }
            },
            "Fiji": {
              "long": {
                "generic": "Horario de Fixi",
                "standard": "Horario estándar de Fixi",
                "daylight": "Horario de verán de Fixi"
              }
            },
            "French_Guiana": {
              "long": {
                "standard": "Horario da Güiana Francesa"
              }
            },
            "French_Southern": {
              "long": {
                "standard": "Horario das Terras Austrais e Antárticas Francesas"
              }
            },
            "Galapagos": {
              "long": {
                "standard": "Horario das Galápagos"
              }
            },
            "Gambier": {
              "long": {
                "standard": "Horario de Gambier"
              }
            },
            "Georgia": {
              "long": {
                "generic": "Horario de Xeorxia",
                "standard": "Horario estándar de Xeorxia",
                "daylight": "Horario de verán de Xeorxia"
              }
            },
            "Gilbert_Islands": {
              "long": {
                "standard": "Horario das Illas Gilbert"
              }
            },
            "GMT": {
              "long": {
                "standard": "Horario do meridiano de Greenwich"
              },
              "short": {
                "standard": "GMT"
              }
            },
            "Greenland_Eastern": {
              "long": {
                "generic": "Horario de Groenlandia Oriental",
                "standard": "Horario estándar de Groenlandia Oriental",
                "daylight": "Horario de verán de Groenlandia Oriental"
              }
            },
            "Greenland_Western": {
              "long": {
                "generic": "Horario de Groenlandia Occidental",
                "standard": "Horario estándar de Groenlandia Occidental",
                "daylight": "Horario de verán de Groenlandia Occidental"
              }
            },
            "Gulf": {
              "long": {
                "standard": "Horario do Golfo"
              }
            },
            "Guyana": {
              "long": {
                "standard": "Horario da Güiana"
              }
            },
            "Hawaii_Aleutian": {
              "long": {
                "generic": "Horario de Hawai-illas Aleutianas",
                "standard": "Horario estándar de Hawai-illas Aleutianas",
                "daylight": "Horario de verán de Hawai-illas Aleutianas"
              }
            },
            "Hong_Kong": {
              "long": {
                "generic": "Horario de Hong Kong",
                "standard": "Horario estándar de Hong Kong",
                "daylight": "Horario de verán de Hong Kong"
              }
            },
            "Hovd": {
              "long": {
                "generic": "Horario de Hovd",
                "standard": "Horario estándar de Hovd",
                "daylight": "Horario de verán de Hovd"
              }
            },
            "India": {
              "long": {
                "standard": "Horario da India"
              }
            },
            "Indian_Ocean": {
              "long": {
                "standard": "Horario do Océano Índico"
              }
            },
            "Indochina": {
              "long": {
                "standard": "Horario de Indochina"
              }
            },
            "Indonesia_Central": {
              "long": {
                "standard": "Horario de Indonesia Central"
              }
            },
            "Indonesia_Eastern": {
              "long": {
                "standard": "Horario de Indonesia Oriental"
              }
            },
            "Indonesia_Western": {
              "long": {
                "standard": "Horario de Indonesia Occidental"
              }
            },
            "Iran": {
              "long": {
                "generic": "Horario de Irán",
                "standard": "Horario estándar de Irán",
                "daylight": "Horario de verán de Irán"
              }
            },
            "Irkutsk": {
              "long": {
                "generic": "Horario de Irkutsk",
                "standard": "Horario estándar de Irkutsk",
                "daylight": "Horario de verán de Irkutsk"
              }
            },
            "Israel": {
              "long": {
                "generic": "Horario de Israel",
                "standard": "Horario estándar de Israel",
                "daylight": "Horario de verán de Israel"
              }
            },
            "Japan": {
              "long": {
                "generic": "Horario do Xapón",
                "standard": "Horario estándar do Xapón",
                "daylight": "Horario de verán do Xapón"
              }
            },
            "Kamchatka": {
              "long": {
                "generic": "Horario de Petropávlovsk-Kamchatski",
                "standard": "Horario estándar de Petropávlovsk-Kamchatski",
                "daylight": "Horario de verán de Petropávlovsk-Kamchatski"
              }
            },
            "Kazakhstan_Eastern": {
              "long": {
                "standard": "Horario de Kazakistán Oriental"
              }
            },
            "Kazakhstan_Western": {
              "long": {
                "standard": "Horario de Kazakistán Occidental"
              }
            },
            "Korea": {
              "long": {
                "generic": "Horario de Corea",
                "standard": "Horario estándar de Corea",
                "daylight": "Horario de verán de Corea"
              }
            },
            "Kosrae": {
              "long": {
                "standard": "Horario de Kosrae"
              }
            },
            "Krasnoyarsk": {
              "long": {
                "generic": "Horario de Krasnoiarsk",
                "standard": "Horario estándar de Krasnoiarsk",
                "daylight": "Horario de verán de Krasnoiarsk"
              }
            },
            "Kyrgystan": {
              "long": {
                "standard": "Horario de Kirguizistán"
              }
            },
            "Line_Islands": {
              "long": {
                "standard": "Horario das Illas da Liña"
              }
            },
            "Lord_Howe": {
              "long": {
                "generic": "Horario de Lord Howe",
                "standard": "Horario estándar de Lord Howe",
                "daylight": "Horario de verán de Lord Howe"
              }
            },
            "Macquarie": {
              "long": {
                "standard": "Horario da Illa Macquarie"
              }
            },
            "Magadan": {
              "long": {
                "generic": "Horario de Magadan",
                "standard": "Horario estándar de Magadan",
                "daylight": "Horario de verán de Magadan"
              }
            },
            "Malaysia": {
              "long": {
                "standard": "Horario de Malaisia"
              }
            },
            "Maldives": {
              "long": {
                "standard": "Horario das Maldivas"
              }
            },
            "Marquesas": {
              "long": {
                "standard": "Horario das Marquesas"
              }
            },
            "Marshall_Islands": {
              "long": {
                "standard": "Horario das Illas Marshall"
              }
            },
            "Mauritius": {
              "long": {
                "generic": "Horario de Mauricio",
                "standard": "Horario estándar de Mauricio",
                "daylight": "Horario de verán de Mauricio"
              }
            },
            "Mawson": {
              "long": {
                "standard": "Horario de Mawson"
              }
            },
            "Mexico_Northwest": {
              "long": {
                "generic": "Horario do noroeste de México",
                "standard": "Horario estándar do noroeste de México",
                "daylight": "Horario de verán do noroeste de México"
              }
            },
            "Mexico_Pacific": {
              "long": {
                "generic": "Horario do Pacífico mexicano",
                "standard": "Horario estándar do Pacífico mexicano",
                "daylight": "Horario de verán do Pacífico mexicano"
              }
            },
            "Mongolia": {
              "long": {
                "generic": "Horario de Ulaanbaatar",
                "standard": "Horario estándar de Ulaanbaatar",
                "daylight": "Horario de verán de Ulaanbaatar"
              }
            },
            "Moscow": {
              "long": {
                "generic": "Horario de Moscova",
                "standard": "Horario estándar de Moscova",
                "daylight": "Horario de verán de Moscova"
              }
            },
            "Myanmar": {
              "long": {
                "standard": "Horario de Myanmar"
              }
            },
            "Nauru": {
              "long": {
                "standard": "Horario de Nauru"
              }
            },
            "Nepal": {
              "long": {
                "standard": "Horario de Nepal"
              }
            },
            "New_Caledonia": {
              "long": {
                "generic": "Horario de Nova Caledonia",
                "standard": "Horario estándar de Nova Caledonia",
                "daylight": "Horario de verán de Nova Caledonia"
              }
            },
            "New_Zealand": {
              "long": {
                "generic": "Horario de Nova Zelandia",
                "standard": "Horario estándar de Nova Zelandia",
                "daylight": "Horario de verán de Nova Zelandia"
              }
            },
            "Newfoundland": {
              "long": {
                "generic": "Horario de Terra Nova",
                "standard": "Horario estándar de Terra Nova",
                "daylight": "Horario de verán de Terra Nova"
              }
            },
            "Niue": {
              "long": {
                "standard": "Horario de Niue"
              }
            },
            "Norfolk": {
              "long": {
                "generic": "Horario da Illa Norfolk",
                "standard": "Horario estándar da Illa Norfolk",
                "daylight": "Horario de verán da Illa Norfolk"
              }
            },
            "Noronha": {
              "long": {
                "generic": "Horario de Fernando de Noronha",
                "standard": "Horario estándar de Fernando de Noronha",
                "daylight": "Horario de verán de Fernando de Noronha"
              }
            },
            "Novosibirsk": {
              "long": {
                "generic": "Horario de Novosibirsk",
                "standard": "Horario estándar de Novosibirsk",
                "daylight": "Horario de verán de Novosibirsk"
              }
            },
            "Omsk": {
              "long": {
                "generic": "Horario de Omsk",
                "standard": "Horario estándar de Omsk",
                "daylight": "Horario de verán de Omsk"
              }
            },
            "Pakistan": {
              "long": {
                "generic": "Horario de Paquistán",
                "standard": "Horario estándar de Paquistán",
                "daylight": "Horario de verán de Paquistán"
              }
            },
            "Palau": {
              "long": {
                "standard": "Horario de Palau"
              }
            },
            "Papua_New_Guinea": {
              "long": {
                "standard": "Horario de Papúa-Nova Guinea"
              }
            },
            "Paraguay": {
              "long": {
                "generic": "Horario do Paraguai",
                "standard": "Horario estándar do Paraguai",
                "daylight": "Horario de verán do Paraguai"
              }
            },
            "Peru": {
              "long": {
                "generic": "Horario do Perú",
                "standard": "Horario estándar do Perú",
                "daylight": "Horario de verán do Perú"
              }
            },
            "Philippines": {
              "long": {
                "generic": "Horario de Filipinas",
                "standard": "Horario estándar de Filipinas",
                "daylight": "Horario de verán de Filipinas"
              }
            },
            "Phoenix_Islands": {
              "long": {
                "standard": "Horario das Illas Fénix"
              }
            },
            "Pierre_Miquelon": {
              "long": {
                "generic": "Horario de Saint Pierre et Miquelon",
                "standard": "Horario estándar de Saint Pierre et Miquelon",
                "daylight": "Horario de verán de Saint Pierre et Miquelon"
              }
            },
            "Pitcairn": {
              "long": {
                "standard": "Horario de Pitcairn"
              }
            },
            "Ponape": {
              "long": {
                "standard": "Horario de Pohnpei"
              }
            },
            "Pyongyang": {
              "long": {
                "standard": "Horario de Pyongyang"
              }
            },
            "Reunion": {
              "long": {
                "standard": "Horario de Reunión"
              }
            },
            "Rothera": {
              "long": {
                "standard": "Horario de Rothera"
              }
            },
            "Sakhalin": {
              "long": {
                "generic": "Horario de Sakhalín",
                "standard": "Horario estándar de Sakhalín",
                "daylight": "Horario de verán de Sakhalín"
              }
            },
            "Samara": {
              "long": {
                "generic": "Horario de Samara",
                "standard": "Horario estándar de Samara",
                "daylight": "Horario de verán de Samara"
              }
            },
            "Samoa": {
              "long": {
                "generic": "Horario de Samoa",
                "standard": "Horario estándar de Samoa",
                "daylight": "Horario de verán de Samoa"
              }
            },
            "Seychelles": {
              "long": {
                "standard": "Horario das Seychelles"
              }
            },
            "Singapore": {
              "long": {
                "standard": "Horario de Singapur"
              }
            },
            "Solomon": {
              "long": {
                "standard": "Horario das Illas Salomón"
              }
            },
            "South_Georgia": {
              "long": {
                "standard": "Horario de Xeorxia do Sur"
              }
            },
            "Suriname": {
              "long": {
                "standard": "Horario de Suriname"
              }
            },
            "Syowa": {
              "long": {
                "standard": "Horario de Syowa"
              }
            },
            "Tahiti": {
              "long": {
                "standard": "Horario de Tahití"
              }
            },
            "Taipei": {
              "long": {
                "generic": "Horario de Taipei",
                "standard": "Horario estándar de Taipei",
                "daylight": "Horario de verán de Taipei"
              }
            },
            "Tajikistan": {
              "long": {
                "standard": "Horario de Taxiquistán"
              }
            },
            "Tokelau": {
              "long": {
                "standard": "Horario de Tokelau"
              }
            },
            "Tonga": {
              "long": {
                "generic": "Horario de Tonga",
                "standard": "Horario estándar de Tonga",
                "daylight": "Horario de verán de Tonga"
              }
            },
            "Truk": {
              "long": {
                "standard": "Horario de Chuuk"
              }
            },
            "Turkmenistan": {
              "long": {
                "generic": "Horario de Turkmenistán",
                "standard": "Horario estándar de Turkmenistán",
                "daylight": "Horario de verán de Turkmenistán"
              }
            },
            "Tuvalu": {
              "long": {
                "standard": "Horario de Tuvalu"
              }
            },
            "Uruguay": {
              "long": {
                "generic": "Horario do Uruguai",
                "standard": "Horario estándar do Uruguai",
                "daylight": "Horario de verán do Uruguai"
              }
            },
            "Uzbekistan": {
              "long": {
                "generic": "Horario de Uzbekistán",
                "standard": "Horario estándar de Uzbekistán",
                "daylight": "Horario de verán de Uzbekistán"
              }
            },
            "Vanuatu": {
              "long": {
                "generic": "Horario de Vanuatu",
                "standard": "Horario estándar de Vanuatu",
                "daylight": "Horario de verán de Vanuatu"
              }
            },
            "Venezuela": {
              "long": {
                "standard": "Horario de Venezuela"
              }
            },
            "Vladivostok": {
              "long": {
                "generic": "Horario de Vladivostok",
                "standard": "Horario estándar de Vladivostok",
                "daylight": "Horario de verán de Vladivostok"
              }
            },
            "Volgograd": {
              "long": {
                "generic": "Horario de Volgogrado",
                "standard": "Horario estándar de Volgogrado",
                "daylight": "Horario de verán de Volgogrado"
              }
            },
            "Vostok": {
              "long": {
                "standard": "Horario de Vostok"
              }
            },
            "Wake": {
              "long": {
                "standard": "Horario da Illa Wake"
              }
            },
            "Wallis": {
              "long": {
                "standard": "Horario de Wallis e Futuna"
              }
            },
            "Yakutsk": {
              "long": {
                "generic": "Horario de Iakutsk",
                "standard": "Horario estándar de Iakutsk",
                "daylight": "Horario de verán de Iakutsk"
              }
            },
            "Yekaterinburg": {
              "long": {
                "generic": "Horario de Ekaterimburgo",
                "standard": "Horario estándar de Ekaterimburgo",
                "daylight": "Horario de verán de Ekaterimburgo"
              }
            }
          }
        }
      }
    }
  }
}
