{
  "main": {
    "my": {
      "identity": {
        "version": {
          "_cldrVersion": "42"
        },
        "language": "my"
      },
      "dates": {
        "timeZoneNames": {
          "hourFormat": "+HH:mm;-HH:mm",
          "gmtFormat": "GMT{0}",
          "gmtZeroFormat": "GMT",
          "regionFormat": "{0} အချိန်",
          "regionFormat-type-daylight": "{0} နွေရာသီ စံတော်ချိန်",
          "regionFormat-type-standard": "{0} စံတော်ချိန်",
          "fallbackFormat": "{1} ({0})",
          "zone": {
            "America": {
              "Adak": {
                "exemplarCity": "အာဒချ"
              },
              "Anchorage": {
                "exemplarCity": "အန်ကာရေ့ဂျ်"
              },
              "Anguilla": {
                "exemplarCity": "အန်ဂီလာ"
              },
              "Antigua": {
                "exemplarCity": "အန်တီဂွါ"
              },
              "Araguaina": {
                "exemplarCity": "အာရာဂွါအီနာ"
              },
              "Argentina": {
                "Rio_Gallegos": {
                  "exemplarCity": "ရီယို ဂါလီဂိုစ်"
                },
                "San_Juan": {
                  "exemplarCity": "ဆန် ဂွမ်"
                },
                "Ushuaia": {
                  "exemplarCity": "ဥဆွာအီအာ"
                },
                "La_Rioja": {
                  "exemplarCity": "လာ ရီယိုဟာ"
                },
                "San_Luis": {
                  "exemplarCity": "ဆန် လူဝီစ်"
                },
                "Salta": {
                  "exemplarCity": "ဆာလ်တာ"
                },
                "Tucuman": {
                  "exemplarCity": "တူကူမန်"
                }
              },
              "Aruba": {
                "exemplarCity": "အာရူးဗာ"
              },
              "Asuncion": {
                "exemplarCity": "အာဆူစီအွန်း"
              },
              "Bahia": {
                "exemplarCity": "ဘာဟီအာ"
              },
              "Bahia_Banderas": {
                "exemplarCity": "ဘာဟီအာ ဘန်ဒရက်စ်"
              },
              "Barbados": {
                "exemplarCity": "ဘာဘေးဒိုးစ်"
              },
              "Belem": {
                "exemplarCity": "ဘီလင်မ်"
              },
              "Belize": {
                "exemplarCity": "ဘလိဇ်"
              },
              "Blanc-Sablon": {
                "exemplarCity": "ဘလွန်ခ်-စာဘလွန်"
              },
              "Boa_Vista": {
                "exemplarCity": "ဘိုအာဗီစ်တာ"
              },
              "Bogota": {
                "exemplarCity": "ဘိုဂိုတာ"
              },
              "Boise": {
                "exemplarCity": "ဗွိုက်စီ"
              },
              "Buenos_Aires": {
                "exemplarCity": "ဗျူနိုအေးရိစ်"
              },
              "Cambridge_Bay": {
                "exemplarCity": "ကိန်းဘရစ်ချ် ဘေး"
              },
              "Campo_Grande": {
                "exemplarCity": "ကိမ်ပို ဂရန်ဒီ"
              },
              "Cancun": {
                "exemplarCity": "ကန်ခန်"
              },
              "Caracas": {
                "exemplarCity": "ကာရာကာစ်"
              },
              "Catamarca": {
                "exemplarCity": "ကာတာမာရကာ"
              },
              "Cayenne": {
                "exemplarCity": "ကေညင်န်"
              },
              "Cayman": {
                "exemplarCity": "ကေမန်"
              },
              "Chicago": {
                "exemplarCity": "ချီကာကို"
              },
              "Chihuahua": {
                "exemplarCity": "ချီဟူအာဟူအာ"
              },
              "Coral_Harbour": {
                "exemplarCity": "အာတီကိုကန်"
              },
              "Cordoba": {
                "exemplarCity": "ကိုဒိုဘာ"
              },
              "Costa_Rica": {
                "exemplarCity": "ကို့စတာရီကာ"
              },
              "Creston": {
                "exemplarCity": "ကရစ်စတွန်"
              },
              "Cuiaba": {
                "exemplarCity": "ကွီရာဘာ"
              },
              "Curacao": {
                "exemplarCity": "ကျူရေးကိုး"
              },
              "Danmarkshavn": {
                "exemplarCity": "ဒန်မတ်ရှ်ဗာန်"
              },
              "Dawson": {
                "exemplarCity": "ဒေါ်ဆန်"
              },
              "Dawson_Creek": {
                "exemplarCity": "ဒေါ်ဆန် ခရိခ်"
              },
              "Denver": {
                "exemplarCity": "ဒင်န်ဗာ"
              },
              "Detroit": {
                "exemplarCity": "ဒက်ထရွိုက်"
              },
              "Dominica": {
                "exemplarCity": "ဒိုမီနီကာ"
              },
              "Edmonton": {
                "exemplarCity": "အက်ဒ်မွန်တန်"
              },
              "Eirunepe": {
                "exemplarCity": "အီရူနီပီ"
              },
              "El_Salvador": {
                "exemplarCity": "အယ်လ်ဆာဗေဒို"
              },
              "Fort_Nelson": {
                "exemplarCity": "ဖို့တ် နယ်လ်ဆင်"
              },
              "Fortaleza": {
                "exemplarCity": "ဖို့တ်တာလီဇာ"
              },
              "Glace_Bay": {
                "exemplarCity": "ဂလဲစ်ဘေး"
              },
              "Godthab": {
                "exemplarCity": "နုခ်"
              },
              "Goose_Bay": {
                "exemplarCity": "ဂူးစ်ဘေး"
              },
              "Grand_Turk": {
                "exemplarCity": "ဂရန်ဒ် တခ်"
              },
              "Grenada": {
                "exemplarCity": "ဂရီနေဒါ"
              },
              "Guadeloupe": {
                "exemplarCity": "ဂွါဒီလုပ်"
              },
              "Guatemala": {
                "exemplarCity": "ဂွါတီမာလာ"
              },
              "Guayaquil": {
                "exemplarCity": "ဂွါရာကွီးလ်"
              },
              "Guyana": {
                "exemplarCity": "ဂိုင်ယာနာ"
              },
              "Halifax": {
                "exemplarCity": "ဟလီဖက်စ်"
              },
              "Havana": {
                "exemplarCity": "ဟာဗာနာ"
              },
              "Hermosillo": {
                "exemplarCity": "ဟာမိုစ်စီလို"
              },
              "Indiana": {
                "Vincennes": {
                  "exemplarCity": "ဗင်ဆင့်စ်၊ အင်ဒီယားနား"
                },
                "Petersburg": {
                  "exemplarCity": "ပီတာစ်ဘတ်ခ်၊ အင်ဒီယားနား"
                },
                "Tell_City": {
                  "exemplarCity": "တဲလ်စီးတီး၊ အင်ဒီယားနား"
                },
                "Knox": {
                  "exemplarCity": "နောက်ခ်စ်၊ အင်ဒီယားနား"
                },
                "Winamac": {
                  "exemplarCity": "ဝီနာမက်ခ်၊ အင်ဒီယားနား"
                },
                "Marengo": {
                  "exemplarCity": "မာရန်ဂို၊ အင်ဒီယားနား"
                },
                "Vevay": {
                  "exemplarCity": "ဗီဗဲ၊ အင်ဒီယားနား"
                }
              },
              "Indianapolis": {
                "exemplarCity": "အင်ဒီယားနား ပိုလိစ်"
              },
              "Inuvik": {
                "exemplarCity": "အီနုဗီခ်"
              },
              "Iqaluit": {
                "exemplarCity": "အီကာလူအီတ်"
              },
              "Jamaica": {
                "exemplarCity": "ဂျမေကာ"
              },
              "Jujuy": {
                "exemplarCity": "ဂျုဂျေ"
              },
              "Juneau": {
                "exemplarCity": "ဂျုနိုအော"
              },
              "Kentucky": {
                "Monticello": {
                  "exemplarCity": "မွန်တီချယ်လို၊ ကင်တပ်ကီ"
                }
              },
              "Kralendijk": {
                "exemplarCity": "ခရာလဲန်းဒစ်ချ်"
              },
              "La_Paz": {
                "exemplarCity": "လာပါဇ်"
              },
              "Lima": {
                "exemplarCity": "လီမာ"
              },
              "Los_Angeles": {
                "exemplarCity": "လော့စ်အိန်ဂျယ်လိစ်"
              },
              "Louisville": {
                "exemplarCity": "လူဝီဗီးလ်"
              },
              "Lower_Princes": {
                "exemplarCity": "လိုအာပရင့်စ် ကွာတာ"
              },
              "Maceio": {
                "exemplarCity": "မာဆဲသွာ"
              },
              "Managua": {
                "exemplarCity": "မာနာဂွါ"
              },
              "Manaus": {
                "exemplarCity": "မာနောက်စ်"
              },
              "Marigot": {
                "exemplarCity": "မာရီဂေါ့"
              },
              "Martinique": {
                "exemplarCity": "မာတီနီဂ်"
              },
              "Matamoros": {
                "exemplarCity": "မာတာမိုရိုစ်"
              },
              "Mazatlan": {
                "exemplarCity": "မာဇတ်လန်"
              },
              "Mendoza": {
                "exemplarCity": "မန်ဒိုဇာ"
              },
              "Menominee": {
                "exemplarCity": "မီနိုမီနီး"
              },
              "Merida": {
                "exemplarCity": "မီရီဒါ"
              },
              "Metlakatla": {
                "exemplarCity": "မက်တ်လာကက်လာ"
              },
              "Mexico_City": {
                "exemplarCity": "မက်ကဆီကို စီးတီး"
              },
              "Miquelon": {
                "exemplarCity": "မီကွီလွန်"
              },
              "Moncton": {
                "exemplarCity": "မွန်ခ်တွန်"
              },
              "Monterrey": {
                "exemplarCity": "မွန်တဲရေး"
              },
              "Montevideo": {
                "exemplarCity": "မွန်တီဗီဒီအို"
              },
              "Montserrat": {
                "exemplarCity": "မွန့်(တ်)ဆေးရတ်"
              },
              "Nassau": {
                "exemplarCity": "နာ့ဆော်"
              },
              "New_York": {
                "exemplarCity": "နယူးယောက်"
              },
              "Nipigon": {
                "exemplarCity": "နီပီဂွန်"
              },
              "Nome": {
                "exemplarCity": "နိုမီ"
              },
              "Noronha": {
                "exemplarCity": "နိုရိုညာ"
              },
              "North_Dakota": {
                "Beulah": {
                  "exemplarCity": "ဗြူလာ၊ မြောက်ဒါကိုတာ"
                },
                "New_Salem": {
                  "exemplarCity": "နယူးဆေးလမ်၊ မြောက်ဒါကိုတာ"
                },
                "Center": {
                  "exemplarCity": "စင်တာ၊ မြောက်ဒါကိုတာ"
                }
              },
              "Ojinaga": {
                "exemplarCity": "အိုခီနဂါ"
              },
              "Panama": {
                "exemplarCity": "ပနားမား"
              },
              "Pangnirtung": {
                "exemplarCity": "ဖန်ဂ်နသ်တံ"
              },
              "Paramaribo": {
                "exemplarCity": "ပါရာမာရီဘို"
              },
              "Phoenix": {
                "exemplarCity": "ဖီးနစ်"
              },
              "Port-au-Prince": {
                "exemplarCity": "ပို့တ်-အို-ပရင့်စ်"
              },
              "Port_of_Spain": {
                "exemplarCity": "ပို့တ် အော့ဖ် စပိန်"
              },
              "Porto_Velho": {
                "exemplarCity": "ပို့တ်တို ဗဲလီယို"
              },
              "Puerto_Rico": {
                "exemplarCity": "ပေါ်တိုရီကို"
              },
              "Punta_Arenas": {
                "exemplarCity": "ပွန်တာ အရီနာစ်"
              },
              "Rainy_River": {
                "exemplarCity": "ရိမ်းနီး ရီဗာ"
              },
              "Rankin_Inlet": {
                "exemplarCity": "ရန်ကင် အင်းလက်"
              },
              "Recife": {
                "exemplarCity": "ဟေစီဖီလ်"
              },
              "Regina": {
                "exemplarCity": "ရယ်ဂျီနာ"
              },
              "Resolute": {
                "exemplarCity": "ရီဆိုလုပ်(တ်)"
              },
              "Rio_Branco": {
                "exemplarCity": "ရီယို ဘရန်ကို"
              },
              "Santa_Isabel": {
                "exemplarCity": "ဆန်တာ အစ္ဇဘဲလ်"
              },
              "Santarem": {
                "exemplarCity": "ဆန်တာရမ်"
              },
              "Santiago": {
                "exemplarCity": "ဆန်တီအာဂို"
              },
              "Santo_Domingo": {
                "exemplarCity": "ဆန်တို ဒိုမင်းဂို"
              },
              "Sao_Paulo": {
                "exemplarCity": "ဆော်ပိုလို"
              },
              "Scoresbysund": {
                "exemplarCity": "အစ်တာကာ တိုးမိရက်တ်"
              },
              "Sitka": {
                "exemplarCity": "စစ်ကာ"
              },
              "St_Barthelemy": {
                "exemplarCity": "စိန့်ဘာသယ်လမီ"
              },
              "St_Johns": {
                "exemplarCity": "စိန့်ဂျွန်း"
              },
              "St_Kitts": {
                "exemplarCity": "စိန့်ကိစ်"
              },
              "St_Lucia": {
                "exemplarCity": "စိန့်လူစီယာ"
              },
              "St_Thomas": {
                "exemplarCity": "စိန့်သောမတ်စ်"
              },
              "St_Vincent": {
                "exemplarCity": "စိန့်ဗင်းဆင့်"
              },
              "Swift_Current": {
                "exemplarCity": "စွတ်ဖ်တ် ကားရင့်"
              },
              "Tegucigalpa": {
                "exemplarCity": "တီဂူစီဂလ်ပါ"
              },
              "Thule": {
                "exemplarCity": "သုလီ"
              },
              "Thunder_Bay": {
                "exemplarCity": "သန်းန်ဒါး ဘေး"
              },
              "Tijuana": {
                "exemplarCity": "တီဂွါနာ"
              },
              "Toronto": {
                "exemplarCity": "တိုရန်တို"
              },
              "Tortola": {
                "exemplarCity": "တောတိုလာ"
              },
              "Vancouver": {
                "exemplarCity": "ဗန်ကူးဗား"
              },
              "Whitehorse": {
                "exemplarCity": "ဝိုက်(တ်)ဟိုစ်"
              },
              "Winnipeg": {
                "exemplarCity": "ဝီနီဗက်ဂ်"
              },
              "Yakutat": {
                "exemplarCity": "ရာကုတတ်"
              },
              "Yellowknife": {
                "exemplarCity": "ရဲလိုနိုက်ဖ်"
              }
            },
            "Atlantic": {
              "Azores": {
                "exemplarCity": "အေဇိုးရီးစ်"
              },
              "Bermuda": {
                "exemplarCity": "ဘာမြူဒါ"
              },
              "Canary": {
                "exemplarCity": "ကနေရီ"
              },
              "Cape_Verde": {
                "exemplarCity": "ကိတ်ပ် ဗာဒီ"
              },
              "Faeroe": {
                "exemplarCity": "ဖါရို"
              },
              "Madeira": {
                "exemplarCity": "မဒီးရာ"
              },
              "Reykjavik": {
                "exemplarCity": "ရေးကီဗစ်ခ်"
              },
              "South_Georgia": {
                "exemplarCity": "တောင်ဂျော်ဂျီယာ"
              },
              "St_Helena": {
                "exemplarCity": "စိန့်ဟယ်လယ်နာ"
              },
              "Stanley": {
                "exemplarCity": "စတန်လေ"
              }
            },
            "Europe": {
              "Amsterdam": {
                "exemplarCity": "အမ်စတာဒမ်"
              },
              "Andorra": {
                "exemplarCity": "အန်ဒိုရာ"
              },
              "Astrakhan": {
                "exemplarCity": "အားစ်တရခန်း"
              },
              "Athens": {
                "exemplarCity": "အေသင်"
              },
              "Belgrade": {
                "exemplarCity": "ဘဲလ်ဂရိတ်"
              },
              "Berlin": {
                "exemplarCity": "ဘာလင်"
              },
              "Bratislava": {
                "exemplarCity": "ဘရာတီးစ်လားဗာ"
              },
              "Brussels": {
                "exemplarCity": "ဘရပ်ဆဲလ်"
              },
              "Bucharest": {
                "exemplarCity": "ဘူခါရက်စ်"
              },
              "Budapest": {
                "exemplarCity": "ဘူဒါပက်စ်"
              },
              "Busingen": {
                "exemplarCity": "ဘူရှင်ဂျင်"
              },
              "Chisinau": {
                "exemplarCity": "ချီရှီနားအူ"
              },
              "Copenhagen": {
                "exemplarCity": "ကိုပင်ဟေဂင်"
              },
              "Dublin": {
                "long": {
                  "daylight": "အိုင်းရစ်ရှ် စံတော်ချိန်"
                },
                "exemplarCity": "ဒတ်ဘလင်"
              },
              "Gibraltar": {
                "exemplarCity": "ဂျီဘရော်လ်တာ"
              },
              "Guernsey": {
                "exemplarCity": "ဂွန်းဇီ"
              },
              "Helsinki": {
                "exemplarCity": "ဟဲလ်စင်ကီ"
              },
              "Isle_of_Man": {
                "exemplarCity": "မန်းကျွန်း"
              },
              "Istanbul": {
                "exemplarCity": "အစ္စတန်ဘူလ်"
              },
              "Jersey": {
                "exemplarCity": "ဂျာစီ"
              },
              "Kaliningrad": {
                "exemplarCity": "ခါလီနင်ဂရက်"
              },
              "Kiev": {
                "exemplarCity": "ခီးအက်ဖ်"
              },
              "Kirov": {
                "exemplarCity": "ခီရိုဗ်"
              },
              "Lisbon": {
                "exemplarCity": "လစ္စဘွန်း"
              },
              "Ljubljana": {
                "exemplarCity": "လူဘလီအားနား"
              },
              "London": {
                "long": {
                  "daylight": "ဗြိတိန် နွေရာသီ အချိန်"
                },
                "exemplarCity": "လန်ဒန်"
              },
              "Luxembourg": {
                "exemplarCity": "လူဇင်ဘတ်"
              },
              "Madrid": {
                "exemplarCity": "မဒရစ်"
              },
              "Malta": {
                "exemplarCity": "မော်လ်တာ"
              },
              "Mariehamn": {
                "exemplarCity": "မရီအာ ဟားမန်"
              },
              "Minsk": {
                "exemplarCity": "မင်းစခ်"
              },
              "Monaco": {
                "exemplarCity": "မိုနာကို"
              },
              "Moscow": {
                "exemplarCity": "မော်စကို"
              },
              "Oslo": {
                "exemplarCity": "အော်စလို"
              },
              "Paris": {
                "exemplarCity": "ပဲရစ်"
              },
              "Podgorica": {
                "exemplarCity": "ပေါ့ဂိုရီကာ"
              },
              "Prague": {
                "exemplarCity": "ပရက်ဂ်"
              },
              "Riga": {
                "exemplarCity": "ရီဂါ"
              },
              "Rome": {
                "exemplarCity": "ရောမ"
              },
              "Samara": {
                "exemplarCity": "ဆာမားရာ"
              },
              "San_Marino": {
                "exemplarCity": "ဆန်မရီးနို"
              },
              "Sarajevo": {
                "exemplarCity": "ဆာရာယေဗို"
              },
              "Saratov": {
                "exemplarCity": "ဆာရာတို့ဖ်"
              },
              "Simferopol": {
                "exemplarCity": "စင်ဖာရိုးဖို"
              },
              "Skopje": {
                "exemplarCity": "စကော့ပ်ရာ"
              },
              "Sofia": {
                "exemplarCity": "ဆိုဖီအာ"
              },
              "Stockholm": {
                "exemplarCity": "စတော့ဟုမ်း"
              },
              "Tallinn": {
                "exemplarCity": "ထားလင်"
              },
              "Tirane": {
                "exemplarCity": "တီရာနီ"
              },
              "Ulyanovsk": {
                "exemplarCity": "အူလီယာနိုစကစ်ဖ်"
              },
              "Uzhgorod": {
                "exemplarCity": "ဥဇ်ဂိုရို့တ်"
              },
              "Vaduz": {
                "exemplarCity": "ဗာဒူးစ်"
              },
              "Vatican": {
                "exemplarCity": "ဗာတီကန်"
              },
              "Vienna": {
                "exemplarCity": "ဗီယင်နာ"
              },
              "Vilnius": {
                "exemplarCity": "ဗီးလ်နီအိုးစ်"
              },
              "Volgograd": {
                "exemplarCity": "ဗိုလ်ဂိုဂရက်"
              },
              "Warsaw": {
                "exemplarCity": "ဝါဆော"
              },
              "Zagreb": {
                "exemplarCity": "ဇာဂ်ဂရက်ဘ်"
              },
              "Zaporozhye": {
                "exemplarCity": "ဇာဖိုရိုးစ်ဂျာ"
              },
              "Zurich": {
                "exemplarCity": "ဇူးရစ်ချ်"
              }
            },
            "Africa": {
              "Abidjan": {
                "exemplarCity": "အာဘီဂျန်"
              },
              "Accra": {
                "exemplarCity": "အက်ကရာ"
              },
              "Addis_Ababa": {
                "exemplarCity": "အားဒစ် အဘာဘာ"
              },
              "Algiers": {
                "exemplarCity": "အယ်လ်ဂျီးရီးယား"
              },
              "Asmera": {
                "exemplarCity": "အားစ်မားရာ"
              },
              "Bamako": {
                "exemplarCity": "ဘာမာကို"
              },
              "Bangui": {
                "exemplarCity": "ဘာန်ဂီး"
              },
              "Banjul": {
                "exemplarCity": "ဘန်ဂျုးလ်"
              },
              "Bissau": {
                "exemplarCity": "ဘီစာအို"
              },
              "Blantyre": {
                "exemplarCity": "ဘလန်တိုင်းရဲလ်"
              },
              "Brazzaville": {
                "exemplarCity": "ဘရားဇာဗီးလ်"
              },
              "Bujumbura": {
                "exemplarCity": "ဘူဂျွန်ဘူးရာ"
              },
              "Cairo": {
                "exemplarCity": "ကိုင်ရို"
              },
              "Casablanca": {
                "exemplarCity": "ကာဆာဘလန်ကာ"
              },
              "Ceuta": {
                "exemplarCity": "ဆီရူးတာ"
              },
              "Conakry": {
                "exemplarCity": "ကိုနာကရီး"
              },
              "Dakar": {
                "exemplarCity": "ဒကျကား"
              },
              "Dar_es_Salaam": {
                "exemplarCity": "ဒါရက်စ်ဆာလမ်"
              },
              "Djibouti": {
                "exemplarCity": "ဂျီဘူတီ"
              },
              "Douala": {
                "exemplarCity": "ဒိုအူအာလာ"
              },
              "El_Aaiun": {
                "exemplarCity": "အယ်လ်အာယွန်း"
              },
              "Freetown": {
                "exemplarCity": "ဖရီးတောင်းန်"
              },
              "Gaborone": {
                "exemplarCity": "ဂါဘာရွန်းနီ"
              },
              "Harare": {
                "exemplarCity": "ဟာရားရဲယ်"
              },
              "Johannesburg": {
                "exemplarCity": "ဂျိုဟန်းနက်စဘတ်"
              },
              "Juba": {
                "exemplarCity": "ဂျုဘာ"
              },
              "Kampala": {
                "exemplarCity": "ကမ်ပါလာ"
              },
              "Khartoum": {
                "exemplarCity": "ခါတိုအန်"
              },
              "Kigali": {
                "exemplarCity": "ကီဂါးလီ"
              },
              "Kinshasa": {
                "exemplarCity": "ကင်ရှာစာ"
              },
              "Lagos": {
                "exemplarCity": "လာဂိုစ်"
              },
              "Libreville": {
                "exemplarCity": "လီဗရာဗီးလ်"
              },
              "Lome": {
                "exemplarCity": "လိုမီ"
              },
              "Luanda": {
                "exemplarCity": "လူဝမ်ဒါ"
              },
              "Lubumbashi": {
                "exemplarCity": "လူဘွန်းဘာရှီ"
              },
              "Lusaka": {
                "exemplarCity": "လူစာကာ"
              },
              "Malabo": {
                "exemplarCity": "မာလာဘို"
              },
              "Maputo": {
                "exemplarCity": "မာပူးတို"
              },
              "Maseru": {
                "exemplarCity": "မာဆူရူး"
              },
              "Mbabane": {
                "exemplarCity": "ဘားဘာန်း"
              },
              "Mogadishu": {
                "exemplarCity": "မော်ဂါဒီးသျုး"
              },
              "Monrovia": {
                "exemplarCity": "မွန်ရိုးဗီးယား"
              },
              "Nairobi": {
                "exemplarCity": "နိုင်ရိုဘီ"
              },
              "Ndjamena": {
                "exemplarCity": "အင်ဂျာမီနာ"
              },
              "Niamey": {
                "exemplarCity": "ညာမဲယ်"
              },
              "Nouakchott": {
                "exemplarCity": "နိုအာ့ခ်ရှော့တ်"
              },
              "Ouagadougou": {
                "exemplarCity": "ဝါဂါဒူးဂူ"
              },
              "Porto-Novo": {
                "exemplarCity": "ပိုတို-နိုဗို"
              },
              "Sao_Tome": {
                "exemplarCity": "ဆောင်တူမေး"
              },
              "Tripoli": {
                "exemplarCity": "ထရီပိုလီ"
              },
              "Tunis": {
                "exemplarCity": "တူနီစ်"
              },
              "Windhoek": {
                "exemplarCity": "ဗင်းဟူးခ်"
              }
            },
            "Asia": {
              "Aden": {
                "exemplarCity": "အာဒင်"
              },
              "Almaty": {
                "exemplarCity": "အော်မာတီ"
              },
              "Amman": {
                "exemplarCity": "အာမာန်း"
              },
              "Anadyr": {
                "exemplarCity": "အန်အာဒီအာ"
              },
              "Aqtau": {
                "exemplarCity": "အက်တာဥု"
              },
              "Aqtobe": {
                "exemplarCity": "အာချတူးဘီ"
              },
              "Ashgabat": {
                "exemplarCity": "အာရှ်ဂါဘာဒ်"
              },
              "Atyrau": {
                "exemplarCity": "အာတီရအူ"
              },
              "Baghdad": {
                "exemplarCity": "ဘဂ္ဂဒက်"
              },
              "Bahrain": {
                "exemplarCity": "ဘာရိန်း"
              },
              "Baku": {
                "exemplarCity": "ဘာကူ"
              },
              "Bangkok": {
                "exemplarCity": "ဘန်ကောက်"
              },
              "Barnaul": {
                "exemplarCity": "ဘရ်နာအူ"
              },
              "Beirut": {
                "exemplarCity": "ဘေရွတ်"
              },
              "Bishkek": {
                "exemplarCity": "ဘီရှ်ခက်"
              },
              "Brunei": {
                "exemplarCity": "ဘရူနိုင်း"
              },
              "Calcutta": {
                "exemplarCity": "ကိုလျကတ်တား"
              },
              "Chita": {
                "exemplarCity": "ချီတာ"
              },
              "Choibalsan": {
                "exemplarCity": "ချွဲဘောဆန်"
              },
              "Colombo": {
                "exemplarCity": "ကိုလံဘို"
              },
              "Damascus": {
                "exemplarCity": "ဒမားစကပ်"
              },
              "Dhaka": {
                "exemplarCity": "ဒက်ကာ"
              },
              "Dili": {
                "exemplarCity": "ဒစ်လီ"
              },
              "Dubai": {
                "exemplarCity": "ဒူဘိုင်း"
              },
              "Dushanbe": {
                "exemplarCity": "ဒူရှန်းဘဲ"
              },
              "Famagusta": {
                "exemplarCity": "ဖာမာဂူစတာ"
              },
              "Gaza": {
                "exemplarCity": "ဂါဇာ"
              },
              "Hebron": {
                "exemplarCity": "ဟီဘရွန်"
              },
              "Hong_Kong": {
                "exemplarCity": "ဟောင်ကောင်"
              },
              "Hovd": {
                "exemplarCity": "ဟိုးဗျ"
              },
              "Irkutsk": {
                "exemplarCity": "အီရူခူတ်"
              },
              "Jakarta": {
                "exemplarCity": "ဂျကာတာ"
              },
              "Jayapura": {
                "exemplarCity": "ဂျာရာပူရာ"
              },
              "Jerusalem": {
                "exemplarCity": "ဂျေရုဆလင်"
              },
              "Kabul": {
                "exemplarCity": "ကဘူးလျ"
              },
              "Kamchatka": {
                "exemplarCity": "ခမ်ချာ့ခါ"
              },
              "Karachi": {
                "exemplarCity": "ကရာချိ"
              },
              "Katmandu": {
                "exemplarCity": "ခတ်တမန်ဒူ"
              },
              "Khandyga": {
                "exemplarCity": "ခန်ဒိုင်ဂါ"
              },
              "Krasnoyarsk": {
                "exemplarCity": "ခရာ့စ်နိုရာစ်"
              },
              "Kuala_Lumpur": {
                "exemplarCity": "ကွာလာလမ်ပူ"
              },
              "Kuching": {
                "exemplarCity": "ကူချင်"
              },
              "Kuwait": {
                "exemplarCity": "ကူဝိတ်"
              },
              "Macau": {
                "exemplarCity": "မကာအို"
              },
              "Magadan": {
                "exemplarCity": "မာဂါဒန်း"
              },
              "Makassar": {
                "exemplarCity": "မခက်စ်ဆာ"
              },
              "Manila": {
                "exemplarCity": "မနီလာ"
              },
              "Muscat": {
                "exemplarCity": "မတ်စ်ကက်တ်"
              },
              "Nicosia": {
                "exemplarCity": "နီကိုရှား"
              },
              "Novokuznetsk": {
                "exemplarCity": "နိုဗိုခူဇ်နက်စ်"
              },
              "Novosibirsk": {
                "exemplarCity": "နိုဗိုစဲဘီအဲယ်စ်"
              },
              "Omsk": {
                "exemplarCity": "အွမ်းစ်ခ်"
              },
              "Oral": {
                "exemplarCity": "အော်ရဲလ်"
              },
              "Phnom_Penh": {
                "exemplarCity": "ဖနွမ်ပင်"
              },
              "Pontianak": {
                "exemplarCity": "ပွန်တီအားနာ့ခ်"
              },
              "Pyongyang": {
                "exemplarCity": "ပြုံယန်း"
              },
              "Qatar": {
                "exemplarCity": "ကာတာ"
              },
              "Qostanay": {
                "exemplarCity": "ကော့စ်တနေ"
              },
              "Qyzylorda": {
                "exemplarCity": "ကီဇလော်ဒါ"
              },
              "Rangoon": {
                "exemplarCity": "ရန်ကုန်"
              },
              "Riyadh": {
                "exemplarCity": "ရီယားဒ်"
              },
              "Saigon": {
                "exemplarCity": "ဟိုချီမင်းစီးတီး"
              },
              "Sakhalin": {
                "exemplarCity": "ဆာခါလင်"
              },
              "Samarkand": {
                "exemplarCity": "ဆမ်းမာခန်းဒ်"
              },
              "Seoul": {
                "exemplarCity": "ဆိုးလ်"
              },
              "Shanghai": {
                "exemplarCity": "ရှန်ဟိုင်း"
              },
              "Singapore": {
                "exemplarCity": "စင်္ကာပူ"
              },
              "Srednekolymsk": {
                "exemplarCity": "ဆရစ်နစ်ကာလင်မ်စ်"
              },
              "Taipei": {
                "exemplarCity": "တိုင်ပေ"
              },
              "Tashkent": {
                "exemplarCity": "တာရှ်ကဲန့်"
              },
              "Tbilisi": {
                "exemplarCity": "တဘီးလီစီ"
              },
              "Tehran": {
                "exemplarCity": "တီဟီရန်"
              },
              "Thimphu": {
                "exemplarCity": "တင်ဖူး"
              },
              "Tokyo": {
                "exemplarCity": "တိုကျို"
              },
              "Tomsk": {
                "exemplarCity": "တွန်မ်စ်ခ်"
              },
              "Ulaanbaatar": {
                "exemplarCity": "ဥလန်ဘာတော"
              },
              "Urumqi": {
                "exemplarCity": "အူရုမ်ချီ"
              },
              "Ust-Nera": {
                "exemplarCity": "အူးစ် နီရား"
              },
              "Vientiane": {
                "exemplarCity": "ဗီယင်ကျန်း"
              },
              "Vladivostok": {
                "exemplarCity": "ဗလာဒီဗော့စတော့ခ်"
              },
              "Yakutsk": {
                "exemplarCity": "ယူခူးတ်စ်"
              },
              "Yekaterinburg": {
                "exemplarCity": "ရယ်ခါးတီရင်ဘားခ်"
              },
              "Yerevan": {
                "exemplarCity": "ရဲယ်ရေဗန်း"
              }
            },
            "Indian": {
              "Antananarivo": {
                "exemplarCity": "အန်တာနာနာရီးဘို"
              },
              "Chagos": {
                "exemplarCity": "ချာဂိုစ်"
              },
              "Christmas": {
                "exemplarCity": "ခရစ်စမတ်"
              },
              "Cocos": {
                "exemplarCity": "ကိုကိုးစ်"
              },
              "Comoro": {
                "exemplarCity": "ကိုမိုရို"
              },
              "Kerguelen": {
                "exemplarCity": "ခါဂါလန်"
              },
              "Mahe": {
                "exemplarCity": "မာဟီ"
              },
              "Maldives": {
                "exemplarCity": "မော်လဒိုက်"
              },
              "Mauritius": {
                "exemplarCity": "မောရစ်ရှ"
              },
              "Mayotte": {
                "exemplarCity": "မာယိုတဲ"
              },
              "Reunion": {
                "exemplarCity": "ရီယူနီယန်"
              }
            },
            "Australia": {
              "Adelaide": {
                "exemplarCity": "အန္ဒီလိတ်ဒ်"
              },
              "Brisbane": {
                "exemplarCity": "ဘရစ္စဘိန်း"
              },
              "Broken_Hill": {
                "exemplarCity": "ဘရိုကင်ဟီးလ်"
              },
              "Currie": {
                "exemplarCity": "ကာရီ"
              },
              "Darwin": {
                "exemplarCity": "ဒါဝင်"
              },
              "Eucla": {
                "exemplarCity": "ယူးခလာ"
              },
              "Hobart": {
                "exemplarCity": "ဟိုးဘားတ်"
              },
              "Lindeman": {
                "exemplarCity": "လင်းဒီမန်း"
              },
              "Lord_Howe": {
                "exemplarCity": "လော့ဒ် ဟောင်"
              },
              "Melbourne": {
                "exemplarCity": "မဲလ်ဘုန်း"
              },
              "Perth": {
                "exemplarCity": "ပါးသ်"
              },
              "Sydney": {
                "exemplarCity": "ဆစ်ဒနီ"
              }
            },
            "Pacific": {
              "Apia": {
                "exemplarCity": "အားပီအား"
              },
              "Auckland": {
                "exemplarCity": "အော့ကလန်"
              },
              "Bougainville": {
                "exemplarCity": "ဘူဂန်ဗီးလီးယား"
              },
              "Chatham": {
                "exemplarCity": "ချားသမ်"
              },
              "Easter": {
                "exemplarCity": "အီစတာ"
              },
              "Efate": {
                "exemplarCity": "အီဖာတီ"
              },
              "Enderbury": {
                "exemplarCity": "အန်ဒါဘူရီ"
              },
              "Fakaofo": {
                "exemplarCity": "ဖာခါအိုဖို"
              },
              "Fiji": {
                "exemplarCity": "ဖီဂျီ"
              },
              "Funafuti": {
                "exemplarCity": "ဖူနာဖူတီ"
              },
              "Galapagos": {
                "exemplarCity": "ဂါလာပါကပ်စ်"
              },
              "Gambier": {
                "exemplarCity": "ဂမ်ဘီယာ"
              },
              "Guadalcanal": {
                "exemplarCity": "ဂွါဒါကနဲလ်"
              },
              "Guam": {
                "exemplarCity": "ဂူအမ်"
              },
              "Honolulu": {
                "exemplarCity": "ဟိုနိုလူလူ"
              },
              "Johnston": {
                "exemplarCity": "ဂျွန်စတန်"
              },
              "Kanton": {
                "exemplarCity": "ကန်တွန်"
              },
              "Kiritimati": {
                "exemplarCity": "ခရိဒီမတီ"
              },
              "Kosrae": {
                "exemplarCity": "ခိုစ်ရိုင်"
              },
              "Kwajalein": {
                "exemplarCity": "ခွာဂျာလိန်"
              },
              "Majuro": {
                "exemplarCity": "မာဂျူးရို"
              },
              "Marquesas": {
                "exemplarCity": "မာခေးအပ်စ်"
              },
              "Midway": {
                "exemplarCity": "မစ်ဒ်ဝေး"
              },
              "Nauru": {
                "exemplarCity": "နာဥူရူ"
              },
              "Niue": {
                "exemplarCity": "နီဦးအေ"
              },
              "Norfolk": {
                "exemplarCity": "နော်ဖော့ခ်"
              },
              "Noumea": {
                "exemplarCity": "နူမယ်အာ"
              },
              "Pago_Pago": {
                "exemplarCity": "ပါဂိုပါဂို"
              },
              "Palau": {
                "exemplarCity": "ပလာအို"
              },
              "Pitcairn": {
                "exemplarCity": "ပါတ်ကယ်ရင်"
              },
              "Ponape": {
                "exemplarCity": "ဖိုနာဖဲအ်"
              },
              "Port_Moresby": {
                "exemplarCity": "ဖို့တ် မိုရက်စ်ဘီ"
              },
              "Rarotonga": {
                "exemplarCity": "ရာရိုတွန်းဂါ"
              },
              "Saipan": {
                "exemplarCity": "ဆိုင်ပန်"
              },
              "Tahiti": {
                "exemplarCity": "တဟီတီ"
              },
              "Tarawa": {
                "exemplarCity": "တာရာဝါ"
              },
              "Tongatapu": {
                "exemplarCity": "တွန်ဂါတာပု"
              },
              "Truk": {
                "exemplarCity": "ချုခ်"
              },
              "Wake": {
                "exemplarCity": "ဝိတ်ခ်"
              },
              "Wallis": {
                "exemplarCity": "ဝေါလီစ်"
              }
            },
            "Arctic": {
              "Longyearbyen": {
                "exemplarCity": "လောင်ရီယားဘရံ"
              }
            },
            "Antarctica": {
              "Casey": {
                "exemplarCity": "ကေစီ"
              },
              "Davis": {
                "exemplarCity": "ဒေးဗစ်"
              },
              "DumontDUrville": {
                "exemplarCity": "ဒူးမော့တ် ဒါရ်ဗီးလ်"
              },
              "Macquarie": {
                "exemplarCity": "မက်ကွယ်ရီ"
              },
              "Mawson": {
                "exemplarCity": "မော်စွန်"
              },
              "McMurdo": {
                "exemplarCity": "မက်မူဒိုး"
              },
              "Palmer": {
                "exemplarCity": "ပါလ်မာ"
              },
              "Rothera": {
                "exemplarCity": "ရိုသီရာ"
              },
              "Syowa": {
                "exemplarCity": "ရှိုးဝါ"
              },
              "Troll": {
                "exemplarCity": "ထရိုလ်"
              },
              "Vostok": {
                "exemplarCity": "ဗိုစ်တိုခ်"
              }
            },
            "Etc": {
              "UTC": {
                "long": {
                  "standard": "ညှိထားသည့် ကမ္ဘာ့ စံတော်ချိန်"
                },
                "short": {
                  "standard": "UTC"
                }
              },
              "Unknown": {
                "exemplarCity": "အမည်မသိသောမြို့"
              }
            }
          },
          "metazone": {
            "Afghanistan": {
              "long": {
                "standard": "အာဖဂန်နစ္စတန် အချိန်"
              }
            },
            "Africa_Central": {
              "long": {
                "standard": "အလယ်အာဖရိက အချိန်"
              }
            },
            "Africa_Eastern": {
              "long": {
                "standard": "အရှေ့အာဖရိက အချိန်"
              }
            },
            "Africa_Southern": {
              "long": {
                "standard": "တောင်အာဖရိက အချိန်"
              }
            },
            "Africa_Western": {
              "long": {
                "generic": "အနောက်အာဖရိက အချိန်",
                "standard": "အနောက်အာဖရိက စံတော်ချိန်",
                "daylight": "အနောက်အာဖရိက နွေရာသီ အချိန်"
              }
            },
            "Alaska": {
              "long": {
                "generic": "အလာစကာ အချိန်",
                "standard": "အလာစကာ စံတော်ချိန်",
                "daylight": "အလာစကာ နွေရာသီ စံတော်ချိန်"
              }
            },
            "Amazon": {
              "long": {
                "generic": "အမေဇုံ အချိန်",
                "standard": "အမေဇုံ စံတော်ချိန်",
                "daylight": "အမေဇုံ နွေရာသီအချိန်"
              }
            },
            "America_Central": {
              "long": {
                "generic": "အလယ်ပိုင်းအချိန်",
                "standard": "အလယ်ပိုင်းစံတော်ချိန်",
                "daylight": "အလယ်ပိုင်း နွေရာသီစံတော်ချိန်"
              }
            },
            "America_Eastern": {
              "long": {
                "generic": "အရှေ့ပိုင်းအချိန်",
                "standard": "အရှေ့ပိုင်းစံတော်ချိန်",
                "daylight": "အရှေ့ပိုင်း နွေရာသီစံတော်ချိန်"
              }
            },
            "America_Mountain": {
              "long": {
                "generic": "တောင်တန်းအချိန်",
                "standard": "တောင်တန်းစံတော်ချိန်",
                "daylight": "တောင်တန်း နွေရာသီစံတော်ချိန်"
              }
            },
            "America_Pacific": {
              "long": {
                "generic": "ပစိဖိတ်အချိန်",
                "standard": "ပစိဖိတ်စံတော်ချိန်",
                "daylight": "ပစိဖိတ် နွေရာသီစံတော်ချိန်"
              }
            },
            "Apia": {
              "long": {
                "generic": "အပီယာ အချိန်",
                "standard": "အပီယာ စံတော်ချိန်",
                "daylight": "အပီယာ နွေရာသီ အချိန်"
              }
            },
            "Arabian": {
              "long": {
                "generic": "အာရေဗျ အချိန်",
                "standard": "အာရေဗျ စံတော်ချိန်",
                "daylight": "အာရေဗျ နွေရာသီ အချိန်"
              }
            },
            "Argentina": {
              "long": {
                "generic": "အာဂျင်တီးနား အချိန်",
                "standard": "အာဂျင်တီးနား စံတော်ချိန်",
                "daylight": "အာဂျင်တီးနား နွေရာသီအချိန်"
              }
            },
            "Argentina_Western": {
              "long": {
                "generic": "အနောက် အာဂျင်တီးနား အချိန်",
                "standard": "အနောက် အာဂျင်တီးနား စံတော်ချိန်",
                "daylight": "အနောက် အာဂျင်တီးနား နွေရာသီ အချိန်"
              }
            },
            "Armenia": {
              "long": {
                "generic": "အာမေးနီးယား အချိန်",
                "standard": "အာမေးနီးယား စံတော်ချိန်",
                "daylight": "အာမေးနီးယား နွေရာသီ အချိန်"
              }
            },
            "Atlantic": {
              "long": {
                "generic": "အတ္တလန်တစ် အချိန်",
                "standard": "အတ္တလန်တစ် စံတော်ချိန်",
                "daylight": "အတ္တလန်တစ် နွေရာသီ စံတော်ချိန်"
              }
            },
            "Australia_Central": {
              "long": {
                "generic": "ဩစတြေးလျ အလယ်ပိုင်း အချိန်",
                "standard": "ဩစတြေးလျ အလယ်ပိုင်း စံတော်ချိန်",
                "daylight": "ဩစတြေးလျ အလယ်ပိုင်း နွေရာသီ အချိန်"
              }
            },
            "Australia_CentralWestern": {
              "long": {
                "generic": "သြစတြေးလျား အနောက်အလယ်ပိုင်း အချိန်",
                "standard": "သြစတြေးလျား အနောက်အလယ်ပိုင်း စံတော်ချိန်",
                "daylight": "သြစတြေးလျား အနောက်အလယ်ပိုင်း နွေရာသီ အချိန်"
              }
            },
            "Australia_Eastern": {
              "long": {
                "generic": "အရှေ့ဩစတြေးလျ အချိန်",
                "standard": "အရှေ့ဩစတြေးလျ စံတော်ချိန်",
                "daylight": "အရှေ့ဩစတြေးလျ နွေရာသီ အချိန်"
              }
            },
            "Australia_Western": {
              "long": {
                "generic": "အနောက်ဩစတြေးလျ အချိန်",
                "standard": "အနောက်ဩစတြေးလျ စံတော်ချိန်",
                "daylight": "ဩစတြေးလျ နွေရာသီ အချိန်"
              }
            },
            "Azerbaijan": {
              "long": {
                "generic": "အဇာဘိုင်ဂျန် အချိန်",
                "standard": "အဇာဘိုင်ဂျန် စံတော်ချိန်",
                "daylight": "အဇာဘိုင်ဂျန် နွေရာသီ အချိန်"
              }
            },
            "Azores": {
              "long": {
                "generic": "အေဇိုးရီးစ် အချိန်",
                "standard": "အေဇိုးရီးစ် စံတော်ချိန်",
                "daylight": "အေဇိုးရီးစ် နွေရာသီ အချိန်"
              }
            },
            "Bangladesh": {
              "long": {
                "generic": "ဘင်္ဂလားဒေ့ရှ် အချိန်",
                "standard": "ဘင်္ဂလားဒေ့ရှ် စံတော်ချိန်",
                "daylight": "ဘင်္ဂလားဒေ့ရှ် နွေရာသီ အချိန်"
              }
            },
            "Bhutan": {
              "long": {
                "standard": "ဘူတန် အချိန်"
              }
            },
            "Bolivia": {
              "long": {
                "standard": "ဘိုလီးဘီးယား အချိန်"
              }
            },
            "Brasilia": {
              "long": {
                "generic": "ဘရာဇီး အချိန်",
                "standard": "ဘရာဇီး စံတော်ချိန်",
                "daylight": "ဘရာဇီး နွေရာသီ အချိန်"
              }
            },
            "Brunei": {
              "long": {
                "standard": "ဘရူနိုင်း စံတော်ချိန်"
              }
            },
            "Cape_Verde": {
              "long": {
                "generic": "ကိတ်ဗာဒီ အချိန်",
                "standard": "ကိတ်ဗာဒီ စံတော်ချိန်",
                "daylight": "ကိတ်ဗာဒီ နွေရာသီ အချိန်"
              }
            },
            "Chamorro": {
              "long": {
                "standard": "ချာမိုရို အချိန်"
              }
            },
            "Chatham": {
              "long": {
                "generic": "ချားသမ်အချိန်",
                "standard": "ချားသမ်စံတော်ချိန်",
                "daylight": "ချားသမ် နွေရာသီ အချိန်"
              }
            },
            "Chile": {
              "long": {
                "generic": "ချီလီ အချိန်",
                "standard": "ချီလီ စံတော်ချိန်",
                "daylight": "ချီလီ နွေရာသီ အချိန်"
              }
            },
            "China": {
              "long": {
                "generic": "တရုတ် အချိန်",
                "standard": "တရုတ် စံတော်ချိန်",
                "daylight": "တရုတ် နွေရာသီ အချိန်"
              }
            },
            "Choibalsan": {
              "long": {
                "generic": "ချွဲဘော်ဆန်း အချိန်",
                "standard": "ချွဲဘော်ဆန်း စံတော်ချိန်",
                "daylight": "ချွဲဘော်ဆန်း နွေရာသီ အချိန်"
              }
            },
            "Christmas": {
              "long": {
                "standard": "ခရစ်စမတ်ကျွန်း အချိန်"
              }
            },
            "Cocos": {
              "long": {
                "standard": "ကိုကိုးကျွန်း အချိန်"
              }
            },
            "Colombia": {
              "long": {
                "generic": "ကိုလံဘီယာ အချိန်",
                "standard": "ကိုလံဘီယာ စံတော်ချိန်",
                "daylight": "ကိုလံဘီယာ နွေရာသီ အချိန်"
              }
            },
            "Cook": {
              "long": {
                "generic": "ကွတ်ကျွန်းစု အချိန်",
                "standard": "ကွတ်ကျွန်းစု စံတော်ချိန်",
                "daylight": "ကွတ်ကျွန်းစု နွေရာသီ အချိန်"
              }
            },
            "Cuba": {
              "long": {
                "generic": "ကျူးဘား အချိန်",
                "standard": "ကျူးဘား စံတော်ချိန်",
                "daylight": "ကျူးဘား နွေရာသီ စံတော်ချိန်"
              }
            },
            "Davis": {
              "long": {
                "standard": "ဒေးဗစ် အချိန်"
              }
            },
            "DumontDUrville": {
              "long": {
                "standard": "ဒူးမော့တ် ဒါရ်ဗီးလ် အချိန်"
              }
            },
            "East_Timor": {
              "long": {
                "standard": "အရှေ့တီမော အချိန်"
              }
            },
            "Easter": {
              "long": {
                "generic": "အီစတာကျွန်း အချိန်",
                "standard": "အီစတာကျွန်း စံတော်ချိန်",
                "daylight": "အီစတာကျွန်း နွေရာသီ အချိန်"
              }
            },
            "Ecuador": {
              "long": {
                "standard": "အီကွေဒေါ အချိန်"
              }
            },
            "Europe_Central": {
              "long": {
                "generic": "ဥရောပအလယ်ပိုင်း အချိန်",
                "standard": "ဥရောပအလယ်ပိုင်း စံတော်ချိန်",
                "daylight": "ဥရောပအလယ်ပိုင်း နွေရာသီ အချိန်"
              }
            },
            "Europe_Eastern": {
              "long": {
                "generic": "အရှေ့ဥရောပ အချိန်",
                "standard": "အရှေ့ဥရောပ စံတော်ချိန်",
                "daylight": "အရှေ့ဥရောပ နွေရာသီ အချိန်"
              }
            },
            "Europe_Further_Eastern": {
              "long": {
                "standard": "အရှေ့ဖျား ဥရောပဒေသ အချိန်"
              }
            },
            "Europe_Western": {
              "long": {
                "generic": "အနောက်ဥရောပ အချိန်",
                "standard": "အနောက်ဥရောပ စံတော်ချိန်",
                "daylight": "အနောက်ဥရောပ နွေရာသီ အချိန်"
              }
            },
            "Falkland": {
              "long": {
                "generic": "ဖော့ကလန်ကျွန်းစု အချိန်",
                "standard": "ဖော့ကလန်ကျွန်းစု စံတော်ချိန်",
                "daylight": "ဖော့ကလန်ကျွန်းစု နွေရာသီ အချိန်"
              }
            },
            "Fiji": {
              "long": {
                "generic": "ဖီဂျီ အချိန်",
                "standard": "ဖီဂျီ စံတော်ချိန်",
                "daylight": "ဖီဂျီ နွေရာသီ အချိန်"
              }
            },
            "French_Guiana": {
              "long": {
                "standard": "ပြင်သစ် ဂီအားနား အချိန်"
              }
            },
            "French_Southern": {
              "long": {
                "standard": "ပြင်သစ်တောင်ပိုင်းနှင့် အန္တာတိတ် အချိန်"
              }
            },
            "Galapagos": {
              "long": {
                "standard": "ဂါလားပါဂိုးစ် အချိန်"
              }
            },
            "Gambier": {
              "long": {
                "standard": "ဂမ်ဘီယာ အချိန်"
              }
            },
            "Georgia": {
              "long": {
                "generic": "ဂျော်ဂျီယာ အချိန်",
                "standard": "ဂျော်ဂျီယာ စံတော်ချိန်",
                "daylight": "ဂျော်ဂျီယာ နွေရာသီ အချိန်"
              }
            },
            "Gilbert_Islands": {
              "long": {
                "standard": "ဂီလ်ဘတ်ကျွန်းစု အချိန်"
              }
            },
            "GMT": {
              "long": {
                "standard": "ဂရင်းနစ် စံတော်ချိန်"
              }
            },
            "Greenland_Eastern": {
              "long": {
                "generic": "အရှေ့ဂရင်းလန်း အချိန်",
                "standard": "အရှေ့ဂရင်းလန်း စံတော်ချိန်",
                "daylight": "အရှေ့ဂရင်းလန် နွေရာသီ စံတော်ချိန်"
              }
            },
            "Greenland_Western": {
              "long": {
                "generic": "အနောက် ဂရင်းလန်း အချိန်",
                "standard": "အနောက် ဂရင်းလန်း စံတော်ချိန်",
                "daylight": "အနောက် ဂရင်းလန် နွေရာသီ စံတော်ချိန်"
              }
            },
            "Gulf": {
              "long": {
                "standard": "ပင်လယ်ကွေ့ အချိန်"
              }
            },
            "Guyana": {
              "long": {
                "standard": "ဂိုင်ယာနာ အချိန်"
              }
            },
            "Hawaii_Aleutian": {
              "long": {
                "generic": "ဟာဝိုင်ယီ အယ်လူးရှန်း အချိန်",
                "standard": "ဟာဝိုင်ယီ အယ်လူးရှန်း စံတော်ချိန်",
                "daylight": "ဟာဝိုင်ယီ အယ်လူးရှန်း နွေရာသီ စံတော်ချိန်"
              }
            },
            "Hong_Kong": {
              "long": {
                "generic": "ဟောင်ကောင် အချိန်",
                "standard": "ဟောင်ကောင် စံတော်ချိန်",
                "daylight": "ဟောင်ကောင် နွေရာသီ အချိန်"
              }
            },
            "Hovd": {
              "long": {
                "generic": "ဟိုးဗ် အချိန်",
                "standard": "ဟိုးဗ် စံတော်ချိန်",
                "daylight": "ဟိုးဗ် နွေရာသီ အချိန်"
              }
            },
            "India": {
              "long": {
                "standard": "အိန္ဒိယ စံတော်ချိန်"
              }
            },
            "Indian_Ocean": {
              "long": {
                "standard": "အိန္ဒိယသမုဒ္ဒရာ အချိန်"
              }
            },
            "Indochina": {
              "long": {
                "standard": "အင်ဒိုချိုင်းနား အချိန်"
              }
            },
            "Indonesia_Central": {
              "long": {
                "standard": "အလယ်ပိုင်း အင်ဒိုနီးရှား အချိန်"
              }
            },
            "Indonesia_Eastern": {
              "long": {
                "standard": "အရှေ့ပိုင်း အင်ဒိုနီးရှား အချိန်"
              }
            },
            "Indonesia_Western": {
              "long": {
                "standard": "အနောက်ပိုင်း အင်ဒိုနီးရှား အချိန်"
              }
            },
            "Iran": {
              "long": {
                "generic": "အီရန် အချိန်",
                "standard": "အီရန် စံတော်ချိန်",
                "daylight": "အီရန် နွေရာသီ အချိန်"
              }
            },
            "Irkutsk": {
              "long": {
                "generic": "အီရူခူတ် အချိန်",
                "standard": "အီရူခူတ် စံတော်ချိန်",
                "daylight": "အီရူခူတ် နွေရာသီ အချိန်"
              }
            },
            "Israel": {
              "long": {
                "generic": "အစ္စရေး အချိန်",
                "standard": "အစ္စရေး စံတော်ချိန်",
                "daylight": "အစ္စရေး နွေရာသီ အချိန်"
              }
            },
            "Japan": {
              "long": {
                "generic": "ဂျပန် အချိန်",
                "standard": "ဂျပန် စံတော်ချိန်",
                "daylight": "ဂျပန် နွေရာသီ အချိန်"
              }
            },
            "Kazakhstan_Eastern": {
              "long": {
                "standard": "အရှေ့ကာဇက်စတန် အချိန်"
              }
            },
            "Kazakhstan_Western": {
              "long": {
                "standard": "အနောက်ကာဇက်စတန် အချိန်"
              }
            },
            "Korea": {
              "long": {
                "generic": "ကိုရီးယား အချိန်",
                "standard": "ကိုရီးယား စံတော်ချိန်",
                "daylight": "ကိုရီးယား နွေရာသီ အချိန်"
              }
            },
            "Kosrae": {
              "long": {
                "standard": "ခိုစ်ရိုင် အချိန်"
              }
            },
            "Krasnoyarsk": {
              "long": {
                "generic": "ခရာ့စ်နိုရာစ် အချိန်",
                "standard": "ခရာ့စ်နိုရာစ် စံတော်ချိန်",
                "daylight": "ခရာ့စ်နိုရာစ် နွေရာသီ အချိန်"
              }
            },
            "Kyrgystan": {
              "long": {
                "standard": "ကာဂျစ္စတန် အချိန်"
              }
            },
            "Lanka": {
              "long": {
                "standard": "သီရိလင်္ကာ အချိန်"
              }
            },
            "Line_Islands": {
              "long": {
                "standard": "လိုင်းကျွန်းစု အချိန်"
              }
            },
            "Lord_Howe": {
              "long": {
                "generic": "လော့ဒ်ဟောင် အချိန်",
                "standard": "လော့ဒ်ဟောင် စံတော်ချိန်",
                "daylight": "လော့ဒ်ဟောင် နွေရာသီ အချိန်"
              }
            },
            "Macau": {
              "long": {
                "generic": "မကာအို အချိန်",
                "standard": "မကာအို စံတော်ချိန်",
                "daylight": "မကာအို နွေရာသီ အချိန်"
              }
            },
            "Macquarie": {
              "long": {
                "standard": "မက်ကွယ်ရီကျွန်း အချိန်"
              }
            },
            "Magadan": {
              "long": {
                "generic": "မာဂါဒန်း အချိန်",
                "standard": "မာဂါဒန်း စံတော်ချိန်",
                "daylight": "မာဂါဒန်း နွေရာသီ အချိန်"
              }
            },
            "Malaysia": {
              "long": {
                "standard": "မလေးရှား အချိန်"
              }
            },
            "Maldives": {
              "long": {
                "standard": "မော်လဒိုက် အချိန်"
              }
            },
            "Marquesas": {
              "long": {
                "standard": "မာခေးအပ်စ် အချိန်"
              }
            },
            "Marshall_Islands": {
              "long": {
                "standard": "မာရှယ်ကျွန်းစု အချိန်"
              }
            },
            "Mauritius": {
              "long": {
                "generic": "မောရစ်ရှ အချိန်",
                "standard": "မောရစ်ရှ စံတော်ချိန်",
                "daylight": "မောရစ်ရှ နွေရာသီ အချိန်"
              }
            },
            "Mawson": {
              "long": {
                "standard": "မော်စွန် အချိန်"
              }
            },
            "Mexico_Northwest": {
              "long": {
                "generic": "အနောက်တောင် မက္ကဆီကို အချိန်",
                "standard": "အနောက်တောင် မက္ကဆီကို စံတော်ချိန်",
                "daylight": "အနောက်တောင် မက္ကစီကို နွေရာသီ စံတော်ချိန်"
              }
            },
            "Mexico_Pacific": {
              "long": {
                "generic": "မက္ကဆီကန် ပစိဖိတ် အချိန်",
                "standard": "မက္ကဆီကန် ပစိဖိတ် စံတော်ချိန်",
                "daylight": "မက္ကစီကန် ပစိဖိတ် နွေရာသီ စံတော်ချိန်"
              }
            },
            "Mongolia": {
              "long": {
                "generic": "ဥလန်ဘာတော အချိန်",
                "standard": "ဥလန်ဘာတော စံတော်ချိန်",
                "daylight": "ဥလန်ဘာတော နွေရာသီ အချိန်"
              }
            },
            "Moscow": {
              "long": {
                "generic": "မော်စကို အချိန်",
                "standard": "မော်စကို စံတော်ချိန်",
                "daylight": "မော်စကို နွေရာသီ အချိန်"
              }
            },
            "Myanmar": {
              "long": {
                "standard": "မြန်မာ အချိန်"
              }
            },
            "Nauru": {
              "long": {
                "standard": "နာဥူရူ အချိန်"
              }
            },
            "Nepal": {
              "long": {
                "standard": "နီပေါ အချိန်"
              }
            },
            "New_Caledonia": {
              "long": {
                "generic": "နယူးကယ်လီဒိုးနီးယား အချိန်",
                "standard": "နယူးကာလီဒိုးနီးယား စံတော်ချိန်",
                "daylight": "နယူးကာလီဒိုးနီးယား နွေရာသီ အချိန်"
              }
            },
            "New_Zealand": {
              "long": {
                "generic": "နယူးဇီလန် အချိန်",
                "standard": "နယူးဇီလန် စံတော်ချိန်",
                "daylight": "နယူးဇီလန် နွေရာသီ အချိန်"
              }
            },
            "Newfoundland": {
              "long": {
                "generic": "နယူးဖောင်လန် အချိန်",
                "standard": "နယူးဖောင်လန် စံတော်ချိန်",
                "daylight": "နယူးဖောင်လန် နွေရာသီ စံတော်ချိန်"
              }
            },
            "Niue": {
              "long": {
                "standard": "နီဥူအေ အချိန်"
              }
            },
            "Norfolk": {
              "long": {
                "generic": "နောဖော့ခ်ကျွန်း အချိန်",
                "standard": "နောဖော့ခ်ကျွန်း စံတော်ချိန်",
                "daylight": "နောဖော့ခ်ကျွန်း နွေရာသီ စံတော်ချိန်"
              }
            },
            "Noronha": {
              "long": {
                "generic": "ဖာနန်ဒိုးဒီနိုးရိုးညာ အချိန်",
                "standard": "ဖာနန်ဒိုးဒီနိုးရိုးညာ စံတော်ချိန်",
                "daylight": "ဖာနန်ဒိုးဒီနိုးရိုးညာ နွေရာသီ အချိန်"
              }
            },
            "Novosibirsk": {
              "long": {
                "generic": "နိုဗိုစဲဘီအဲယ်စ် အချိန်",
                "standard": "နိုဗိုစဲဘီအဲယ်စ် စံတော်ချိန်",
                "daylight": "နိုဗိုစဲဘီအဲယ်စ် နွေရာသီ အချိန်"
              }
            },
            "Omsk": {
              "long": {
                "generic": "အွမ်းစ်ခ် အချိန်",
                "standard": "အွမ်းစ်ခ် စံတော်ချိန်",
                "daylight": "အွမ်းစ်ခ် နွေရာသီ အချိန်"
              }
            },
            "Pakistan": {
              "long": {
                "generic": "ပါကစ္စတန် အချိန်",
                "standard": "ပါကစ္စတန် စံတော်ချိန်",
                "daylight": "ပါကစ္စတန် နွေရာသီ အချိန်"
              }
            },
            "Palau": {
              "long": {
                "standard": "ပလာအို အချိန်"
              }
            },
            "Papua_New_Guinea": {
              "long": {
                "standard": "ပါပူအာနယူးဂီနီ အချိန်"
              }
            },
            "Paraguay": {
              "long": {
                "generic": "ပါရာဂွေး အချိန်",
                "standard": "ပါရာဂွေး စံတော်ချိန်",
                "daylight": "ပါရာဂွေး နွေရာသီ အချိန်"
              }
            },
            "Peru": {
              "long": {
                "generic": "ပီရူး အချိန်",
                "standard": "ပီရူး စံတော်ချိန်",
                "daylight": "ပီရူး နွေရာသီ အချိန်"
              }
            },
            "Philippines": {
              "long": {
                "generic": "ဖိလစ်ပိုင် အချိန်",
                "standard": "ဖိလစ်ပိုင် စံတော်ချိန်",
                "daylight": "ဖိလစ်ပိုင် နွေရာသီ အချိန်"
              }
            },
            "Phoenix_Islands": {
              "long": {
                "standard": "ဖီးနစ်ကျွန်းစု အချိန်"
              }
            },
            "Pierre_Miquelon": {
              "long": {
                "generic": "စိန့်ပီအဲနှင့်မီခွီလွန်အချိန်",
                "standard": "စိန့်ပီအဲနှင့်မီခွီလွန်စံတော်ချိန်",
                "daylight": "စိန့်ပီအဲနှင့် မီခွီလွန် နွေရာသီ စံတော်ချိန်"
              }
            },
            "Pitcairn": {
              "long": {
                "standard": "ပါတ်ကယ်ရင် အချိန်"
              }
            },
            "Ponape": {
              "long": {
                "standard": "ဖိုနာဖဲအ် အချိန်"
              }
            },
            "Pyongyang": {
              "long": {
                "standard": "ပြုံယန်း အချိန်"
              }
            },
            "Reunion": {
              "long": {
                "standard": "ရီယူနီယံ အချိန်"
              }
            },
            "Rothera": {
              "long": {
                "standard": "ရိုသီရာ အချိန်"
              }
            },
            "Sakhalin": {
              "long": {
                "generic": "ဆာခါလင် အချိန်",
                "standard": "ဆာခါလင် စံတော်ချိန်",
                "daylight": "ဆာခါလင် နွေရာသီ အချိန်"
              }
            },
            "Samoa": {
              "long": {
                "generic": "ဆမိုအာ အချိန်",
                "standard": "ဆမိုအာ စံတော်ချိန်",
                "daylight": "ဆမိုးအား နွေရာသီ အချိန်"
              }
            },
            "Seychelles": {
              "long": {
                "standard": "ဆေးရှဲ အချိန်"
              }
            },
            "Singapore": {
              "long": {
                "standard": "စင်္ကာပူ အချိန်"
              }
            },
            "Solomon": {
              "long": {
                "standard": "ဆော်လမွန်ကျွန်းစု အချိန်"
              }
            },
            "South_Georgia": {
              "long": {
                "standard": "တောင်ဂျော်ဂျီယာ အချိန်"
              }
            },
            "Suriname": {
              "long": {
                "standard": "စူးရီနာမ်အချိန်"
              }
            },
            "Syowa": {
              "long": {
                "standard": "ရှိုဝါ အချိန်"
              }
            },
            "Tahiti": {
              "long": {
                "standard": "တဟီတီ အချိန်"
              }
            },
            "Taipei": {
              "long": {
                "generic": "ထိုင်ပေ အချိန်",
                "standard": "ထိုင်ပေ စံတော်ချိန်",
                "daylight": "ထိုင်ပေ နွေရာသီ အချိန်"
              }
            },
            "Tajikistan": {
              "long": {
                "standard": "တာဂျစ်ကစ္စတန် အချိန်"
              }
            },
            "Tokelau": {
              "long": {
                "standard": "တိုကီလာဥ အချိန်"
              }
            },
            "Tonga": {
              "long": {
                "generic": "တွန်ဂါ အချိန်",
                "standard": "တွန်ဂါ စံတော်ချိန်",
                "daylight": "တွန်ဂါ နွေရာသီ အချိန်"
              }
            },
            "Truk": {
              "long": {
                "standard": "ချုခ် အချိန်"
              }
            },
            "Turkmenistan": {
              "long": {
                "generic": "တာ့ခ်မင်နစ္စတန် အချိန်",
                "standard": "တာ့ခ်မင်နစ္စတန် စံတော်ချိန်",
                "daylight": "တာ့ခ်မင်နစ္စတန် နွေရာသီ အချိန်"
              }
            },
            "Tuvalu": {
              "long": {
                "standard": "တူဗားလူ အချိန်"
              }
            },
            "Uruguay": {
              "long": {
                "generic": "ဥရုဂွေး အချိန်",
                "standard": "ဥရုဂွေး စံတော်ချိန်",
                "daylight": "ဥရုဂွေး နွေရာသီ အချိန်"
              }
            },
            "Uzbekistan": {
              "long": {
                "generic": "ဥဇဘက်ကစ္စတန် အချိန်",
                "standard": "ဥဇဘက်ကစ္စတန် စံတော်ချိန်",
                "daylight": "ဥဇဘက်ကစ္စတန် နွေရာသီ အချိန်"
              }
            },
            "Vanuatu": {
              "long": {
                "generic": "ဗနွားတူ အချိန်",
                "standard": "ဗနွားတူ စံတော်ချိန်",
                "daylight": "ဗနွားတူ နွေရာသီ အချိန်"
              }
            },
            "Venezuela": {
              "long": {
                "standard": "ဗင်နီဇွဲလား အချိန်"
              }
            },
            "Vladivostok": {
              "long": {
                "generic": "ဗလာဒီဗော့စတော့ခ် အချိန်",
                "standard": "ဗလာဒီဗော့စတော့ခ် စံတော်ချိန်",
                "daylight": "ဗလာဒီဗော့စတော့ခ် နွေရာသီ အချိန်"
              }
            },
            "Volgograd": {
              "long": {
                "generic": "ဗိုလ်ဂိုဂရက် အချိန်",
                "standard": "ဗိုလ်ဂိုဂရက် စံတော်ချိန်",
                "daylight": "ဗိုဂိုဂရက် နွေရာသီ အချိန်"
              }
            },
            "Vostok": {
              "long": {
                "standard": "ဗိုစ်တိုခ် အချိန်"
              }
            },
            "Wake": {
              "long": {
                "standard": "ဝိတ်ခ်ကျွန်း အချိန်"
              }
            },
            "Wallis": {
              "long": {
                "standard": "ဝေါလီစ်နှင့် ဖူကျူနာ အချိန်"
              }
            },
            "Yakutsk": {
              "long": {
                "generic": "ယူခူးတ်စ် အချိန်",
                "standard": "ယူခူးတ်စ် စံတော်ချိန်",
                "daylight": "ယူခူးတ်စ် နွေရာသီ အချိန်"
              }
            },
            "Yekaterinburg": {
              "long": {
                "generic": "ရယ်ခါးတီရင်ဘားခ် အချိန်",
                "standard": "ရယ်ခါးတီရင်ဘားခ် စံတော်ချိန်",
                "daylight": "ရယ်ခါးတီရင်ဘာခ် နွေရာသီ အချိန်"
              }
            },
            "Yukon": {
              "long": {
                "standard": "ယူကွန်း အချိန်"
              }
            }
          }
        }
      }
    }
  }
}
