{
  "main": {
    "gd": {
      "identity": {
        "version": {
          "_cldrVersion": "42"
        },
        "language": "gd"
      },
      "dates": {
        "timeZoneNames": {
          "hourFormat": "+HH:mm;-HH:mm",
          "gmtFormat": "GMT{0}",
          "gmtZeroFormat": "GMT",
          "regionFormat": "{0}",
          "regionFormat-type-daylight": "Tìde samhraidh: {0}",
          "regionFormat-type-standard": "Bun-àm: {0}",
          "fallbackFormat": "{1} ({0})",
          "zone": {
            "America": {
              "Adak": {
                "exemplarCity": "Adak"
              },
              "Anchorage": {
                "exemplarCity": "Anchorage"
              },
              "Anguilla": {
                "exemplarCity": "Anguillia"
              },
              "Antigua": {
                "exemplarCity": "Aintìoga"
              },
              "Araguaina": {
                "exemplarCity": "Araguaína"
              },
              "Argentina": {
                "Rio_Gallegos": {
                  "exemplarCity": "Río Gallegos"
                },
                "San_Juan": {
                  "exemplarCity": "San Juan"
                },
                "Ushuaia": {
                  "exemplarCity": "Ushuaia"
                },
                "La_Rioja": {
                  "exemplarCity": "La Rioja"
                },
                "San_Luis": {
                  "exemplarCity": "San Luis"
                },
                "Salta": {
                  "exemplarCity": "Salta"
                },
                "Tucuman": {
                  "exemplarCity": "Tucumán"
                }
              },
              "Aruba": {
                "exemplarCity": "Arùba"
              },
              "Asuncion": {
                "exemplarCity": "Asunción"
              },
              "Bahia": {
                "exemplarCity": "Bahia"
              },
              "Bahia_Banderas": {
                "exemplarCity": "Bahía de Banderas"
              },
              "Barbados": {
                "exemplarCity": "Barbados"
              },
              "Belem": {
                "exemplarCity": "Belém"
              },
              "Belize": {
                "exemplarCity": "A’ Bheilìs"
              },
              "Blanc-Sablon": {
                "exemplarCity": "Blanc-Sablon"
              },
              "Boa_Vista": {
                "exemplarCity": "Boa Vista"
              },
              "Bogota": {
                "exemplarCity": "Bogotá"
              },
              "Boise": {
                "exemplarCity": "Boise"
              },
              "Buenos_Aires": {
                "exemplarCity": "Buenos Aires"
              },
              "Cambridge_Bay": {
                "exemplarCity": "Cambridge Bay"
              },
              "Campo_Grande": {
                "exemplarCity": "Campo Grande"
              },
              "Cancun": {
                "exemplarCity": "Cancún"
              },
              "Caracas": {
                "exemplarCity": "Caracas"
              },
              "Catamarca": {
                "exemplarCity": "Catamarca"
              },
              "Cayenne": {
                "exemplarCity": "Cayenne"
              },
              "Cayman": {
                "exemplarCity": "Caimean"
              },
              "Chicago": {
                "exemplarCity": "Chicago"
              },
              "Chihuahua": {
                "exemplarCity": "Chihuahua"
              },
              "Coral_Harbour": {
                "exemplarCity": "Atikokan"
              },
              "Cordoba": {
                "exemplarCity": "Córdoba"
              },
              "Costa_Rica": {
                "exemplarCity": "Costa Rìcea"
              },
              "Creston": {
                "exemplarCity": "Creston"
              },
              "Cuiaba": {
                "exemplarCity": "Cuiabá"
              },
              "Curacao": {
                "exemplarCity": "Curaçao"
              },
              "Danmarkshavn": {
                "exemplarCity": "Danmarkshavn"
              },
              "Dawson": {
                "exemplarCity": "Dawson"
              },
              "Dawson_Creek": {
                "exemplarCity": "Dawson Creek"
              },
              "Denver": {
                "exemplarCity": "Denver"
              },
              "Detroit": {
                "exemplarCity": "Detroit"
              },
              "Dominica": {
                "exemplarCity": "Doiminicea"
              },
              "Edmonton": {
                "exemplarCity": "Edmonton"
              },
              "Eirunepe": {
                "exemplarCity": "Eirunepé"
              },
              "El_Salvador": {
                "exemplarCity": "An Salbhador"
              },
              "Fort_Nelson": {
                "exemplarCity": "Fort Nelson"
              },
              "Fortaleza": {
                "exemplarCity": "Fortaleza"
              },
              "Glace_Bay": {
                "exemplarCity": "Glasbaidh"
              },
              "Godthab": {
                "exemplarCity": "Nuuk"
              },
              "Goose_Bay": {
                "exemplarCity": "Goose Bay"
              },
              "Grand_Turk": {
                "exemplarCity": "An Turc Mhòr"
              },
              "Grenada": {
                "exemplarCity": "Greanàda"
              },
              "Guadeloupe": {
                "exemplarCity": "Guadalup"
              },
              "Guatemala": {
                "exemplarCity": "Guatamala"
              },
              "Guayaquil": {
                "exemplarCity": "Guayaquil"
              },
              "Guyana": {
                "exemplarCity": "Guidheàna"
              },
              "Halifax": {
                "exemplarCity": "Halifax"
              },
              "Havana": {
                "exemplarCity": "Havana"
              },
              "Hermosillo": {
                "exemplarCity": "Hermosillo"
              },
              "Indiana": {
                "Vincennes": {
                  "exemplarCity": "Vincennes, Indiana"
                },
                "Petersburg": {
                  "exemplarCity": "Petersburg, Indiana"
                },
                "Tell_City": {
                  "exemplarCity": "Tell City, Indiana"
                },
                "Knox": {
                  "exemplarCity": "Knox, Indiana"
                },
                "Winamac": {
                  "exemplarCity": "Winamac, Indiana"
                },
                "Marengo": {
                  "exemplarCity": "Marengo, Indiana"
                },
                "Vevay": {
                  "exemplarCity": "Vevay, Indiana"
                }
              },
              "Indianapolis": {
                "exemplarCity": "Indianapolis"
              },
              "Inuvik": {
                "exemplarCity": "Inuuvik"
              },
              "Iqaluit": {
                "exemplarCity": "Iqaluit"
              },
              "Jamaica": {
                "exemplarCity": "Diameuga"
              },
              "Jujuy": {
                "exemplarCity": "Jujuy"
              },
              "Juneau": {
                "exemplarCity": "Juneau"
              },
              "Kentucky": {
                "Monticello": {
                  "exemplarCity": "Monticello, Kentucky"
                }
              },
              "Kralendijk": {
                "exemplarCity": "Kralendijk"
              },
              "La_Paz": {
                "exemplarCity": "La Paz"
              },
              "Lima": {
                "exemplarCity": "Lima"
              },
              "Los_Angeles": {
                "exemplarCity": "Los Angeles"
              },
              "Louisville": {
                "exemplarCity": "Louisville"
              },
              "Lower_Princes": {
                "exemplarCity": "Lower Prince’s Quarter"
              },
              "Maceio": {
                "exemplarCity": "Maceió"
              },
              "Managua": {
                "exemplarCity": "Managua"
              },
              "Manaus": {
                "exemplarCity": "Manaus"
              },
              "Marigot": {
                "exemplarCity": "Marigot"
              },
              "Martinique": {
                "exemplarCity": "Mairtinic"
              },
              "Matamoros": {
                "exemplarCity": "Matamoros"
              },
              "Mazatlan": {
                "exemplarCity": "Mazatlán"
              },
              "Mendoza": {
                "exemplarCity": "Mendoza"
              },
              "Menominee": {
                "exemplarCity": "Menominee"
              },
              "Merida": {
                "exemplarCity": "Mérida"
              },
              "Metlakatla": {
                "exemplarCity": "Metlakatla"
              },
              "Mexico_City": {
                "exemplarCity": "Cathair Mheagsago"
              },
              "Miquelon": {
                "exemplarCity": "Miquelon"
              },
              "Moncton": {
                "exemplarCity": "Moncton"
              },
              "Monterrey": {
                "exemplarCity": "Monterrey"
              },
              "Montevideo": {
                "exemplarCity": "Montevideo"
              },
              "Montserrat": {
                "exemplarCity": "Montsarat"
              },
              "Nassau": {
                "exemplarCity": "Nassau"
              },
              "New_York": {
                "exemplarCity": "Nuadh Eabhrac"
              },
              "Nipigon": {
                "exemplarCity": "Nipigon"
              },
              "Nome": {
                "exemplarCity": "Nome"
              },
              "Noronha": {
                "exemplarCity": "Noronha"
              },
              "North_Dakota": {
                "Beulah": {
                  "exemplarCity": "Beulah, North Dakota"
                },
                "New_Salem": {
                  "exemplarCity": "New Salem, North Dakota"
                },
                "Center": {
                  "exemplarCity": "Center, North Dakota"
                }
              },
              "Ojinaga": {
                "exemplarCity": "Ojinaga"
              },
              "Panama": {
                "exemplarCity": "Panama"
              },
              "Pangnirtung": {
                "exemplarCity": "Pangniqtuuq"
              },
              "Paramaribo": {
                "exemplarCity": "Paramaribo"
              },
              "Phoenix": {
                "exemplarCity": "Phoenix"
              },
              "Port-au-Prince": {
                "exemplarCity": "Port-au-Prince"
              },
              "Port_of_Spain": {
                "exemplarCity": "Port na Spàinne"
              },
              "Porto_Velho": {
                "exemplarCity": "Porto Velho"
              },
              "Puerto_Rico": {
                "exemplarCity": "Porto Rìceo"
              },
              "Punta_Arenas": {
                "exemplarCity": "Punta Arenas"
              },
              "Rainy_River": {
                "exemplarCity": "Rainy River"
              },
              "Rankin_Inlet": {
                "exemplarCity": "Kangiqliniq"
              },
              "Recife": {
                "exemplarCity": "Recife"
              },
              "Regina": {
                "exemplarCity": "Regina"
              },
              "Resolute": {
                "exemplarCity": "Qausuittuq"
              },
              "Rio_Branco": {
                "exemplarCity": "Rio Branco"
              },
              "Santa_Isabel": {
                "exemplarCity": "Santa Isabel"
              },
              "Santarem": {
                "exemplarCity": "Santarém"
              },
              "Santiago": {
                "exemplarCity": "Santiago"
              },
              "Santo_Domingo": {
                "exemplarCity": "Santo Domingo"
              },
              "Sao_Paulo": {
                "exemplarCity": "São Paulo"
              },
              "Scoresbysund": {
                "exemplarCity": "Ittoqqortoormiit"
              },
              "Sitka": {
                "exemplarCity": "Sitka"
              },
              "St_Barthelemy": {
                "exemplarCity": "Saint Barthélemy"
              },
              "St_Johns": {
                "exemplarCity": "St. John’s"
              },
              "St_Kitts": {
                "exemplarCity": "Naomh Crìstean"
              },
              "St_Lucia": {
                "exemplarCity": "Naomh Lùisea"
              },
              "St_Thomas": {
                "exemplarCity": "St. Thomas"
              },
              "St_Vincent": {
                "exemplarCity": "Naomh Bhionsant"
              },
              "Swift_Current": {
                "exemplarCity": "Swift Current"
              },
              "Tegucigalpa": {
                "exemplarCity": "Tegucigalpa"
              },
              "Thule": {
                "exemplarCity": "Qaanaaq"
              },
              "Thunder_Bay": {
                "exemplarCity": "Thunder Bay"
              },
              "Tijuana": {
                "exemplarCity": "Tijuana"
              },
              "Toronto": {
                "exemplarCity": "Toronto"
              },
              "Tortola": {
                "exemplarCity": "Tortola"
              },
              "Vancouver": {
                "exemplarCity": "Vancouver"
              },
              "Whitehorse": {
                "exemplarCity": "Whitehorse"
              },
              "Winnipeg": {
                "exemplarCity": "Winnipeg"
              },
              "Yakutat": {
                "exemplarCity": "Yakutat"
              },
              "Yellowknife": {
                "exemplarCity": "Yellowknife"
              }
            },
            "Atlantic": {
              "Azores": {
                "exemplarCity": "Ponta Delgada"
              },
              "Bermuda": {
                "exemplarCity": "Bearmùda"
              },
              "Canary": {
                "exemplarCity": "Na h-Eileanan Canàrach"
              },
              "Cape_Verde": {
                "exemplarCity": "An Ceap Uaine"
              },
              "Faeroe": {
                "exemplarCity": "Fàro"
              },
              "Madeira": {
                "exemplarCity": "Madeira"
              },
              "Reykjavik": {
                "exemplarCity": "Reykjavík"
              },
              "South_Georgia": {
                "exemplarCity": "Seòrsea a Deas"
              },
              "St_Helena": {
                "exemplarCity": "Eilean Naomh Eilidh"
              },
              "Stanley": {
                "exemplarCity": "Stanley"
              }
            },
            "Europe": {
              "Amsterdam": {
                "exemplarCity": "Amsterdam"
              },
              "Andorra": {
                "exemplarCity": "Andorra"
              },
              "Astrakhan": {
                "exemplarCity": "Astrakhan"
              },
              "Athens": {
                "exemplarCity": "An Àithne"
              },
              "Belgrade": {
                "exemplarCity": "Belgrade"
              },
              "Berlin": {
                "exemplarCity": "Berlin"
              },
              "Bratislava": {
                "exemplarCity": "Bratislava"
              },
              "Brussels": {
                "exemplarCity": "A’ Bhruiseal"
              },
              "Bucharest": {
                "exemplarCity": "Bucharest"
              },
              "Budapest": {
                "exemplarCity": "Budapest"
              },
              "Busingen": {
                "exemplarCity": "Busingen"
              },
              "Chisinau": {
                "exemplarCity": "Chișinău"
              },
              "Copenhagen": {
                "exemplarCity": "Beirbh"
              },
              "Dublin": {
                "long": {
                  "daylight": "Bun-àm na h-Èireann"
                },
                "short": {
                  "daylight": "TSÈ (Èirinn)"
                },
                "exemplarCity": "Baile Àtha Cliath"
              },
              "Gibraltar": {
                "exemplarCity": "Diobraltar"
              },
              "Guernsey": {
                "exemplarCity": "Geàrnsaidh"
              },
              "Helsinki": {
                "exemplarCity": "Helsinki"
              },
              "Isle_of_Man": {
                "exemplarCity": "Eilean Mhanainn"
              },
              "Istanbul": {
                "exemplarCity": "Istanbul"
              },
              "Jersey": {
                "exemplarCity": "Deàrsaidh"
              },
              "Kaliningrad": {
                "exemplarCity": "Kaliningrad"
              },
              "Kiev": {
                "exemplarCity": "Kiev"
              },
              "Kirov": {
                "exemplarCity": "Kirov"
              },
              "Lisbon": {
                "exemplarCity": "Lisbon"
              },
              "Ljubljana": {
                "exemplarCity": "Ljubljana"
              },
              "London": {
                "long": {
                  "daylight": "Tìde samhraidh Bhreatainn"
                },
                "short": {
                  "daylight": "TSB"
                },
                "exemplarCity": "Dùn Èideann/Lunnainn"
              },
              "Luxembourg": {
                "exemplarCity": "Lugsamburg"
              },
              "Madrid": {
                "exemplarCity": "Madrid"
              },
              "Malta": {
                "exemplarCity": "Malta"
              },
              "Mariehamn": {
                "exemplarCity": "Mariehamn"
              },
              "Minsk": {
                "exemplarCity": "Minsk"
              },
              "Monaco": {
                "exemplarCity": "Monaco"
              },
              "Moscow": {
                "exemplarCity": "Mosgo"
              },
              "Oslo": {
                "exemplarCity": "Oslo"
              },
              "Paris": {
                "exemplarCity": "Paras"
              },
              "Podgorica": {
                "exemplarCity": "Podgorica"
              },
              "Prague": {
                "exemplarCity": "Pràg"
              },
              "Riga": {
                "exemplarCity": "Rīga"
              },
              "Rome": {
                "exemplarCity": "An Ròimh"
              },
              "Samara": {
                "exemplarCity": "Samara"
              },
              "San_Marino": {
                "exemplarCity": "San Marino"
              },
              "Sarajevo": {
                "exemplarCity": "Sarajevo"
              },
              "Saratov": {
                "exemplarCity": "Saratov"
              },
              "Simferopol": {
                "exemplarCity": "Simferopol"
              },
              "Skopje": {
                "exemplarCity": "Skopje"
              },
              "Sofia": {
                "exemplarCity": "Sofiya"
              },
              "Stockholm": {
                "exemplarCity": "Stockholm"
              },
              "Tallinn": {
                "exemplarCity": "Tallinn"
              },
              "Tirane": {
                "exemplarCity": "Tiranë"
              },
              "Ulyanovsk": {
                "exemplarCity": "Ulyanovsk"
              },
              "Uzhgorod": {
                "exemplarCity": "Uzhgorod"
              },
              "Vaduz": {
                "exemplarCity": "Vaduz"
              },
              "Vatican": {
                "exemplarCity": "A’ Bhatacan"
              },
              "Vienna": {
                "exemplarCity": "Vienna"
              },
              "Vilnius": {
                "exemplarCity": "Vilnius"
              },
              "Volgograd": {
                "exemplarCity": "Volgograd"
              },
              "Warsaw": {
                "exemplarCity": "Warsaw"
              },
              "Zagreb": {
                "exemplarCity": "Zagreb"
              },
              "Zaporozhye": {
                "exemplarCity": "Zaporozhye"
              },
              "Zurich": {
                "exemplarCity": "Zürich"
              }
            },
            "Africa": {
              "Abidjan": {
                "exemplarCity": "Abidjan"
              },
              "Accra": {
                "exemplarCity": "Accra"
              },
              "Addis_Ababa": {
                "exemplarCity": "Addis Abäba"
              },
              "Algiers": {
                "exemplarCity": "Algiers"
              },
              "Asmera": {
                "exemplarCity": "Asmarà"
              },
              "Bamako": {
                "exemplarCity": "Bamako"
              },
              "Bangui": {
                "exemplarCity": "Bangui"
              },
              "Banjul": {
                "exemplarCity": "Banjul"
              },
              "Bissau": {
                "exemplarCity": "Bissau"
              },
              "Blantyre": {
                "exemplarCity": "Blantyre"
              },
              "Brazzaville": {
                "exemplarCity": "Brazzaville"
              },
              "Bujumbura": {
                "exemplarCity": "Bujumbura"
              },
              "Cairo": {
                "exemplarCity": "Cairo"
              },
              "Casablanca": {
                "exemplarCity": "Casablanca"
              },
              "Ceuta": {
                "exemplarCity": "Ceuta"
              },
              "Conakry": {
                "exemplarCity": "Conakry"
              },
              "Dakar": {
                "exemplarCity": "Dakar"
              },
              "Dar_es_Salaam": {
                "exemplarCity": "Dàr as-Salàm"
              },
              "Djibouti": {
                "exemplarCity": "Diobùtaidh"
              },
              "Douala": {
                "exemplarCity": "Douala"
              },
              "El_Aaiun": {
                "exemplarCity": "El Aaiún"
              },
              "Freetown": {
                "exemplarCity": "Freetown"
              },
              "Gaborone": {
                "exemplarCity": "Gaborone"
              },
              "Harare": {
                "exemplarCity": "Harare"
              },
              "Johannesburg": {
                "exemplarCity": "Hannsaborgh"
              },
              "Juba": {
                "exemplarCity": "Juba"
              },
              "Kampala": {
                "exemplarCity": "Kampala"
              },
              "Khartoum": {
                "exemplarCity": "Khartoum"
              },
              "Kigali": {
                "exemplarCity": "Kigali"
              },
              "Kinshasa": {
                "exemplarCity": "Kinshasa"
              },
              "Lagos": {
                "exemplarCity": "Lagos"
              },
              "Libreville": {
                "exemplarCity": "Libreville"
              },
              "Lome": {
                "exemplarCity": "Lomé"
              },
              "Luanda": {
                "exemplarCity": "Luanda"
              },
              "Lubumbashi": {
                "exemplarCity": "Lubumbashi"
              },
              "Lusaka": {
                "exemplarCity": "Lusaka"
              },
              "Malabo": {
                "exemplarCity": "Malabo"
              },
              "Maputo": {
                "exemplarCity": "Maputo"
              },
              "Maseru": {
                "exemplarCity": "Maseru"
              },
              "Mbabane": {
                "exemplarCity": "Mbabane"
              },
              "Mogadishu": {
                "exemplarCity": "Mogadishu"
              },
              "Monrovia": {
                "exemplarCity": "Monrovia"
              },
              "Nairobi": {
                "exemplarCity": "Nairobi"
              },
              "Ndjamena": {
                "exemplarCity": "N’Djaména"
              },
              "Niamey": {
                "exemplarCity": "Niamey"
              },
              "Nouakchott": {
                "exemplarCity": "Nouakchott"
              },
              "Ouagadougou": {
                "exemplarCity": "Ouagadougou"
              },
              "Porto-Novo": {
                "exemplarCity": "Porto-Novo"
              },
              "Sao_Tome": {
                "exemplarCity": "São Tomé"
              },
              "Tripoli": {
                "exemplarCity": "Tripoli"
              },
              "Tunis": {
                "exemplarCity": "Tunis"
              },
              "Windhoek": {
                "exemplarCity": "Windhoek"
              }
            },
            "Asia": {
              "Aden": {
                "exemplarCity": "Aden"
              },
              "Almaty": {
                "exemplarCity": "Almaty"
              },
              "Amman": {
                "exemplarCity": "Ammān"
              },
              "Anadyr": {
                "exemplarCity": "Anadyr"
              },
              "Aqtau": {
                "exemplarCity": "Aqtau"
              },
              "Aqtobe": {
                "exemplarCity": "Aqtöbe"
              },
              "Ashgabat": {
                "exemplarCity": "Aşgabat"
              },
              "Atyrau": {
                "exemplarCity": "Atyrau"
              },
              "Baghdad": {
                "exemplarCity": "Baghdād"
              },
              "Bahrain": {
                "exemplarCity": "Bachrain"
              },
              "Baku": {
                "exemplarCity": "Baku"
              },
              "Bangkok": {
                "exemplarCity": "Bangkok"
              },
              "Barnaul": {
                "exemplarCity": "Barnaul"
              },
              "Beirut": {
                "exemplarCity": "Beirut"
              },
              "Bishkek": {
                "exemplarCity": "Biškek"
              },
              "Brunei": {
                "exemplarCity": "Brùnaigh"
              },
              "Calcutta": {
                "exemplarCity": "Kolkata"
              },
              "Chita": {
                "exemplarCity": "Chita"
              },
              "Choibalsan": {
                "exemplarCity": "Choibalsan"
              },
              "Colombo": {
                "exemplarCity": "Colombo"
              },
              "Damascus": {
                "exemplarCity": "Damascus"
              },
              "Dhaka": {
                "exemplarCity": "Dhaka"
              },
              "Dili": {
                "exemplarCity": "Dili"
              },
              "Dubai": {
                "exemplarCity": "Dubai"
              },
              "Dushanbe": {
                "exemplarCity": "Dušanbe"
              },
              "Famagusta": {
                "exemplarCity": "Famagusta"
              },
              "Gaza": {
                "exemplarCity": "Gàsa"
              },
              "Hebron": {
                "exemplarCity": "Hebron"
              },
              "Hong_Kong": {
                "exemplarCity": "Hong Kong"
              },
              "Hovd": {
                "exemplarCity": "Khovd"
              },
              "Irkutsk": {
                "exemplarCity": "Irkutsk"
              },
              "Jakarta": {
                "exemplarCity": "Jakarta"
              },
              "Jayapura": {
                "exemplarCity": "Jayapura"
              },
              "Jerusalem": {
                "exemplarCity": "Ierusalam"
              },
              "Kabul": {
                "exemplarCity": "Kabul"
              },
              "Kamchatka": {
                "exemplarCity": "Kamchatka"
              },
              "Karachi": {
                "exemplarCity": "Karācī"
              },
              "Katmandu": {
                "exemplarCity": "Kathmandu"
              },
              "Khandyga": {
                "exemplarCity": "Khandyga"
              },
              "Krasnoyarsk": {
                "exemplarCity": "Krasnoyarsk"
              },
              "Kuala_Lumpur": {
                "exemplarCity": "Kuala Lumpur"
              },
              "Kuching": {
                "exemplarCity": "Kuching"
              },
              "Kuwait": {
                "exemplarCity": "Cuibhèit"
              },
              "Macau": {
                "exemplarCity": "Macàthu"
              },
              "Magadan": {
                "exemplarCity": "Magadan"
              },
              "Makassar": {
                "exemplarCity": "Makassar"
              },
              "Manila": {
                "exemplarCity": "Manila"
              },
              "Muscat": {
                "exemplarCity": "Muscat"
              },
              "Nicosia": {
                "exemplarCity": "Nicosia"
              },
              "Novokuznetsk": {
                "exemplarCity": "Novokuznetsk"
              },
              "Novosibirsk": {
                "exemplarCity": "Novosibirsk"
              },
              "Omsk": {
                "exemplarCity": "Omsk"
              },
              "Oral": {
                "exemplarCity": "Oral"
              },
              "Phnom_Penh": {
                "exemplarCity": "Phnom Penh"
              },
              "Pontianak": {
                "exemplarCity": "Pontianak"
              },
              "Pyongyang": {
                "exemplarCity": "Pyeongyang"
              },
              "Qatar": {
                "exemplarCity": "Catar"
              },
              "Qostanay": {
                "exemplarCity": "Qostanaı"
              },
              "Qyzylorda": {
                "exemplarCity": "Qızılorda"
              },
              "Rangoon": {
                "exemplarCity": "Rangun"
              },
              "Riyadh": {
                "exemplarCity": "Riyadh"
              },
              "Saigon": {
                "exemplarCity": "Cathair Ho Chi Minh"
              },
              "Sakhalin": {
                "exemplarCity": "Sakhalin"
              },
              "Samarkand": {
                "exemplarCity": "Samarkand"
              },
              "Seoul": {
                "exemplarCity": "Seoul"
              },
              "Shanghai": {
                "exemplarCity": "Shanghai"
              },
              "Singapore": {
                "exemplarCity": "Singeapòr"
              },
              "Srednekolymsk": {
                "exemplarCity": "Srednekolymsk"
              },
              "Taipei": {
                "exemplarCity": "Taipei"
              },
              "Tashkent": {
                "exemplarCity": "Toškent"
              },
              "Tbilisi": {
                "exemplarCity": "T’bilisi"
              },
              "Tehran": {
                "exemplarCity": "Tehrān"
              },
              "Thimphu": {
                "exemplarCity": "Thimphu"
              },
              "Tokyo": {
                "exemplarCity": "Tōkyō"
              },
              "Tomsk": {
                "exemplarCity": "Tomsk"
              },
              "Ulaanbaatar": {
                "exemplarCity": "Ulaanbaatar"
              },
              "Urumqi": {
                "exemplarCity": "Ürümqi"
              },
              "Ust-Nera": {
                "exemplarCity": "Ust-Nera"
              },
              "Vientiane": {
                "exemplarCity": "Viang Chan"
              },
              "Vladivostok": {
                "exemplarCity": "Vladivostok"
              },
              "Yakutsk": {
                "exemplarCity": "Yakutsk"
              },
              "Yekaterinburg": {
                "exemplarCity": "Yekaterinburg"
              },
              "Yerevan": {
                "exemplarCity": "Yerevan"
              }
            },
            "Indian": {
              "Antananarivo": {
                "exemplarCity": "Antananarivo"
              },
              "Chagos": {
                "exemplarCity": "Chagos"
              },
              "Christmas": {
                "exemplarCity": "Nollaig"
              },
              "Cocos": {
                "exemplarCity": "Cocos"
              },
              "Comoro": {
                "exemplarCity": "Comoro"
              },
              "Kerguelen": {
                "exemplarCity": "Kergelenn"
              },
              "Mahe": {
                "exemplarCity": "Mahé"
              },
              "Maldives": {
                "exemplarCity": "Na h-Eileanan Mhaladaibh"
              },
              "Mauritius": {
                "exemplarCity": "Na h-Eileanan Mhoiriseas"
              },
              "Mayotte": {
                "exemplarCity": "Mayotte"
              },
              "Reunion": {
                "exemplarCity": "Réunion"
              }
            },
            "Australia": {
              "Adelaide": {
                "exemplarCity": "Adelaide"
              },
              "Brisbane": {
                "exemplarCity": "Brisbane"
              },
              "Broken_Hill": {
                "exemplarCity": "Broken Hill"
              },
              "Currie": {
                "exemplarCity": "Currie"
              },
              "Darwin": {
                "exemplarCity": "Darwin"
              },
              "Eucla": {
                "exemplarCity": "Eucla"
              },
              "Hobart": {
                "exemplarCity": "Hobart"
              },
              "Lindeman": {
                "exemplarCity": "Lindeman"
              },
              "Lord_Howe": {
                "exemplarCity": "Lord Howe"
              },
              "Melbourne": {
                "exemplarCity": "Melbourne"
              },
              "Perth": {
                "exemplarCity": "Perth"
              },
              "Sydney": {
                "exemplarCity": "Sidni"
              }
            },
            "Pacific": {
              "Apia": {
                "exemplarCity": "Apia"
              },
              "Auckland": {
                "exemplarCity": "Auckland"
              },
              "Bougainville": {
                "exemplarCity": "Bougainville"
              },
              "Chatham": {
                "exemplarCity": "Chatham"
              },
              "Easter": {
                "exemplarCity": "Rapa Nui"
              },
              "Efate": {
                "exemplarCity": "Efate"
              },
              "Enderbury": {
                "exemplarCity": "Enderbury"
              },
              "Fakaofo": {
                "exemplarCity": "Fakaofo"
              },
              "Fiji": {
                "exemplarCity": "Fìdi"
              },
              "Funafuti": {
                "exemplarCity": "Funafuti"
              },
              "Galapagos": {
                "exemplarCity": "Galápagos"
              },
              "Gambier": {
                "exemplarCity": "Mangareva"
              },
              "Guadalcanal": {
                "exemplarCity": "Guadalcanal"
              },
              "Guam": {
                "exemplarCity": "Guam"
              },
              "Honolulu": {
                "short": {
                  "generic": "HST",
                  "standard": "HST",
                  "daylight": "HDT"
                },
                "exemplarCity": "Honolulu"
              },
              "Johnston": {
                "exemplarCity": "Johnston"
              },
              "Kanton": {
                "exemplarCity": "Kanton"
              },
              "Kiritimati": {
                "exemplarCity": "Kiritimati"
              },
              "Kosrae": {
                "exemplarCity": "Kosrae"
              },
              "Kwajalein": {
                "exemplarCity": "Kwajalein"
              },
              "Majuro": {
                "exemplarCity": "Majuro"
              },
              "Marquesas": {
                "exemplarCity": "Eileanan a’ Mharcais"
              },
              "Midway": {
                "exemplarCity": "Midway"
              },
              "Nauru": {
                "exemplarCity": "Nabhru"
              },
              "Niue": {
                "exemplarCity": "Niue"
              },
              "Norfolk": {
                "exemplarCity": "Norfolk"
              },
              "Noumea": {
                "exemplarCity": "Noumea"
              },
              "Pago_Pago": {
                "exemplarCity": "Pago Pago"
              },
              "Palau": {
                "exemplarCity": "Palabh"
              },
              "Pitcairn": {
                "exemplarCity": "Peit a’ Chàirn"
              },
              "Ponape": {
                "exemplarCity": "Pohnpei"
              },
              "Port_Moresby": {
                "exemplarCity": "Port Moresby"
              },
              "Rarotonga": {
                "exemplarCity": "Rarotonga"
              },
              "Saipan": {
                "exemplarCity": "Saipan"
              },
              "Tahiti": {
                "exemplarCity": "Tahiti"
              },
              "Tarawa": {
                "exemplarCity": "Tarawa"
              },
              "Tongatapu": {
                "exemplarCity": "Tongatapu"
              },
              "Truk": {
                "exemplarCity": "Chuuk"
              },
              "Wake": {
                "exemplarCity": "Wake"
              },
              "Wallis": {
                "exemplarCity": "Uallas"
              }
            },
            "Arctic": {
              "Longyearbyen": {
                "exemplarCity": "Longyearbyen"
              }
            },
            "Antarctica": {
              "Casey": {
                "exemplarCity": "Casey"
              },
              "Davis": {
                "exemplarCity": "Davis"
              },
              "DumontDUrville": {
                "exemplarCity": "Dumont d’Urville"
              },
              "Macquarie": {
                "exemplarCity": "Eilean MhicGuaire"
              },
              "Mawson": {
                "exemplarCity": "Mawson"
              },
              "McMurdo": {
                "exemplarCity": "McMurdo"
              },
              "Palmer": {
                "exemplarCity": "Palmer"
              },
              "Rothera": {
                "exemplarCity": "Rothera"
              },
              "Syowa": {
                "exemplarCity": "Syowa"
              },
              "Troll": {
                "exemplarCity": "Troll"
              },
              "Vostok": {
                "exemplarCity": "Vostok"
              }
            },
            "Etc": {
              "UTC": {
                "long": {
                  "standard": "Àm Uile-choitcheann Co-òrdanaichte"
                },
                "short": {
                  "standard": "UTC"
                }
              },
              "Unknown": {
                "exemplarCity": "Baile neo-aithnichte"
              }
            }
          },
          "metazone": {
            "Acre": {
              "long": {
                "generic": "Àm Acre",
                "standard": "Bun-àm Acre",
                "daylight": "Tìde samhraidh Acre"
              }
            },
            "Afghanistan": {
              "long": {
                "standard": "Àm Afghanastàin"
              }
            },
            "Africa_Central": {
              "long": {
                "standard": "Àm Meadhan Afraga"
              }
            },
            "Africa_Eastern": {
              "long": {
                "standard": "Àm Afraga an Ear"
              }
            },
            "Africa_Southern": {
              "long": {
                "standard": "Àm Afraga a Deas"
              }
            },
            "Africa_Western": {
              "long": {
                "generic": "Àm Afraga an Iar",
                "standard": "Bun-àm Afraga an Iar",
                "daylight": "Tìde Samhraidh Afraga an Iar"
              }
            },
            "Alaska": {
              "long": {
                "generic": "Àm Alaska",
                "standard": "Bun-àm Alaska",
                "daylight": "Tìde samhraidh Alaska"
              },
              "short": {
                "generic": "AKT",
                "standard": "AKST",
                "daylight": "AKDT"
              }
            },
            "Almaty": {
              "long": {
                "generic": "Àm Almaty",
                "standard": "Bun-àm Almaty",
                "daylight": "Tìde samhraidh Almaty"
              }
            },
            "Amazon": {
              "long": {
                "generic": "Àm Amasoin",
                "standard": "Bun-àm Amasoin",
                "daylight": "Tìde samhraidh Amasoin"
              }
            },
            "America_Central": {
              "long": {
                "generic": "Àm Meadhan Aimeireaga a Tuath",
                "standard": "Bun-àm Meadhan Aimeireaga a Tuath",
                "daylight": "Tìde samhraidh Meadhan Aimeireaga a Tuath"
              },
              "short": {
                "generic": "CT",
                "standard": "CST",
                "daylight": "CDT"
              }
            },
            "America_Eastern": {
              "long": {
                "generic": "Àm Aimeireaga a Tuath an Ear",
                "standard": "Bun-àm Aimeireaga a Tuath an Ear",
                "daylight": "Tìde samhraidh Aimeireaga a Tuath an Ear"
              },
              "short": {
                "generic": "ET",
                "standard": "EST",
                "daylight": "EDT"
              }
            },
            "America_Mountain": {
              "long": {
                "generic": "Àm Monadh Aimeireaga a Tuath",
                "standard": "Bun-àm Monadh Aimeireaga a Tuath",
                "daylight": "Tìde samhraidh Monadh Aimeireaga a Tuath"
              },
              "short": {
                "generic": "MT",
                "standard": "MST",
                "daylight": "MDT"
              }
            },
            "America_Pacific": {
              "long": {
                "generic": "Àm a’ Chuain Sèimh",
                "standard": "Bun-àm a’ Chuain Sèimh",
                "daylight": "Tìde samhraidh a’ Chuain Sèimh"
              },
              "short": {
                "generic": "PT",
                "standard": "PST",
                "daylight": "PDT"
              }
            },
            "Anadyr": {
              "long": {
                "generic": "Àm Anadyr",
                "standard": "Bun-àm Anadyr",
                "daylight": "Tìde samhraidh Anadyr"
              }
            },
            "Apia": {
              "long": {
                "generic": "Àm Apia",
                "standard": "Bun-àm Apia",
                "daylight": "Tìde samhraidh Apia"
              }
            },
            "Aqtau": {
              "long": {
                "generic": "Àm Aqtau",
                "standard": "Bun-àm Aqtau",
                "daylight": "Tìde samhraidh Aqtau"
              }
            },
            "Aqtobe": {
              "long": {
                "generic": "Àm Aqtobe",
                "standard": "Bun-àm Aqtobe",
                "daylight": "Tìde samhraidh Aqtobe"
              }
            },
            "Arabian": {
              "long": {
                "generic": "Àm Arabach",
                "standard": "Bun-àm Arabach",
                "daylight": "Tìde samhraidh Arabach"
              }
            },
            "Argentina": {
              "long": {
                "generic": "Àm na h-Argantaine",
                "standard": "Bun-àm na h-Argantaine",
                "daylight": "Tìde samhraidh na h-Argantaine"
              }
            },
            "Argentina_Western": {
              "long": {
                "generic": "Àm na h-Argantaine Siaraich",
                "standard": "Bun-àm na h-Argantaine Siaraich",
                "daylight": "Tìde samhraidh na h-Argantaine Siaraich"
              }
            },
            "Armenia": {
              "long": {
                "generic": "Àm Airmeinia",
                "standard": "Bun-àm Airmeinia",
                "daylight": "Tìde samhraidh Airmeinia"
              }
            },
            "Atlantic": {
              "long": {
                "generic": "Àm a’ Chuain Siar",
                "standard": "Bun-àm a’ Chuain Siar",
                "daylight": "Tìde samhraidh a’ Chuain Siar"
              },
              "short": {
                "generic": "AT",
                "standard": "AST",
                "daylight": "ADT"
              }
            },
            "Australia_Central": {
              "long": {
                "generic": "Àm Meadhan Astràilia",
                "standard": "Bun-àm Meadhan Astràilia",
                "daylight": "Tìde samhraidh Meadhan Astràilia"
              }
            },
            "Australia_CentralWestern": {
              "long": {
                "generic": "Àm Meadhan Astràilia an Iar",
                "standard": "Bun-àm Meadhan Astràilia an Iar",
                "daylight": "Tìde samhraidh Meadhan Astràilia an Iar"
              }
            },
            "Australia_Eastern": {
              "long": {
                "generic": "Àm Astràilia an Ear",
                "standard": "Bun-àm Astràilia an Ear",
                "daylight": "Tìde samhraidh Astràilia an Ear"
              }
            },
            "Australia_Western": {
              "long": {
                "generic": "Àm Astràilia an Iar",
                "standard": "Bun-àm Astràilia an Iar",
                "daylight": "Tìde samhraidh Astràilia an Iar"
              }
            },
            "Azerbaijan": {
              "long": {
                "generic": "Àm Asarbaideàin",
                "standard": "Bun-àm Asarbaideàin",
                "daylight": "Tìde samhraidh Asarbaideàin"
              }
            },
            "Azores": {
              "long": {
                "generic": "Àm nan Eileanan Asorach",
                "standard": "Bun-àm nan Eileanan Asorach",
                "daylight": "Tìde samhraidh nan Eileanan Asorach"
              }
            },
            "Bangladesh": {
              "long": {
                "generic": "Àm Bangladais",
                "standard": "Bun-àm Bangladais",
                "daylight": "Tìde samhraidh Bangladais"
              }
            },
            "Bhutan": {
              "long": {
                "standard": "Àm Butàin"
              }
            },
            "Bolivia": {
              "long": {
                "standard": "Àm Boilibhia"
              }
            },
            "Brasilia": {
              "long": {
                "generic": "Àm Bhrasília",
                "standard": "Bun-àm Bhrasília",
                "daylight": "Tìde samhraidh Bhrasília"
              }
            },
            "Brunei": {
              "long": {
                "standard": "Àm Bhrùnaigh Dàr as-Salàm"
              }
            },
            "Cape_Verde": {
              "long": {
                "generic": "Àm a’ Chip Uaine",
                "standard": "Bun-àm a’ Chip Uaine",
                "daylight": "Tìde samhraidh a’ Chip Uaine"
              }
            },
            "Casey": {
              "long": {
                "standard": "Àm Chasey"
              }
            },
            "Chamorro": {
              "long": {
                "standard": "Àm Chamorro"
              }
            },
            "Chatham": {
              "long": {
                "generic": "Àm Chatham",
                "standard": "Bun-àm Chatham",
                "daylight": "Tìde samhraidh Chatham"
              }
            },
            "Chile": {
              "long": {
                "generic": "Àm na Sile",
                "standard": "Bun-àm na Sile",
                "daylight": "Tìde samhraidh na Sile"
              }
            },
            "China": {
              "long": {
                "generic": "Àm na Sìne",
                "standard": "Bun-àm na Sìne",
                "daylight": "Tìde samhraidh na Sìne"
              }
            },
            "Choibalsan": {
              "long": {
                "generic": "Àm Choibalsan",
                "standard": "Bun-àm Choibalsan",
                "daylight": "Tìde samhraidh Choibalsan"
              }
            },
            "Christmas": {
              "long": {
                "standard": "Àm Eilean na Nollaig"
              }
            },
            "Cocos": {
              "long": {
                "standard": "Àm Eileanan Chocos"
              }
            },
            "Colombia": {
              "long": {
                "generic": "Àm Coloimbia",
                "standard": "Bun-àm Coloimbia",
                "daylight": "Tìde samhraidh Coloimbia"
              }
            },
            "Cook": {
              "long": {
                "generic": "Àm Eileanan Cook",
                "standard": "Bun-àm Eileanan Cook",
                "daylight": "Leth-thìde samhraidh Eileanan Cook"
              }
            },
            "Cuba": {
              "long": {
                "generic": "Àm Cùba",
                "standard": "Bun-àm Cùba",
                "daylight": "Tìde samhraidh Cùba"
              }
            },
            "Davis": {
              "long": {
                "standard": "Àm Dhavis"
              }
            },
            "DumontDUrville": {
              "long": {
                "standard": "Àm Dumont-d’Urville"
              }
            },
            "East_Timor": {
              "long": {
                "standard": "Àm Thìomor an Ear"
              }
            },
            "Easter": {
              "long": {
                "generic": "Àm Eilean na Càisge",
                "standard": "Bun-àm Eilean na Càisge",
                "daylight": "Tìde samhraidh Eilean na Càisge"
              }
            },
            "Ecuador": {
              "long": {
                "standard": "Àm Eacuadoir"
              }
            },
            "Europe_Central": {
              "long": {
                "generic": "Àm Meadhan na Roinn-Eòrpa",
                "standard": "Bun-àm Meadhan na Roinn-Eòrpa",
                "daylight": "Tìde samhraidh Meadhan na Roinn-Eòrpa"
              },
              "short": {
                "generic": "CET",
                "standard": "CET",
                "daylight": "CEST"
              }
            },
            "Europe_Eastern": {
              "long": {
                "generic": "Àm na Roinn-Eòrpa an Ear",
                "standard": "Bun-àm na Roinn-Eòrpa an Ear",
                "daylight": "Tìde samhraidh na Roinn-Eòrpa an Ear"
              },
              "short": {
                "generic": "EET",
                "standard": "EET",
                "daylight": "EEST"
              }
            },
            "Europe_Further_Eastern": {
              "long": {
                "standard": "Àm na Roinn-Eòrpa nas fhaide ear"
              }
            },
            "Europe_Western": {
              "long": {
                "generic": "Àm na Roinn-Eòrpa an Iar",
                "standard": "Bun-àm na Roinn-Eòrpa an Iar",
                "daylight": "Tìde samhraidh na Roinn-Eòrpa an Iar"
              },
              "short": {
                "generic": "WET",
                "standard": "WET",
                "daylight": "WEST"
              }
            },
            "Falkland": {
              "long": {
                "generic": "Àm nan Eileanan Fàclannach",
                "standard": "Bun-àm nan Eileanan Fàclannach",
                "daylight": "Tìde samhraidh nan Eileanan Fàclannach"
              }
            },
            "Fiji": {
              "long": {
                "generic": "Àm Fìdi",
                "standard": "Bun-àm Fìdi",
                "daylight": "Tìde samhraidh Fìdi"
              }
            },
            "French_Guiana": {
              "long": {
                "standard": "Àm Guidheàna na Frainge"
              }
            },
            "French_Southern": {
              "long": {
                "standard": "Àm Deasach agus Antartaigeach na Frainge"
              }
            },
            "Galapagos": {
              "long": {
                "standard": "Àm Ghalapagos"
              }
            },
            "Gambier": {
              "long": {
                "standard": "Àm Ghambier"
              }
            },
            "Georgia": {
              "long": {
                "generic": "Àm na Cairtbheile",
                "standard": "Bun-àm na Cairtbheile",
                "daylight": "Tìde samhraidh na Cairtbheile"
              }
            },
            "Gilbert_Islands": {
              "long": {
                "standard": "Àm Eileanan Ghileabairt"
              }
            },
            "GMT": {
              "long": {
                "standard": "Greenwich Mean Time"
              },
              "short": {
                "standard": "GMT"
              }
            },
            "Greenland_Eastern": {
              "long": {
                "generic": "Àm na Graonlainn an Ear",
                "standard": "Bun-àm na Graonlainn an Ear",
                "daylight": "Tìde samhraidh na Graonlainn an Ear"
              }
            },
            "Greenland_Western": {
              "long": {
                "generic": "Àm na Graonlainn an Iar",
                "standard": "Bun-àm na Graonlainn an Iar",
                "daylight": "Tìde samhraidh na Graonlainn an Iar"
              }
            },
            "Guam": {
              "long": {
                "standard": "Àm Guam"
              }
            },
            "Gulf": {
              "long": {
                "standard": "Àm a’ Chamais"
              }
            },
            "Guyana": {
              "long": {
                "standard": "Àm Guidheàna"
              }
            },
            "Hawaii_Aleutian": {
              "long": {
                "generic": "Àm nan Eileanan Hawai’i ’s Aleutach",
                "standard": "Bun-àm nan Eileanan Hawai’i ’s Aleutach",
                "daylight": "Tìde Samhraidh nan Eileanan Hawai’i ’s Aleutach"
              },
              "short": {
                "generic": "HAT",
                "standard": "HAST",
                "daylight": "HADT"
              }
            },
            "Hong_Kong": {
              "long": {
                "generic": "Àm Hong Kong",
                "standard": "Bun-àm Hong Kong",
                "daylight": "Tìde samhraidh Hong Kong"
              }
            },
            "Hovd": {
              "long": {
                "generic": "Àm Hovd",
                "standard": "Bun-àm Hovd",
                "daylight": "Tìde samhraidh Hovd"
              }
            },
            "India": {
              "long": {
                "standard": "Àm nan Innseachan"
              }
            },
            "Indian_Ocean": {
              "long": {
                "standard": "Àm Cuan nan Innseachan"
              }
            },
            "Indochina": {
              "long": {
                "standard": "Àm Sìn-Innseanach"
              }
            },
            "Indonesia_Central": {
              "long": {
                "standard": "Àm Meadhan nan Innd-Innse"
              }
            },
            "Indonesia_Eastern": {
              "long": {
                "standard": "Àm nan Innd-Innse an Ear"
              }
            },
            "Indonesia_Western": {
              "long": {
                "standard": "Àm nan Innd-Innse an Iar"
              }
            },
            "Iran": {
              "long": {
                "generic": "Àm Ioràin",
                "standard": "Bun-àm Ioràin",
                "daylight": "Tìde samhraidh Ioràin"
              }
            },
            "Irkutsk": {
              "long": {
                "generic": "Àm Irkutsk",
                "standard": "Bun-àm Irkutsk",
                "daylight": "Tìde Samhraidh Irkutsk"
              }
            },
            "Israel": {
              "long": {
                "generic": "Àm Iosrael",
                "standard": "Bun-àm Iosrael",
                "daylight": "Tìde samhraidh Iosrael"
              }
            },
            "Japan": {
              "long": {
                "generic": "Àm na Seapaine",
                "standard": "Bun-àm na Seapaine",
                "daylight": "Tìde samhraidh na Seapaine"
              }
            },
            "Kamchatka": {
              "long": {
                "generic": "Àm Petropavlovsk-Kamchatsky",
                "standard": "Bun-àm Petropavlovsk-Kamchatsky",
                "daylight": "Tìde samhraidh Petropavlovsk-Kamchatsky"
              }
            },
            "Kazakhstan_Eastern": {
              "long": {
                "standard": "Àm Casachstàin an Ear"
              }
            },
            "Kazakhstan_Western": {
              "long": {
                "standard": "Àm Casachstàin an Iar"
              }
            },
            "Korea": {
              "long": {
                "generic": "Àm Choirèa",
                "standard": "Bun-àm Choirèa",
                "daylight": "Tìde samhraidh Choirèa"
              }
            },
            "Kosrae": {
              "long": {
                "standard": "Àm Kosrae"
              }
            },
            "Krasnoyarsk": {
              "long": {
                "generic": "Àm Krasnoyarsk",
                "standard": "Bun-àm Krasnoyarsk",
                "daylight": "Tìde samhraidh Krasnoyarsk"
              }
            },
            "Kyrgystan": {
              "long": {
                "standard": "Àm Cìorgastain"
              }
            },
            "Lanka": {
              "long": {
                "standard": "Àm Lanca"
              }
            },
            "Line_Islands": {
              "long": {
                "standard": "Àm Eileanan Teraina"
              }
            },
            "Lord_Howe": {
              "long": {
                "generic": "Àm Lord Howe",
                "standard": "Bun-àm Lord Howe",
                "daylight": "Tìde samhraidh Lord Howe"
              }
            },
            "Macau": {
              "long": {
                "generic": "Àm Macàthu",
                "standard": "Bun-àm Macàthu",
                "daylight": "Tìde samhraidh Macàthu"
              }
            },
            "Macquarie": {
              "long": {
                "standard": "Àm Eilein MhicGuaire"
              }
            },
            "Magadan": {
              "long": {
                "generic": "Àm Magadan",
                "standard": "Bun-àm Magadan",
                "daylight": "Tìde Samhraidh Magadan"
              }
            },
            "Malaysia": {
              "long": {
                "standard": "Àm Mhalaidhsea"
              }
            },
            "Maldives": {
              "long": {
                "standard": "Àm nan Eileanan Mhaladaibh"
              }
            },
            "Marquesas": {
              "long": {
                "standard": "Àm Eileanan a’ Mharcais"
              }
            },
            "Marshall_Islands": {
              "long": {
                "standard": "Àm Eileanan Mharshall"
              }
            },
            "Mauritius": {
              "long": {
                "generic": "Àm nan Eileanan Mhoiriseas",
                "standard": "Bun-àm nan Eileanan Mhoiriseas",
                "daylight": "Tìde samhraidh nan Eileanan Mhoiriseas"
              }
            },
            "Mawson": {
              "long": {
                "standard": "Àm Mhawson"
              }
            },
            "Mexico_Northwest": {
              "long": {
                "generic": "Àm Mheagsago an Iar-thuath",
                "standard": "Bun-àm Mheagsago an Iar-thuath",
                "daylight": "Tìde samhraidh Mheagsago an Iar-thuath"
              }
            },
            "Mexico_Pacific": {
              "long": {
                "generic": "Àm a’ Chuain Sèimh Mheagsago",
                "standard": "Bun-àm a’ Chuain Sèimh Mheagsago",
                "daylight": "Tìde samhraidh a’ Chuain Sèimh Mheagsago"
              }
            },
            "Mongolia": {
              "long": {
                "generic": "Àm Ulan Bator",
                "standard": "Bun-àm Ulan Bator",
                "daylight": "Tìde samhraidh Ulan Bator"
              }
            },
            "Moscow": {
              "long": {
                "generic": "Àm Mhosgo",
                "standard": "Bun-àm Mhosgo",
                "daylight": "Tìde samhraidh Mhosgo"
              }
            },
            "Myanmar": {
              "long": {
                "standard": "Àm Miànmar"
              }
            },
            "Nauru": {
              "long": {
                "standard": "Àm Nabhru"
              }
            },
            "Nepal": {
              "long": {
                "standard": "Àm Neapàl"
              }
            },
            "New_Caledonia": {
              "long": {
                "generic": "Àm Chailleann Nuaidh",
                "standard": "Bun-àm Chailleann Nuaidh",
                "daylight": "Tìde samhraidh Chailleann Nuaidh"
              }
            },
            "New_Zealand": {
              "long": {
                "generic": "Àm Shealainn Nuaidh",
                "standard": "Bun-àm Shealainn Nuaidh",
                "daylight": "Tìde samhraidh Shealainn Nuaidh"
              }
            },
            "Newfoundland": {
              "long": {
                "generic": "Àm Talamh an Èisg",
                "standard": "Bun-àm Talamh an Èisg",
                "daylight": "Tìde samhraidh Talamh an Èisg"
              }
            },
            "Niue": {
              "long": {
                "standard": "Àm Niue"
              }
            },
            "Norfolk": {
              "long": {
                "generic": "Àm Eilein Norfolk",
                "standard": "Bun-àm Eilein Norfolk",
                "daylight": "Tìde samhraidh Eilein Norfolk"
              }
            },
            "Noronha": {
              "long": {
                "generic": "Àm Fernando de Noronha",
                "standard": "Bun-àm Fernando de Noronha",
                "daylight": "Tìde Samhraidh Fernando de Noronha"
              }
            },
            "North_Mariana": {
              "long": {
                "standard": "Àm nan Eileanan Mairianach a Tuath"
              }
            },
            "Novosibirsk": {
              "long": {
                "generic": "Àm Novosibirsk",
                "standard": "Bun-àm Novosibirsk",
                "daylight": "Tìde samhraidh Novosibirsk"
              }
            },
            "Omsk": {
              "long": {
                "generic": "Àm Omsk",
                "standard": "Bun-àm Omsk",
                "daylight": "Tìde samhraidh Omsk"
              }
            },
            "Pakistan": {
              "long": {
                "generic": "Àm Pagastàin",
                "standard": "Bun-àm Pagastàin",
                "daylight": "Tìde samhraidh Pagastàin"
              }
            },
            "Palau": {
              "long": {
                "standard": "Àm Palabh"
              }
            },
            "Papua_New_Guinea": {
              "long": {
                "standard": "Àm Gini Nuaidh Paputhaiche"
              }
            },
            "Paraguay": {
              "long": {
                "generic": "Àm Paraguaidh",
                "standard": "Bun-àm Paraguaidh",
                "daylight": "Tìde samhraidh Paraguaidh"
              }
            },
            "Peru": {
              "long": {
                "generic": "Àm Pearù",
                "standard": "Bun-àm Pearù",
                "daylight": "Tìde samhraidh Pearù"
              }
            },
            "Philippines": {
              "long": {
                "generic": "Àm nan Eilean Filipineach",
                "standard": "Bun-àm nan Eilean Filipineach",
                "daylight": "Tìde samhraidh nan Eilean Filipineach"
              }
            },
            "Phoenix_Islands": {
              "long": {
                "standard": "Àm Eileanan Phoenix"
              }
            },
            "Pierre_Miquelon": {
              "long": {
                "generic": "Àm Saint Pierre agus Miquelon",
                "standard": "Bun-àm Saint Pierre agus Miquelon",
                "daylight": "Tìde Samhraidh Saint Pierre agus Miquelon"
              }
            },
            "Pitcairn": {
              "long": {
                "standard": "Àm Peit a’ Chàirn"
              }
            },
            "Ponape": {
              "long": {
                "standard": "Àm Pohnpei"
              }
            },
            "Pyongyang": {
              "long": {
                "standard": "Àm Pyeongyang"
              }
            },
            "Qyzylorda": {
              "long": {
                "generic": "Àm Qızılorda",
                "standard": "Bun-àm Qızılorda",
                "daylight": "Tìde samhraidh Qızılorda"
              }
            },
            "Reunion": {
              "long": {
                "standard": "Àm Reunion"
              }
            },
            "Rothera": {
              "long": {
                "standard": "Àm Rothera"
              }
            },
            "Sakhalin": {
              "long": {
                "generic": "Àm Sakhalin",
                "standard": "Bun-àm Sakhalin",
                "daylight": "Tìde samhraidh Sakhalin"
              }
            },
            "Samara": {
              "long": {
                "generic": "Àm Samara",
                "standard": "Bun-àm Samara",
                "daylight": "Tìde samhraidh Samara"
              }
            },
            "Samoa": {
              "long": {
                "generic": "Àm Samotha",
                "standard": "Bun-àm Samotha",
                "daylight": "Tìde samhraidh Samotha"
              }
            },
            "Seychelles": {
              "long": {
                "standard": "Àm nan Eileanan Sheiseall"
              }
            },
            "Singapore": {
              "long": {
                "standard": "Àm Singeapòr"
              }
            },
            "Solomon": {
              "long": {
                "standard": "Àm Eileanan Sholaimh"
              }
            },
            "South_Georgia": {
              "long": {
                "standard": "Àm Seòrsea a Deas"
              }
            },
            "Suriname": {
              "long": {
                "standard": "Àm Suranaim"
              }
            },
            "Syowa": {
              "long": {
                "standard": "Àm Shyowa"
              }
            },
            "Tahiti": {
              "long": {
                "standard": "Àm Tahiti"
              }
            },
            "Taipei": {
              "long": {
                "generic": "Àm Taipei",
                "standard": "Bun-àm Taipei",
                "daylight": "Tìde samhraidh Taipei"
              }
            },
            "Tajikistan": {
              "long": {
                "standard": "Àm Taidigeastàin"
              }
            },
            "Tokelau": {
              "long": {
                "standard": "Àm Tokelau"
              }
            },
            "Tonga": {
              "long": {
                "generic": "Àm Tonga",
                "standard": "Bun-àm Tonga",
                "daylight": "Tìde samhraidh Tonga"
              }
            },
            "Truk": {
              "long": {
                "standard": "Àm Chuuk"
              }
            },
            "Turkmenistan": {
              "long": {
                "generic": "Àm Turcmanastàin",
                "standard": "Bun-àm Turcmanastàin",
                "daylight": "Tìde samhraidh Turcmanastàin"
              }
            },
            "Tuvalu": {
              "long": {
                "standard": "Àm Tubhalu"
              }
            },
            "Uruguay": {
              "long": {
                "generic": "Àm Uruguaidh",
                "standard": "Bun-àm Uruguaidh",
                "daylight": "Tìde samhraidh Uruguaidh"
              }
            },
            "Uzbekistan": {
              "long": {
                "generic": "Àm Usbagastàn",
                "standard": "Bun-àm Usbagastàn",
                "daylight": "Tìde samhraidh Usbagastàn"
              }
            },
            "Vanuatu": {
              "long": {
                "generic": "Àm Vanuatu",
                "standard": "Bun-àm Vanuatu",
                "daylight": "Tìde samhraidh Vanuatu"
              }
            },
            "Venezuela": {
              "long": {
                "standard": "Àm na Bheiniseala"
              }
            },
            "Vladivostok": {
              "long": {
                "generic": "Àm Vladivostok",
                "standard": "Bun-àm Vladivostok",
                "daylight": "Tìde Samhraidh Vladivostok"
              }
            },
            "Volgograd": {
              "long": {
                "generic": "Àm Volgograd",
                "standard": "Bun-àm Volgograd",
                "daylight": "Tìde samhraidh Volgograd"
              }
            },
            "Vostok": {
              "long": {
                "standard": "Àm Vostok"
              }
            },
            "Wake": {
              "long": {
                "standard": "Àm Eilean Wake"
              }
            },
            "Wallis": {
              "long": {
                "standard": "Àm Uallas agus Futuna"
              }
            },
            "Yakutsk": {
              "long": {
                "generic": "Àm Yakutsk",
                "standard": "Bun-àm Yakutsk",
                "daylight": "Tìde samhraidh Yakutsk"
              }
            },
            "Yekaterinburg": {
              "long": {
                "generic": "Àm Yekaterinburg",
                "standard": "Bun-àm Yekaterinburg",
                "daylight": "Tìde samhraidh Yekaterinburg"
              }
            },
            "Yukon": {
              "long": {
                "standard": "Àm Yukon"
              }
            }
          }
        }
      }
    }
  }
}
