{
  "main": {
    "mt": {
      "identity": {
        "version": {
          "_cldrVersion": "44.1"
        },
        "language": "mt"
      },
      "dates": {
        "timeZoneNames": {
          "hourFormat": "+HH:mm;-HH:mm",
          "gmtFormat": "GMT{0}",
          "gmtZeroFormat": "GMT",
          "regionFormat": "Ħin ta’ {0}",
          "regionFormat-type-daylight": "{0} (+1)",
          "regionFormat-type-standard": "{0} Ħin Standard",
          "fallbackFormat": "{1} ({0})",
          "zone": {
            "America": {
              "Asuncion": {
                "exemplarCity": "Asunción"
              },
              "Bahia_Banderas": {
                "exemplarCity": "Bahía de Banderas"
              },
              "Cancun": {
                "exemplarCity": "Cancún"
              },
              "Ciudad_Juarez": {
                "exemplarCity": "Ciudad Juárez"
              },
              "Coral_Harbour": {
                "exemplarCity": "Atikokan"
              },
              "Curacao": {
                "exemplarCity": "Curaçao"
              },
              "Godthab": {
                "exemplarCity": "Nuuk"
              },
              "Guatemala": {
                "exemplarCity": "il-Gwatemala"
              },
              "Indiana": {
                "Vincennes": {
                  "exemplarCity": "Vincennes, Indiana"
                },
                "Petersburg": {
                  "exemplarCity": "Petersburg, Indiana"
                },
                "Tell_City": {
                  "exemplarCity": "Tell City, Indiana"
                },
                "Knox": {
                  "exemplarCity": "Knox, Indiana"
                },
                "Winamac": {
                  "exemplarCity": "Winamac, Indiana"
                },
                "Marengo": {
                  "exemplarCity": "Marengo, Indiana"
                },
                "Vevay": {
                  "exemplarCity": "Vevay, Indiana"
                }
              },
              "Jamaica": {
                "exemplarCity": "il-Ġamajka"
              },
              "Kentucky": {
                "Monticello": {
                  "exemplarCity": "Monticello, Kentucky"
                }
              },
              "Lower_Princes": {
                "exemplarCity": "Lower Prince’s Quarter"
              },
              "Merida": {
                "exemplarCity": "Mérida"
              },
              "North_Dakota": {
                "Beulah": {
                  "exemplarCity": "Beulah, North Dakota"
                },
                "New_Salem": {
                  "exemplarCity": "New Salem, North Dakota"
                },
                "Center": {
                  "exemplarCity": "Center, North Dakota"
                }
              },
              "Scoresbysund": {
                "exemplarCity": "Ittoqqortoormiit"
              },
              "St_Barthelemy": {
                "exemplarCity": "St. Barthélemy"
              },
              "St_Johns": {
                "exemplarCity": "St. John’s"
              },
              "St_Kitts": {
                "exemplarCity": "St. Kitts"
              },
              "St_Lucia": {
                "exemplarCity": "St. Lucia"
              },
              "St_Thomas": {
                "exemplarCity": "St. Thomas"
              },
              "St_Vincent": {
                "exemplarCity": "St. Vincent"
              }
            },
            "Atlantic": {
              "Faeroe": {
                "exemplarCity": "Faroe"
              },
              "South_Georgia": {
                "exemplarCity": "il-Georgia tan-Nofsinhar"
              },
              "St_Helena": {
                "exemplarCity": "St. Helena"
              }
            },
            "Europe": {
              "Athens": {
                "exemplarCity": "Ateni"
              },
              "Belgrade": {
                "exemplarCity": "Belgrad"
              },
              "Brussels": {
                "exemplarCity": "Brussell"
              },
              "Gibraltar": {
                "exemplarCity": "Ġibiltà"
              },
              "Kiev": {
                "exemplarCity": "Kyiv"
              },
              "Lisbon": {
                "exemplarCity": "Liżbona"
              },
              "London": {
                "exemplarCity": "Londra"
              },
              "Luxembourg": {
                "exemplarCity": "il-Lussemburgu"
              },
              "Malta": {
                "exemplarCity": "Valletta"
              },
              "Moscow": {
                "exemplarCity": "Moska"
              },
              "Paris": {
                "exemplarCity": "Pariġi"
              },
              "Prague": {
                "exemplarCity": "Praga"
              },
              "Rome": {
                "exemplarCity": "Ruma"
              },
              "Sofia": {
                "exemplarCity": "Sofija"
              },
              "Stockholm": {
                "exemplarCity": "Stokkolma"
              },
              "Tirane": {
                "exemplarCity": "Tirana"
              },
              "Vatican": {
                "exemplarCity": "il-Belt tal-Vatikan"
              },
              "Vienna": {
                "exemplarCity": "Vjenna"
              },
              "Warsaw": {
                "exemplarCity": "Varsavja"
              }
            },
            "Africa": {
              "Algiers": {
                "exemplarCity": "l-Alġier"
              },
              "Asmera": {
                "exemplarCity": "Asmara"
              },
              "Sao_Tome": {
                "exemplarCity": "São Tomé"
              }
            },
            "Asia": {
              "Beirut": {
                "exemplarCity": "Bejrut"
              },
              "Calcutta": {
                "exemplarCity": "Kolkata"
              },
              "Damascus": {
                "exemplarCity": "Damasku"
              },
              "Jerusalem": {
                "exemplarCity": "Ġerusalemm"
              },
              "Katmandu": {
                "exemplarCity": "Kathmandu"
              },
              "Kuwait": {
                "exemplarCity": "il-Belt tal-Kuwajt"
              },
              "Macau": {
                "exemplarCity": "Macau"
              },
              "Nicosia": {
                "exemplarCity": "Nikosija"
              },
              "Rangoon": {
                "exemplarCity": "Rangoon"
              },
              "Saigon": {
                "exemplarCity": "Ho Chi Minh"
              }
            },
            "Indian": {
              "Maldives": {
                "exemplarCity": "il-Maldivi"
              },
              "Reunion": {
                "exemplarCity": "Réunion"
              }
            },
            "Australia": {
              "Currie": {
                "exemplarCity": "Currie"
              }
            },
            "Pacific": {
              "Enderbury": {
                "exemplarCity": "Enderbury"
              },
              "Honolulu": {
                "exemplarCity": "Honolulu"
              },
              "Ponape": {
                "exemplarCity": "Pohnpei"
              },
              "Truk": {
                "exemplarCity": "Chuuk"
              }
            },
            "Antarctica": {
              "DumontDUrville": {
                "exemplarCity": "Dumont d’Urville"
              }
            },
            "Etc": {
              "UTC": {
                "short": {
                  "standard": "UTC"
                }
              },
              "Unknown": {
                "exemplarCity": "Belt Mhux Magħruf"
              }
            }
          },
          "metazone": {
            "Europe_Central": {
              "long": {
                "generic": "Ħin Ċentrali Ewropew",
                "standard": "Ħin Ċentrali Ewropew Standard",
                "daylight": "Ħin Ċentrali Ewropew tas-Sajf"
              },
              "short": {
                "generic": "CET",
                "standard": "CET",
                "daylight": "CEST"
              }
            },
            "Europe_Eastern": {
              "short": {
                "generic": "EET",
                "standard": "EET",
                "daylight": "EEST"
              }
            },
            "Europe_Western": {
              "short": {
                "generic": "WET",
                "standard": "WET",
                "daylight": "WEST"
              }
            },
            "GMT": {
              "long": {
                "standard": "Greenwich Mean Time"
              },
              "short": {
                "standard": "GMT"
              }
            }
          }
        }
      }
    }
  }
}
