{
  "main": {
    "nn": {
      "identity": {
        "version": {
          "_cldrVersion": "44.1"
        },
        "language": "nn"
      },
      "dates": {
        "timeZoneNames": {
          "hourFormat": "+HH:mm;-HH:mm",
          "gmtFormat": "GMT{0}",
          "gmtZeroFormat": "GMT",
          "regionFormat": "tidssone for {0}",
          "regionFormat-type-daylight": "sommartid – {0}",
          "regionFormat-type-standard": "normaltid – {0}",
          "fallbackFormat": "{1} ({0})",
          "zone": {
            "America": {
              "Araguaina": {
                "exemplarCity": "Araguaína"
              },
              "Argentina": {
                "Tucuman": {
                  "exemplarCity": "Tucumán"
                }
              },
              "Asuncion": {
                "exemplarCity": "Asunción"
              },
              "Bahia_Banderas": {
                "exemplarCity": "Bahía Banderas"
              },
              "Belem": {
                "exemplarCity": "Belém"
              },
              "Bogota": {
                "exemplarCity": "Bogotá"
              },
              "Cancun": {
                "exemplarCity": "Cancún"
              },
              "Cayman": {
                "exemplarCity": "Caymanøyane"
              },
              "Ciudad_Juarez": {
                "exemplarCity": "Ciudad Juárez"
              },
              "Coral_Harbour": {
                "exemplarCity": "Atikokan"
              },
              "Cordoba": {
                "exemplarCity": "Córdoba"
              },
              "Cuiaba": {
                "exemplarCity": "Cuiaba"
              },
              "Curacao": {
                "exemplarCity": "Curaçao"
              },
              "Godthab": {
                "exemplarCity": "Nuuk"
              },
              "Indiana": {
                "Vincennes": {
                  "exemplarCity": "Vincennes, Indiana"
                },
                "Petersburg": {
                  "exemplarCity": "Petersburg, Indiana"
                },
                "Tell_City": {
                  "exemplarCity": "Tell City, Indiana"
                },
                "Knox": {
                  "exemplarCity": "Knox, Indiana"
                },
                "Winamac": {
                  "exemplarCity": "Winamac, Indiana"
                },
                "Marengo": {
                  "exemplarCity": "Marengo, Indiana"
                },
                "Vevay": {
                  "exemplarCity": "Vevay, Indiana"
                }
              },
              "Kentucky": {
                "Monticello": {
                  "exemplarCity": "Monticello, Kentucky"
                }
              },
              "Lower_Princes": {
                "exemplarCity": "Lower Prince’s Quarter"
              },
              "Maceio": {
                "exemplarCity": "Maceió"
              },
              "Merida": {
                "exemplarCity": "Merida"
              },
              "Mexico_City": {
                "exemplarCity": "Mexico by"
              },
              "North_Dakota": {
                "Beulah": {
                  "exemplarCity": "Beulah, Nord-Dakota"
                },
                "New_Salem": {
                  "exemplarCity": "New Salem, Nord-Dakota"
                },
                "Center": {
                  "exemplarCity": "Center, Nord-Dakota"
                }
              },
              "Santa_Isabel": {
                "exemplarCity": "Santa Isabel"
              },
              "Santarem": {
                "exemplarCity": "Santarém"
              },
              "Sao_Paulo": {
                "exemplarCity": "São Paulo"
              },
              "Scoresbysund": {
                "exemplarCity": "Ittoqqortoormiit"
              },
              "St_Barthelemy": {
                "exemplarCity": "Saint-Barthélemy"
              },
              "St_Johns": {
                "exemplarCity": "St. John’s"
              },
              "St_Kitts": {
                "exemplarCity": "St. Kitts"
              },
              "St_Lucia": {
                "exemplarCity": "St. Lucia"
              },
              "St_Thomas": {
                "exemplarCity": "St. Thomas"
              },
              "St_Vincent": {
                "exemplarCity": "St. Vincent"
              }
            },
            "Atlantic": {
              "Azores": {
                "exemplarCity": "Asorane"
              },
              "Canary": {
                "exemplarCity": "Kanariøyane"
              },
              "Cape_Verde": {
                "exemplarCity": "Kapp Verde"
              },
              "Faeroe": {
                "exemplarCity": "Færøyane"
              },
              "Reykjavik": {
                "exemplarCity": "Reykjavík"
              },
              "South_Georgia": {
                "exemplarCity": "Sør-Georgia"
              },
              "St_Helena": {
                "exemplarCity": "St. Helena"
              }
            },
            "Europe": {
              "Athens": {
                "exemplarCity": "Athen"
              },
              "Belgrade": {
                "exemplarCity": "Beograd"
              },
              "Brussels": {
                "exemplarCity": "Brussel"
              },
              "Bucharest": {
                "exemplarCity": "București"
              },
              "Busingen": {
                "exemplarCity": "Büsingen"
              },
              "Chisinau": {
                "exemplarCity": "Chișinău"
              },
              "Copenhagen": {
                "exemplarCity": "København"
              },
              "Dublin": {
                "long": {
                  "daylight": "irsk sommartid"
                }
              },
              "Helsinki": {
                "exemplarCity": "Helsingfors"
              },
              "Isle_of_Man": {
                "exemplarCity": "Man"
              },
              "Kiev": {
                "exemplarCity": "Kyiv"
              },
              "Lisbon": {
                "exemplarCity": "Lisboa"
              },
              "London": {
                "long": {
                  "daylight": "britisk sommartid"
                }
              },
              "Luxembourg": {
                "exemplarCity": "Luxemburg"
              },
              "Moscow": {
                "exemplarCity": "Moskva"
              },
              "Prague": {
                "exemplarCity": "Praha"
              },
              "Rome": {
                "exemplarCity": "Roma"
              },
              "Tirane": {
                "exemplarCity": "Tirana"
              },
              "Ulyanovsk": {
                "exemplarCity": "Uljanovsk"
              },
              "Uzhgorod": {
                "exemplarCity": "Uzjhorod"
              },
              "Vatican": {
                "exemplarCity": "Vatikanstaten"
              },
              "Vienna": {
                "exemplarCity": "Wien"
              },
              "Warsaw": {
                "exemplarCity": "Warszawa"
              },
              "Zaporozhye": {
                "exemplarCity": "Zaporizjzja"
              },
              "Zurich": {
                "exemplarCity": "Zürich"
              }
            },
            "Africa": {
              "Addis_Ababa": {
                "exemplarCity": "Addis Abeba"
              },
              "Algiers": {
                "exemplarCity": "Alger"
              },
              "Asmera": {
                "exemplarCity": "Asmara"
              },
              "Cairo": {
                "exemplarCity": "Kairo"
              },
              "Dar_es_Salaam": {
                "exemplarCity": "Dar-es-Salaam"
              },
              "El_Aaiun": {
                "exemplarCity": "El Aaiún"
              },
              "Lome": {
                "exemplarCity": "Lomé"
              },
              "Sao_Tome": {
                "exemplarCity": "São Tomé"
              }
            },
            "Asia": {
              "Aqtau": {
                "exemplarCity": "Aktau"
              },
              "Aqtobe": {
                "exemplarCity": "Aktobe"
              },
              "Ashgabat": {
                "exemplarCity": "Asjgabat"
              },
              "Baghdad": {
                "exemplarCity": "Bagdad"
              },
              "Bishkek": {
                "exemplarCity": "Bisjkek"
              },
              "Calcutta": {
                "exemplarCity": "Kolkata"
              },
              "Chita": {
                "exemplarCity": "Tsjita"
              },
              "Choibalsan": {
                "exemplarCity": "Tsjojbalsan"
              },
              "Damascus": {
                "exemplarCity": "Damaskus"
              },
              "Dushanbe": {
                "exemplarCity": "Dusjanbe"
              },
              "Hong_Kong": {
                "exemplarCity": "Hongkong"
              },
              "Hovd": {
                "exemplarCity": "Khovd"
              },
              "Jayapura": {
                "exemplarCity": "Jajapura"
              },
              "Kamchatka": {
                "exemplarCity": "Kamtsjatka"
              },
              "Katmandu": {
                "exemplarCity": "Katmandu"
              },
              "Krasnoyarsk": {
                "exemplarCity": "Krasnojarsk"
              },
              "Macau": {
                "exemplarCity": "Macao"
              },
              "Muscat": {
                "exemplarCity": "Muskat"
              },
              "Nicosia": {
                "exemplarCity": "Nikosia"
              },
              "Qostanay": {
                "exemplarCity": "Kostanaj"
              },
              "Qyzylorda": {
                "exemplarCity": "Kyzylorda"
              },
              "Rangoon": {
                "exemplarCity": "Yangôn"
              },
              "Saigon": {
                "exemplarCity": "Ho Chi Minh-byen"
              },
              "Tashkent": {
                "exemplarCity": "Tasjkent"
              },
              "Tehran": {
                "exemplarCity": "Teheran"
              },
              "Thimphu": {
                "exemplarCity": "Thimpu"
              },
              "Ulaanbaatar": {
                "exemplarCity": "Ulan Bator"
              },
              "Urumqi": {
                "exemplarCity": "Ürümqi"
              },
              "Yakutsk": {
                "exemplarCity": "Jakutsk"
              },
              "Yekaterinburg": {
                "exemplarCity": "Jekaterinburg"
              },
              "Yerevan": {
                "exemplarCity": "Jerevan"
              }
            },
            "Indian": {
              "Christmas": {
                "exemplarCity": "Christmasøya"
              },
              "Cocos": {
                "exemplarCity": "Kokosøyane"
              },
              "Comoro": {
                "exemplarCity": "Komorane"
              },
              "Mahe": {
                "exemplarCity": "Mahé"
              },
              "Maldives": {
                "exemplarCity": "Maldivane"
              },
              "Reunion": {
                "exemplarCity": "Réunion"
              }
            },
            "Australia": {
              "Currie": {
                "exemplarCity": "Currie"
              }
            },
            "Pacific": {
              "Easter": {
                "exemplarCity": "Påskeøya"
              },
              "Enderbury": {
                "exemplarCity": "Enderbury"
              },
              "Galapagos": {
                "exemplarCity": "Galápagosøyane"
              },
              "Honolulu": {
                "short": {
                  "generic": "HST",
                  "standard": "HST",
                  "daylight": "HDT"
                },
                "exemplarCity": "Honolulu"
              },
              "Kanton": {
                "exemplarCity": "Kantonøya"
              },
              "Norfolk": {
                "exemplarCity": "Norfolkøya"
              },
              "Noumea": {
                "exemplarCity": "Nouméa"
              },
              "Ponape": {
                "exemplarCity": "Pohnpei"
              },
              "Truk": {
                "exemplarCity": "Chuuk"
              }
            },
            "Antarctica": {
              "DumontDUrville": {
                "exemplarCity": "Dumont d’Urville"
              }
            },
            "Etc": {
              "UTC": {
                "long": {
                  "standard": "koordinert universaltid"
                },
                "short": {
                  "standard": "UTC"
                }
              },
              "Unknown": {
                "exemplarCity": "ukjend by"
              }
            }
          },
          "metazone": {
            "Acre": {
              "long": {
                "generic": "Acre-tid",
                "standard": "Acre normaltid",
                "daylight": "Acre sommertid"
              }
            },
            "Afghanistan": {
              "long": {
                "standard": "afghansk tid"
              }
            },
            "Africa_Central": {
              "long": {
                "standard": "sentralafrikansk tid"
              }
            },
            "Africa_Eastern": {
              "long": {
                "standard": "austafrikansk tid"
              }
            },
            "Africa_Southern": {
              "long": {
                "standard": "sørafrikansk tid"
              }
            },
            "Africa_Western": {
              "long": {
                "generic": "vestafrikansk tid",
                "standard": "vestafrikansk standardtid",
                "daylight": "vestafrikansk sommartid"
              }
            },
            "Alaska": {
              "long": {
                "generic": "alaskisk tid",
                "standard": "alaskisk normaltid",
                "daylight": "alaskisk sommartid"
              },
              "short": {
                "generic": "AKT",
                "standard": "AKST",
                "daylight": "AKDT"
              }
            },
            "Almaty": {
              "long": {
                "generic": "Almaty-tid",
                "standard": "Almaty, standardtid",
                "daylight": "Almaty, sommertid"
              }
            },
            "Amazon": {
              "long": {
                "generic": "tidssone for Amazonas",
                "standard": "normaltid for Amazonas",
                "daylight": "sommartid for Amazonas"
              }
            },
            "America_Central": {
              "long": {
                "generic": "tidssone for sentrale Nord-Amerika",
                "standard": "normaltid for sentrale Nord-Amerika",
                "daylight": "sommartid for sentrale Nord-Amerika"
              },
              "short": {
                "generic": "CT",
                "standard": "CST",
                "daylight": "CDT"
              }
            },
            "America_Eastern": {
              "long": {
                "generic": "tidssone for den nordamerikanske austkysten",
                "standard": "normaltid for den nordamerikanske austkysten",
                "daylight": "sommartid for den nordamerikansk austkysten"
              },
              "short": {
                "generic": "ET",
                "standard": "EST",
                "daylight": "EDT"
              }
            },
            "America_Mountain": {
              "long": {
                "generic": "tidssone for Rocky Mountains (USA)",
                "standard": "normaltid for Rocky Mountains (USA)",
                "daylight": "sommartid for Rocky Mountains (USA)"
              },
              "short": {
                "generic": "MT",
                "standard": "MST",
                "daylight": "MDT"
              }
            },
            "America_Pacific": {
              "long": {
                "generic": "tidssone for den nordamerikanske stillehavskysten",
                "standard": "normaltid for den nordamerikanske stillehavskysten",
                "daylight": "sommartid for den nordamerikanske stillehavskysten"
              },
              "short": {
                "generic": "PT",
                "standard": "PST",
                "daylight": "PDT"
              }
            },
            "Anadyr": {
              "long": {
                "generic": "Russisk (Anadyr) tid",
                "standard": "Russisk (Anadyr) normaltid",
                "daylight": "Russisk (Anadyr) sommertid"
              }
            },
            "Apia": {
              "long": {
                "generic": "tidssone for Apia",
                "standard": "normaltid for Apia",
                "daylight": "sommartid for Apia"
              }
            },
            "Aqtau": {
              "long": {
                "generic": "Aqtau-tid",
                "standard": "Aqtau, standardtid",
                "daylight": "Aqtau, sommertid"
              }
            },
            "Aqtobe": {
              "long": {
                "generic": "Aqtobe-tid",
                "standard": "Aqtobe, standardtid",
                "daylight": "Aqtobe, sommertid"
              }
            },
            "Arabian": {
              "long": {
                "generic": "arabisk tid",
                "standard": "arabisk normaltid",
                "daylight": "arabisk sommartid"
              }
            },
            "Argentina": {
              "long": {
                "generic": "argentinsk tid",
                "standard": "argentinsk normaltid",
                "daylight": "argentinsk sommartid"
              }
            },
            "Argentina_Western": {
              "long": {
                "generic": "vestargentinsk tid",
                "standard": "vestargentinsk normaltid",
                "daylight": "vestargentinsk sommartid"
              }
            },
            "Armenia": {
              "long": {
                "generic": "armensk tid",
                "standard": "armensk normaltid",
                "daylight": "armensk sommartid"
              }
            },
            "Atlantic": {
              "long": {
                "generic": "tidssone for den nordamerikanske atlanterhavskysten",
                "standard": "normaltid for den nordamerikanske atlanterhavskysten",
                "daylight": "sommartid for den nordamerikanske atlanterhavskysten"
              },
              "short": {
                "generic": "AT",
                "standard": "AST",
                "daylight": "ADT"
              }
            },
            "Australia_Central": {
              "long": {
                "generic": "sentralaustralsk tid",
                "standard": "sentralaustralsk standardtid",
                "daylight": "sentralaustralsk sommartid"
              }
            },
            "Australia_CentralWestern": {
              "long": {
                "generic": "vest-sentralaustralsk tid",
                "standard": "vest-sentralaustralsk standardtid",
                "daylight": "vest-sentralaustralsk sommartid"
              }
            },
            "Australia_Eastern": {
              "long": {
                "generic": "austaustralsk tid",
                "standard": "austaustralsk standardtid",
                "daylight": "austaustralsk sommartid"
              }
            },
            "Australia_Western": {
              "long": {
                "generic": "vestaustralsk tid",
                "standard": "vestaustralsk standardtid",
                "daylight": "vestaustralsk sommartid"
              }
            },
            "Azerbaijan": {
              "long": {
                "generic": "aserbajdsjansk tid",
                "standard": "aserbajdsjansk normaltid",
                "daylight": "aserbajdsjansk sommartid"
              }
            },
            "Azores": {
              "long": {
                "generic": "asorisk tid",
                "standard": "asorisk normaltid",
                "daylight": "asorisk sommartid"
              }
            },
            "Bangladesh": {
              "long": {
                "generic": "bangladeshisk tid",
                "standard": "bangladeshisk normaltid",
                "daylight": "bangladeshisk sommartid"
              }
            },
            "Bhutan": {
              "long": {
                "standard": "bhutansk tid"
              }
            },
            "Bolivia": {
              "long": {
                "standard": "boliviansk tid"
              }
            },
            "Brasilia": {
              "long": {
                "generic": "tidssone for Brasilia",
                "standard": "normaltid for Brasilia",
                "daylight": "sommartid for Brasilia"
              }
            },
            "Brunei": {
              "long": {
                "standard": "tidssone for Brunei Darussalam"
              }
            },
            "Cape_Verde": {
              "long": {
                "generic": "kappverdisk tid",
                "standard": "kappverdisk normaltid",
                "daylight": "kappverdisk sommartid"
              }
            },
            "Casey": {
              "long": {
                "standard": "Casey-tid"
              }
            },
            "Chamorro": {
              "long": {
                "standard": "tidssone for Chamorro"
              }
            },
            "Chatham": {
              "long": {
                "generic": "tidssone for Chatham",
                "standard": "normaltid for Chatham",
                "daylight": "sommartid for Chatham"
              }
            },
            "Chile": {
              "long": {
                "generic": "chilensk tid",
                "standard": "chilensk normaltid",
                "daylight": "chilensk sommartid"
              }
            },
            "China": {
              "long": {
                "generic": "kinesisk tid",
                "standard": "kinesisk normaltid",
                "daylight": "kinesisk sommartid"
              }
            },
            "Choibalsan": {
              "long": {
                "generic": "tidssone for Tsjojbalsan",
                "standard": "normaltid for Tsjojbalsan",
                "daylight": "sommartid for Tsjojbalsan"
              }
            },
            "Christmas": {
              "long": {
                "standard": "tidssone for Christmasøya"
              }
            },
            "Cocos": {
              "long": {
                "standard": "tidssone for Kokosøyane"
              }
            },
            "Colombia": {
              "long": {
                "generic": "kolombiansk tid",
                "standard": "kolombiansk normaltid",
                "daylight": "kolombiansk sommartid"
              }
            },
            "Cook": {
              "long": {
                "generic": "tidssone for Cookøyane",
                "standard": "normaltid for Cookøyane",
                "daylight": "sommartid for Cookøyane"
              }
            },
            "Cuba": {
              "long": {
                "generic": "kubansk tid",
                "standard": "kubansk normaltid",
                "daylight": "kubansk sommartid"
              }
            },
            "Davis": {
              "long": {
                "standard": "tidssone for Davis"
              }
            },
            "DumontDUrville": {
              "long": {
                "standard": "tidssone for Dumont-d’Urville"
              }
            },
            "East_Timor": {
              "long": {
                "standard": "austtimoresisk tid"
              }
            },
            "Easter": {
              "long": {
                "generic": "tidssone for Påskeøya",
                "standard": "normaltid for Påskeøya",
                "daylight": "sommartid for Påskeøya"
              }
            },
            "Ecuador": {
              "long": {
                "standard": "ecuadoriansk tid"
              }
            },
            "Europe_Central": {
              "long": {
                "generic": "sentraleuropeisk tid",
                "standard": "sentraleuropeisk standardtid",
                "daylight": "sentraleuropeisk sommartid"
              },
              "short": {
                "generic": "CET",
                "standard": "CET",
                "daylight": "CEST"
              }
            },
            "Europe_Eastern": {
              "long": {
                "generic": "austeuropeisk tid",
                "standard": "austeuropeisk standardtid",
                "daylight": "austeuropeisk sommartid"
              },
              "short": {
                "generic": "EET",
                "standard": "EET",
                "daylight": "EEST"
              }
            },
            "Europe_Further_Eastern": {
              "long": {
                "standard": "fjern-austeuropeisk tid"
              }
            },
            "Europe_Western": {
              "long": {
                "generic": "vesteuropeisk tid",
                "standard": "vesteuropeisk standardtid",
                "daylight": "vesteuropeisk sommartid"
              },
              "short": {
                "generic": "WET",
                "standard": "WET",
                "daylight": "WEST"
              }
            },
            "Falkland": {
              "long": {
                "generic": "tidssone for Falklandsøyane",
                "standard": "normaltid for Falklandsøyane",
                "daylight": "sommartid for Falklandsøyane"
              }
            },
            "Fiji": {
              "long": {
                "generic": "fijiansk tid",
                "standard": "fijiansk normaltid",
                "daylight": "fijiansk sommartid"
              }
            },
            "French_Guiana": {
              "long": {
                "standard": "tidssone for Fransk Guyana"
              }
            },
            "French_Southern": {
              "long": {
                "standard": "tidssone for Dei franske sørterritoria"
              }
            },
            "Galapagos": {
              "long": {
                "standard": "tidssone for Galápagosøyane"
              }
            },
            "Gambier": {
              "long": {
                "standard": "tidssone for Gambier"
              }
            },
            "Georgia": {
              "long": {
                "generic": "georgisk tid",
                "standard": "georgisk normaltid",
                "daylight": "georgisk sommartid"
              }
            },
            "Gilbert_Islands": {
              "long": {
                "standard": "tidssone for Gilbertøyane"
              }
            },
            "GMT": {
              "long": {
                "standard": "Greenwich middeltid"
              },
              "short": {
                "standard": "GMT"
              }
            },
            "Greenland_Eastern": {
              "long": {
                "generic": "austgrønlandsk tid",
                "standard": "austgrønlandsk normaltid",
                "daylight": "austgrønlandsk sommartid"
              }
            },
            "Greenland_Western": {
              "long": {
                "generic": "vestgrønlandsk tid",
                "standard": "vestgrønlandsk normaltid",
                "daylight": "vestgrønlandsk sommartid"
              }
            },
            "Guam": {
              "long": {
                "standard": "Guam-tid"
              }
            },
            "Gulf": {
              "long": {
                "standard": "tidssone for Persiabukta"
              }
            },
            "Guyana": {
              "long": {
                "standard": "guyansk tid"
              }
            },
            "Hawaii_Aleutian": {
              "long": {
                "generic": "tidssone for Hawaii og Aleutene",
                "standard": "normaltid for Hawaii og Aleutene",
                "daylight": "sommartid for Hawaii og Aleutene"
              },
              "short": {
                "generic": "HAT",
                "standard": "HAST",
                "daylight": "HADT"
              }
            },
            "Hong_Kong": {
              "long": {
                "generic": "hongkongkinesisk tid",
                "standard": "hongkongkinesisk normaltid",
                "daylight": "hongkongkinesisk sommartid"
              }
            },
            "Hovd": {
              "long": {
                "generic": "tidssone for Khovd",
                "standard": "normaltid for Khovd",
                "daylight": "sommartid for Khovd"
              }
            },
            "India": {
              "long": {
                "standard": "indisk tid"
              }
            },
            "Indian_Ocean": {
              "long": {
                "standard": "tidssone for Indiahavet"
              }
            },
            "Indochina": {
              "long": {
                "standard": "indokinesisk tid"
              }
            },
            "Indonesia_Central": {
              "long": {
                "standard": "sentralindonesisk tid"
              }
            },
            "Indonesia_Eastern": {
              "long": {
                "standard": "austindonesisk tid"
              }
            },
            "Indonesia_Western": {
              "long": {
                "standard": "vestindonesisk tid"
              }
            },
            "Iran": {
              "long": {
                "generic": "iransk tid",
                "standard": "iransk normaltid",
                "daylight": "iransk sommartid"
              }
            },
            "Irkutsk": {
              "long": {
                "generic": "tidssone for Irkutsk",
                "standard": "normaltid for Irkutsk",
                "daylight": "sommartid for Irkutsk"
              }
            },
            "Israel": {
              "long": {
                "generic": "israelsk tid",
                "standard": "israelsk normaltid",
                "daylight": "israelsk sommartid"
              }
            },
            "Japan": {
              "long": {
                "generic": "japansk tid",
                "standard": "japansk normaltid",
                "daylight": "japansk sommartid"
              }
            },
            "Kamchatka": {
              "long": {
                "generic": "Russisk (Petropavlovsk-Kamtsjatskij) tid",
                "standard": "Russisk (Petropavlovsk-Kamtsjatskij) normaltid",
                "daylight": "Russisk (Petropavlovsk-Kamtsjatskij) sommertid"
              }
            },
            "Kazakhstan_Eastern": {
              "long": {
                "standard": "austkasakhstansk tid"
              }
            },
            "Kazakhstan_Western": {
              "long": {
                "standard": "vestkasakhstansk tid"
              }
            },
            "Korea": {
              "long": {
                "generic": "koreansk tid",
                "standard": "koreansk normaltid",
                "daylight": "koreansk sommartid"
              }
            },
            "Kosrae": {
              "long": {
                "standard": "tidssone for Kosrae"
              }
            },
            "Krasnoyarsk": {
              "long": {
                "generic": "tidssone for Krasnojarsk",
                "standard": "normaltid for Krasnojarsk",
                "daylight": "sommartid for Krasnojarsk"
              }
            },
            "Kyrgystan": {
              "long": {
                "standard": "kirgisisk tid"
              }
            },
            "Lanka": {
              "long": {
                "standard": "Lanka-tid"
              }
            },
            "Line_Islands": {
              "long": {
                "standard": "tidssone for Lineøyane"
              }
            },
            "Lord_Howe": {
              "long": {
                "generic": "tidssone for Lord Howe-øya",
                "standard": "normaltid for Lord Howe-øya",
                "daylight": "sommartid for Lord Howe-øya"
              }
            },
            "Macau": {
              "long": {
                "generic": "Macau-tid",
                "standard": "Macau, standardtid",
                "daylight": "Macau, sommertid"
              }
            },
            "Macquarie": {
              "long": {
                "standard": "tidssone for Macquarieøya"
              }
            },
            "Magadan": {
              "long": {
                "generic": "tidssone for Magadan",
                "standard": "normaltid for Magadan",
                "daylight": "sommartid for Magadan"
              }
            },
            "Malaysia": {
              "long": {
                "standard": "malaysisk tid"
              }
            },
            "Maldives": {
              "long": {
                "standard": "maldivisk tid"
              }
            },
            "Marquesas": {
              "long": {
                "standard": "tidssone for Marquesasøyane"
              }
            },
            "Marshall_Islands": {
              "long": {
                "standard": "marshallesisk tid"
              }
            },
            "Mauritius": {
              "long": {
                "generic": "mauritisk tid",
                "standard": "mauritisk normaltid",
                "daylight": "mauritisk sommartid"
              }
            },
            "Mawson": {
              "long": {
                "standard": "tidssone for Mawson"
              }
            },
            "Mexico_Northwest": {
              "long": {
                "generic": "tidssone for nordvestlege Mexico",
                "standard": "normaltid for nordvestlege Mexico",
                "daylight": "sommartid for nordvestlege Mexico"
              }
            },
            "Mexico_Pacific": {
              "long": {
                "generic": "tidssone for den meksikanske stillehavskysten",
                "standard": "normaltid for den meksikanske stillehavskysten",
                "daylight": "sommartid for den meksikanske stillehavskysten"
              }
            },
            "Mongolia": {
              "long": {
                "generic": "tidssone for Ulan Bator",
                "standard": "normaltid for Ulan Bator",
                "daylight": "sommartid for Ulan Bator"
              }
            },
            "Moscow": {
              "long": {
                "generic": "tidssone for Moskva",
                "standard": "normaltid for Moskva",
                "daylight": "sommartid for Moskva"
              }
            },
            "Myanmar": {
              "long": {
                "standard": "myanmarsk tid"
              }
            },
            "Nauru": {
              "long": {
                "standard": "naurisk tid"
              }
            },
            "Nepal": {
              "long": {
                "standard": "nepalsk tid"
              }
            },
            "New_Caledonia": {
              "long": {
                "generic": "kaledonsk tid",
                "standard": "kaledonsk normaltid",
                "daylight": "kaledonsk sommartid"
              }
            },
            "New_Zealand": {
              "long": {
                "generic": "nyzealandsk tid",
                "standard": "nyzealandsk normaltid",
                "daylight": "nyzealandsk sommartid"
              }
            },
            "Newfoundland": {
              "long": {
                "generic": "tidssone for Newfoundland",
                "standard": "normaltid for Newfoundland",
                "daylight": "sommartid for Newfoundland"
              }
            },
            "Niue": {
              "long": {
                "standard": "tidssone for Niue"
              }
            },
            "Norfolk": {
              "long": {
                "generic": "tidssone for Norfolkøya",
                "standard": "normaltid for Norfolkøya",
                "daylight": "sommartid for Norfolkøya"
              }
            },
            "Noronha": {
              "long": {
                "generic": "tidssone for Fernando de Noronha",
                "standard": "normaltid for Fernando de Noronha",
                "daylight": "sommartid for Fernando de Noronha"
              }
            },
            "North_Mariana": {
              "long": {
                "standard": "Nord-Marianene-tid"
              }
            },
            "Novosibirsk": {
              "long": {
                "generic": "tidssone for Novosibirsk",
                "standard": "normaltid for Novosibirsk",
                "daylight": "sommartid for Novosibirsk"
              }
            },
            "Omsk": {
              "long": {
                "generic": "tidssone for Omsk",
                "standard": "normaltid for Omsk",
                "daylight": "sommartid for Omsk"
              }
            },
            "Pakistan": {
              "long": {
                "generic": "pakistansk tid",
                "standard": "pakistansk normaltid",
                "daylight": "pakistansk sommartid"
              }
            },
            "Palau": {
              "long": {
                "standard": "palauisk tid"
              }
            },
            "Papua_New_Guinea": {
              "long": {
                "standard": "papuansk tid"
              }
            },
            "Paraguay": {
              "long": {
                "generic": "paraguayansk tid",
                "standard": "paraguayansk normaltid",
                "daylight": "paraguayansk sommartid"
              }
            },
            "Peru": {
              "long": {
                "generic": "peruansk tid",
                "standard": "peruansk normaltid",
                "daylight": "peruansk sommartid"
              }
            },
            "Philippines": {
              "long": {
                "generic": "filippinsk tid",
                "standard": "filippinsk normaltid",
                "daylight": "filippinsk sommartid"
              }
            },
            "Phoenix_Islands": {
              "long": {
                "standard": "tidssone for Phoenixøyane"
              }
            },
            "Pierre_Miquelon": {
              "long": {
                "generic": "tidssone for Saint-Pierre-et-Miquelon",
                "standard": "normaltid for Saint-Pierre-et-Miquelon",
                "daylight": "sommartid for Saint-Pierre-et-Miquelon"
              }
            },
            "Pitcairn": {
              "long": {
                "standard": "tidssone for Pitcairn"
              }
            },
            "Ponape": {
              "long": {
                "standard": "tidssone for Pohnpei"
              }
            },
            "Pyongyang": {
              "long": {
                "standard": "tidssone for Pyongyang"
              }
            },
            "Qyzylorda": {
              "long": {
                "generic": "Qyzylorda-tid",
                "standard": "Qyzylorda, standardtid",
                "daylight": "Qyzylorda, sommertid"
              }
            },
            "Reunion": {
              "long": {
                "standard": "tidssone for Réunion"
              }
            },
            "Rothera": {
              "long": {
                "standard": "tidssone for Rothera"
              }
            },
            "Sakhalin": {
              "long": {
                "generic": "tidssone for Sakhalin",
                "standard": "normaltid for Sakhalin",
                "daylight": "sommartid for Sakhalin"
              }
            },
            "Samara": {
              "long": {
                "generic": "Russisk (Samara) tid",
                "standard": "Russisk (Samara) normaltid",
                "daylight": "Russisk (Samara) sommertid"
              }
            },
            "Samoa": {
              "long": {
                "generic": "samoansk tid",
                "standard": "samoansk normaltid",
                "daylight": "samoansk sommartid"
              }
            },
            "Seychelles": {
              "long": {
                "standard": "seychellisk tid"
              }
            },
            "Singapore": {
              "long": {
                "standard": "singaporsk tid"
              }
            },
            "Solomon": {
              "long": {
                "standard": "salomonsk tid"
              }
            },
            "South_Georgia": {
              "long": {
                "standard": "tidssone for Sør-Georgia"
              }
            },
            "Suriname": {
              "long": {
                "standard": "surinamsk tid"
              }
            },
            "Syowa": {
              "long": {
                "standard": "tidssone for Syowa"
              }
            },
            "Tahiti": {
              "long": {
                "standard": "tahitisk tid"
              }
            },
            "Taipei": {
              "long": {
                "generic": "tidssone for Taipei",
                "standard": "normaltid for Taipei",
                "daylight": "sommartid for Taipei"
              }
            },
            "Tajikistan": {
              "long": {
                "standard": "tadsjikisk tid"
              }
            },
            "Tokelau": {
              "long": {
                "standard": "tidssone for Tokelau"
              }
            },
            "Tonga": {
              "long": {
                "generic": "tongansk tid",
                "standard": "tongansk normaltid",
                "daylight": "tongansk sommartid"
              }
            },
            "Truk": {
              "long": {
                "standard": "tidssone for Chuukøyane"
              }
            },
            "Turkmenistan": {
              "long": {
                "generic": "turkmensk tid",
                "standard": "turkmensk normaltid",
                "daylight": "turkmensk sommartid"
              }
            },
            "Tuvalu": {
              "long": {
                "standard": "tuvalsk tid"
              }
            },
            "Uruguay": {
              "long": {
                "generic": "uruguayansk tid",
                "standard": "uruguayansk normaltid",
                "daylight": "uruguayansk sommartid"
              }
            },
            "Uzbekistan": {
              "long": {
                "generic": "usbekisk tid",
                "standard": "usbekisk normaltid",
                "daylight": "usbekisk sommartid"
              }
            },
            "Vanuatu": {
              "long": {
                "generic": "vanuatisk tid",
                "standard": "vanuatisk normaltid",
                "daylight": "vanuatisk sommartid"
              }
            },
            "Venezuela": {
              "long": {
                "standard": "venezuelansk tid"
              }
            },
            "Vladivostok": {
              "long": {
                "generic": "tidssone for Vladivostok",
                "standard": "normaltid for Vladivostok",
                "daylight": "sommartid for Vladivostok"
              }
            },
            "Volgograd": {
              "long": {
                "generic": "tidssone for Volgograd",
                "standard": "normaltid for Volgograd",
                "daylight": "sommartid for Volgograd"
              }
            },
            "Vostok": {
              "long": {
                "standard": "tidssone for Vostok"
              }
            },
            "Wake": {
              "long": {
                "standard": "tidssone for Wake Island"
              }
            },
            "Wallis": {
              "long": {
                "standard": "tidssone for Wallis- og Futunaøyane"
              }
            },
            "Yakutsk": {
              "long": {
                "generic": "tidssone for Jakutsk",
                "standard": "normaltid for Jakutsk",
                "daylight": "sommartid for Jakutsk"
              }
            },
            "Yekaterinburg": {
              "long": {
                "generic": "tidssone for Jekaterinburg",
                "standard": "normaltid for Jekaterinburg",
                "daylight": "sommartid for Jekaterinburg"
              }
            },
            "Yukon": {
              "long": {
                "standard": "tidssone for Yukon"
              }
            }
          }
        }
      }
    }
  }
}
