{
  "main": {
    "de-BE": {
      "identity": {
        "language": "de",
        "territory": "BE"
      },
      "dates": {
        "timeZoneNames": {
          "hourFormat": "+HH:mm;-HH:mm",
          "gmtFormat": "GMT{0}",
          "gmtZeroFormat": "GMT",
          "regionFormat": "{0} (Ortszeit)",
          "regionFormat-type-daylight": "{0} (Sommerzeit)",
          "regionFormat-type-standard": "{0} (Normalzeit)",
          "fallbackFormat": "{1} ({0})",
          "zone": {
            "Pacific": {
              "Honolulu": {
                "_type": "zone",
                "exemplarCity": "Honolulu"
              },
              "Easter": {
                "_type": "zone",
                "exemplarCity": "Osterinsel"
              },
              "Fiji": {
                "_type": "zone",
                "exemplarCity": "Fidschi"
              },
              "Truk": {
                "_type": "zone",
                "exemplarCity": "Chuuk"
              },
              "Ponape": {
                "_type": "zone",
                "exemplarCity": "Pohnpei"
              },
              "Enderbury": {
                "_type": "zone",
                "exemplarCity": "Enderbury"
              }
            },
            "Etc": {
              "UTC": {
                "_type": "zone",
                "long": {
                  "standard": "Koordinierte Weltzeit"
                },
                "short": {
                  "standard": "UTC"
                }
              },
              "Unknown": {
                "_type": "zone",
                "exemplarCity": "Unbekannt"
              }
            },
            "Europe": {
              "Tirane": {
                "_type": "zone",
                "exemplarCity": "Tirana"
              },
              "Vienna": {
                "_type": "zone",
                "exemplarCity": "Wien"
              },
              "Brussels": {
                "_type": "zone",
                "exemplarCity": "Brüssel"
              },
              "Zurich": {
                "_type": "zone",
                "exemplarCity": "Zürich"
              },
              "Prague": {
                "_type": "zone",
                "exemplarCity": "Prag"
              },
              "Busingen": {
                "_type": "zone",
                "exemplarCity": "Büsingen"
              },
              "Copenhagen": {
                "_type": "zone",
                "exemplarCity": "Kopenhagen"
              },
              "London": {
                "_type": "zone",
                "long": {
                  "daylight": "Britische Sommerzeit"
                }
              },
              "Athens": {
                "_type": "zone",
                "exemplarCity": "Athen"
              },
              "Dublin": {
                "_type": "zone",
                "long": {
                  "daylight": "Irische Sommerzeit"
                }
              },
              "Rome": {
                "_type": "zone",
                "exemplarCity": "Rom"
              },
              "Luxembourg": {
                "_type": "zone",
                "exemplarCity": "Luxemburg"
              },
              "Warsaw": {
                "_type": "zone",
                "exemplarCity": "Warschau"
              },
              "Lisbon": {
                "_type": "zone",
                "exemplarCity": "Lissabon"
              },
              "Bucharest": {
                "_type": "zone",
                "exemplarCity": "Bukarest"
              },
              "Belgrade": {
                "_type": "zone",
                "exemplarCity": "Belgrad"
              },
              "Moscow": {
                "_type": "zone",
                "exemplarCity": "Moskau"
              },
              "Volgograd": {
                "_type": "zone",
                "exemplarCity": "Wolgograd"
              },
              "Saratov": {
                "_type": "zone",
                "exemplarCity": "Saratow"
              },
              "Astrakhan": {
                "_type": "zone",
                "exemplarCity": "Astrachan"
              },
              "Ulyanovsk": {
                "_type": "zone",
                "exemplarCity": "Uljanowsk"
              },
              "Kirov": {
                "_type": "zone",
                "exemplarCity": "Kirow"
              },
              "Kiev": {
                "_type": "zone",
                "exemplarCity": "Kiew"
              },
              "Vatican": {
                "_type": "zone",
                "exemplarCity": "Vatikan"
              }
            },
            "Asia": {
              "Yerevan": {
                "_type": "zone",
                "exemplarCity": "Eriwan"
              },
              "Brunei": {
                "_type": "zone",
                "exemplarCity": "Brunei Darussalam"
              },
              "Urumqi": {
                "_type": "zone",
                "exemplarCity": "Ürümqi"
              },
              "Nicosia": {
                "_type": "zone",
                "exemplarCity": "Nikosia"
              },
              "Tbilisi": {
                "_type": "zone",
                "exemplarCity": "Tiflis"
              },
              "Hong_Kong": {
                "_type": "zone",
                "exemplarCity": "Hongkong"
              },
              "Calcutta": {
                "_type": "zone",
                "exemplarCity": "Kalkutta"
              },
              "Baghdad": {
                "_type": "zone",
                "exemplarCity": "Bagdad"
              },
              "Tehran": {
                "_type": "zone",
                "exemplarCity": "Teheran"
              },
              "Tokyo": {
                "_type": "zone",
                "exemplarCity": "Tokio"
              },
              "Bishkek": {
                "_type": "zone",
                "exemplarCity": "Bischkek"
              },
              "Pyongyang": {
                "_type": "zone",
                "exemplarCity": "Pjöngjang"
              },
              "Aqtobe": {
                "_type": "zone",
                "exemplarCity": "Aktobe"
              },
              "Qostanay": {
                "_type": "zone",
                "exemplarCity": "Qostanai"
              },
              "Qyzylorda": {
                "_type": "zone",
                "exemplarCity": "Qysylorda"
              },
              "Rangoon": {
                "_type": "zone",
                "exemplarCity": "Rangun"
              },
              "Hovd": {
                "_type": "zone",
                "exemplarCity": "Chowd"
              },
              "Macau": {
                "_type": "zone",
                "exemplarCity": "Macau"
              },
              "Katmandu": {
                "_type": "zone",
                "exemplarCity": "Kathmandu"
              },
              "Muscat": {
                "_type": "zone",
                "exemplarCity": "Maskat"
              },
              "Karachi": {
                "_type": "zone",
                "exemplarCity": "Karatschi"
              },
              "Qatar": {
                "_type": "zone",
                "exemplarCity": "Katar"
              },
              "Yekaterinburg": {
                "_type": "zone",
                "exemplarCity": "Jekaterinburg"
              },
              "Novosibirsk": {
                "_type": "zone",
                "exemplarCity": "Nowosibirsk"
              },
              "Novokuznetsk": {
                "_type": "zone",
                "exemplarCity": "Nowokuznetsk"
              },
              "Krasnoyarsk": {
                "_type": "zone",
                "exemplarCity": "Krasnojarsk"
              },
              "Chita": {
                "_type": "zone",
                "exemplarCity": "Tschita"
              },
              "Yakutsk": {
                "_type": "zone",
                "exemplarCity": "Jakutsk"
              },
              "Vladivostok": {
                "_type": "zone",
                "exemplarCity": "Wladiwostok"
              },
              "Khandyga": {
                "_type": "zone",
                "exemplarCity": "Chandyga"
              },
              "Sakhalin": {
                "_type": "zone",
                "exemplarCity": "Sachalin"
              },
              "Kamchatka": {
                "_type": "zone",
                "exemplarCity": "Kamtschatka"
              },
              "Riyadh": {
                "_type": "zone",
                "exemplarCity": "Riad"
              },
              "Singapore": {
                "_type": "zone",
                "exemplarCity": "Singapur"
              },
              "Damascus": {
                "_type": "zone",
                "exemplarCity": "Damaskus"
              },
              "Dushanbe": {
                "_type": "zone",
                "exemplarCity": "Duschanbe"
              },
              "Ashgabat": {
                "_type": "zone",
                "exemplarCity": "Aşgabat"
              },
              "Taipei": {
                "_type": "zone",
                "exemplarCity": "Taipeh"
              },
              "Tashkent": {
                "_type": "zone",
                "exemplarCity": "Taschkent"
              },
              "Saigon": {
                "_type": "zone",
                "exemplarCity": "Ho-Chi-Minh-Stadt"
              }
            },
            "Antarctica": {
              "Vostok": {
                "_type": "zone",
                "exemplarCity": "Wostok"
              },
              "DumontDUrville": {
                "_type": "zone",
                "exemplarCity": "Dumont-d’Urville"
              }
            },
            "America": {
              "Cordoba": {
                "_type": "zone",
                "exemplarCity": "Córdoba"
              },
              "St_Barthelemy": {
                "_type": "zone",
                "exemplarCity": "Saint-Barthélemy"
              },
              "Sao_Paulo": {
                "_type": "zone",
                "exemplarCity": "São Paulo"
              },
              "Noronha": {
                "_type": "zone",
                "exemplarCity": "Fernando de Noronha"
              },
              "Coral_Harbour": {
                "_type": "zone",
                "exemplarCity": "Atikokan"
              },
              "St_Johns": {
                "_type": "zone",
                "exemplarCity": "St. John’s"
              },
              "Bogota": {
                "_type": "zone",
                "exemplarCity": "Bogotá"
              },
              "Havana": {
                "_type": "zone",
                "exemplarCity": "Havanna"
              },
              "Curacao": {
                "_type": "zone",
                "exemplarCity": "Curaçao"
              },
              "Godthab": {
                "_type": "zone",
                "exemplarCity": "Nuuk"
              },
              "Scoresbysund": {
                "_type": "zone",
                "exemplarCity": "Ittoqqortoormiit"
              },
              "Jamaica": {
                "_type": "zone",
                "exemplarCity": "Jamaika"
              },
              "St_Kitts": {
                "_type": "zone",
                "exemplarCity": "St. Kitts"
              },
              "Cayman": {
                "_type": "zone",
                "exemplarCity": "Kaimaninseln"
              },
              "St_Lucia": {
                "_type": "zone",
                "exemplarCity": "St. Lucia"
              },
              "Ciudad_Juarez": {
                "_type": "zone",
                "exemplarCity": "Ciudad Juárez"
              },
              "Bahia_Banderas": {
                "_type": "zone",
                "exemplarCity": "Bahia Banderas"
              },
              "Mexico_City": {
                "_type": "zone",
                "exemplarCity": "Mexiko-Stadt"
              },
              "Merida": {
                "_type": "zone",
                "exemplarCity": "Merida"
              },
              "Cancun": {
                "_type": "zone",
                "exemplarCity": "Cancún"
              },
              "Asuncion": {
                "_type": "zone",
                "exemplarCity": "Asunción"
              },
              "Lower_Princes": {
                "_type": "zone",
                "exemplarCity": "Lower Prince’s Quarter"
              },
              "North_Dakota": {
                "Beulah": {
                  "_type": "zone",
                  "exemplarCity": "Beulah, North Dakota"
                },
                "New_Salem": {
                  "_type": "zone",
                  "exemplarCity": "New Salem, North Dakota"
                },
                "Center": {
                  "_type": "zone",
                  "exemplarCity": "Center, North Dakota"
                }
              },
              "Indiana": {
                "Vincennes": {
                  "_type": "zone",
                  "exemplarCity": "Vincennes, Indiana"
                },
                "Petersburg": {
                  "_type": "zone",
                  "exemplarCity": "Petersburg, Indiana"
                },
                "Tell_City": {
                  "_type": "zone",
                  "exemplarCity": "Tell City, Indiana"
                },
                "Knox": {
                  "_type": "zone",
                  "exemplarCity": "Knox, Indiana"
                },
                "Winamac": {
                  "_type": "zone",
                  "exemplarCity": "Winamac, Indiana"
                },
                "Marengo": {
                  "_type": "zone",
                  "exemplarCity": "Marengo, Indiana"
                },
                "Vevay": {
                  "_type": "zone",
                  "exemplarCity": "Vevay, Indiana"
                }
              },
              "Kentucky": {
                "Monticello": {
                  "_type": "zone",
                  "exemplarCity": "Monticello, Kentucky"
                }
              },
              "St_Vincent": {
                "_type": "zone",
                "exemplarCity": "St. Vincent"
              },
              "St_Thomas": {
                "_type": "zone",
                "exemplarCity": "St. Thomas"
              }
            },
            "Africa": {
              "Porto-Novo": {
                "_type": "zone",
                "exemplarCity": "Porto Novo"
              },
              "Djibouti": {
                "_type": "zone",
                "exemplarCity": "Dschibuti"
              },
              "Algiers": {
                "_type": "zone",
                "exemplarCity": "Algier"
              },
              "Cairo": {
                "_type": "zone",
                "exemplarCity": "Kairo"
              },
              "El_Aaiun": {
                "_type": "zone",
                "exemplarCity": "El Aaiún"
              },
              "Asmera": {
                "_type": "zone",
                "exemplarCity": "Asmara"
              },
              "Addis_Ababa": {
                "_type": "zone",
                "exemplarCity": "Addis Abeba"
              },
              "Tripoli": {
                "_type": "zone",
                "exemplarCity": "Tripolis"
              },
              "Khartoum": {
                "_type": "zone",
                "exemplarCity": "Khartum"
              },
              "Mogadishu": {
                "_type": "zone",
                "exemplarCity": "Mogadischu"
              },
              "Sao_Tome": {
                "_type": "zone",
                "exemplarCity": "São Tomé"
              },
              "Ndjamena": {
                "_type": "zone",
                "exemplarCity": "N’Djamena"
              },
              "Lome": {
                "_type": "zone",
                "exemplarCity": "Lomé"
              },
              "Dar_es_Salaam": {
                "_type": "zone",
                "exemplarCity": "Daressalam"
              }
            },
            "Atlantic": {
              "Cape_Verde": {
                "_type": "zone",
                "exemplarCity": "Cabo Verde"
              },
              "Canary": {
                "_type": "zone",
                "exemplarCity": "Kanaren"
              },
              "Faeroe": {
                "_type": "zone",
                "exemplarCity": "Färöer"
              },
              "South_Georgia": {
                "_type": "zone",
                "exemplarCity": "Südgeorgien"
              },
              "Reykjavik": {
                "_type": "zone",
                "exemplarCity": "Reyk­ja­vík"
              },
              "Azores": {
                "_type": "zone",
                "exemplarCity": "Azoren"
              },
              "St_Helena": {
                "_type": "zone",
                "exemplarCity": "St. Helena"
              }
            },
            "Indian": {
              "Christmas": {
                "_type": "zone",
                "exemplarCity": "Weihnachtsinsel"
              },
              "Comoro": {
                "_type": "zone",
                "exemplarCity": "Komoren"
              },
              "Maldives": {
                "_type": "zone",
                "exemplarCity": "Malediven"
              },
              "Reunion": {
                "_type": "zone",
                "exemplarCity": "Réunion"
              }
            }
          },
          "metazone": {
            "Acre": {
              "long": {
                "generic": "Acre-Zeit",
                "standard": "Acre-Normalzeit",
                "daylight": "Acre-Sommerzeit"
              }
            },
            "Afghanistan": {
              "long": {
                "standard": "Afghanistan-Zeit"
              }
            },
            "Africa_Central": {
              "long": {
                "standard": "Zentralafrikanische Zeit"
              }
            },
            "Africa_Eastern": {
              "long": {
                "standard": "Ostafrikanische Zeit"
              }
            },
            "Africa_Southern": {
              "long": {
                "standard": "Südafrikanische Zeit"
              }
            },
            "Africa_Western": {
              "long": {
                "generic": "Westafrikanische Zeit",
                "standard": "Westafrikanische Normalzeit",
                "daylight": "Westafrikanische Sommerzeit"
              }
            },
            "Alaska": {
              "long": {
                "generic": "Alaska-Zeit",
                "standard": "Alaska-Normalzeit",
                "daylight": "Alaska-Sommerzeit"
              }
            },
            "Almaty": {
              "long": {
                "generic": "Almaty-Zeit",
                "standard": "Almaty-Normalzeit",
                "daylight": "Almaty-Sommerzeit"
              }
            },
            "Amazon": {
              "long": {
                "generic": "Amazonas-Zeit",
                "standard": "Amazonas-Normalzeit",
                "daylight": "Amazonas-Sommerzeit"
              }
            },
            "America_Central": {
              "long": {
                "generic": "Nordamerikanische Zentralzeit",
                "standard": "Nordamerikanische Zentral-Normalzeit",
                "daylight": "Nordamerikanische Zentral-Sommerzeit"
              }
            },
            "America_Eastern": {
              "long": {
                "generic": "Nordamerikanische Ostküstenzeit",
                "standard": "Nordamerikanische Ostküsten-Normalzeit",
                "daylight": "Nordamerikanische Ostküsten-Sommerzeit"
              }
            },
            "America_Mountain": {
              "long": {
                "generic": "Rocky-Mountains-Zeit",
                "standard": "Rocky-Mountains-Normalzeit",
                "daylight": "Rocky-Mountains-Sommerzeit"
              }
            },
            "America_Pacific": {
              "long": {
                "generic": "Nordamerikanische Westküstenzeit",
                "standard": "Nordamerikanische Westküsten-Normalzeit",
                "daylight": "Nordamerikanische Westküsten-Sommerzeit"
              }
            },
            "Anadyr": {
              "long": {
                "generic": "Anadyr Zeit",
                "standard": "Anadyr Normalzeit",
                "daylight": "Anadyr Sommerzeit"
              }
            },
            "Apia": {
              "long": {
                "generic": "Apia-Zeit",
                "standard": "Apia-Normalzeit",
                "daylight": "Apia-Sommerzeit"
              }
            },
            "Aqtau": {
              "long": {
                "generic": "Aqtau-Zeit",
                "standard": "Aqtau-Normalzeit",
                "daylight": "Aqtau-Sommerzeit"
              }
            },
            "Aqtobe": {
              "long": {
                "generic": "Aqtöbe-Zeit",
                "standard": "Aqtöbe-Normalzeit",
                "daylight": "Aqtöbe-Sommerzeit"
              }
            },
            "Arabian": {
              "long": {
                "generic": "Arabische Zeit",
                "standard": "Arabische Normalzeit",
                "daylight": "Arabische Sommerzeit"
              }
            },
            "Argentina": {
              "long": {
                "generic": "Argentinische Zeit",
                "standard": "Argentinische Normalzeit",
                "daylight": "Argentinische Sommerzeit"
              }
            },
            "Argentina_Western": {
              "long": {
                "generic": "Westargentinische Zeit",
                "standard": "Westargentinische Normalzeit",
                "daylight": "Westargentinische Sommerzeit"
              }
            },
            "Armenia": {
              "long": {
                "generic": "Armenische Zeit",
                "standard": "Armenische Normalzeit",
                "daylight": "Armenische Sommerzeit"
              }
            },
            "Atlantic": {
              "long": {
                "generic": "Atlantik-Zeit",
                "standard": "Atlantik-Normalzeit",
                "daylight": "Atlantik-Sommerzeit"
              }
            },
            "Australia_Central": {
              "long": {
                "generic": "Zentralaustralische Zeit",
                "standard": "Zentralaustralische Normalzeit",
                "daylight": "Zentralaustralische Sommerzeit"
              }
            },
            "Australia_CentralWestern": {
              "long": {
                "generic": "Zentral-/Westaustralische Zeit",
                "standard": "Zentral-/Westaustralische Normalzeit",
                "daylight": "Zentral-/Westaustralische Sommerzeit"
              }
            },
            "Australia_Eastern": {
              "long": {
                "generic": "Ostaustralische Zeit",
                "standard": "Ostaustralische Normalzeit",
                "daylight": "Ostaustralische Sommerzeit"
              }
            },
            "Australia_Western": {
              "long": {
                "generic": "Westaustralische Zeit",
                "standard": "Westaustralische Normalzeit",
                "daylight": "Westaustralische Sommerzeit"
              }
            },
            "Azerbaijan": {
              "long": {
                "generic": "Aserbaidschanische Zeit",
                "standard": "Aserbeidschanische Normalzeit",
                "daylight": "Aserbaidschanische Sommerzeit"
              }
            },
            "Azores": {
              "long": {
                "generic": "Azoren-Zeit",
                "standard": "Azoren-Normalzeit",
                "daylight": "Azoren-Sommerzeit"
              }
            },
            "Bangladesh": {
              "long": {
                "generic": "Bangladesch-Zeit",
                "standard": "Bangladesch-Normalzeit",
                "daylight": "Bangladesch-Sommerzeit"
              }
            },
            "Bhutan": {
              "long": {
                "standard": "Bhutan-Zeit"
              }
            },
            "Bolivia": {
              "long": {
                "standard": "Bolivianische Zeit"
              }
            },
            "Brasilia": {
              "long": {
                "generic": "Brasília-Zeit",
                "standard": "Brasília-Normalzeit",
                "daylight": "Brasília-Sommerzeit"
              }
            },
            "Brunei": {
              "long": {
                "standard": "Brunei-Darussalam-Zeit"
              }
            },
            "Cape_Verde": {
              "long": {
                "generic": "Cabo-Verde-Zeit",
                "standard": "Cabo-Verde-Normalzeit",
                "daylight": "Cabo-Verde-Sommerzeit"
              }
            },
            "Casey": {
              "long": {
                "standard": "Casey-Zeit"
              }
            },
            "Chamorro": {
              "long": {
                "standard": "Chamorro-Zeit"
              }
            },
            "Chatham": {
              "long": {
                "generic": "Chatham-Zeit",
                "standard": "Chatham-Normalzeit",
                "daylight": "Chatham-Sommerzeit"
              }
            },
            "Chile": {
              "long": {
                "generic": "Chilenische Zeit",
                "standard": "Chilenische Normalzeit",
                "daylight": "Chilenische Sommerzeit"
              }
            },
            "China": {
              "long": {
                "generic": "Chinesische Zeit",
                "standard": "Chinesische Normalzeit",
                "daylight": "Chinesische Sommerzeit"
              }
            },
            "Christmas": {
              "long": {
                "standard": "Weihnachtsinsel-Zeit"
              }
            },
            "Cocos": {
              "long": {
                "standard": "Kokosinseln-Zeit"
              }
            },
            "Colombia": {
              "long": {
                "generic": "Kolumbianische Zeit",
                "standard": "Kolumbianische Normalzeit",
                "daylight": "Kolumbianische Sommerzeit"
              }
            },
            "Cook": {
              "long": {
                "generic": "Cookinseln-Zeit",
                "standard": "Cookinseln-Normalzeit",
                "daylight": "Cookinseln-Sommerzeit"
              }
            },
            "Cuba": {
              "long": {
                "generic": "Kubanische Zeit",
                "standard": "Kubanische Normalzeit",
                "daylight": "Kubanische Sommerzeit"
              }
            },
            "Davis": {
              "long": {
                "standard": "Davis-Zeit"
              }
            },
            "DumontDUrville": {
              "long": {
                "standard": "Dumont-d’Urville-Zeit"
              }
            },
            "East_Timor": {
              "long": {
                "standard": "Osttimor-Zeit"
              }
            },
            "Easter": {
              "long": {
                "generic": "Osterinsel-Zeit",
                "standard": "Osterinsel-Normalzeit",
                "daylight": "Osterinsel-Sommerzeit"
              }
            },
            "Ecuador": {
              "long": {
                "standard": "Ecuadorianische Zeit"
              }
            },
            "Europe_Central": {
              "long": {
                "generic": "Mitteleuropäische Zeit",
                "standard": "Mitteleuropäische Normalzeit",
                "daylight": "Mitteleuropäische Sommerzeit"
              },
              "short": {
                "generic": "MEZ",
                "standard": "MEZ",
                "daylight": "MESZ"
              }
            },
            "Europe_Eastern": {
              "long": {
                "generic": "Osteuropäische Zeit",
                "standard": "Osteuropäische Normalzeit",
                "daylight": "Osteuropäische Sommerzeit"
              },
              "short": {
                "generic": "OEZ",
                "standard": "OEZ",
                "daylight": "OESZ"
              }
            },
            "Europe_Further_Eastern": {
              "long": {
                "standard": "Kaliningrader Zeit"
              }
            },
            "Europe_Western": {
              "long": {
                "generic": "Westeuropäische Zeit",
                "standard": "Westeuropäische Normalzeit",
                "daylight": "Westeuropäische Sommerzeit"
              },
              "short": {
                "generic": "WEZ",
                "standard": "WEZ",
                "daylight": "WESZ"
              }
            },
            "Falkland": {
              "long": {
                "generic": "Falklandinseln-Zeit",
                "standard": "Falklandinseln-Normalzeit",
                "daylight": "Falklandinseln-Sommerzeit"
              }
            },
            "Fiji": {
              "long": {
                "generic": "Fidschi-Zeit",
                "standard": "Fidschi-Normalzeit",
                "daylight": "Fidschi-Sommerzeit"
              }
            },
            "French_Guiana": {
              "long": {
                "standard": "Französisch-Guayana-Zeit"
              }
            },
            "French_Southern": {
              "long": {
                "standard": "Französische-Süd-und-Antarktisgebiete-Zeit"
              }
            },
            "Galapagos": {
              "long": {
                "standard": "Galapagos-Zeit"
              }
            },
            "Gambier": {
              "long": {
                "standard": "Gambier-Zeit"
              }
            },
            "Georgia": {
              "long": {
                "generic": "Georgische Zeit",
                "standard": "Georgische Normalzeit",
                "daylight": "Georgische Sommerzeit"
              }
            },
            "Gilbert_Islands": {
              "long": {
                "standard": "Gilbert-Inseln-Zeit"
              }
            },
            "GMT": {
              "long": {
                "standard": "Mittlere Greenwich-Zeit"
              }
            },
            "Greenland_Eastern": {
              "long": {
                "generic": "Ostgrönland-Zeit",
                "standard": "Ostgrönland-Normalzeit",
                "daylight": "Ostgrönland-Sommerzeit"
              }
            },
            "Greenland_Western": {
              "long": {
                "generic": "Westgrönland-Zeit",
                "standard": "Westgrönland-Normalzeit",
                "daylight": "Westgrönland-Sommerzeit"
              }
            },
            "Guam": {
              "long": {
                "standard": "Guam-Zeit"
              }
            },
            "Gulf": {
              "long": {
                "standard": "Golf-Zeit"
              }
            },
            "Guyana": {
              "long": {
                "standard": "Guyana-Zeit"
              }
            },
            "Hawaii_Aleutian": {
              "long": {
                "generic": "Hawaii-Aleuten-Zeit",
                "standard": "Hawaii-Aleuten-Normalzeit",
                "daylight": "Hawaii-Aleuten-Sommerzeit"
              }
            },
            "Hong_Kong": {
              "long": {
                "generic": "Hongkong-Zeit",
                "standard": "Hongkong-Normalzeit",
                "daylight": "Hongkong-Sommerzeit"
              }
            },
            "Hovd": {
              "long": {
                "generic": "Chowd-Zeit",
                "standard": "Chowd-Normalzeit",
                "daylight": "Chowd-Sommerzeit"
              }
            },
            "India": {
              "long": {
                "standard": "Indische Normalzeit"
              }
            },
            "Indian_Ocean": {
              "long": {
                "standard": "Indischer-Ozean-Zeit"
              }
            },
            "Indochina": {
              "long": {
                "standard": "Indochina-Zeit"
              }
            },
            "Indonesia_Central": {
              "long": {
                "standard": "Zentralindonesische Zeit"
              }
            },
            "Indonesia_Eastern": {
              "long": {
                "standard": "Ostindonesische Zeit"
              }
            },
            "Indonesia_Western": {
              "long": {
                "standard": "Westindonesische Zeit"
              }
            },
            "Iran": {
              "long": {
                "generic": "Iranische Zeit",
                "standard": "Iranische Normalzeit",
                "daylight": "Iranische Sommerzeit"
              }
            },
            "Irkutsk": {
              "long": {
                "generic": "Irkutsker Zeit",
                "standard": "Irkutsker Normalzeit",
                "daylight": "Irkutsker Sommerzeit"
              }
            },
            "Israel": {
              "long": {
                "generic": "Israelische Zeit",
                "standard": "Israelische Normalzeit",
                "daylight": "Israelische Sommerzeit"
              }
            },
            "Japan": {
              "long": {
                "generic": "Japanische Zeit",
                "standard": "Japanische Normalzeit",
                "daylight": "Japanische Sommerzeit"
              }
            },
            "Kamchatka": {
              "long": {
                "generic": "Kamtschatka-Zeit",
                "standard": "Kamtschatka-Normalzeit",
                "daylight": "Kamtschatka-Sommerzeit"
              }
            },
            "Kazakhstan": {
              "long": {
                "standard": "Kasachische Zeit"
              }
            },
            "Kazakhstan_Eastern": {
              "long": {
                "standard": "Ostkasachische Zeit"
              }
            },
            "Kazakhstan_Western": {
              "long": {
                "standard": "Westkasachische Zeit"
              }
            },
            "Korea": {
              "long": {
                "generic": "Koreanische Zeit",
                "standard": "Koreanische Normalzeit",
                "daylight": "Koreanische Sommerzeit"
              }
            },
            "Kosrae": {
              "long": {
                "standard": "Kosrae-Zeit"
              }
            },
            "Krasnoyarsk": {
              "long": {
                "generic": "Krasnojarsker Zeit",
                "standard": "Krasnojarsker Normalzeit",
                "daylight": "Krasnojarsker Sommerzeit"
              }
            },
            "Kyrgystan": {
              "long": {
                "standard": "Kirgisische Zeit"
              }
            },
            "Lanka": {
              "long": {
                "standard": "Sri-Lanka-Zeit"
              }
            },
            "Line_Islands": {
              "long": {
                "standard": "Linieninseln-Zeit"
              }
            },
            "Lord_Howe": {
              "long": {
                "generic": "Lord-Howe-Zeit",
                "standard": "Lord-Howe-Normalzeit",
                "daylight": "Lord-Howe-Sommerzeit"
              }
            },
            "Macau": {
              "long": {
                "generic": "Macau-Zeit",
                "standard": "Macau-Normalzeit",
                "daylight": "Macau-Sommerzeit"
              }
            },
            "Magadan": {
              "long": {
                "generic": "Magadan-Zeit",
                "standard": "Magadan-Normalzeit",
                "daylight": "Magadan-Sommerzeit"
              }
            },
            "Malaysia": {
              "long": {
                "standard": "Malaysische Zeit"
              }
            },
            "Maldives": {
              "long": {
                "standard": "Malediven-Zeit"
              }
            },
            "Marquesas": {
              "long": {
                "standard": "Marquesas-Zeit"
              }
            },
            "Marshall_Islands": {
              "long": {
                "standard": "Marshallinseln-Zeit"
              }
            },
            "Mauritius": {
              "long": {
                "generic": "Mauritius-Zeit",
                "standard": "Mauritius-Normalzeit",
                "daylight": "Mauritius-Sommerzeit"
              }
            },
            "Mawson": {
              "long": {
                "standard": "Mawson-Zeit"
              }
            },
            "Mexico_Pacific": {
              "long": {
                "generic": "Mexikanische Pazifikzeit",
                "standard": "Mexikanische Pazifik-Normalzeit",
                "daylight": "Mexikanische Pazifik-Sommerzeit"
              }
            },
            "Mongolia": {
              "long": {
                "generic": "Ulaanbaatar-Zeit",
                "standard": "Ulaanbaatar-Normalzeit",
                "daylight": "Ulaanbaatar-Sommerzeit"
              }
            },
            "Moscow": {
              "long": {
                "generic": "Moskauer Zeit",
                "standard": "Moskauer Normalzeit",
                "daylight": "Moskauer Sommerzeit"
              }
            },
            "Myanmar": {
              "long": {
                "standard": "Myanmar-Zeit"
              }
            },
            "Nauru": {
              "long": {
                "standard": "Nauru-Zeit"
              }
            },
            "Nepal": {
              "long": {
                "standard": "Nepalesische Zeit"
              }
            },
            "New_Caledonia": {
              "long": {
                "generic": "Neukaledonische Zeit",
                "standard": "Neukaledonische Normalzeit",
                "daylight": "Neukaledonische Sommerzeit"
              }
            },
            "New_Zealand": {
              "long": {
                "generic": "Neuseeland-Zeit",
                "standard": "Neuseeland-Normalzeit",
                "daylight": "Neuseeland-Sommerzeit"
              }
            },
            "Newfoundland": {
              "long": {
                "generic": "Neufundland-Zeit",
                "standard": "Neufundland-Normalzeit",
                "daylight": "Neufundland-Sommerzeit"
              }
            },
            "Niue": {
              "long": {
                "standard": "Niue-Zeit"
              }
            },
            "Norfolk": {
              "long": {
                "generic": "Norfolkinsel-Zeit",
                "standard": "Norfolkinsel-Normalzeit",
                "daylight": "Norfolkinsel-Sommerzeit"
              }
            },
            "Noronha": {
              "long": {
                "generic": "Fernando-de-Noronha-Zeit",
                "standard": "Fernando-de-Noronha-Normalzeit",
                "daylight": "Fernando-de-Noronha-Sommerzeit"
              }
            },
            "North_Mariana": {
              "long": {
                "standard": "Nördliche-Marianen-Zeit"
              }
            },
            "Novosibirsk": {
              "long": {
                "generic": "Nowosibirsker Zeit",
                "standard": "Nowosibirsker Normalzeit",
                "daylight": "Nowosibirsker Sommerzeit"
              }
            },
            "Omsk": {
              "long": {
                "generic": "Omsker Zeit",
                "standard": "Omsker Normalzeit",
                "daylight": "Omsker Sommerzeit"
              }
            },
            "Pakistan": {
              "long": {
                "generic": "Pakistanische Zeit",
                "standard": "Pakistanische Normalzeit",
                "daylight": "Pakistanische Sommerzeit"
              }
            },
            "Palau": {
              "long": {
                "standard": "Palau-Zeit"
              }
            },
            "Papua_New_Guinea": {
              "long": {
                "standard": "Papua-Neuguinea-Zeit"
              }
            },
            "Paraguay": {
              "long": {
                "generic": "Paraguayische Zeit",
                "standard": "Paraguayische Normalzeit",
                "daylight": "Paraguayische Sommerzeit"
              }
            },
            "Peru": {
              "long": {
                "generic": "Peruanische Zeit",
                "standard": "Peruanische Normalzeit",
                "daylight": "Peruanische Sommerzeit"
              }
            },
            "Philippines": {
              "long": {
                "generic": "Philippinische Zeit",
                "standard": "Philippinische Normalzeit",
                "daylight": "Philippinische Sommerzeit"
              }
            },
            "Phoenix_Islands": {
              "long": {
                "standard": "Phoenixinseln-Zeit"
              }
            },
            "Pierre_Miquelon": {
              "long": {
                "generic": "St.-Pierre-und-Miquelon-Zeit",
                "standard": "St.-Pierre-und-Miquelon-Normalzeit",
                "daylight": "St.-Pierre-und-Miquelon-Sommerzeit"
              }
            },
            "Pitcairn": {
              "long": {
                "standard": "Pitcairninseln-Zeit"
              }
            },
            "Ponape": {
              "long": {
                "standard": "Ponape-Zeit"
              }
            },
            "Pyongyang": {
              "long": {
                "standard": "Pjöngjang-Zeit"
              }
            },
            "Qyzylorda": {
              "long": {
                "generic": "Quysylorda-Zeit",
                "standard": "Quysylorda-Normalzeit",
                "daylight": "Qysylorda-Sommerzeit"
              }
            },
            "Reunion": {
              "long": {
                "standard": "Réunion-Zeit"
              }
            },
            "Rothera": {
              "long": {
                "standard": "Rothera-Zeit"
              }
            },
            "Sakhalin": {
              "long": {
                "generic": "Sachalin-Zeit",
                "standard": "Sachalin-Normalzeit",
                "daylight": "Sachalin-Sommerzeit"
              }
            },
            "Samara": {
              "long": {
                "generic": "Samara-Zeit",
                "standard": "Samara-Normalzeit",
                "daylight": "Samara-Sommerzeit"
              }
            },
            "Samoa": {
              "long": {
                "generic": "Samoa-Zeit",
                "standard": "Samoa-Normalzeit",
                "daylight": "Samoa-Sommerzeit"
              }
            },
            "Seychelles": {
              "long": {
                "standard": "Seychellen-Zeit"
              }
            },
            "Singapore": {
              "long": {
                "standard": "Singapurische Normalzeit"
              }
            },
            "Solomon": {
              "long": {
                "standard": "Salomonen-Zeit"
              }
            },
            "South_Georgia": {
              "long": {
                "standard": "Südgeorgische Zeit"
              }
            },
            "Suriname": {
              "long": {
                "standard": "Suriname-Zeit"
              }
            },
            "Syowa": {
              "long": {
                "standard": "Syowa-Zeit"
              }
            },
            "Tahiti": {
              "long": {
                "standard": "Tahiti-Zeit"
              }
            },
            "Taipei": {
              "long": {
                "generic": "Taipeh-Zeit",
                "standard": "Taipeh-Normalzeit",
                "daylight": "Taipeh-Sommerzeit"
              }
            },
            "Tajikistan": {
              "long": {
                "standard": "Tadschikische Zeit"
              }
            },
            "Tokelau": {
              "long": {
                "standard": "Tokelau-Zeit"
              }
            },
            "Tonga": {
              "long": {
                "generic": "Tongaische Zeit",
                "standard": "Tongaische Normalzeit",
                "daylight": "Tongaische Sommerzeit"
              }
            },
            "Truk": {
              "long": {
                "standard": "Chuuk-Zeit"
              }
            },
            "Turkmenistan": {
              "long": {
                "generic": "Turkmenistan-Zeit",
                "standard": "Turkmenische Normalzeit",
                "daylight": "Turkmenische Sommerzeit"
              }
            },
            "Tuvalu": {
              "long": {
                "standard": "Tuvalu-Zeit"
              }
            },
            "Uruguay": {
              "long": {
                "generic": "Uruguayische Zeit",
                "standard": "Uruguayische Normalzeit",
                "daylight": "Uruguayische Sommerzeit"
              }
            },
            "Uzbekistan": {
              "long": {
                "generic": "Usbekische Zeit",
                "standard": "Usbekische Normalzeit",
                "daylight": "Usbekische Sommerzeit"
              }
            },
            "Vanuatu": {
              "long": {
                "generic": "Vanuatu-Zeit",
                "standard": "Vanuatu-Normalzeit",
                "daylight": "Vanuatu-Sommerzeit"
              }
            },
            "Venezuela": {
              "long": {
                "standard": "Venezuela-Zeit"
              }
            },
            "Vladivostok": {
              "long": {
                "generic": "Wladiwostoker Zeit",
                "standard": "Wladiwostoker Normalzeit",
                "daylight": "Wladiwostoker Sommerzeit"
              }
            },
            "Volgograd": {
              "long": {
                "generic": "Wolgograder Zeit",
                "standard": "Wolgograder Normalzeit",
                "daylight": "Wolgograder Sommerzeit"
              }
            },
            "Vostok": {
              "long": {
                "standard": "Wostok-Zeit"
              }
            },
            "Wake": {
              "long": {
                "standard": "Wake-Insel-Zeit"
              }
            },
            "Wallis": {
              "long": {
                "standard": "Wallis-und-Futuna-Zeit"
              }
            },
            "Yakutsk": {
              "long": {
                "generic": "Jakutsker Zeit",
                "standard": "Jakutsker Normalzeit",
                "daylight": "Jakutsker Sommerzeit"
              }
            },
            "Yekaterinburg": {
              "long": {
                "generic": "Jekaterinburger Zeit",
                "standard": "Jekaterinburger Normalzeit",
                "daylight": "Jekaterinburger Sommerzeit"
              }
            },
            "Yukon": {
              "long": {
                "standard": "Yukon-Zeit"
              }
            }
          }
        }
      }
    }
  }
}
