{
  "main": {
    "af": {
      "identity": {
        "version": {
          "_cldrVersion": "42"
        },
        "language": "af"
      },
      "dates": {
        "timeZoneNames": {
          "hourFormat": "+HH:mm;-HH:mm",
          "gmtFormat": "GMT{0}",
          "gmtZeroFormat": "GMT",
          "regionFormat": "{0}-tyd",
          "regionFormat-type-daylight": "{0}-dagligtyd",
          "regionFormat-type-standard": "{0}-standaardtyd",
          "fallbackFormat": "{1} ({0})",
          "zone": {
            "America": {
              "Adak": {
                "exemplarCity": "Adak"
              },
              "Anchorage": {
                "exemplarCity": "Anchorage"
              },
              "Anguilla": {
                "exemplarCity": "Anguilla"
              },
              "Antigua": {
                "exemplarCity": "Antigua"
              },
              "Araguaina": {
                "exemplarCity": "Araguaina"
              },
              "Argentina": {
                "Rio_Gallegos": {
                  "exemplarCity": "Rio Gallegos"
                },
                "San_Juan": {
                  "exemplarCity": "San Juan"
                },
                "Ushuaia": {
                  "exemplarCity": "Ushuaia"
                },
                "La_Rioja": {
                  "exemplarCity": "La Rioja"
                },
                "San_Luis": {
                  "exemplarCity": "San Luis"
                },
                "Salta": {
                  "exemplarCity": "Salta"
                },
                "Tucuman": {
                  "exemplarCity": "Tucuman"
                }
              },
              "Aruba": {
                "exemplarCity": "Aruba"
              },
              "Asuncion": {
                "exemplarCity": "Asunción"
              },
              "Bahia": {
                "exemplarCity": "Bahia"
              },
              "Bahia_Banderas": {
                "exemplarCity": "Bahia Banderas"
              },
              "Barbados": {
                "exemplarCity": "Barbados"
              },
              "Belem": {
                "exemplarCity": "Belem"
              },
              "Belize": {
                "exemplarCity": "Belize"
              },
              "Blanc-Sablon": {
                "exemplarCity": "Blanc-Sablon"
              },
              "Boa_Vista": {
                "exemplarCity": "Boa Vista"
              },
              "Bogota": {
                "exemplarCity": "Bogota"
              },
              "Boise": {
                "exemplarCity": "Boise"
              },
              "Buenos_Aires": {
                "exemplarCity": "Buenos Aires"
              },
              "Cambridge_Bay": {
                "exemplarCity": "Cambridgebaai"
              },
              "Campo_Grande": {
                "exemplarCity": "Campo Grande"
              },
              "Cancun": {
                "exemplarCity": "Cancun"
              },
              "Caracas": {
                "exemplarCity": "Caracas"
              },
              "Catamarca": {
                "exemplarCity": "Catamarca"
              },
              "Cayenne": {
                "exemplarCity": "Cayenne"
              },
              "Cayman": {
                "exemplarCity": "Kaaiman"
              },
              "Chicago": {
                "exemplarCity": "Chicago"
              },
              "Chihuahua": {
                "exemplarCity": "Chihuahua"
              },
              "Coral_Harbour": {
                "exemplarCity": "Atikokan"
              },
              "Cordoba": {
                "exemplarCity": "Cordoba"
              },
              "Costa_Rica": {
                "exemplarCity": "Costa Rica"
              },
              "Creston": {
                "exemplarCity": "Creston"
              },
              "Cuiaba": {
                "exemplarCity": "Cuiaba"
              },
              "Curacao": {
                "exemplarCity": "Curaçao"
              },
              "Danmarkshavn": {
                "exemplarCity": "Danmarkshavn"
              },
              "Dawson": {
                "exemplarCity": "Dawson"
              },
              "Dawson_Creek": {
                "exemplarCity": "Dawson Creek"
              },
              "Denver": {
                "exemplarCity": "Denver"
              },
              "Detroit": {
                "exemplarCity": "Detroit"
              },
              "Dominica": {
                "exemplarCity": "Dominica"
              },
              "Edmonton": {
                "exemplarCity": "Edmonton"
              },
              "Eirunepe": {
                "exemplarCity": "Eirunepe"
              },
              "El_Salvador": {
                "exemplarCity": "El Salvador"
              },
              "Fort_Nelson": {
                "exemplarCity": "Fort Nelson"
              },
              "Fortaleza": {
                "exemplarCity": "Fortaleza"
              },
              "Glace_Bay": {
                "exemplarCity": "Glacebaai"
              },
              "Godthab": {
                "exemplarCity": "Nuuk"
              },
              "Goose_Bay": {
                "exemplarCity": "Goosebaai"
              },
              "Grand_Turk": {
                "exemplarCity": "Grand Turk"
              },
              "Grenada": {
                "exemplarCity": "Grenada"
              },
              "Guadeloupe": {
                "exemplarCity": "Guadeloupe"
              },
              "Guatemala": {
                "exemplarCity": "Guatemala"
              },
              "Guayaquil": {
                "exemplarCity": "Guayaquil"
              },
              "Guyana": {
                "exemplarCity": "Guyana"
              },
              "Halifax": {
                "exemplarCity": "Halifax"
              },
              "Havana": {
                "exemplarCity": "Havana"
              },
              "Hermosillo": {
                "exemplarCity": "Hermosillo"
              },
              "Indiana": {
                "Vincennes": {
                  "exemplarCity": "Vincennes, Indiana"
                },
                "Petersburg": {
                  "exemplarCity": "Petersburg, Indiana"
                },
                "Tell_City": {
                  "exemplarCity": "Tell City, Indiana"
                },
                "Knox": {
                  "exemplarCity": "Knox, Indiana"
                },
                "Winamac": {
                  "exemplarCity": "Winamac, Indiana"
                },
                "Marengo": {
                  "exemplarCity": "Marengo, Indiana"
                },
                "Vevay": {
                  "exemplarCity": "Vevay, Indiana"
                }
              },
              "Indianapolis": {
                "exemplarCity": "Indianapolis"
              },
              "Inuvik": {
                "exemplarCity": "Inuvik"
              },
              "Iqaluit": {
                "exemplarCity": "Iqaluit"
              },
              "Jamaica": {
                "exemplarCity": "Jamaika"
              },
              "Jujuy": {
                "exemplarCity": "Jujuy"
              },
              "Juneau": {
                "exemplarCity": "Juneau"
              },
              "Kentucky": {
                "Monticello": {
                  "exemplarCity": "Monticello, Kentucky"
                }
              },
              "Kralendijk": {
                "exemplarCity": "Kralendijk"
              },
              "La_Paz": {
                "exemplarCity": "La Paz"
              },
              "Lima": {
                "exemplarCity": "Lima"
              },
              "Los_Angeles": {
                "exemplarCity": "Los Angeles"
              },
              "Louisville": {
                "exemplarCity": "Louisville"
              },
              "Lower_Princes": {
                "exemplarCity": "Lower Prince’s Quarter"
              },
              "Maceio": {
                "exemplarCity": "Maceio"
              },
              "Managua": {
                "exemplarCity": "Managua"
              },
              "Manaus": {
                "exemplarCity": "Manaus"
              },
              "Marigot": {
                "exemplarCity": "Marigot"
              },
              "Martinique": {
                "exemplarCity": "Martinique"
              },
              "Matamoros": {
                "exemplarCity": "Matamoros"
              },
              "Mazatlan": {
                "exemplarCity": "Mazatlan"
              },
              "Mendoza": {
                "exemplarCity": "Mendoza"
              },
              "Menominee": {
                "exemplarCity": "Menominee"
              },
              "Merida": {
                "exemplarCity": "Merida"
              },
              "Metlakatla": {
                "exemplarCity": "Metlakatla"
              },
              "Mexico_City": {
                "exemplarCity": "Meksikostad"
              },
              "Miquelon": {
                "exemplarCity": "Miquelon"
              },
              "Moncton": {
                "exemplarCity": "Moncton"
              },
              "Monterrey": {
                "exemplarCity": "Monterrey"
              },
              "Montevideo": {
                "exemplarCity": "Montevideo"
              },
              "Montserrat": {
                "exemplarCity": "Montserrat"
              },
              "Nassau": {
                "exemplarCity": "Nassau"
              },
              "New_York": {
                "exemplarCity": "New York"
              },
              "Nipigon": {
                "exemplarCity": "Nipigon"
              },
              "Nome": {
                "exemplarCity": "Nome"
              },
              "Noronha": {
                "exemplarCity": "Noronha"
              },
              "North_Dakota": {
                "Beulah": {
                  "exemplarCity": "Beulah, Noord-Dakota"
                },
                "New_Salem": {
                  "exemplarCity": "New Salem, Noord-Dakota"
                },
                "Center": {
                  "exemplarCity": "Center, Noord-Dakota"
                }
              },
              "Ojinaga": {
                "exemplarCity": "Ojinaga"
              },
              "Panama": {
                "exemplarCity": "Panama"
              },
              "Pangnirtung": {
                "exemplarCity": "Pangnirtung"
              },
              "Paramaribo": {
                "exemplarCity": "Paramaribo"
              },
              "Phoenix": {
                "exemplarCity": "Phoenix"
              },
              "Port-au-Prince": {
                "exemplarCity": "Port-au-Prince"
              },
              "Port_of_Spain": {
                "exemplarCity": "Port of Spain"
              },
              "Porto_Velho": {
                "exemplarCity": "Porto Velho"
              },
              "Puerto_Rico": {
                "exemplarCity": "Puerto Rico"
              },
              "Punta_Arenas": {
                "exemplarCity": "Punta Arenas"
              },
              "Rainy_River": {
                "exemplarCity": "Rainyrivier"
              },
              "Rankin_Inlet": {
                "exemplarCity": "Rankin Inlet"
              },
              "Recife": {
                "exemplarCity": "Recife"
              },
              "Regina": {
                "exemplarCity": "Regina"
              },
              "Resolute": {
                "exemplarCity": "Resolute"
              },
              "Rio_Branco": {
                "exemplarCity": "Rio Branco"
              },
              "Santa_Isabel": {
                "exemplarCity": "Santa Isabel"
              },
              "Santarem": {
                "exemplarCity": "Santarem"
              },
              "Santiago": {
                "exemplarCity": "Santiago"
              },
              "Santo_Domingo": {
                "exemplarCity": "Santo Domingo"
              },
              "Sao_Paulo": {
                "exemplarCity": "Sao Paulo"
              },
              "Scoresbysund": {
                "exemplarCity": "Ittoqqortoormiit"
              },
              "Sitka": {
                "exemplarCity": "Sitka"
              },
              "St_Barthelemy": {
                "exemplarCity": "Sint Barthélemy"
              },
              "St_Johns": {
                "exemplarCity": "Sint John’s"
              },
              "St_Kitts": {
                "exemplarCity": "Sint Kitts"
              },
              "St_Lucia": {
                "exemplarCity": "Sint Lucia"
              },
              "St_Thomas": {
                "exemplarCity": "Sint Thomas"
              },
              "St_Vincent": {
                "exemplarCity": "Sint Vincent"
              },
              "Swift_Current": {
                "exemplarCity": "Swift Current"
              },
              "Tegucigalpa": {
                "exemplarCity": "Tegucigalpa"
              },
              "Thule": {
                "exemplarCity": "Thule"
              },
              "Thunder_Bay": {
                "exemplarCity": "Thunderbaai"
              },
              "Tijuana": {
                "exemplarCity": "Tijuana"
              },
              "Toronto": {
                "exemplarCity": "Toronto"
              },
              "Tortola": {
                "exemplarCity": "Tortola"
              },
              "Vancouver": {
                "exemplarCity": "Vancouver"
              },
              "Whitehorse": {
                "exemplarCity": "Whitehorse"
              },
              "Winnipeg": {
                "exemplarCity": "Winnipeg"
              },
              "Yakutat": {
                "exemplarCity": "Yakutat"
              },
              "Yellowknife": {
                "exemplarCity": "Yellowknife"
              }
            },
            "Atlantic": {
              "Azores": {
                "exemplarCity": "Asore"
              },
              "Bermuda": {
                "exemplarCity": "Bermuda"
              },
              "Canary": {
                "exemplarCity": "Kanarie"
              },
              "Cape_Verde": {
                "exemplarCity": "Kaap Verde"
              },
              "Faeroe": {
                "exemplarCity": "Faroe"
              },
              "Madeira": {
                "exemplarCity": "Madeira"
              },
              "Reykjavik": {
                "exemplarCity": "Reykjavik"
              },
              "South_Georgia": {
                "exemplarCity": "Suid-Georgië"
              },
              "St_Helena": {
                "exemplarCity": "Sint Helena"
              },
              "Stanley": {
                "exemplarCity": "Stanley"
              }
            },
            "Europe": {
              "Amsterdam": {
                "exemplarCity": "Amsterdam"
              },
              "Andorra": {
                "exemplarCity": "Andorra"
              },
              "Astrakhan": {
                "exemplarCity": "Astrakhan"
              },
              "Athens": {
                "exemplarCity": "Athene"
              },
              "Belgrade": {
                "exemplarCity": "Belgrade"
              },
              "Berlin": {
                "exemplarCity": "Berlyn"
              },
              "Bratislava": {
                "exemplarCity": "Bratislava"
              },
              "Brussels": {
                "exemplarCity": "Brussel"
              },
              "Bucharest": {
                "exemplarCity": "Boekarest"
              },
              "Budapest": {
                "exemplarCity": "Boedapest"
              },
              "Busingen": {
                "exemplarCity": "Busingen"
              },
              "Chisinau": {
                "exemplarCity": "Chisinau"
              },
              "Copenhagen": {
                "exemplarCity": "Kopenhagen"
              },
              "Dublin": {
                "long": {
                  "daylight": "Ierse standaardtyd"
                },
                "exemplarCity": "Dublin"
              },
              "Gibraltar": {
                "exemplarCity": "Gibraltar"
              },
              "Guernsey": {
                "exemplarCity": "Guernsey"
              },
              "Helsinki": {
                "exemplarCity": "Helsinki"
              },
              "Isle_of_Man": {
                "exemplarCity": "Eiland Man"
              },
              "Istanbul": {
                "exemplarCity": "Istanbul"
              },
              "Jersey": {
                "exemplarCity": "Jersey"
              },
              "Kaliningrad": {
                "exemplarCity": "Kaliningrad"
              },
              "Kiev": {
                "exemplarCity": "Kiëf"
              },
              "Kirov": {
                "exemplarCity": "Kirov"
              },
              "Lisbon": {
                "exemplarCity": "Lissabon"
              },
              "Ljubljana": {
                "exemplarCity": "Ljubljana"
              },
              "London": {
                "long": {
                  "daylight": "Britse somertyd"
                },
                "exemplarCity": "Londen"
              },
              "Luxembourg": {
                "exemplarCity": "Luxemburg"
              },
              "Madrid": {
                "exemplarCity": "Madrid"
              },
              "Malta": {
                "exemplarCity": "Malta"
              },
              "Mariehamn": {
                "exemplarCity": "Mariehamn"
              },
              "Minsk": {
                "exemplarCity": "Minsk"
              },
              "Monaco": {
                "exemplarCity": "Monaco"
              },
              "Moscow": {
                "exemplarCity": "Moskou"
              },
              "Oslo": {
                "exemplarCity": "Oslo"
              },
              "Paris": {
                "exemplarCity": "Parys"
              },
              "Podgorica": {
                "exemplarCity": "Podgorica"
              },
              "Prague": {
                "exemplarCity": "Praag"
              },
              "Riga": {
                "exemplarCity": "Riga"
              },
              "Rome": {
                "exemplarCity": "Rome"
              },
              "Samara": {
                "exemplarCity": "Samara"
              },
              "San_Marino": {
                "exemplarCity": "San Marino"
              },
              "Sarajevo": {
                "exemplarCity": "Sarajevo"
              },
              "Saratov": {
                "exemplarCity": "Saratof"
              },
              "Simferopol": {
                "exemplarCity": "Simferopol"
              },
              "Skopje": {
                "exemplarCity": "Skopje"
              },
              "Sofia": {
                "exemplarCity": "Sofia"
              },
              "Stockholm": {
                "exemplarCity": "Stockholm"
              },
              "Tallinn": {
                "exemplarCity": "Tallinn"
              },
              "Tirane": {
                "exemplarCity": "Tirane"
              },
              "Ulyanovsk": {
                "exemplarCity": "Ulyanovsk"
              },
              "Uzhgorod": {
                "exemplarCity": "Uzhgorod"
              },
              "Vaduz": {
                "exemplarCity": "Vaduz"
              },
              "Vatican": {
                "exemplarCity": "Vatikaanstad"
              },
              "Vienna": {
                "exemplarCity": "Wene"
              },
              "Vilnius": {
                "exemplarCity": "Vilnius"
              },
              "Volgograd": {
                "exemplarCity": "Wolgograd"
              },
              "Warsaw": {
                "exemplarCity": "Warskou"
              },
              "Zagreb": {
                "exemplarCity": "Zagreb"
              },
              "Zaporozhye": {
                "exemplarCity": "Zaporozhye"
              },
              "Zurich": {
                "exemplarCity": "Zürich"
              }
            },
            "Africa": {
              "Abidjan": {
                "exemplarCity": "Abidjan"
              },
              "Accra": {
                "exemplarCity": "Accra"
              },
              "Addis_Ababa": {
                "exemplarCity": "Addis Abeba"
              },
              "Algiers": {
                "exemplarCity": "Algiers"
              },
              "Asmera": {
                "exemplarCity": "Asmara"
              },
              "Bamako": {
                "exemplarCity": "Bamako"
              },
              "Bangui": {
                "exemplarCity": "Bangui"
              },
              "Banjul": {
                "exemplarCity": "Banjul"
              },
              "Bissau": {
                "exemplarCity": "Bissau"
              },
              "Blantyre": {
                "exemplarCity": "Blantyre"
              },
              "Brazzaville": {
                "exemplarCity": "Brazzaville"
              },
              "Bujumbura": {
                "exemplarCity": "Bujumbura"
              },
              "Cairo": {
                "exemplarCity": "Kaïro"
              },
              "Casablanca": {
                "exemplarCity": "Casablanca"
              },
              "Ceuta": {
                "exemplarCity": "Ceuta"
              },
              "Conakry": {
                "exemplarCity": "Conakry"
              },
              "Dakar": {
                "exemplarCity": "Dakar"
              },
              "Dar_es_Salaam": {
                "exemplarCity": "Dar es Salaam"
              },
              "Djibouti": {
                "exemplarCity": "Djiboeti"
              },
              "Douala": {
                "exemplarCity": "Douala"
              },
              "El_Aaiun": {
                "exemplarCity": "El Aaiun"
              },
              "Freetown": {
                "exemplarCity": "Freetown"
              },
              "Gaborone": {
                "exemplarCity": "Gaborone"
              },
              "Harare": {
                "exemplarCity": "Harare"
              },
              "Johannesburg": {
                "exemplarCity": "Johannesburg"
              },
              "Juba": {
                "exemplarCity": "Juba"
              },
              "Kampala": {
                "exemplarCity": "Kampala"
              },
              "Khartoum": {
                "exemplarCity": "Kartoem"
              },
              "Kigali": {
                "exemplarCity": "Kigali"
              },
              "Kinshasa": {
                "exemplarCity": "Kinshasa"
              },
              "Lagos": {
                "exemplarCity": "Lagos"
              },
              "Libreville": {
                "exemplarCity": "Libreville"
              },
              "Lome": {
                "exemplarCity": "Lome"
              },
              "Luanda": {
                "exemplarCity": "Luanda"
              },
              "Lubumbashi": {
                "exemplarCity": "Lubumbashi"
              },
              "Lusaka": {
                "exemplarCity": "Lusaka"
              },
              "Malabo": {
                "exemplarCity": "Malabo"
              },
              "Maputo": {
                "exemplarCity": "Maputo"
              },
              "Maseru": {
                "exemplarCity": "Maseru"
              },
              "Mbabane": {
                "exemplarCity": "Mbabane"
              },
              "Mogadishu": {
                "exemplarCity": "Mogadisjoe"
              },
              "Monrovia": {
                "exemplarCity": "Monrovia"
              },
              "Nairobi": {
                "exemplarCity": "Nairobi"
              },
              "Ndjamena": {
                "exemplarCity": "Ndjamena"
              },
              "Niamey": {
                "exemplarCity": "Niamey"
              },
              "Nouakchott": {
                "exemplarCity": "Nouakchott"
              },
              "Ouagadougou": {
                "exemplarCity": "Ouagadougou"
              },
              "Porto-Novo": {
                "exemplarCity": "Porto-Novo"
              },
              "Sao_Tome": {
                "exemplarCity": "São Tomé"
              },
              "Tripoli": {
                "exemplarCity": "Tripoli"
              },
              "Tunis": {
                "exemplarCity": "Tunis"
              },
              "Windhoek": {
                "exemplarCity": "Windhoek"
              }
            },
            "Asia": {
              "Aden": {
                "exemplarCity": "Aden"
              },
              "Almaty": {
                "exemplarCity": "Almaty"
              },
              "Amman": {
                "exemplarCity": "Amman"
              },
              "Anadyr": {
                "exemplarCity": "Anadyr"
              },
              "Aqtau": {
                "exemplarCity": "Aqtau"
              },
              "Aqtobe": {
                "exemplarCity": "Aqtobe"
              },
              "Ashgabat": {
                "exemplarCity": "Asjchabad"
              },
              "Atyrau": {
                "exemplarCity": "Atyrau"
              },
              "Baghdad": {
                "exemplarCity": "Bagdad"
              },
              "Bahrain": {
                "exemplarCity": "Bahrein"
              },
              "Baku": {
                "exemplarCity": "Bakoe"
              },
              "Bangkok": {
                "exemplarCity": "Bangkok"
              },
              "Barnaul": {
                "exemplarCity": "Barnaul"
              },
              "Beirut": {
                "exemplarCity": "Beiroet"
              },
              "Bishkek": {
                "exemplarCity": "Bisjkek"
              },
              "Brunei": {
                "exemplarCity": "Broenei"
              },
              "Calcutta": {
                "exemplarCity": "Kolkata"
              },
              "Chita": {
                "exemplarCity": "Chita"
              },
              "Choibalsan": {
                "exemplarCity": "Choibalsan"
              },
              "Colombo": {
                "exemplarCity": "Colombo"
              },
              "Damascus": {
                "exemplarCity": "Damaskus"
              },
              "Dhaka": {
                "exemplarCity": "Dhaka"
              },
              "Dili": {
                "exemplarCity": "Dili"
              },
              "Dubai": {
                "exemplarCity": "Doebai"
              },
              "Dushanbe": {
                "exemplarCity": "Dushanbe"
              },
              "Famagusta": {
                "exemplarCity": "Famagusta"
              },
              "Gaza": {
                "exemplarCity": "Gaza"
              },
              "Hebron": {
                "exemplarCity": "Hebron"
              },
              "Hong_Kong": {
                "exemplarCity": "Hongkong"
              },
              "Hovd": {
                "exemplarCity": "Hovd"
              },
              "Irkutsk": {
                "exemplarCity": "Irkoetsk"
              },
              "Jakarta": {
                "exemplarCity": "Djakarta"
              },
              "Jayapura": {
                "exemplarCity": "Jayapura"
              },
              "Jerusalem": {
                "exemplarCity": "Jerusalem"
              },
              "Kabul": {
                "exemplarCity": "Kaboel"
              },
              "Kamchatka": {
                "exemplarCity": "Kamtsjatka"
              },
              "Karachi": {
                "exemplarCity": "Karatsji"
              },
              "Katmandu": {
                "exemplarCity": "Katmandoe"
              },
              "Khandyga": {
                "exemplarCity": "Khandyga"
              },
              "Krasnoyarsk": {
                "exemplarCity": "Krasnojarsk"
              },
              "Kuala_Lumpur": {
                "exemplarCity": "Koeala-Loempoer"
              },
              "Kuching": {
                "exemplarCity": "Kuching"
              },
              "Kuwait": {
                "exemplarCity": "Koeweit"
              },
              "Macau": {
                "exemplarCity": "Macau"
              },
              "Magadan": {
                "exemplarCity": "Magadan"
              },
              "Makassar": {
                "exemplarCity": "Makassar"
              },
              "Manila": {
                "exemplarCity": "Manila"
              },
              "Muscat": {
                "exemplarCity": "Muskat"
              },
              "Nicosia": {
                "exemplarCity": "Nicosia"
              },
              "Novokuznetsk": {
                "exemplarCity": "Novokuznetsk"
              },
              "Novosibirsk": {
                "exemplarCity": "Novosibirsk"
              },
              "Omsk": {
                "exemplarCity": "Omsk"
              },
              "Oral": {
                "exemplarCity": "Oral"
              },
              "Phnom_Penh": {
                "exemplarCity": "Phnom Penh"
              },
              "Pontianak": {
                "exemplarCity": "Pontianak"
              },
              "Pyongyang": {
                "exemplarCity": "Pyongyang"
              },
              "Qatar": {
                "exemplarCity": "Katar"
              },
              "Qostanay": {
                "exemplarCity": "Kostanay"
              },
              "Qyzylorda": {
                "exemplarCity": "Qyzylorda"
              },
              "Rangoon": {
                "exemplarCity": "Yangon"
              },
              "Riyadh": {
                "exemplarCity": "Riaad"
              },
              "Saigon": {
                "exemplarCity": "Ho Tsji Minhstad"
              },
              "Sakhalin": {
                "exemplarCity": "Sakhalin"
              },
              "Samarkand": {
                "exemplarCity": "Samarkand"
              },
              "Seoul": {
                "exemplarCity": "Seoel"
              },
              "Shanghai": {
                "exemplarCity": "Shanghai"
              },
              "Singapore": {
                "exemplarCity": "Singapoer"
              },
              "Srednekolymsk": {
                "exemplarCity": "Srednekolymsk"
              },
              "Taipei": {
                "exemplarCity": "Taipei"
              },
              "Tashkent": {
                "exemplarCity": "Tashkent"
              },
              "Tbilisi": {
                "exemplarCity": "Tbilisi"
              },
              "Tehran": {
                "exemplarCity": "Tehran"
              },
              "Thimphu": {
                "exemplarCity": "Thimphu"
              },
              "Tokyo": {
                "exemplarCity": "Tokio"
              },
              "Tomsk": {
                "exemplarCity": "Tomsk"
              },
              "Ulaanbaatar": {
                "exemplarCity": "Ulaanbaatar"
              },
              "Urumqi": {
                "exemplarCity": "Urumqi"
              },
              "Ust-Nera": {
                "exemplarCity": "Ust-Nera"
              },
              "Vientiane": {
                "exemplarCity": "Vientiane"
              },
              "Vladivostok": {
                "exemplarCity": "Wladiwostok"
              },
              "Yakutsk": {
                "exemplarCity": "Jakoetsk"
              },
              "Yekaterinburg": {
                "exemplarCity": "Jekaterinburg"
              },
              "Yerevan": {
                "exemplarCity": "Yerevan"
              }
            },
            "Indian": {
              "Antananarivo": {
                "exemplarCity": "Antananarivo"
              },
              "Chagos": {
                "exemplarCity": "Chagos"
              },
              "Christmas": {
                "exemplarCity": "Christmas"
              },
              "Cocos": {
                "exemplarCity": "Kokos"
              },
              "Comoro": {
                "exemplarCity": "Comore"
              },
              "Kerguelen": {
                "exemplarCity": "Kerguelen"
              },
              "Mahe": {
                "exemplarCity": "Mahe"
              },
              "Maldives": {
                "exemplarCity": "Maledive"
              },
              "Mauritius": {
                "exemplarCity": "Mauritius"
              },
              "Mayotte": {
                "exemplarCity": "Mayotte"
              },
              "Reunion": {
                "exemplarCity": "Réunion"
              }
            },
            "Australia": {
              "Adelaide": {
                "exemplarCity": "Adelaide"
              },
              "Brisbane": {
                "exemplarCity": "Brisbane"
              },
              "Broken_Hill": {
                "exemplarCity": "Broken Hill"
              },
              "Currie": {
                "exemplarCity": "Currie"
              },
              "Darwin": {
                "exemplarCity": "Darwin"
              },
              "Eucla": {
                "exemplarCity": "Eucla"
              },
              "Hobart": {
                "exemplarCity": "Hobart"
              },
              "Lindeman": {
                "exemplarCity": "Lindeman"
              },
              "Lord_Howe": {
                "exemplarCity": "Lord Howe"
              },
              "Melbourne": {
                "exemplarCity": "Melbourne"
              },
              "Perth": {
                "exemplarCity": "Perth"
              },
              "Sydney": {
                "exemplarCity": "Sydney"
              }
            },
            "Pacific": {
              "Apia": {
                "exemplarCity": "Apia"
              },
              "Auckland": {
                "exemplarCity": "Auckland"
              },
              "Bougainville": {
                "exemplarCity": "Bougainville"
              },
              "Chatham": {
                "exemplarCity": "Chatham"
              },
              "Easter": {
                "exemplarCity": "Paas"
              },
              "Efate": {
                "exemplarCity": "Efate"
              },
              "Enderbury": {
                "exemplarCity": "Enderbury"
              },
              "Fakaofo": {
                "exemplarCity": "Fakaofo"
              },
              "Fiji": {
                "exemplarCity": "Fidji"
              },
              "Funafuti": {
                "exemplarCity": "Funafuti"
              },
              "Galapagos": {
                "exemplarCity": "Galapagos"
              },
              "Gambier": {
                "exemplarCity": "Gambier"
              },
              "Guadalcanal": {
                "exemplarCity": "Guadalcanal"
              },
              "Guam": {
                "exemplarCity": "Guam"
              },
              "Honolulu": {
                "exemplarCity": "Honolulu"
              },
              "Johnston": {
                "exemplarCity": "Johnston"
              },
              "Kanton": {
                "exemplarCity": "Kanton"
              },
              "Kiritimati": {
                "exemplarCity": "Kiritimati"
              },
              "Kosrae": {
                "exemplarCity": "Kosrae"
              },
              "Kwajalein": {
                "exemplarCity": "Kwajalein"
              },
              "Majuro": {
                "exemplarCity": "Majuro"
              },
              "Marquesas": {
                "exemplarCity": "Marquesas"
              },
              "Midway": {
                "exemplarCity": "Midway"
              },
              "Nauru": {
                "exemplarCity": "Nauru"
              },
              "Niue": {
                "exemplarCity": "Niue"
              },
              "Norfolk": {
                "exemplarCity": "Norfolk"
              },
              "Noumea": {
                "exemplarCity": "Nouméa"
              },
              "Pago_Pago": {
                "exemplarCity": "Pago Pago"
              },
              "Palau": {
                "exemplarCity": "Palau"
              },
              "Pitcairn": {
                "exemplarCity": "Pitcairn"
              },
              "Ponape": {
                "exemplarCity": "Pohnpei"
              },
              "Port_Moresby": {
                "exemplarCity": "Port Moresby"
              },
              "Rarotonga": {
                "exemplarCity": "Rarotonga"
              },
              "Saipan": {
                "exemplarCity": "Saipan"
              },
              "Tahiti": {
                "exemplarCity": "Tahiti"
              },
              "Tarawa": {
                "exemplarCity": "Tarawa"
              },
              "Tongatapu": {
                "exemplarCity": "Tongatapu"
              },
              "Truk": {
                "exemplarCity": "Chuuk"
              },
              "Wake": {
                "exemplarCity": "Wake"
              },
              "Wallis": {
                "exemplarCity": "Mata-Utu"
              }
            },
            "Arctic": {
              "Longyearbyen": {
                "exemplarCity": "Longyearbyen"
              }
            },
            "Antarctica": {
              "Casey": {
                "exemplarCity": "Casey"
              },
              "Davis": {
                "exemplarCity": "Davis"
              },
              "DumontDUrville": {
                "exemplarCity": "Dumont d’Urville"
              },
              "Macquarie": {
                "exemplarCity": "Macquarie"
              },
              "Mawson": {
                "exemplarCity": "Mawson"
              },
              "McMurdo": {
                "exemplarCity": "McMurdo"
              },
              "Palmer": {
                "exemplarCity": "Palmer"
              },
              "Rothera": {
                "exemplarCity": "Rothera"
              },
              "Syowa": {
                "exemplarCity": "Syowa"
              },
              "Troll": {
                "exemplarCity": "Troll"
              },
              "Vostok": {
                "exemplarCity": "Wostok"
              }
            },
            "Etc": {
              "UTC": {
                "long": {
                  "standard": "Gekoördineerde universele tyd"
                },
                "short": {
                  "standard": "UTC"
                }
              },
              "Unknown": {
                "exemplarCity": "Onbekende stad"
              }
            }
          },
          "metazone": {
            "Afghanistan": {
              "long": {
                "standard": "Afganistan-tyd"
              }
            },
            "Africa_Central": {
              "long": {
                "standard": "Sentraal-Afrika-tyd"
              },
              "short": {
                "standard": "CAT"
              }
            },
            "Africa_Eastern": {
              "long": {
                "standard": "Oos-Afrika-tyd"
              },
              "short": {
                "standard": "EAT"
              }
            },
            "Africa_Southern": {
              "long": {
                "standard": "Suid-Afrika-standaardtyd"
              },
              "short": {
                "standard": "SAST"
              }
            },
            "Africa_Western": {
              "long": {
                "generic": "Wes-Afrika-tyd",
                "standard": "Wes-Afrika-standaardtyd",
                "daylight": "Wes-Afrika-somertyd"
              },
              "short": {
                "generic": "WAT",
                "standard": "WAT",
                "daylight": "WAST"
              }
            },
            "Alaska": {
              "long": {
                "generic": "Alaska-tyd",
                "standard": "Alaska-standaardtyd",
                "daylight": "Alaska-dagligtyd"
              }
            },
            "Amazon": {
              "long": {
                "generic": "Amasone-tyd",
                "standard": "Amasone-standaardtyd",
                "daylight": "Amasone-somertyd"
              }
            },
            "America_Central": {
              "long": {
                "generic": "Noord-Amerikaanse sentrale tyd",
                "standard": "Noord-Amerikaanse sentrale standaardtyd",
                "daylight": "Noord-Amerikaanse sentrale dagligtyd"
              }
            },
            "America_Eastern": {
              "long": {
                "generic": "Noord-Amerikaanse oostelike tyd",
                "standard": "Noord-Amerikaanse oostelike standaardtyd",
                "daylight": "Noord-Amerikaanse oostelike dagligtyd"
              }
            },
            "America_Mountain": {
              "long": {
                "generic": "Noord-Amerikaanse bergtyd",
                "standard": "Noord-Amerikaanse berg-standaardtyd",
                "daylight": "Noord-Amerikaanse berg-dagligtyd"
              }
            },
            "America_Pacific": {
              "long": {
                "generic": "Pasifiese tyd",
                "standard": "Pasifiese standaardtyd",
                "daylight": "Pasifiese dagligtyd"
              }
            },
            "Anadyr": {
              "long": {
                "generic": "Anadyr-tyd",
                "standard": "Anadyr-standaardtyd",
                "daylight": "Anadyr-somertyd"
              }
            },
            "Apia": {
              "long": {
                "generic": "Apia-tyd",
                "standard": "Apia-standaardtyd",
                "daylight": "Apia-dagligtyd"
              }
            },
            "Arabian": {
              "long": {
                "generic": "Arabiese tyd",
                "standard": "Arabiese standaardtyd",
                "daylight": "Arabiese dagligtyd"
              }
            },
            "Argentina": {
              "long": {
                "generic": "Argentinië-tyd",
                "standard": "Argentinië-standaardtyd",
                "daylight": "Argentinië-somertyd"
              }
            },
            "Argentina_Western": {
              "long": {
                "generic": "Wes-Argentinië-tyd",
                "standard": "Wes-Argentinië-standaardtyd",
                "daylight": "Wes-Argentinië-somertyd"
              }
            },
            "Armenia": {
              "long": {
                "generic": "Armenië-tyd",
                "standard": "Armenië-standaardtyd",
                "daylight": "Armenië-somertyd"
              }
            },
            "Atlantic": {
              "long": {
                "generic": "Atlantiese tyd",
                "standard": "Atlantiese standaardtyd",
                "daylight": "Atlantiese dagligtyd"
              }
            },
            "Australia_Central": {
              "long": {
                "generic": "Sentraal-Australiese tyd",
                "standard": "Sentraal-Australiese standaardtyd",
                "daylight": "Sentraal-Australiese dagligtyd"
              }
            },
            "Australia_CentralWestern": {
              "long": {
                "generic": "Sentraal-westelike Australiese tyd",
                "standard": "Sentraal-westelike Australiese standaard-tyd",
                "daylight": "Sentraal-westelike Australiese dagligtyd"
              }
            },
            "Australia_Eastern": {
              "long": {
                "generic": "Oostelike Australiese tyd",
                "standard": "Oostelike Australiese standaardtyd",
                "daylight": "Oostelike Australiese dagligtyd"
              }
            },
            "Australia_Western": {
              "long": {
                "generic": "Westelike Australiese tyd",
                "standard": "Westelike Australiese standaardtyd",
                "daylight": "Westelike Australiese dagligtyd"
              }
            },
            "Azerbaijan": {
              "long": {
                "generic": "Aserbeidjan-tyd",
                "standard": "Aserbeidjan-standaardtyd",
                "daylight": "Aserbeidjan-somertyd"
              }
            },
            "Azores": {
              "long": {
                "generic": "Asore-tyd",
                "standard": "Asore-standaardtyd",
                "daylight": "Asore-somertyd"
              }
            },
            "Bangladesh": {
              "long": {
                "generic": "Bangladesj-tyd",
                "standard": "Bangladesj-standaardtyd",
                "daylight": "Bangladesj-somertyd"
              }
            },
            "Bhutan": {
              "long": {
                "standard": "Bhoetan-tyd"
              }
            },
            "Bolivia": {
              "long": {
                "standard": "Bolivië-tyd"
              }
            },
            "Brasilia": {
              "long": {
                "generic": "Brasilia-tyd",
                "standard": "Brasilia-standaardtyd",
                "daylight": "Brasilia-somertyd"
              }
            },
            "Brunei": {
              "long": {
                "standard": "Broenei Darussalam-tyd"
              }
            },
            "Cape_Verde": {
              "long": {
                "generic": "Kaap Verde-tyd",
                "standard": "Kaap Verde-standaardtyd",
                "daylight": "Kaap Verde-somertyd"
              }
            },
            "Chamorro": {
              "long": {
                "standard": "Chamorro-standaardtyd"
              }
            },
            "Chatham": {
              "long": {
                "generic": "Chatham-tyd",
                "standard": "Chatham-standaardtyd",
                "daylight": "Chatham-dagligtyd"
              }
            },
            "Chile": {
              "long": {
                "generic": "Chili-tyd",
                "standard": "Chili-standaardtyd",
                "daylight": "Chili-somertyd"
              }
            },
            "China": {
              "long": {
                "generic": "China-tyd",
                "standard": "China-standaardtyd",
                "daylight": "China-dagligtyd"
              }
            },
            "Choibalsan": {
              "long": {
                "generic": "Choibalsan-tyd",
                "standard": "Choibalsan-standaardtyd",
                "daylight": "Choibalsan-somertyd"
              }
            },
            "Christmas": {
              "long": {
                "standard": "Christmaseiland-tyd"
              }
            },
            "Cocos": {
              "long": {
                "standard": "Kokoseilande-tyd"
              }
            },
            "Colombia": {
              "long": {
                "generic": "Colombië-tyd",
                "standard": "Colombië-standaardtyd",
                "daylight": "Colombia-somertyd"
              }
            },
            "Cook": {
              "long": {
                "generic": "Cookeilande-tyd",
                "standard": "Cookeilande-standaardtyd",
                "daylight": "Cookeilande-halfsomertyd"
              }
            },
            "Cuba": {
              "long": {
                "generic": "Kuba-tyd",
                "standard": "Kuba-standaardtyd",
                "daylight": "Kuba-dagligtyd"
              }
            },
            "Davis": {
              "long": {
                "standard": "Davis-tyd"
              }
            },
            "DumontDUrville": {
              "long": {
                "standard": "Dumont-d’Urville-tyd"
              }
            },
            "East_Timor": {
              "long": {
                "standard": "Oos-Timor-tyd"
              }
            },
            "Easter": {
              "long": {
                "generic": "Paaseiland-tyd",
                "standard": "Paaseiland-standaardtyd",
                "daylight": "Paaseiland-somertyd"
              }
            },
            "Ecuador": {
              "long": {
                "standard": "Ecuador-tyd"
              }
            },
            "Europe_Central": {
              "long": {
                "generic": "Sentraal-Europese tyd",
                "standard": "Sentraal-Europese standaardtyd",
                "daylight": "Sentraal-Europese somertyd"
              }
            },
            "Europe_Eastern": {
              "long": {
                "generic": "Oos-Europese tyd",
                "standard": "Oos-Europese standaardtyd",
                "daylight": "Oos-Europese somertyd"
              }
            },
            "Europe_Further_Eastern": {
              "long": {
                "standard": "Verder-oos-Europese tyd"
              }
            },
            "Europe_Western": {
              "long": {
                "generic": "Wes-Europese tyd",
                "standard": "Wes-Europese standaardtyd",
                "daylight": "Wes-Europese somertyd"
              }
            },
            "Falkland": {
              "long": {
                "generic": "Falklandeilande-tyd",
                "standard": "Falklandeilande-standaardtyd",
                "daylight": "Falklandeilande-somertyd"
              }
            },
            "Fiji": {
              "long": {
                "generic": "Fidji-tyd",
                "standard": "Fidji-standaardtyd",
                "daylight": "Fidji-somertyd"
              }
            },
            "French_Guiana": {
              "long": {
                "standard": "Frans-Guiana-tyd"
              }
            },
            "French_Southern": {
              "long": {
                "standard": "Franse Suider- en Antarktiese tyd"
              }
            },
            "Galapagos": {
              "long": {
                "standard": "Galapagos-tyd"
              }
            },
            "Gambier": {
              "long": {
                "standard": "Gambier-tyd"
              }
            },
            "Georgia": {
              "long": {
                "generic": "Georgië-tyd",
                "standard": "Georgië-standaardtyd",
                "daylight": "Georgië-somertyd"
              }
            },
            "Gilbert_Islands": {
              "long": {
                "standard": "Gilberteilande-tyd"
              }
            },
            "GMT": {
              "long": {
                "standard": "Greenwich-tyd"
              }
            },
            "Greenland_Eastern": {
              "long": {
                "generic": "Oos-Groenland-tyd",
                "standard": "Oos-Groenland-standaardtyd",
                "daylight": "Oos-Groenland-somertyd"
              }
            },
            "Greenland_Western": {
              "long": {
                "generic": "Wes-Groenland-tyd",
                "standard": "Wes-Groenland-standaardtyd",
                "daylight": "Wes-Groenland-somertyd"
              }
            },
            "Gulf": {
              "long": {
                "standard": "Persiese Golf-standaardtyd"
              }
            },
            "Guyana": {
              "long": {
                "standard": "Guiana-tyd"
              }
            },
            "Hawaii_Aleutian": {
              "long": {
                "generic": "Hawaii-Aleoete-tyd",
                "standard": "Hawaii-Aleoete-standaardtyd",
                "daylight": "Hawaii-Aleoete-dagligtyd"
              }
            },
            "Hong_Kong": {
              "long": {
                "generic": "Hongkong-tyd",
                "standard": "Hongkong-standaardtyd",
                "daylight": "Hongkong-somertyd"
              }
            },
            "Hovd": {
              "long": {
                "generic": "Hovd-tyd",
                "standard": "Hovd-standaardtyd",
                "daylight": "Hovd-somertyd"
              }
            },
            "India": {
              "long": {
                "standard": "Indië-standaardtyd"
              }
            },
            "Indian_Ocean": {
              "long": {
                "standard": "Indiese Oseaan-tyd"
              }
            },
            "Indochina": {
              "long": {
                "standard": "Indosjina-tyd"
              }
            },
            "Indonesia_Central": {
              "long": {
                "standard": "Sentraal-Indonesiese tyd"
              }
            },
            "Indonesia_Eastern": {
              "long": {
                "standard": "Oos-Indonesië-tyd"
              }
            },
            "Indonesia_Western": {
              "long": {
                "standard": "Wes-Indonesië-tyd"
              }
            },
            "Iran": {
              "long": {
                "generic": "Iran-tyd",
                "standard": "Iran-standaardtyd",
                "daylight": "Iran-dagligtyd"
              }
            },
            "Irkutsk": {
              "long": {
                "generic": "Irkoetsk-tyd",
                "standard": "Irkoetsk-standaardtyd",
                "daylight": "Irkoetsk-somertyd"
              }
            },
            "Israel": {
              "long": {
                "generic": "Israel-tyd",
                "standard": "Israel-standaardtyd",
                "daylight": "Israel-dagligtyd"
              }
            },
            "Japan": {
              "long": {
                "generic": "Japan-tyd",
                "standard": "Japan-standaardtyd",
                "daylight": "Japan-dagligtyd"
              }
            },
            "Kamchatka": {
              "long": {
                "generic": "Petropavlovsk-Kamchatski-tyd",
                "standard": "Petropavlovsk-Kamchatski-standaardtyd",
                "daylight": "Petropavlovsk-Kamchatski-somertyd"
              }
            },
            "Kazakhstan_Eastern": {
              "long": {
                "standard": "Oos-Kazakstan-tyd"
              }
            },
            "Kazakhstan_Western": {
              "long": {
                "standard": "Wes-Kazakstan-tyd"
              }
            },
            "Korea": {
              "long": {
                "generic": "Koreaanse tyd",
                "standard": "Koreaanse standaardtyd",
                "daylight": "Koreaanse dagligtyd"
              }
            },
            "Kosrae": {
              "long": {
                "standard": "Kosrae-tyd"
              }
            },
            "Krasnoyarsk": {
              "long": {
                "generic": "Krasnojarsk-tyd",
                "standard": "Krasnojarsk-standaardtyd",
                "daylight": "Krasnojarsk-somertyd"
              }
            },
            "Kyrgystan": {
              "long": {
                "standard": "Kirgistan-tyd"
              }
            },
            "Line_Islands": {
              "long": {
                "standard": "Line-eilande-tyd"
              }
            },
            "Lord_Howe": {
              "long": {
                "generic": "Lord Howe-tyd",
                "standard": "Lord Howe-standaardtyd",
                "daylight": "Lord Howe-dagligtyd"
              }
            },
            "Macquarie": {
              "long": {
                "standard": "Macquarie-eiland-tyd"
              }
            },
            "Magadan": {
              "long": {
                "generic": "Magadan-tyd",
                "standard": "Magadan-standaardtyd",
                "daylight": "Magadan-somertyd"
              }
            },
            "Malaysia": {
              "long": {
                "standard": "Maleisië-tyd"
              }
            },
            "Maldives": {
              "long": {
                "standard": "Maledive-tyd"
              }
            },
            "Marquesas": {
              "long": {
                "standard": "Marquesas-tyd"
              }
            },
            "Marshall_Islands": {
              "long": {
                "standard": "Marshalleilande-tyd"
              }
            },
            "Mauritius": {
              "long": {
                "generic": "Mauritius-tyd",
                "standard": "Mauritius-standaardtyd",
                "daylight": "Mauritius-somertyd"
              }
            },
            "Mawson": {
              "long": {
                "standard": "Mawson-tyd"
              }
            },
            "Mexico_Northwest": {
              "long": {
                "generic": "Noordwes-Meksiko-tyd",
                "standard": "Noordwes-Meksiko-standaardtyd",
                "daylight": "Noordwes-Meksiko-dagligtyd"
              }
            },
            "Mexico_Pacific": {
              "long": {
                "generic": "Meksikaanse Pasifiese tyd",
                "standard": "Meksikaanse Pasifiese standaardtyd",
                "daylight": "Meksikaanse Pasifiese dagligtyd"
              }
            },
            "Mongolia": {
              "long": {
                "generic": "Ulaanbaatar-tyd",
                "standard": "Ulaanbaatar-standaardtyd",
                "daylight": "Ulaanbaatar-somertyd"
              }
            },
            "Moscow": {
              "long": {
                "generic": "Moskou-tyd",
                "standard": "Moskou-standaardtyd",
                "daylight": "Moskou-somertyd"
              }
            },
            "Myanmar": {
              "long": {
                "standard": "Mianmar-tyd"
              }
            },
            "Nauru": {
              "long": {
                "standard": "Nauru-tyd"
              }
            },
            "Nepal": {
              "long": {
                "standard": "Nepal-tyd"
              }
            },
            "New_Caledonia": {
              "long": {
                "generic": "Nieu-Kaledonië-tyd",
                "standard": "Nieu-Kaledonië-standaardtyd",
                "daylight": "Nieu-Kaledonië-somertyd"
              }
            },
            "New_Zealand": {
              "long": {
                "generic": "Nieu-Seeland-tyd",
                "standard": "Nieu-Seeland-standaardtyd",
                "daylight": "Nieu-Seeland-dagligtyd"
              }
            },
            "Newfoundland": {
              "long": {
                "generic": "Newfoundland-tyd",
                "standard": "Newfoundland-standaardtyd",
                "daylight": "Newfoundland-dagligtyd"
              }
            },
            "Niue": {
              "long": {
                "standard": "Niue-tyd"
              }
            },
            "Norfolk": {
              "long": {
                "generic": "Norfolkeiland-tyd",
                "standard": "Norfolkeiland-standaardtyd",
                "daylight": "Norfolkeiland-dagligtyd"
              }
            },
            "Noronha": {
              "long": {
                "generic": "Fernando de Noronha-tyd",
                "standard": "Fernando de Noronha-standaardtyd",
                "daylight": "Fernando de Noronha-somertyd"
              }
            },
            "Novosibirsk": {
              "long": {
                "generic": "Novosibirsk-tyd",
                "standard": "Novosibirsk-standaardtyd",
                "daylight": "Novosibirsk-somertyd"
              }
            },
            "Omsk": {
              "long": {
                "generic": "Omsk-tyd",
                "standard": "Omsk-standaardtyd",
                "daylight": "Omsk-somertyd"
              }
            },
            "Pakistan": {
              "long": {
                "generic": "Pakistan-tyd",
                "standard": "Pakistan-standaardtyd",
                "daylight": "Pakistan-somertyd"
              }
            },
            "Palau": {
              "long": {
                "standard": "Palau-tyd"
              }
            },
            "Papua_New_Guinea": {
              "long": {
                "standard": "Papoea-Nieu-Guinee-tyd"
              }
            },
            "Paraguay": {
              "long": {
                "generic": "Paraguay-tyd",
                "standard": "Paraguay-standaardtyd",
                "daylight": "Paraguay-somertyd"
              }
            },
            "Peru": {
              "long": {
                "generic": "Peru-tyd",
                "standard": "Peru-standaardtyd",
                "daylight": "Peru-somertyd"
              }
            },
            "Philippines": {
              "long": {
                "generic": "Filippynse tyd",
                "standard": "Filippynse standaardtyd",
                "daylight": "Filippynse somertyd"
              }
            },
            "Phoenix_Islands": {
              "long": {
                "standard": "Fenikseilande-tyd"
              }
            },
            "Pierre_Miquelon": {
              "long": {
                "generic": "Sint-Pierre en Miquelon-tyd",
                "standard": "Sint-Pierre en Miquelon-standaardtyd",
                "daylight": "Sint-Pierre en Miquelon-dagligtyd"
              }
            },
            "Pitcairn": {
              "long": {
                "standard": "Pitcairn-tyd"
              }
            },
            "Ponape": {
              "long": {
                "standard": "Ponape-tyd"
              }
            },
            "Pyongyang": {
              "long": {
                "standard": "Pyongyang-tyd"
              }
            },
            "Reunion": {
              "long": {
                "standard": "Réunion-tyd"
              }
            },
            "Rothera": {
              "long": {
                "standard": "Rothera-tyd"
              }
            },
            "Sakhalin": {
              "long": {
                "generic": "Sakhalin-tyd",
                "standard": "Sakhalin-standaardtyd",
                "daylight": "Sakhalin-somertyd"
              }
            },
            "Samara": {
              "long": {
                "generic": "Samara-tyd",
                "standard": "Samara-standaardtyd",
                "daylight": "Samara-dagligtyd"
              }
            },
            "Samoa": {
              "long": {
                "generic": "Samoa-tyd",
                "standard": "Samoa-standaardtyd",
                "daylight": "Samoa-dagligtyd"
              }
            },
            "Seychelles": {
              "long": {
                "standard": "Seychelle-tyd"
              }
            },
            "Singapore": {
              "long": {
                "standard": "Singapoer-standaardtyd"
              }
            },
            "Solomon": {
              "long": {
                "standard": "Salomonseilande-tyd"
              }
            },
            "South_Georgia": {
              "long": {
                "standard": "Suid-Georgië-tyd"
              }
            },
            "Suriname": {
              "long": {
                "standard": "Suriname-tyd"
              }
            },
            "Syowa": {
              "long": {
                "standard": "Syowa-tyd"
              }
            },
            "Tahiti": {
              "long": {
                "standard": "Tahiti-tyd"
              }
            },
            "Taipei": {
              "long": {
                "generic": "Taipei-tyd",
                "standard": "Taipei-standaardtyd",
                "daylight": "Taipei-dagligtyd"
              }
            },
            "Tajikistan": {
              "long": {
                "standard": "Tadjikistan-tyd"
              }
            },
            "Tokelau": {
              "long": {
                "standard": "Tokelau-tyd"
              }
            },
            "Tonga": {
              "long": {
                "generic": "Tonga-tyd",
                "standard": "Tonga-standaardtyd",
                "daylight": "Tonga-somertyd"
              }
            },
            "Truk": {
              "long": {
                "standard": "Chuuk-tyd"
              }
            },
            "Turkmenistan": {
              "long": {
                "generic": "Turkmenistan-tyd",
                "standard": "Turkmenistan-standaardtyd",
                "daylight": "Turkmenistan-somertyd"
              }
            },
            "Tuvalu": {
              "long": {
                "standard": "Tuvalu-tyd"
              }
            },
            "Uruguay": {
              "long": {
                "generic": "Uruguay-tyd",
                "standard": "Uruguay-standaardtyd",
                "daylight": "Uruguay-somertyd"
              }
            },
            "Uzbekistan": {
              "long": {
                "generic": "Oesbekistan-tyd",
                "standard": "Oesbekistan-standaardtyd",
                "daylight": "Oesbekistan-somertyd"
              }
            },
            "Vanuatu": {
              "long": {
                "generic": "Vanuatu-tyd",
                "standard": "Vanuatu-standaardtyd",
                "daylight": "Vanuatu-somertyd"
              }
            },
            "Venezuela": {
              "long": {
                "standard": "Venezuela-tyd"
              }
            },
            "Vladivostok": {
              "long": {
                "generic": "Wladiwostok-tyd",
                "standard": "Wladiwostok-standaardtyd",
                "daylight": "Wladiwostok-somertyd"
              }
            },
            "Volgograd": {
              "long": {
                "generic": "Wolgograd-tyd",
                "standard": "Wolgograd-standaardtyd",
                "daylight": "Wolgograd-somertyd"
              }
            },
            "Vostok": {
              "long": {
                "standard": "Wostok-tyd"
              }
            },
            "Wake": {
              "long": {
                "standard": "Wake-eiland-tyd"
              }
            },
            "Wallis": {
              "long": {
                "standard": "Wallis en Futuna-tyd"
              }
            },
            "Yakutsk": {
              "long": {
                "generic": "Jakoetsk-tyd",
                "standard": "Jakoetsk-standaardtyd",
                "daylight": "Jakoetsk-somertyd"
              }
            },
            "Yekaterinburg": {
              "long": {
                "generic": "Jekaterinburg-tyd",
                "standard": "Jekaterinburg-standaardtyd",
                "daylight": "Jekaterinburg-somertyd"
              }
            },
            "Yukon": {
              "long": {
                "standard": "Yukontyd"
              }
            }
          }
        }
      }
    }
  }
}
