{
  "main": {
    "en-Shaw": {
      "identity": {
        "language": "en",
        "script": "Shaw"
      },
      "dates": {
        "timeZoneNames": {
          "hourFormat": "+HH:mm;-HH:mm",
          "gmtFormat": "·𐑜𐑥𐑑{0}",
          "gmtZeroFormat": "·𐑜𐑥𐑑",
          "regionFormat": "{0} 𐑑𐑲𐑥",
          "regionFormat-type-daylight": "{0} (+1)",
          "regionFormat-type-standard": "{0} (+0)",
          "fallbackFormat": "{1} ({0})",
          "zone": {
            "America": {
              "Asuncion": {
                "exemplarCity": "Asunción"
              },
              "Bahia_Banderas": {
                "exemplarCity": "Bahía de Banderas"
              },
              "Cancun": {
                "exemplarCity": "Cancún"
              },
              "Ciudad_Juarez": {
                "exemplarCity": "Ciudad Juárez"
              },
              "Coral_Harbour": {
                "exemplarCity": "Atikokan"
              },
              "Curacao": {
                "exemplarCity": "Curaçao"
              },
              "Godthab": {
                "exemplarCity": "Nuuk"
              },
              "Indiana": {
                "Vincennes": {
                  "exemplarCity": "Vincennes, Indiana"
                },
                "Petersburg": {
                  "exemplarCity": "Petersburg, Indiana"
                },
                "Tell_City": {
                  "exemplarCity": "Tell City, Indiana"
                },
                "Knox": {
                  "exemplarCity": "Knox, Indiana"
                },
                "Winamac": {
                  "exemplarCity": "Winamac, Indiana"
                },
                "Marengo": {
                  "exemplarCity": "Marengo, Indiana"
                },
                "Vevay": {
                  "exemplarCity": "Vevay, Indiana"
                }
              },
              "Kentucky": {
                "Monticello": {
                  "exemplarCity": "Monticello, Kentucky"
                }
              },
              "Lower_Princes": {
                "exemplarCity": "Lower Prince’s Quarter"
              },
              "Merida": {
                "exemplarCity": "Mérida"
              },
              "Noronha": {
                "exemplarCity": "Fernando de Noronha"
              },
              "North_Dakota": {
                "Beulah": {
                  "exemplarCity": "Beulah, North Dakota"
                },
                "New_Salem": {
                  "exemplarCity": "New Salem, North Dakota"
                },
                "Center": {
                  "exemplarCity": "Center, North Dakota"
                }
              },
              "Scoresbysund": {
                "exemplarCity": "Ittoqqortoormiit"
              },
              "St_Barthelemy": {
                "exemplarCity": "St. Barthélemy"
              },
              "St_Johns": {
                "exemplarCity": "St. John’s"
              },
              "St_Kitts": {
                "exemplarCity": "St. Kitts"
              },
              "St_Lucia": {
                "exemplarCity": "St. Lucia"
              },
              "St_Thomas": {
                "exemplarCity": "St. Thomas"
              },
              "St_Vincent": {
                "exemplarCity": "St. Vincent"
              }
            },
            "Atlantic": {
              "Faeroe": {
                "exemplarCity": "Faroe"
              },
              "St_Helena": {
                "exemplarCity": "St. Helena"
              }
            },
            "Europe": {
              "Kiev": {
                "exemplarCity": "Kyiv"
              }
            },
            "Africa": {
              "Asmera": {
                "exemplarCity": "Asmara"
              },
              "Sao_Tome": {
                "exemplarCity": "São Tomé"
              }
            },
            "Asia": {
              "Calcutta": {
                "exemplarCity": "Kolkata"
              },
              "Katmandu": {
                "exemplarCity": "Kathmandu"
              },
              "Macau": {
                "exemplarCity": "Macao"
              },
              "Rangoon": {
                "exemplarCity": "Yangon"
              },
              "Saigon": {
                "exemplarCity": "Ho Chi Minh"
              }
            },
            "Indian": {
              "Reunion": {
                "exemplarCity": "Réunion"
              }
            },
            "Pacific": {
              "Ponape": {
                "exemplarCity": "Pohnpei"
              },
              "Truk": {
                "exemplarCity": "Chuuk"
              }
            },
            "Antarctica": {
              "DumontDUrville": {
                "exemplarCity": "Dumont-d’Urville"
              }
            },
            "Etc": {
              "UTC": {
                "short": {
                  "standard": "UTC"
                }
              }
            }
          }
        }
      }
    }
  }
}
