{
  "main": {
    "yo-BJ": {
      "identity": {
        "version": {
          "_cldrVersion": "42"
        },
        "language": "yo",
        "territory": "BJ"
      },
      "dates": {
        "timeZoneNames": {
          "hourFormat": "+HH:mm;-HH:mm",
          "gmtFormat": "WAT{0}",
          "gmtZeroFormat": "WAT",
          "regionFormat": "Ìgbà {0}",
          "regionFormat-type-daylight": "{0} Àkókò ojúmɔmɔ",
          "regionFormat-type-standard": "{0} Ìlànà Àkókò",
          "fallbackFormat": "{1} ({0})",
          "zone": {
            "America": {
              "Adak": {
                "exemplarCity": "ìlú Adákì"
              },
              "Anchorage": {
                "exemplarCity": "ìlú Ankɔ́réèjì"
              },
              "Anguilla": {
                "exemplarCity": "ìlú Angúílà"
              },
              "Antigua": {
                "exemplarCity": "ìlú Antígùà"
              },
              "Araguaina": {
                "exemplarCity": "Araguaina"
              },
              "Argentina": {
                "Rio_Gallegos": {
                  "exemplarCity": "Rio Gallegos"
                },
                "San_Juan": {
                  "exemplarCity": "San Juan"
                },
                "Ushuaia": {
                  "exemplarCity": "Ushuaia"
                },
                "La_Rioja": {
                  "exemplarCity": "La Rioja"
                },
                "San_Luis": {
                  "exemplarCity": "San Luis"
                },
                "Salta": {
                  "exemplarCity": "Salta"
                },
                "Tucuman": {
                  "exemplarCity": "Tucuman"
                }
              },
              "Aruba": {
                "exemplarCity": "ìlú Arúbá"
              },
              "Asuncion": {
                "exemplarCity": "Asuncion"
              },
              "Bahia": {
                "exemplarCity": "Bahia"
              },
              "Bahia_Banderas": {
                "exemplarCity": "ìlú Báhì Bándɛ́rásì"
              },
              "Barbados": {
                "exemplarCity": "ìlú Bábádɔ́ɔ̀sì"
              },
              "Belem": {
                "exemplarCity": "Belem"
              },
              "Belize": {
                "exemplarCity": "ìlú Bɛ̀líìsì"
              },
              "Blanc-Sablon": {
                "exemplarCity": "ìlú Blank Sabulɔ́ɔ̀nì"
              },
              "Boa_Vista": {
                "exemplarCity": "Boa Vista"
              },
              "Bogota": {
                "exemplarCity": "Bogota"
              },
              "Boise": {
                "exemplarCity": "ìlú Bɔ́isè"
              },
              "Buenos_Aires": {
                "exemplarCity": "Buenos Aires"
              },
              "Cambridge_Bay": {
                "exemplarCity": "ìlú òkun kambíríìjì"
              },
              "Campo_Grande": {
                "exemplarCity": "Campo Grande"
              },
              "Cancun": {
                "exemplarCity": "ìlú Kancun"
              },
              "Caracas": {
                "exemplarCity": "Caracas"
              },
              "Catamarca": {
                "exemplarCity": "Catamarca"
              },
              "Cayenne": {
                "exemplarCity": "Cayenne"
              },
              "Cayman": {
                "exemplarCity": "ilú Kayman"
              },
              "Chicago": {
                "exemplarCity": "ìlú Chicago"
              },
              "Chihuahua": {
                "exemplarCity": "ìlú Shihuahua"
              },
              "Coral_Harbour": {
                "exemplarCity": "ìlú àtikɔkàn"
              },
              "Cordoba": {
                "exemplarCity": "Cordoba"
              },
              "Costa_Rica": {
                "exemplarCity": "ìlú Kosta Ríkà"
              },
              "Creston": {
                "exemplarCity": "ìlú Kírɛstɔ́ɔ̀nù"
              },
              "Cuiaba": {
                "exemplarCity": "Cuiaba"
              },
              "Curacao": {
                "exemplarCity": "ìlú Kurashao"
              },
              "Danmarkshavn": {
                "exemplarCity": "ìlú Banmarkshan"
              },
              "Dawson": {
                "exemplarCity": "ìlú Dawson"
              },
              "Dawson_Creek": {
                "exemplarCity": "ìlú Dawson Creek"
              },
              "Denver": {
                "exemplarCity": "ìlú Denver"
              },
              "Detroit": {
                "exemplarCity": "ìlú Detroit"
              },
              "Dominica": {
                "exemplarCity": "ìlú Dominika"
              },
              "Edmonton": {
                "exemplarCity": "ìlú Edmonton"
              },
              "Eirunepe": {
                "exemplarCity": "Eirunepe"
              },
              "El_Salvador": {
                "exemplarCity": "ìlú El Savador"
              },
              "Fort_Nelson": {
                "exemplarCity": "ìlú Fort Nelson"
              },
              "Fortaleza": {
                "exemplarCity": "Fortaleza"
              },
              "Glace_Bay": {
                "exemplarCity": "ìlú omi Glace"
              },
              "Godthab": {
                "exemplarCity": "ìlú Nuuk"
              },
              "Goose_Bay": {
                "exemplarCity": "ìlú omi Goosù"
              },
              "Grand_Turk": {
                "exemplarCity": "ìlú Grand Turk"
              },
              "Grenada": {
                "exemplarCity": "ìlú Grenada"
              },
              "Guadeloupe": {
                "exemplarCity": "ìlú Guadeloupe"
              },
              "Guatemala": {
                "exemplarCity": "ìlú Guatemala"
              },
              "Guayaquil": {
                "exemplarCity": "Guayaquil"
              },
              "Guyana": {
                "exemplarCity": "Guyana"
              },
              "Halifax": {
                "exemplarCity": "ìlú Halifásì"
              },
              "Havana": {
                "exemplarCity": "ìlú Havana"
              },
              "Hermosillo": {
                "exemplarCity": "ìlú Hermosilo"
              },
              "Indiana": {
                "Vincennes": {
                  "exemplarCity": "ìlú Vincennes ní Indiana"
                },
                "Petersburg": {
                  "exemplarCity": "ìlú Petersburg"
                },
                "Tell_City": {
                  "exemplarCity": "ìlú Tell City"
                },
                "Knox": {
                  "exemplarCity": "ìlú nɔ́sì"
                },
                "Winamac": {
                  "exemplarCity": "ìlú Winamak ní Indiana"
                },
                "Marengo": {
                  "exemplarCity": "ìlú Marɛ́ngo"
                },
                "Vevay": {
                  "exemplarCity": "ìlú Vevay"
                }
              },
              "Indianapolis": {
                "exemplarCity": "ìlú Indianapolis"
              },
              "Inuvik": {
                "exemplarCity": "ìlú Inuvik"
              },
              "Iqaluit": {
                "exemplarCity": "ìlú Iqaluit"
              },
              "Jamaica": {
                "exemplarCity": "ìlú Jamaikà"
              },
              "Jujuy": {
                "exemplarCity": "Jujuy"
              },
              "Juneau": {
                "exemplarCity": "ìlú Junu"
              },
              "Kentucky": {
                "Monticello": {
                  "exemplarCity": "ìlú Montisɛ́lò"
                }
              },
              "Kralendijk": {
                "exemplarCity": "ìlú Kíralɛ́ndáikì"
              },
              "La_Paz": {
                "exemplarCity": "La Paz"
              },
              "Lima": {
                "exemplarCity": "Lima"
              },
              "Los_Angeles": {
                "exemplarCity": "ìlú Los Angeles"
              },
              "Louisville": {
                "exemplarCity": "ìlú Lúífíìlì"
              },
              "Lower_Princes": {
                "exemplarCity": "ìlú Lower Prince’s Quarter"
              },
              "Maceio": {
                "exemplarCity": "Maceio"
              },
              "Managua": {
                "exemplarCity": "ìlú Managua"
              },
              "Manaus": {
                "exemplarCity": "Manaus"
              },
              "Marigot": {
                "exemplarCity": "ìlú Marigɔ́ɔ̀tì"
              },
              "Martinique": {
                "exemplarCity": "ìlú Mátíníkì"
              },
              "Matamoros": {
                "exemplarCity": "ìlú Matamorosì"
              },
              "Mazatlan": {
                "exemplarCity": "ìlú Masatiani"
              },
              "Mendoza": {
                "exemplarCity": "Mendoza"
              },
              "Menominee": {
                "exemplarCity": "ìlú Menominì"
              },
              "Merida": {
                "exemplarCity": "ìlú Merida"
              },
              "Metlakatla": {
                "exemplarCity": "ìlú Metilakatila"
              },
              "Mexico_City": {
                "exemplarCity": "ìlú Mɛ́síkò"
              },
              "Miquelon": {
                "exemplarCity": "ìlú Mikulɔ́nì"
              },
              "Moncton": {
                "exemplarCity": "ìlú Montoni"
              },
              "Monterrey": {
                "exemplarCity": "ìlú Monteri"
              },
              "Montevideo": {
                "exemplarCity": "Montevideo"
              },
              "Montserrat": {
                "exemplarCity": "ìlú Monseratì"
              },
              "Nassau": {
                "exemplarCity": "ìlú Nasaò"
              },
              "New_York": {
                "exemplarCity": "ìlú New York"
              },
              "Nipigon": {
                "exemplarCity": "ìlú Nipigoni"
              },
              "Nome": {
                "exemplarCity": "ìlú Nomi"
              },
              "Noronha": {
                "exemplarCity": "Noronha"
              },
              "North_Dakota": {
                "Beulah": {
                  "exemplarCity": "ìlú Beulà ní North Dakota"
                },
                "New_Salem": {
                  "exemplarCity": "ìlú New Salem ni North Dakota"
                },
                "Center": {
                  "exemplarCity": "ìlú Senta North Dakota"
                }
              },
              "Ojinaga": {
                "exemplarCity": "ìlú Ojinaga"
              },
              "Panama": {
                "exemplarCity": "ìlú Panama"
              },
              "Pangnirtung": {
                "exemplarCity": "ìlú Panituni"
              },
              "Paramaribo": {
                "exemplarCity": "Paramaribo"
              },
              "Phoenix": {
                "exemplarCity": "ìlú Fínísì"
              },
              "Port-au-Prince": {
                "exemplarCity": "ìlú Port-au-Prince"
              },
              "Port_of_Spain": {
                "exemplarCity": "ìlú etí omi Sípéènì"
              },
              "Porto_Velho": {
                "exemplarCity": "Porto Velho"
              },
              "Puerto_Rico": {
                "exemplarCity": "ìlú Puerto Riko"
              },
              "Punta_Arenas": {
                "exemplarCity": "Punta Arenas"
              },
              "Rainy_River": {
                "exemplarCity": "ìlú Raini Rifà"
              },
              "Rankin_Inlet": {
                "exemplarCity": "ìlú Rankin Inlet"
              },
              "Recife": {
                "exemplarCity": "Recife"
              },
              "Regina": {
                "exemplarCity": "ìlú Regina"
              },
              "Resolute": {
                "exemplarCity": "ìlú Resolútì"
              },
              "Rio_Branco": {
                "exemplarCity": "Rio Branco"
              },
              "Santarem": {
                "exemplarCity": "Santarem"
              },
              "Santiago": {
                "exemplarCity": "Santiago"
              },
              "Santo_Domingo": {
                "exemplarCity": "ìlú Santo Domigo"
              },
              "Sao_Paulo": {
                "exemplarCity": "Sao Paulo"
              },
              "Scoresbysund": {
                "exemplarCity": "ìlú Itokotomiti"
              },
              "Sitka": {
                "exemplarCity": "ìlú Sika"
              },
              "St_Barthelemy": {
                "exemplarCity": "ìlú Batilemì"
              },
              "St_Johns": {
                "exemplarCity": "ìlú St Jɔ́ɔ̀nù"
              },
              "St_Kitts": {
                "exemplarCity": "ìlú St kitisì"
              },
              "St_Lucia": {
                "exemplarCity": "ìlú St Lusia"
              },
              "St_Thomas": {
                "exemplarCity": "ìlú St Tɔ́màsì"
              },
              "St_Vincent": {
                "exemplarCity": "ìlú Finsentì"
              },
              "Swift_Current": {
                "exemplarCity": "ìlú Súfítù Kɔ̀rentì"
              },
              "Tegucigalpa": {
                "exemplarCity": "ìlú Tegusigapà"
              },
              "Thule": {
                "exemplarCity": "ìlú Tulè"
              },
              "Thunder_Bay": {
                "exemplarCity": "ìlú Omi Thunder"
              },
              "Tijuana": {
                "exemplarCity": "ìlú Tíjúana"
              },
              "Toronto": {
                "exemplarCity": "ìlú Toronto"
              },
              "Tortola": {
                "exemplarCity": "ìlú Totola"
              },
              "Vancouver": {
                "exemplarCity": "ìlú Vankuva"
              },
              "Whitehorse": {
                "exemplarCity": "ìlú Whitehosì"
              },
              "Winnipeg": {
                "exemplarCity": "ìlú Winipegì"
              },
              "Yakutat": {
                "exemplarCity": "ìlú Yakuta"
              },
              "Yellowknife": {
                "exemplarCity": "ìlú Yelonáfù"
              }
            },
            "Atlantic": {
              "Azores": {
                "exemplarCity": "Azores"
              },
              "Bermuda": {
                "exemplarCity": "ìlú Bɛ̀múdà"
              },
              "Canary": {
                "exemplarCity": "Canary"
              },
              "Cape_Verde": {
                "exemplarCity": "Cape Verde"
              },
              "Faeroe": {
                "exemplarCity": "Faroe"
              },
              "Madeira": {
                "exemplarCity": "Madeira"
              },
              "Reykjavik": {
                "exemplarCity": "Reykjavik"
              },
              "South_Georgia": {
                "exemplarCity": "South Georgia"
              },
              "St_Helena": {
                "exemplarCity": "St. Helena"
              },
              "Stanley": {
                "exemplarCity": "Stanley"
              }
            },
            "Europe": {
              "Amsterdam": {
                "exemplarCity": "Amsterdam"
              },
              "Andorra": {
                "exemplarCity": "Andorra"
              },
              "Astrakhan": {
                "exemplarCity": "Astrakhan"
              },
              "Athens": {
                "exemplarCity": "Athens"
              },
              "Belgrade": {
                "exemplarCity": "Belgrade"
              },
              "Berlin": {
                "exemplarCity": "Berlin"
              },
              "Bratislava": {
                "exemplarCity": "Bratislava"
              },
              "Brussels": {
                "exemplarCity": "Brussels"
              },
              "Bucharest": {
                "exemplarCity": "Bucharest"
              },
              "Budapest": {
                "exemplarCity": "Budapest"
              },
              "Busingen": {
                "exemplarCity": "Busingen"
              },
              "Chisinau": {
                "exemplarCity": "Chisinau"
              },
              "Copenhagen": {
                "exemplarCity": "Copenhagen"
              },
              "Dublin": {
                "long": {
                  "daylight": "Irish Standard Time"
                },
                "exemplarCity": "Dublin"
              },
              "Gibraltar": {
                "exemplarCity": "Gibraltar"
              },
              "Guernsey": {
                "exemplarCity": "Guernsey"
              },
              "Helsinki": {
                "exemplarCity": "Helsinki"
              },
              "Isle_of_Man": {
                "exemplarCity": "Isle of Man"
              },
              "Istanbul": {
                "exemplarCity": "Istanbul"
              },
              "Jersey": {
                "exemplarCity": "Jersey"
              },
              "Kaliningrad": {
                "exemplarCity": "Kaliningrad"
              },
              "Kiev": {
                "exemplarCity": "Kyiv"
              },
              "Kirov": {
                "exemplarCity": "Kirov"
              },
              "Lisbon": {
                "exemplarCity": "Lisbon"
              },
              "Ljubljana": {
                "exemplarCity": "Ljubljana"
              },
              "London": {
                "long": {
                  "daylight": "British Summer Time"
                },
                "exemplarCity": "London"
              },
              "Luxembourg": {
                "exemplarCity": "Luxembourg"
              },
              "Madrid": {
                "exemplarCity": "Madrid"
              },
              "Malta": {
                "exemplarCity": "Malta"
              },
              "Mariehamn": {
                "exemplarCity": "Mariehamn"
              },
              "Minsk": {
                "exemplarCity": "Minsk"
              },
              "Monaco": {
                "exemplarCity": "Monaco"
              },
              "Moscow": {
                "exemplarCity": "Moscow"
              },
              "Oslo": {
                "exemplarCity": "Oslo"
              },
              "Paris": {
                "exemplarCity": "Paris"
              },
              "Podgorica": {
                "exemplarCity": "Podgorica"
              },
              "Prague": {
                "exemplarCity": "Prague"
              },
              "Riga": {
                "exemplarCity": "Riga"
              },
              "Rome": {
                "exemplarCity": "Rome"
              },
              "Samara": {
                "exemplarCity": "Samara"
              },
              "San_Marino": {
                "exemplarCity": "San Marino"
              },
              "Sarajevo": {
                "exemplarCity": "Sarajevo"
              },
              "Saratov": {
                "exemplarCity": "Saratov"
              },
              "Simferopol": {
                "exemplarCity": "Simferopol"
              },
              "Skopje": {
                "exemplarCity": "Skopje"
              },
              "Sofia": {
                "exemplarCity": "Sofia"
              },
              "Stockholm": {
                "exemplarCity": "Stockholm"
              },
              "Tallinn": {
                "exemplarCity": "Tallinn"
              },
              "Tirane": {
                "exemplarCity": "Tirane"
              },
              "Ulyanovsk": {
                "exemplarCity": "Ulyanovsk"
              },
              "Uzhgorod": {
                "exemplarCity": "Uzhgorod"
              },
              "Vaduz": {
                "exemplarCity": "Vaduz"
              },
              "Vatican": {
                "exemplarCity": "Vatican"
              },
              "Vienna": {
                "exemplarCity": "Vienna"
              },
              "Vilnius": {
                "exemplarCity": "Vilnius"
              },
              "Volgograd": {
                "exemplarCity": "Volgograd"
              },
              "Warsaw": {
                "exemplarCity": "Warsaw"
              },
              "Zagreb": {
                "exemplarCity": "Zagreb"
              },
              "Zaporozhye": {
                "exemplarCity": "Zaporozhye"
              },
              "Zurich": {
                "exemplarCity": "Zurich"
              }
            },
            "Africa": {
              "Abidjan": {
                "exemplarCity": "Abidjan"
              },
              "Accra": {
                "exemplarCity": "Accra"
              },
              "Addis_Ababa": {
                "exemplarCity": "Addis Ababa"
              },
              "Algiers": {
                "exemplarCity": "Algiers"
              },
              "Asmera": {
                "exemplarCity": "Asmara"
              },
              "Bamako": {
                "exemplarCity": "Bamako"
              },
              "Bangui": {
                "exemplarCity": "Bangui"
              },
              "Banjul": {
                "exemplarCity": "Banjul"
              },
              "Bissau": {
                "exemplarCity": "Bissau"
              },
              "Blantyre": {
                "exemplarCity": "Blantyre"
              },
              "Brazzaville": {
                "exemplarCity": "Brazzaville"
              },
              "Bujumbura": {
                "exemplarCity": "Bujumbura"
              },
              "Cairo": {
                "exemplarCity": "Cairo"
              },
              "Casablanca": {
                "exemplarCity": "Casablanca"
              },
              "Ceuta": {
                "exemplarCity": "Ceuta"
              },
              "Conakry": {
                "exemplarCity": "Conakry"
              },
              "Dakar": {
                "exemplarCity": "Dakar"
              },
              "Dar_es_Salaam": {
                "exemplarCity": "Dar es Salaam"
              },
              "Djibouti": {
                "exemplarCity": "Djibouti"
              },
              "Douala": {
                "exemplarCity": "Douala"
              },
              "El_Aaiun": {
                "exemplarCity": "El Aaiun"
              },
              "Freetown": {
                "exemplarCity": "Freetown"
              },
              "Gaborone": {
                "exemplarCity": "Gaborone"
              },
              "Harare": {
                "exemplarCity": "Harare"
              },
              "Johannesburg": {
                "exemplarCity": "Johannesburg"
              },
              "Juba": {
                "exemplarCity": "Juba"
              },
              "Kampala": {
                "exemplarCity": "Kampala"
              },
              "Khartoum": {
                "exemplarCity": "Khartoum"
              },
              "Kigali": {
                "exemplarCity": "Kigali"
              },
              "Kinshasa": {
                "exemplarCity": "Kinshasa"
              },
              "Lagos": {
                "exemplarCity": "Lagos"
              },
              "Libreville": {
                "exemplarCity": "Libreville"
              },
              "Lome": {
                "exemplarCity": "Lome"
              },
              "Luanda": {
                "exemplarCity": "Luanda"
              },
              "Lubumbashi": {
                "exemplarCity": "Lubumbashi"
              },
              "Lusaka": {
                "exemplarCity": "Lusaka"
              },
              "Malabo": {
                "exemplarCity": "Malabo"
              },
              "Maputo": {
                "exemplarCity": "Maputo"
              },
              "Maseru": {
                "exemplarCity": "Maseru"
              },
              "Mbabane": {
                "exemplarCity": "Mbabane"
              },
              "Mogadishu": {
                "exemplarCity": "Mogadishu"
              },
              "Monrovia": {
                "exemplarCity": "Monrovia"
              },
              "Nairobi": {
                "exemplarCity": "Nairobi"
              },
              "Ndjamena": {
                "exemplarCity": "Ndjamena"
              },
              "Niamey": {
                "exemplarCity": "Niamey"
              },
              "Nouakchott": {
                "exemplarCity": "Nouakchott"
              },
              "Ouagadougou": {
                "exemplarCity": "Ouagadougou"
              },
              "Porto-Novo": {
                "exemplarCity": "Porto-Novo"
              },
              "Sao_Tome": {
                "exemplarCity": "Sao Tome"
              },
              "Tripoli": {
                "exemplarCity": "Tripoli"
              },
              "Tunis": {
                "exemplarCity": "Tunis"
              },
              "Windhoek": {
                "exemplarCity": "Windhoek"
              }
            },
            "Asia": {
              "Aden": {
                "exemplarCity": "Aden"
              },
              "Almaty": {
                "exemplarCity": "Almaty"
              },
              "Amman": {
                "exemplarCity": "Amman"
              },
              "Anadyr": {
                "exemplarCity": "Anadyr"
              },
              "Aqtau": {
                "exemplarCity": "Aqtau"
              },
              "Aqtobe": {
                "exemplarCity": "Aqtobe"
              },
              "Ashgabat": {
                "exemplarCity": "Ashgabat"
              },
              "Atyrau": {
                "exemplarCity": "Atyrau"
              },
              "Baghdad": {
                "exemplarCity": "Baghdad"
              },
              "Bahrain": {
                "exemplarCity": "Bahrain"
              },
              "Baku": {
                "exemplarCity": "Baku"
              },
              "Bangkok": {
                "exemplarCity": "Bangkok"
              },
              "Barnaul": {
                "exemplarCity": "Barnaul"
              },
              "Beirut": {
                "exemplarCity": "Beirut"
              },
              "Bishkek": {
                "exemplarCity": "Bishkek"
              },
              "Brunei": {
                "exemplarCity": "Brunei"
              },
              "Calcutta": {
                "exemplarCity": "Kolkata"
              },
              "Chita": {
                "exemplarCity": "Chita"
              },
              "Choibalsan": {
                "exemplarCity": "Choibalsan"
              },
              "Colombo": {
                "exemplarCity": "Colombo"
              },
              "Damascus": {
                "exemplarCity": "Damascus"
              },
              "Dhaka": {
                "exemplarCity": "Dhaka"
              },
              "Dili": {
                "exemplarCity": "Dili"
              },
              "Dubai": {
                "exemplarCity": "Dubai"
              },
              "Dushanbe": {
                "exemplarCity": "Dushanbe"
              },
              "Famagusta": {
                "exemplarCity": "Famagusta"
              },
              "Gaza": {
                "exemplarCity": "Gaza"
              },
              "Hebron": {
                "exemplarCity": "Hebron"
              },
              "Hong_Kong": {
                "exemplarCity": "Hong Kong"
              },
              "Hovd": {
                "exemplarCity": "Hovd"
              },
              "Irkutsk": {
                "exemplarCity": "Irkutsk"
              },
              "Jakarta": {
                "exemplarCity": "Jakarta"
              },
              "Jayapura": {
                "exemplarCity": "Jayapura"
              },
              "Jerusalem": {
                "exemplarCity": "Jerusalem"
              },
              "Kabul": {
                "exemplarCity": "Kabul"
              },
              "Kamchatka": {
                "exemplarCity": "Kamchatka"
              },
              "Karachi": {
                "exemplarCity": "Karachi"
              },
              "Katmandu": {
                "exemplarCity": "Kathmandu"
              },
              "Khandyga": {
                "exemplarCity": "Khandyga"
              },
              "Krasnoyarsk": {
                "exemplarCity": "Krasnoyarsk"
              },
              "Kuala_Lumpur": {
                "exemplarCity": "Kuala Lumpur"
              },
              "Kuching": {
                "exemplarCity": "Kuching"
              },
              "Kuwait": {
                "exemplarCity": "Kuwait"
              },
              "Macau": {
                "exemplarCity": "Macao"
              },
              "Magadan": {
                "exemplarCity": "Magadan"
              },
              "Makassar": {
                "exemplarCity": "Makassar"
              },
              "Manila": {
                "exemplarCity": "Manila"
              },
              "Muscat": {
                "exemplarCity": "Muscat"
              },
              "Nicosia": {
                "exemplarCity": "Nicosia"
              },
              "Novokuznetsk": {
                "exemplarCity": "Novokuznetsk"
              },
              "Novosibirsk": {
                "exemplarCity": "Novosibirsk"
              },
              "Omsk": {
                "exemplarCity": "Omsk"
              },
              "Oral": {
                "exemplarCity": "Oral"
              },
              "Phnom_Penh": {
                "exemplarCity": "Phnom Penh"
              },
              "Pontianak": {
                "exemplarCity": "Pontianak"
              },
              "Pyongyang": {
                "exemplarCity": "Pyongyang"
              },
              "Qatar": {
                "exemplarCity": "Qatar"
              },
              "Qostanay": {
                "exemplarCity": "Qostanay"
              },
              "Qyzylorda": {
                "exemplarCity": "Qyzylorda"
              },
              "Rangoon": {
                "exemplarCity": "Yangon"
              },
              "Riyadh": {
                "exemplarCity": "Riyadh"
              },
              "Saigon": {
                "exemplarCity": "Ho Chi Minh"
              },
              "Sakhalin": {
                "exemplarCity": "Sakhalin"
              },
              "Samarkand": {
                "exemplarCity": "Samarkand"
              },
              "Seoul": {
                "exemplarCity": "Seoul"
              },
              "Shanghai": {
                "exemplarCity": "Shanghai"
              },
              "Singapore": {
                "exemplarCity": "Singapore"
              },
              "Srednekolymsk": {
                "exemplarCity": "Srednekolymsk"
              },
              "Taipei": {
                "exemplarCity": "Taipei"
              },
              "Tashkent": {
                "exemplarCity": "Tashkent"
              },
              "Tbilisi": {
                "exemplarCity": "Tbilisi"
              },
              "Tehran": {
                "exemplarCity": "Tehran"
              },
              "Thimphu": {
                "exemplarCity": "Thimphu"
              },
              "Tokyo": {
                "exemplarCity": "Tokyo"
              },
              "Tomsk": {
                "exemplarCity": "Tomsk"
              },
              "Ulaanbaatar": {
                "exemplarCity": "Ulaanbaatar"
              },
              "Urumqi": {
                "exemplarCity": "Urumqi"
              },
              "Ust-Nera": {
                "exemplarCity": "Ust-Nera"
              },
              "Vientiane": {
                "exemplarCity": "Vientiane"
              },
              "Vladivostok": {
                "exemplarCity": "Vladivostok"
              },
              "Yakutsk": {
                "exemplarCity": "Yakutsk"
              },
              "Yekaterinburg": {
                "exemplarCity": "Yekaterinburg"
              },
              "Yerevan": {
                "exemplarCity": "Yerevan"
              }
            },
            "Indian": {
              "Antananarivo": {
                "exemplarCity": "Antananarivo"
              },
              "Chagos": {
                "exemplarCity": "Chagos"
              },
              "Christmas": {
                "exemplarCity": "Christmas"
              },
              "Cocos": {
                "exemplarCity": "Cocos"
              },
              "Comoro": {
                "exemplarCity": "Comoro"
              },
              "Kerguelen": {
                "exemplarCity": "Kerguelen"
              },
              "Mahe": {
                "exemplarCity": "Mahe"
              },
              "Maldives": {
                "exemplarCity": "Maldives"
              },
              "Mauritius": {
                "exemplarCity": "Mauritius"
              },
              "Mayotte": {
                "exemplarCity": "Mayotte"
              },
              "Reunion": {
                "exemplarCity": "Reunion"
              }
            },
            "Australia": {
              "Adelaide": {
                "exemplarCity": "Adelaide"
              },
              "Brisbane": {
                "exemplarCity": "Brisbane"
              },
              "Broken_Hill": {
                "exemplarCity": "Broken Hill"
              },
              "Darwin": {
                "exemplarCity": "Darwin"
              },
              "Eucla": {
                "exemplarCity": "Eucla"
              },
              "Hobart": {
                "exemplarCity": "Hobart"
              },
              "Lindeman": {
                "exemplarCity": "Lindeman"
              },
              "Lord_Howe": {
                "exemplarCity": "Lord Howe"
              },
              "Melbourne": {
                "exemplarCity": "Melbourne"
              },
              "Perth": {
                "exemplarCity": "Perth"
              },
              "Sydney": {
                "exemplarCity": "Sydney"
              }
            },
            "Pacific": {
              "Apia": {
                "exemplarCity": "Apia"
              },
              "Auckland": {
                "exemplarCity": "Auckland"
              },
              "Bougainville": {
                "exemplarCity": "Bougainville"
              },
              "Chatham": {
                "exemplarCity": "Chatham"
              },
              "Easter": {
                "exemplarCity": "Easter"
              },
              "Efate": {
                "exemplarCity": "Efate"
              },
              "Fakaofo": {
                "exemplarCity": "Fakaofo"
              },
              "Fiji": {
                "exemplarCity": "Fiji"
              },
              "Funafuti": {
                "exemplarCity": "Funafuti"
              },
              "Galapagos": {
                "exemplarCity": "Galapagos"
              },
              "Gambier": {
                "exemplarCity": "Gambier"
              },
              "Guadalcanal": {
                "exemplarCity": "Guadalcanal"
              },
              "Guam": {
                "exemplarCity": "Guam"
              },
              "Johnston": {
                "exemplarCity": "Johnston"
              },
              "Kanton": {
                "exemplarCity": "Kanton"
              },
              "Kiritimati": {
                "exemplarCity": "Kiritimati"
              },
              "Kosrae": {
                "exemplarCity": "Kosrae"
              },
              "Kwajalein": {
                "exemplarCity": "Kwajalein"
              },
              "Majuro": {
                "exemplarCity": "Majuro"
              },
              "Marquesas": {
                "exemplarCity": "Marquesas"
              },
              "Midway": {
                "exemplarCity": "Midway"
              },
              "Nauru": {
                "exemplarCity": "Nauru"
              },
              "Niue": {
                "exemplarCity": "Niue"
              },
              "Norfolk": {
                "exemplarCity": "Norfolk"
              },
              "Noumea": {
                "exemplarCity": "Noumea"
              },
              "Pago_Pago": {
                "exemplarCity": "Pago Pago"
              },
              "Palau": {
                "exemplarCity": "Palau"
              },
              "Pitcairn": {
                "exemplarCity": "Pitcairn"
              },
              "Ponape": {
                "exemplarCity": "Pohnpei"
              },
              "Port_Moresby": {
                "exemplarCity": "Port Moresby"
              },
              "Rarotonga": {
                "exemplarCity": "Rarotonga"
              },
              "Saipan": {
                "exemplarCity": "Saipan"
              },
              "Tahiti": {
                "exemplarCity": "Tahiti"
              },
              "Tarawa": {
                "exemplarCity": "Tarawa"
              },
              "Tongatapu": {
                "exemplarCity": "Tongatapu"
              },
              "Truk": {
                "exemplarCity": "Chuuk"
              },
              "Wake": {
                "exemplarCity": "Wake"
              },
              "Wallis": {
                "exemplarCity": "Wallis"
              }
            },
            "Arctic": {
              "Longyearbyen": {
                "exemplarCity": "Longyearbyen"
              }
            },
            "Antarctica": {
              "Casey": {
                "exemplarCity": "Casey"
              },
              "Davis": {
                "exemplarCity": "Davis"
              },
              "DumontDUrville": {
                "exemplarCity": "Dumont d’Urville"
              },
              "Macquarie": {
                "exemplarCity": "Macquarie"
              },
              "Mawson": {
                "exemplarCity": "Mawson"
              },
              "McMurdo": {
                "exemplarCity": "McMurdo"
              },
              "Palmer": {
                "exemplarCity": "Palmer"
              },
              "Rothera": {
                "exemplarCity": "Rothera"
              },
              "Syowa": {
                "exemplarCity": "Syowa"
              },
              "Troll": {
                "exemplarCity": "Troll"
              },
              "Vostok": {
                "exemplarCity": "Vostok"
              }
            },
            "Etc": {
              "UTC": {
                "long": {
                  "standard": "Àpapɔ̀ Àkókò Àgbáyé"
                },
                "short": {
                  "standard": "UTC"
                }
              },
              "Unknown": {
                "exemplarCity": "Ìlú Àìmɔ̀"
              }
            }
          },
          "metazone": {
            "Afghanistan": {
              "long": {
                "standard": "Afghanistan Time"
              }
            },
            "Africa_Central": {
              "long": {
                "standard": "Àkókò Àárín Afírikà"
              }
            },
            "Africa_Eastern": {
              "long": {
                "standard": "Àkókò Ìlà-Oòrùn Afírikà"
              }
            },
            "Africa_Southern": {
              "long": {
                "standard": "South Africa Standard Time"
              }
            },
            "Africa_Western": {
              "long": {
                "generic": "Àkókò Ìwɔ̀-Oòrùn Afírikà",
                "standard": "Àkókò Ìwɔ̀-Oòrùn Àfɛnukò Afírikà",
                "daylight": "Àkókò Ìwɔ̀-Oòrùn Ooru Afírikà"
              }
            },
            "Alaska": {
              "long": {
                "generic": "Àkókò Alásíkà",
                "standard": "Àkókò Àfɛnukò Alásíkà",
                "daylight": "Àkókò Ìyálɛ̀ta Alásíkà"
              }
            },
            "Amazon": {
              "long": {
                "generic": "Àkókò Amásɔ́nì",
                "standard": "Àkókò Afɛnukò Amásɔ́nì",
                "daylight": "Àkókò Oru Amásɔ́nì"
              }
            },
            "America_Central": {
              "long": {
                "generic": "àkókò àárín gbùngbùn",
                "standard": "àkókò asiko àárín gbùngbùn",
                "daylight": "Akókò àárín gbùngbùn ojúmɔmɔ"
              }
            },
            "America_Eastern": {
              "long": {
                "generic": "Àkókò ìhà ìlà oòrùn",
                "standard": "Akókò Àsikò Ìha Ìla Oòrùn",
                "daylight": "Àkókò ojúmɔmɔ Ìhà Ìlà Oòrun"
              }
            },
            "America_Mountain": {
              "long": {
                "generic": "Àkókò òkè",
                "standard": "Àkókò asiko òkè",
                "daylight": "Àkókò ojúmɔmɔ Ori-òkè"
              }
            },
            "America_Pacific": {
              "long": {
                "generic": "Àkókò Pàsífíìkì",
                "standard": "Àkókò àsikò Pàsífíìkì",
                "daylight": "Àkókò Ìyálɛta Pàsífíìkì"
              }
            },
            "Apia": {
              "long": {
                "generic": "Apia Time",
                "standard": "Apia Standard Time",
                "daylight": "Apia Daylight Time"
              }
            },
            "Arabian": {
              "long": {
                "generic": "Arabian Time",
                "standard": "Arabian Standard Time",
                "daylight": "Arabian Daylight Time"
              }
            },
            "Argentina": {
              "long": {
                "generic": "Aago Ajɛntìnà",
                "standard": "Aago àsìkò Argentina",
                "daylight": "Aago Soma Argentina"
              }
            },
            "Argentina_Western": {
              "long": {
                "generic": "Àkókò Iwɔ́-oòrùn Ajɛ́ntínà",
                "standard": "Àkókò Iwɔ́-oòrùn Àfɛnukò Ajɛ́ntínà",
                "daylight": "Àkókò Oru Iwɔ́-oòrùn Ajɛ́ntínà"
              }
            },
            "Armenia": {
              "long": {
                "generic": "Armenia Time",
                "standard": "Armenia Standard Time",
                "daylight": "Armenia Summer Time"
              }
            },
            "Atlantic": {
              "long": {
                "generic": "Àkókò Àtìláńtíìkì",
                "standard": "Àkókò àsikò Àtìláńtíìkì",
                "daylight": "Àkókò Ìyálɛta Àtìláńtíìkì"
              }
            },
            "Australia_Central": {
              "long": {
                "generic": "Central Australia Time",
                "standard": "Australian Central Standard Time",
                "daylight": "Australian Central Daylight Time"
              }
            },
            "Australia_CentralWestern": {
              "long": {
                "generic": "Australian Central Western Time",
                "standard": "Australian Central Western Standard Time",
                "daylight": "Australian Central Western Daylight Time"
              }
            },
            "Australia_Eastern": {
              "long": {
                "generic": "Eastern Australia Time",
                "standard": "Australian Eastern Standard Time",
                "daylight": "Australian Eastern Daylight Time"
              }
            },
            "Australia_Western": {
              "long": {
                "generic": "Western Australia Time",
                "standard": "Australian Western Standard Time",
                "daylight": "Australian Western Daylight Time"
              }
            },
            "Azerbaijan": {
              "long": {
                "generic": "Azerbaijan Time",
                "standard": "Azerbaijan Standard Time",
                "daylight": "Azerbaijan Summer Time"
              }
            },
            "Azores": {
              "long": {
                "generic": "Àkókò Ásɔ́sì",
                "standard": "Àkókò Àfɛnukò Ásɔ́sì",
                "daylight": "Àkókò Ooru Ásɔ́sì"
              }
            },
            "Bangladesh": {
              "long": {
                "generic": "Bangladesh Time",
                "standard": "Bangladesh Standard Time",
                "daylight": "Bangladesh Summer Time"
              }
            },
            "Bhutan": {
              "long": {
                "standard": "Bhutan Time"
              }
            },
            "Bolivia": {
              "long": {
                "standard": "Aago Bolivia"
              }
            },
            "Brasilia": {
              "long": {
                "generic": "Aago Bùràsílíà",
                "standard": "Aago àsìkò Bùràsílíà",
                "daylight": "Aago Soma Brasilia"
              }
            },
            "Brunei": {
              "long": {
                "standard": "Brunei Darussalam Time"
              }
            },
            "Cape_Verde": {
              "long": {
                "generic": "Àkókò Képú Fáàdì",
                "standard": "Àkókò Àfɛnukò Képú Fáàdì",
                "daylight": "Àkókò Sɔ́mà Képú Fáàdì"
              }
            },
            "Chamorro": {
              "long": {
                "standard": "Chamorro Standard Time"
              }
            },
            "Chatham": {
              "long": {
                "generic": "Chatham Time",
                "standard": "Chatham Standard Time",
                "daylight": "Chatham Daylight Time"
              }
            },
            "Chile": {
              "long": {
                "generic": "Àkókò Shílè",
                "standard": "Àkókò Àfɛnukò Shílè",
                "daylight": "Àkókò Oru Shílè"
              }
            },
            "China": {
              "long": {
                "generic": "Àkókò Sháínà",
                "standard": "Àkókò Ìfɛnukòsí Sháínà",
                "daylight": "Àkókò Ojúmɔmɔ Sháínà"
              }
            },
            "Choibalsan": {
              "long": {
                "generic": "Choibalsan Time",
                "standard": "Choibalsan Standard Time",
                "daylight": "Choibalsan Summer Time"
              }
            },
            "Christmas": {
              "long": {
                "standard": "Christmas Island Time"
              }
            },
            "Cocos": {
              "long": {
                "standard": "Cocos Islands Time"
              }
            },
            "Colombia": {
              "long": {
                "generic": "Aago Kolombia",
                "standard": "Aago àsìkò Kolombia",
                "daylight": "Aago Soma Colombia"
              }
            },
            "Cook": {
              "long": {
                "generic": "Cook Islands Time",
                "standard": "Cook Islands Standard Time",
                "daylight": "Cook Islands Half Summer Time"
              }
            },
            "Cuba": {
              "long": {
                "generic": "Àkókò Kúbà",
                "standard": "Àkókò Àfɛnukò Kúbà",
                "daylight": "Àkókò Ojúmɔmɔ Kúbà"
              }
            },
            "Davis": {
              "long": {
                "standard": "Davis Time"
              }
            },
            "DumontDUrville": {
              "long": {
                "standard": "Dumont-d’Urville Time"
              }
            },
            "East_Timor": {
              "long": {
                "standard": "Àkókò Ìlà oorùn Timor"
              }
            },
            "Easter": {
              "long": {
                "generic": "Aago Ajnde Ibùgbé Omi",
                "standard": "Aago àsìkò Easter Island",
                "daylight": "Aago Soma Easter Island"
              }
            },
            "Ecuador": {
              "long": {
                "standard": "Aago Ecuador"
              }
            },
            "Europe_Central": {
              "long": {
                "generic": "Àkókò Àárin Europe",
                "standard": "Àkókò Àárin àsikò Europe",
                "daylight": "Àkókò Àárin Sɔmà Europe"
              }
            },
            "Europe_Eastern": {
              "long": {
                "generic": "Àkókò Ìhà Ìlà Oòrùn Europe",
                "standard": "Àkókò àsikò Ìhà Ìlà Oòrùn Europe",
                "daylight": "Àkókò Sɔmà Ìha Ìlà Oòrùn Europe"
              }
            },
            "Europe_Further_Eastern": {
              "long": {
                "standard": "Àkókò Iwájú Ìlà Oòrùn Yúróòpù"
              }
            },
            "Europe_Western": {
              "long": {
                "generic": "Àkókò Ìwɔ Oòrùn Europe",
                "standard": "Àkókò àsikò Ìwɔ Oòrùn Europe",
                "daylight": "Àkókò Sɔmà Ìhà Ìwɔ Oòrùn Europe"
              }
            },
            "Falkland": {
              "long": {
                "generic": "Àkókò Fókílándì",
                "standard": "Àkókò Àfɛnukò Etíkun Fókílándì",
                "daylight": "Àkókò Ooru Etíkun Fókílándì"
              }
            },
            "Fiji": {
              "long": {
                "generic": "Fiji Time",
                "standard": "Fiji Standard Time",
                "daylight": "Fiji Summer Time"
              }
            },
            "French_Guiana": {
              "long": {
                "standard": "Àkókò Gúyánà Fáránsè"
              }
            },
            "French_Southern": {
              "long": {
                "standard": "Àkókò Gúsù Fáransé àti Àntátíìkì"
              }
            },
            "Galapagos": {
              "long": {
                "standard": "Aago Galapago"
              }
            },
            "Gambier": {
              "long": {
                "standard": "Gambier Time"
              }
            },
            "Georgia": {
              "long": {
                "generic": "Georgia Time",
                "standard": "Georgia Standard Time",
                "daylight": "Georgia Summer Time"
              }
            },
            "Gilbert_Islands": {
              "long": {
                "standard": "Gilbert Islands Time"
              }
            },
            "GMT": {
              "long": {
                "standard": "Greenwich Mean Time"
              }
            },
            "Greenland_Eastern": {
              "long": {
                "generic": "Àkókò Ìlà oorùn Greenland",
                "standard": "Àkókò Ìwɔ̀ Ìfɛnukò oorùn Greenland",
                "daylight": "Àkókò ìgbà Ooru Greenland"
              }
            },
            "Greenland_Western": {
              "long": {
                "generic": "Àkókò Ìwɔ̀ oorùn Greenland",
                "standard": "Àkókò Àfɛnukò Ìwɔ̀ Oòrùn Greenland",
                "daylight": "Àkókò Àfɛnukò Ìgba Oòru Greenland"
              }
            },
            "Guyana": {
              "long": {
                "standard": "Àkókò Gúyànà"
              }
            },
            "Hawaii_Aleutian": {
              "long": {
                "generic": "Àkókò Hawaii-Aleutian",
                "standard": "Àkókò Àfɛnukò Hawaii-Aleutian",
                "daylight": "Àkókò Ojúmɔmɔ Hawaii-Aleutian"
              }
            },
            "Hong_Kong": {
              "long": {
                "generic": "Hong Kong Time",
                "standard": "Hong Kong Standard Time",
                "daylight": "Hong Kong Summer Time"
              }
            },
            "Hovd": {
              "long": {
                "generic": "Hovd Time",
                "standard": "Hovd Standard Time",
                "daylight": "Hovd Summer Time"
              }
            },
            "India": {
              "long": {
                "standard": "India Standard Time"
              }
            },
            "Indian_Ocean": {
              "long": {
                "standard": "Àkókò Etíkun Índíà"
              }
            },
            "Indochina": {
              "long": {
                "standard": "Àkókò Indochina"
              }
            },
            "Indonesia_Central": {
              "long": {
                "standard": "Àkókò Ààrin Gbùngbùn Indonesia"
              }
            },
            "Indonesia_Eastern": {
              "long": {
                "standard": "Eastern Indonesia Time"
              }
            },
            "Indonesia_Western": {
              "long": {
                "standard": "Àkókò Ìwɔ̀ oorùn Indonesia"
              }
            },
            "Iran": {
              "long": {
                "generic": "Iran Time",
                "standard": "Iran Standard Time",
                "daylight": "Iran Daylight Time"
              }
            },
            "Irkutsk": {
              "long": {
                "generic": "Àkókò Íkósíkì",
                "standard": "Àkókò Àfɛnukò Íkósíkì",
                "daylight": "Àkókò Sɔmà Íkúsíkì"
              }
            },
            "Israel": {
              "long": {
                "generic": "Israel Time",
                "standard": "Israel Standard Time",
                "daylight": "Israel Daylight Time"
              }
            },
            "Japan": {
              "long": {
                "generic": "Japan Time",
                "standard": "Japan Standard Time",
                "daylight": "Japan Daylight Time"
              }
            },
            "Kazakhstan_Eastern": {
              "long": {
                "standard": "East Kazakhstan Time"
              }
            },
            "Kazakhstan_Western": {
              "long": {
                "standard": "West Kazakhstan Time"
              }
            },
            "Korea": {
              "long": {
                "generic": "Korean Time",
                "standard": "Korean Standard Time",
                "daylight": "Korean Daylight Time"
              }
            },
            "Kosrae": {
              "long": {
                "standard": "Kosrae Time"
              }
            },
            "Krasnoyarsk": {
              "long": {
                "generic": "Krasnoyarsk Time",
                "standard": "Krasnoyarsk Standard Time",
                "daylight": "Krasnoyarsk Summer Time"
              }
            },
            "Kyrgystan": {
              "long": {
                "standard": "Kyrgyzstan Time"
              }
            },
            "Line_Islands": {
              "long": {
                "standard": "Line Islands Time"
              }
            },
            "Lord_Howe": {
              "long": {
                "generic": "Lord Howe Time",
                "standard": "Lord Howe Standard Time",
                "daylight": "Lord Howe Daylight Time"
              }
            },
            "Macquarie": {
              "long": {
                "standard": "Macquarie Island Time"
              }
            },
            "Magadan": {
              "long": {
                "generic": "Magadan Time",
                "standard": "Magadan Standard Time",
                "daylight": "Magadan Summer Time"
              }
            },
            "Malaysia": {
              "long": {
                "standard": "Malaysia Time"
              }
            },
            "Maldives": {
              "long": {
                "standard": "Maldives Time"
              }
            },
            "Marquesas": {
              "long": {
                "standard": "Marquesas Time"
              }
            },
            "Marshall_Islands": {
              "long": {
                "standard": "Marshall Islands Time"
              }
            },
            "Mauritius": {
              "long": {
                "generic": "Àkókò Máríshúshì",
                "standard": "Àkókò Àfɛnukò Máríshúshì",
                "daylight": "Àkókò Ooru Máríshúshì"
              }
            },
            "Mawson": {
              "long": {
                "standard": "Mawson Time"
              }
            },
            "Mexico_Northwest": {
              "long": {
                "generic": "Àkókò Apá Ìwɔ̀ Oorùn Mɛ́shíkò",
                "standard": "Àkókò Àfɛnukò Apá Ìwɔ̀ Oorùn Mɛ́shíkò",
                "daylight": "Àkókò Ojúmɔmɔ Apá Ìwɔ̀ Oorùn Mɛ́shíkò"
              }
            },
            "Mexico_Pacific": {
              "long": {
                "generic": "Àkókò Pásífíìkì Mɛ́shíkò",
                "standard": "Àkókò Àfɛnukò Pásífíìkì Mɛ́síkò",
                "daylight": "Àkókò Ojúmɔmɔ Pásífíìkì Mɛ́síkò"
              }
            },
            "Mongolia": {
              "long": {
                "generic": "Ulaanbaatar Time",
                "standard": "Ulaanbaatar Standard Time",
                "daylight": "Ulaanbaatar Summer Time"
              }
            },
            "Moscow": {
              "long": {
                "generic": "Moscow Time",
                "standard": "Moscow Standard Time",
                "daylight": "Moscow Summer Time"
              }
            },
            "Myanmar": {
              "long": {
                "standard": "Myanmar Time"
              }
            },
            "Nauru": {
              "long": {
                "standard": "Nauru Time"
              }
            },
            "Nepal": {
              "long": {
                "standard": "Nepal Time"
              }
            },
            "New_Caledonia": {
              "long": {
                "generic": "New Caledonia Time",
                "standard": "New Caledonia Standard Time",
                "daylight": "New Caledonia Summer Time"
              }
            },
            "New_Zealand": {
              "long": {
                "generic": "New Zealand Time",
                "standard": "New Zealand Standard Time",
                "daylight": "New Zealand Daylight Time"
              }
            },
            "Newfoundland": {
              "long": {
                "generic": "Àkókò Newfoundland",
                "standard": "Àkókò Àfɛnukò Newfoundland",
                "daylight": "Àkókò Ojúmɔmɔ Newfoundland"
              }
            },
            "Niue": {
              "long": {
                "standard": "Niue Time"
              }
            },
            "Norfolk": {
              "long": {
                "generic": "Norfolk Island Time",
                "standard": "Norfolk Island Standard Time",
                "daylight": "Norfolk Island Daylight Time"
              }
            },
            "Noronha": {
              "long": {
                "generic": "Aago Fenando de Norona",
                "standard": "Aago àsìkò Fenando de Norona",
                "daylight": "Aago Soma Fernando de Noronha"
              }
            },
            "Novosibirsk": {
              "long": {
                "generic": "Novosibirsk Time",
                "standard": "Novosibirsk Standard Time",
                "daylight": "Novosibirsk Summer Time"
              }
            },
            "Omsk": {
              "long": {
                "generic": "Omsk Time",
                "standard": "Omsk Standard Time",
                "daylight": "Omsk Summer Time"
              }
            },
            "Pakistan": {
              "long": {
                "generic": "Pakistan Time",
                "standard": "Pakistan Standard Time",
                "daylight": "Pakistan Summer Time"
              }
            },
            "Palau": {
              "long": {
                "standard": "Palau Time"
              }
            },
            "Papua_New_Guinea": {
              "long": {
                "standard": "Papua New Guinea Time"
              }
            },
            "Paraguay": {
              "long": {
                "generic": "Àkókò Párágúwè",
                "standard": "Àkókò Àfɛnukò Párágúwè",
                "daylight": "Àkókò Ooru Párágúwè"
              }
            },
            "Peru": {
              "long": {
                "generic": "Àkókò Pérù",
                "standard": "Àkókò Àfɛnukò Pérù",
                "daylight": "Àkókò Ooru Pérù"
              }
            },
            "Philippines": {
              "long": {
                "generic": "Philippine Time",
                "standard": "Philippine Standard Time",
                "daylight": "Philippine Summer Time"
              }
            },
            "Phoenix_Islands": {
              "long": {
                "standard": "Phoenix Islands Time"
              }
            },
            "Pierre_Miquelon": {
              "long": {
                "generic": "Àkókò Pierre & Miquelon",
                "standard": "Àkókò Àfɛnukò Pierre & Miquelon",
                "daylight": "Àkókò Ojúmɔmɔ Pierre & Miquelon"
              }
            },
            "Pitcairn": {
              "long": {
                "standard": "Pitcairn Time"
              }
            },
            "Ponape": {
              "long": {
                "standard": "Ponape Time"
              }
            },
            "Pyongyang": {
              "long": {
                "standard": "Pyongyang Time"
              }
            },
            "Reunion": {
              "long": {
                "standard": "Àkókò Rɛ́yúníɔ́nì"
              }
            },
            "Rothera": {
              "long": {
                "standard": "Rothera Time"
              }
            },
            "Sakhalin": {
              "long": {
                "generic": "Sakhalin Time",
                "standard": "Sakhalin Standard Time",
                "daylight": "Sakhalin Summer Time"
              }
            },
            "Samoa": {
              "long": {
                "generic": "Samoa Time",
                "standard": "Samoa Standard Time",
                "daylight": "Samoa Daylight Time"
              }
            },
            "Seychelles": {
              "long": {
                "standard": "Àkókò Sèshɛ́ɛ̀lì"
              }
            },
            "Singapore": {
              "long": {
                "standard": "Singapore Standard Time"
              }
            },
            "Solomon": {
              "long": {
                "standard": "Solomon Islands Time"
              }
            },
            "South_Georgia": {
              "long": {
                "standard": "Àkókò Gúsù Jɔ́jíà"
              }
            },
            "Suriname": {
              "long": {
                "standard": "Àkókò Súrínámù"
              }
            },
            "Syowa": {
              "long": {
                "standard": "Syowa Time"
              }
            },
            "Tahiti": {
              "long": {
                "standard": "Tahiti Time"
              }
            },
            "Taipei": {
              "long": {
                "generic": "Taipei Time",
                "standard": "Taipei Standard Time",
                "daylight": "Taipei Daylight Time"
              }
            },
            "Tajikistan": {
              "long": {
                "standard": "Tajikistan Time"
              }
            },
            "Tokelau": {
              "long": {
                "standard": "Tokelau Time"
              }
            },
            "Tonga": {
              "long": {
                "generic": "Tonga Time",
                "standard": "Tonga Standard Time",
                "daylight": "Tonga Summer Time"
              }
            },
            "Truk": {
              "long": {
                "standard": "Chuuk Time"
              }
            },
            "Turkmenistan": {
              "long": {
                "generic": "Turkmenistan Time",
                "standard": "Turkmenistan Standard Time",
                "daylight": "Turkmenistan Summer Time"
              }
            },
            "Tuvalu": {
              "long": {
                "standard": "Tuvalu Time"
              }
            },
            "Uruguay": {
              "long": {
                "generic": "Aago Uruguay",
                "standard": "Àkókò Àfɛnukò Úrúgúwè",
                "daylight": "Aago Soma Uruguay"
              }
            },
            "Uzbekistan": {
              "long": {
                "generic": "Uzbekistan Time",
                "standard": "Uzbekistan Standard Time",
                "daylight": "Uzbekistan Summer Time"
              }
            },
            "Vanuatu": {
              "long": {
                "generic": "Vanuatu Time",
                "standard": "Vanuatu Standard Time",
                "daylight": "Vanuatu Summer Time"
              }
            },
            "Venezuela": {
              "long": {
                "standard": "Aago Venezuela"
              }
            },
            "Vladivostok": {
              "long": {
                "generic": "Vladivostok Time",
                "standard": "Vladivostok Standard Time",
                "daylight": "Vladivostok Summer Time"
              }
            },
            "Volgograd": {
              "long": {
                "generic": "Volgograd Time",
                "standard": "Volgograd Standard Time",
                "daylight": "Volgograd Summer Time"
              }
            },
            "Vostok": {
              "long": {
                "standard": "Vostok Time"
              }
            },
            "Wake": {
              "long": {
                "standard": "Wake Island Time"
              }
            },
            "Wallis": {
              "long": {
                "standard": "Wallis & Futuna Time"
              }
            },
            "Yakutsk": {
              "long": {
                "generic": "Yakutsk Time",
                "standard": "Yakutsk Standard Time",
                "daylight": "Yakutsk Summer Time"
              }
            },
            "Yekaterinburg": {
              "long": {
                "generic": "Yekaterinburg Time",
                "standard": "Yekaterinburg Standard Time",
                "daylight": "Yekaterinburg Summer Time"
              }
            },
            "Yukon": {
              "long": {
                "standard": "Àkókò Yúkɔ́nì"
              }
            }
          }
        }
      }
    }
  }
}
