{
  "main": {
    "kn": {
      "identity": {
        "version": {
          "_cldrVersion": "42"
        },
        "language": "kn"
      },
      "dates": {
        "timeZoneNames": {
          "hourFormat": "+HH:mm;-HH:mm",
          "gmtFormat": "GMT{0}",
          "gmtZeroFormat": "GMT",
          "regionFormat": "{0} ಸಮಯ",
          "regionFormat-type-daylight": "{0} ದಿನದ ಸಮಯ",
          "regionFormat-type-standard": "{0} ಪ್ರಮಾಣಿತ ಸಮಯ",
          "fallbackFormat": "{1} ({0})",
          "zone": {
            "America": {
              "Adak": {
                "exemplarCity": "ಅಡಕ್‌‌"
              },
              "Anchorage": {
                "exemplarCity": "ಆಂಕರೋಜ್"
              },
              "Anguilla": {
                "exemplarCity": "ಆಂಗ್ವಿಲ್ಲಾ"
              },
              "Antigua": {
                "exemplarCity": "ಆಂಟಿಗುವಾ"
              },
              "Araguaina": {
                "exemplarCity": "ಅರಾಗುಯಾನಾ"
              },
              "Argentina": {
                "Rio_Gallegos": {
                  "exemplarCity": "ರಿಯೋ ಗಲ್ಲೆಗೊಸ್"
                },
                "San_Juan": {
                  "exemplarCity": "ಸ್ಯಾನ್ ಜುವಾನ್"
                },
                "Ushuaia": {
                  "exemplarCity": "ಉಶ್ವಾಯ"
                },
                "La_Rioja": {
                  "exemplarCity": "ಲಾ ರಿಯೋಜಾ"
                },
                "San_Luis": {
                  "exemplarCity": "ಸ್ಯಾನ್ ಲೂಯೀಸ್"
                },
                "Salta": {
                  "exemplarCity": "ಸಾಲ್ಟಾ"
                },
                "Tucuman": {
                  "exemplarCity": "ಟುಕುಮಾನ್"
                }
              },
              "Aruba": {
                "exemplarCity": "ಅರುಬಾ"
              },
              "Asuncion": {
                "exemplarCity": "ಅಸುನ್ಸಿಯಾನ್"
              },
              "Bahia": {
                "exemplarCity": "ಬಹೀಯಾ"
              },
              "Bahia_Banderas": {
                "exemplarCity": "ಬಾಹಿಯಾ ಬಂಡೇರಾಸ್"
              },
              "Barbados": {
                "exemplarCity": "ಬಾರ್ಬಡೋಸ್"
              },
              "Belem": {
                "exemplarCity": "ಬೇಲೆಂ"
              },
              "Belize": {
                "exemplarCity": "ಬೆಲೀಜ್"
              },
              "Blanc-Sablon": {
                "exemplarCity": "ಬ್ಲಾಂಕ್-ಸಾಬ್ಲನ್"
              },
              "Boa_Vista": {
                "exemplarCity": "ಬೋವಾ ವಿಸ್ಟ"
              },
              "Bogota": {
                "exemplarCity": "ಬೊಗೋಟ"
              },
              "Boise": {
                "exemplarCity": "ಬ್ವಾಸಿ"
              },
              "Buenos_Aires": {
                "exemplarCity": "ಬ್ಯೂನಸ್ ಐರಿಸ್"
              },
              "Cambridge_Bay": {
                "exemplarCity": "ಕೇಮ್‌ಬ್ರಿಡ್ಜ್ ಬೇ"
              },
              "Campo_Grande": {
                "exemplarCity": "ಕಾಂಪೊ ಗ್ರಾಂಡೆ"
              },
              "Cancun": {
                "exemplarCity": "ಕ್ಯಾಂಕನ್"
              },
              "Caracas": {
                "exemplarCity": "ಕ್ಯಾರಕಾಸ್"
              },
              "Catamarca": {
                "exemplarCity": "ಕಟಮಾರ್ಕ"
              },
              "Cayenne": {
                "exemplarCity": "ಕೆಯೆನಿ"
              },
              "Cayman": {
                "exemplarCity": "ಕೇಮನ್"
              },
              "Chicago": {
                "exemplarCity": "ಚಿಕಾಗೋ"
              },
              "Chihuahua": {
                "exemplarCity": "ಚಿವಾವ"
              },
              "Coral_Harbour": {
                "exemplarCity": "ಅಟಿಕೊಕಾನ್"
              },
              "Cordoba": {
                "exemplarCity": "ಕೊರ್ಡೊಬಾ"
              },
              "Costa_Rica": {
                "exemplarCity": "ಕೋಸ್ಟಾ ರಿಕಾ"
              },
              "Creston": {
                "exemplarCity": "ಕ್ರೆಸ್ಟನ್"
              },
              "Cuiaba": {
                "exemplarCity": "ಕ್ಯೂಇಬಾ"
              },
              "Curacao": {
                "exemplarCity": "ಕುರಾಕಾವ್"
              },
              "Danmarkshavn": {
                "exemplarCity": "ಡನ್‌ಮಾರ್ಕ್‌ಶ್ವಾನ್"
              },
              "Dawson": {
                "exemplarCity": "ಡಾಸನ್"
              },
              "Dawson_Creek": {
                "exemplarCity": "ಡಾಸನ್ ಕ್ರೀಕ್"
              },
              "Denver": {
                "exemplarCity": "ಡೆನ್ವರ್"
              },
              "Detroit": {
                "exemplarCity": "ಡೆಟ್ರಾಯ್ಟ್"
              },
              "Dominica": {
                "exemplarCity": "ಡೊಮಿನಿಕಾ"
              },
              "Edmonton": {
                "exemplarCity": "ಎಡ್ಮಂಟನ್‌"
              },
              "Eirunepe": {
                "exemplarCity": "ಇರುನಿಪೆ"
              },
              "El_Salvador": {
                "exemplarCity": "ಎಲ್ ಸಾಲ್ವಡೋರ್"
              },
              "Fort_Nelson": {
                "exemplarCity": "ಫೋರ್ಟ್ ನೆಲ್ಸನ್"
              },
              "Fortaleza": {
                "exemplarCity": "ಫೊರ್ಟಲೆಜಾ"
              },
              "Glace_Bay": {
                "exemplarCity": "ಗ್ಲೇಸ್ ಬೇ"
              },
              "Godthab": {
                "exemplarCity": "ನೂಕ್"
              },
              "Goose_Bay": {
                "exemplarCity": "ಗೂಸ್ ಬೇ"
              },
              "Grand_Turk": {
                "exemplarCity": "ಗ್ರ್ಯಾಂಡ್ ಟರ್ಕ್"
              },
              "Grenada": {
                "exemplarCity": "ಗ್ರೆನಾಡ"
              },
              "Guadeloupe": {
                "exemplarCity": "ಗ್ವಾಡೆಲೋಪ್"
              },
              "Guatemala": {
                "exemplarCity": "ಗ್ವಾಟೆಮಾಲಾ"
              },
              "Guayaquil": {
                "exemplarCity": "ಗುಯಾಕ್ವಿಲ್"
              },
              "Guyana": {
                "exemplarCity": "ಗಯಾನಾ"
              },
              "Halifax": {
                "exemplarCity": "ಹ್ಯಾಲಿಫೆಕ್ಸ್"
              },
              "Havana": {
                "exemplarCity": "ಹವಾನಾ"
              },
              "Hermosillo": {
                "exemplarCity": "ಹರ್ಮೊಸಿಲ್ಲೋ"
              },
              "Indiana": {
                "Vincennes": {
                  "exemplarCity": "ವಿನ್‌ಸೆನ್ನೀಸ್, ಇಂಡಿಯಾನಾ"
                },
                "Petersburg": {
                  "exemplarCity": "ಪೀಟರ್ಸ್‌ಬರ್ಗ್, ಇಂಡಿಯಾನಾ"
                },
                "Tell_City": {
                  "exemplarCity": "ಟೆಲ್ ಸಿಟಿ, ಇಂಡಿಯಾನಾ"
                },
                "Knox": {
                  "exemplarCity": "ನಾಕ್ಸ್, ಇಂಡಿಯಾನಾ"
                },
                "Winamac": {
                  "exemplarCity": "ವಿನಾಮ್ಯಾಕ್, ಇಂಡಿಯಾನಾ"
                },
                "Marengo": {
                  "exemplarCity": "ಮರೆಂಗೊ, ಇಂಡಿಯಾನಾ"
                },
                "Vevay": {
                  "exemplarCity": "ವೇವಾಯ್, ಇಂಡಿಯಾನಾ"
                }
              },
              "Indianapolis": {
                "exemplarCity": "ಇಂಡಿಯಾನಾಪೊಲಿಸ್"
              },
              "Inuvik": {
                "exemplarCity": "ಇನುವಿಕ್"
              },
              "Iqaluit": {
                "exemplarCity": "ಈಕ್ವಾಲಿಟ್"
              },
              "Jamaica": {
                "exemplarCity": "ಜಮೈಕಾ"
              },
              "Jujuy": {
                "exemplarCity": "ಜುಜೈ"
              },
              "Juneau": {
                "exemplarCity": "ಜುನೇವ್"
              },
              "Kentucky": {
                "Monticello": {
                  "exemplarCity": "ಮೊಂಟಿಸೆಲ್ಲೋ, ಕೆಂಟುಕಿ"
                }
              },
              "Kralendijk": {
                "exemplarCity": "ಕ್ರೆಲೆಂಡಿಜ್ಕ್"
              },
              "La_Paz": {
                "exemplarCity": "ಲಾ ಪೆಜ್"
              },
              "Lima": {
                "exemplarCity": "ಲಿಮಾ"
              },
              "Los_Angeles": {
                "exemplarCity": "ಲಾಸ್ ಏಂಜಲೀಸ್"
              },
              "Louisville": {
                "exemplarCity": "ಲೂಯೀಸ್‌ವಿಲ್ಲೆ"
              },
              "Lower_Princes": {
                "exemplarCity": "ಲೋವರ್ ಪ್ರಿನ್ಸಸ್ ಕ್ವಾರ್ಟರ್"
              },
              "Maceio": {
                "exemplarCity": "ಮೆಸೀಯೊ"
              },
              "Managua": {
                "exemplarCity": "ಮನಾಗುವಾ"
              },
              "Manaus": {
                "exemplarCity": "ಮನಾವ್ಸ್"
              },
              "Marigot": {
                "exemplarCity": "ಮರಿಗೊ"
              },
              "Martinique": {
                "exemplarCity": "ಮಾರ್ಟಿನಿಕ್"
              },
              "Matamoros": {
                "exemplarCity": "ಮಟಾಮೋರಸ್"
              },
              "Mazatlan": {
                "exemplarCity": "ಮಜಟ್ಲಾನ್"
              },
              "Mendoza": {
                "exemplarCity": "ಮೆಂಡೊಜಾ"
              },
              "Menominee": {
                "exemplarCity": "ಮೆನೊಮಿನೀ"
              },
              "Merida": {
                "exemplarCity": "ಮೆರಿದಾ"
              },
              "Metlakatla": {
                "exemplarCity": "ಮೆಟ್ಲಾಕಾಟ್ಲಾ"
              },
              "Mexico_City": {
                "exemplarCity": "ಮೆಕ್ಸಿಕೋ ನಗರ"
              },
              "Miquelon": {
                "exemplarCity": "ಮಿಕೆಲಾನ್"
              },
              "Moncton": {
                "exemplarCity": "ಮಾಂಕ್ಟನ್"
              },
              "Monterrey": {
                "exemplarCity": "ಮಾಂಟೆರ್ರಿ"
              },
              "Montevideo": {
                "exemplarCity": "ಮಾಂಟಿವೀಡಿಯೊ"
              },
              "Montserrat": {
                "exemplarCity": "ಮಾಂಟ್‌ಸೆರೇಟ್"
              },
              "Nassau": {
                "exemplarCity": "ನಸ್ಸೌವ್"
              },
              "New_York": {
                "exemplarCity": "ನ್ಯೂಯಾರ್ಕ್"
              },
              "Nipigon": {
                "exemplarCity": "ನಿಪಿಗನ್"
              },
              "Nome": {
                "exemplarCity": "ನೋಮ್"
              },
              "Noronha": {
                "exemplarCity": "ನೊರೊನ್ಹಾ"
              },
              "North_Dakota": {
                "Beulah": {
                  "exemplarCity": "ಬ್ಯೂಲಾ, ಉತ್ತರ ಡಕೊಟ"
                },
                "New_Salem": {
                  "exemplarCity": "ನ್ಯೂ ಸಲೇಂ, ಉತ್ತರ ಡಕೊಟ"
                },
                "Center": {
                  "exemplarCity": "ಸೆಂಟರ್, ಉತ್ತರ ಡಕೊಟ"
                }
              },
              "Ojinaga": {
                "exemplarCity": "ಓಜಿನಾಗಾ"
              },
              "Panama": {
                "exemplarCity": "ಪನಾಮಾ"
              },
              "Pangnirtung": {
                "exemplarCity": "ಪಂಗ್ನೀರ್‌ಟಂಗ್"
              },
              "Paramaribo": {
                "exemplarCity": "ಪರಮಾರಿಬೋ"
              },
              "Phoenix": {
                "exemplarCity": "ಫಿನಿಕ್ಸ್"
              },
              "Port-au-Prince": {
                "exemplarCity": "ಪೋರ್ಟ್-ಒ-ಪ್ರಿನ್ಸ್"
              },
              "Port_of_Spain": {
                "exemplarCity": "ಪೋರ್ಟ್ ಆಫ್ ಸ್ಪೇನ್"
              },
              "Porto_Velho": {
                "exemplarCity": "ಪೋರ್ಟೊ ವೆಲ್ಹೋ"
              },
              "Puerto_Rico": {
                "exemplarCity": "ಪ್ಯುರ್ಟೋ ರಿಕೊ"
              },
              "Punta_Arenas": {
                "exemplarCity": "ಪುಂತಾ ಅರೇನಾಸ್"
              },
              "Rainy_River": {
                "exemplarCity": "ರೈನಿ ರಿವರ್"
              },
              "Rankin_Inlet": {
                "exemplarCity": "ರಾಂಕಿನ್ ಇನ್‌ಲೆಟ್"
              },
              "Recife": {
                "exemplarCity": "ರೆಸಿಫಿ"
              },
              "Regina": {
                "exemplarCity": "ರೆಜಿನಾ"
              },
              "Resolute": {
                "exemplarCity": "ರೆಸೊಲ್ಯೂಟ್"
              },
              "Rio_Branco": {
                "exemplarCity": "ರಿಯೋ ಬ್ರ್ಯಾಂಕೊ"
              },
              "Santa_Isabel": {
                "exemplarCity": "ಸಾಂತಾ ಇಸಾಬೆಲ್"
              },
              "Santarem": {
                "exemplarCity": "ಸಾಂಟರೆಮ್"
              },
              "Santiago": {
                "exemplarCity": "ಸ್ಯಾಂಟಿಯಾಗೊ"
              },
              "Santo_Domingo": {
                "exemplarCity": "ಸ್ಯಾಂಟೋ ಡೊಮಿಂಗೊ"
              },
              "Sao_Paulo": {
                "exemplarCity": "ಸಾವ್ ಪಾಲೊ"
              },
              "Scoresbysund": {
                "exemplarCity": "ಇಟ್ಟೊಕ್ಕೊರ್ಟೂಮಿಯೈಟ್"
              },
              "Sitka": {
                "exemplarCity": "ಸಿತ್ಕಾ"
              },
              "St_Barthelemy": {
                "exemplarCity": "ಸೇಂಟ್ ಬಾರ್ತೆಲೆಮಿ"
              },
              "St_Johns": {
                "exemplarCity": "ಸೇಂಟ್ ಜಾನ್ಸ್"
              },
              "St_Kitts": {
                "exemplarCity": "ಸೇಂಟ್ ಕಿಟ್ಸ್"
              },
              "St_Lucia": {
                "exemplarCity": "ಸೇಂಟ್ ಲೂಸಿಯಾ"
              },
              "St_Thomas": {
                "exemplarCity": "ಸೆಂಟ್ ಥಾಮಸ್"
              },
              "St_Vincent": {
                "exemplarCity": "ಸೇಂಟ್ ವಿನ್ಸೆಂಟ್"
              },
              "Swift_Current": {
                "exemplarCity": "ಸ್ವಿಫ್ಟ್ ಕರೆಂಟ್"
              },
              "Tegucigalpa": {
                "exemplarCity": "ತೆಗುಸಿಗಲ್ಪಾ"
              },
              "Thule": {
                "exemplarCity": "ಥೂಲೆ"
              },
              "Thunder_Bay": {
                "exemplarCity": "ಥಂಡರ್ ಬೇ"
              },
              "Tijuana": {
                "exemplarCity": "ತಿಜ್ವಾನಾ"
              },
              "Toronto": {
                "exemplarCity": "ಟೊರೊಂಟೋ"
              },
              "Tortola": {
                "exemplarCity": "ಟಾರ್ಟೊಲಾ"
              },
              "Vancouver": {
                "exemplarCity": "ವ್ಯಾಂಕೊವರ್‌"
              },
              "Whitehorse": {
                "exemplarCity": "ವೈಟ್‌ಹಾರ್ಸ್"
              },
              "Winnipeg": {
                "exemplarCity": "ವಿನ್ನಿಪೆಗ್"
              },
              "Yakutat": {
                "exemplarCity": "ಯಾಕುಟಾಟ್"
              },
              "Yellowknife": {
                "exemplarCity": "ಯೆಲ್ಲೋ‌ನೈಫ್"
              }
            },
            "Atlantic": {
              "Azores": {
                "exemplarCity": "ಅಝೋರಿಸ್"
              },
              "Bermuda": {
                "exemplarCity": "ಬರ್ಮುಡಾ"
              },
              "Canary": {
                "exemplarCity": "ಕ್ಯಾನರಿ"
              },
              "Cape_Verde": {
                "exemplarCity": "ಕೇಪ್ ವೆರ್ಡ್"
              },
              "Faeroe": {
                "exemplarCity": "ಫ್ಯಾರೊ"
              },
              "Madeira": {
                "exemplarCity": "ಮೆಡಿರಾ"
              },
              "Reykjavik": {
                "exemplarCity": "ರೈಕ್ಜಾವಿಕ್"
              },
              "South_Georgia": {
                "exemplarCity": "ದಕ್ಷಿಣ ಜಾರ್ಜಿಯಾ"
              },
              "St_Helena": {
                "exemplarCity": "ಸೇಂಟ್ ಹೆಲೆನಾ"
              },
              "Stanley": {
                "exemplarCity": "ಸ್ಟ್ಯಾನ್ಲಿ"
              }
            },
            "Europe": {
              "Amsterdam": {
                "exemplarCity": "ಆಮ್‌ಸ್ಟೆರ್‌ಡ್ಯಾಂ"
              },
              "Andorra": {
                "exemplarCity": "ಅಂಡೋರಾ"
              },
              "Astrakhan": {
                "exemplarCity": "ಆಸ್ಟ್ರಾಖಾನ್"
              },
              "Athens": {
                "exemplarCity": "ಅಥೆನ್ಸ್"
              },
              "Belgrade": {
                "exemplarCity": "ಬೆಲ್‌ಗ್ರೇಡ್"
              },
              "Berlin": {
                "exemplarCity": "ಬರ್ಲಿನ್"
              },
              "Bratislava": {
                "exemplarCity": "ಬ್ರಾಟಿಸ್ಲಾವ"
              },
              "Brussels": {
                "exemplarCity": "ಬ್ರಸ್ಸೆಲ್ಸ್"
              },
              "Bucharest": {
                "exemplarCity": "ಬುಕಾರೆಸ್ಟ್"
              },
              "Budapest": {
                "exemplarCity": "ಬುಡಾಪೆಸ್ಟ್"
              },
              "Busingen": {
                "exemplarCity": "ಬುಸಿಂಜೆನ್"
              },
              "Chisinau": {
                "exemplarCity": "ಚಿಸಿನಾವ್"
              },
              "Copenhagen": {
                "exemplarCity": "ಕೋಪೆನ್‌ಹೇಗನ್"
              },
              "Dublin": {
                "long": {
                  "daylight": "ಐರಿಷ್ ಪ್ರಮಾಣಿತ ಸಮಯ"
                },
                "exemplarCity": "ಡುಬ್ಲಿನ್"
              },
              "Gibraltar": {
                "exemplarCity": "ಜಿಬ್ರಾಲ್ಟರ್"
              },
              "Guernsey": {
                "exemplarCity": "ಗ್ಯುರ್ನ್‍ಸೆ"
              },
              "Helsinki": {
                "exemplarCity": "ಹೆಲ್ಸಿಂಕಿ"
              },
              "Isle_of_Man": {
                "exemplarCity": "ಐಲ್ ಆಫ್ ಮ್ಯಾನ್"
              },
              "Istanbul": {
                "exemplarCity": "ಇಸ್ತಾನ್‌ಬುಲ್"
              },
              "Jersey": {
                "exemplarCity": "ಜೆರ್ಸಿ"
              },
              "Kaliningrad": {
                "exemplarCity": "ಕಲಿನಿನ್‌ಗ್ರಾಡ್"
              },
              "Kiev": {
                "exemplarCity": "ಕಿವ್"
              },
              "Kirov": {
                "exemplarCity": "ಕಿರಾವ್"
              },
              "Lisbon": {
                "exemplarCity": "ಲಿಸ್ಬನ್"
              },
              "Ljubljana": {
                "exemplarCity": "ಲ್ಯೂಬ್ಲ್ಯಾನಾ"
              },
              "London": {
                "long": {
                  "daylight": "ಬ್ರಿಟಿಷ್ ಬೇಸಿಗೆ ಸಮಯ"
                },
                "exemplarCity": "ಲಂಡನ್"
              },
              "Luxembourg": {
                "exemplarCity": "ಲಕ್ಸೆಂಬರ್ಗ್"
              },
              "Madrid": {
                "exemplarCity": "ಮ್ಯಾಡ್ರಿಡ್"
              },
              "Malta": {
                "exemplarCity": "ಮಾಲ್ಟಾ"
              },
              "Mariehamn": {
                "exemplarCity": "ಮರಿಹಮ್ನ್"
              },
              "Minsk": {
                "exemplarCity": "ಮಿನ್‌ಸ್ಕ್"
              },
              "Monaco": {
                "exemplarCity": "ಮೊನಾಕೊ"
              },
              "Moscow": {
                "exemplarCity": "ಮಾಸ್ಕೋ"
              },
              "Oslo": {
                "exemplarCity": "ಓಸ್ಲೋ"
              },
              "Paris": {
                "exemplarCity": "ಪ್ಯಾರಿಸ್"
              },
              "Podgorica": {
                "exemplarCity": "ಪೊಡ್ಗೊರಿಕ"
              },
              "Prague": {
                "exemplarCity": "ಪ್ರಾಗ್ವೆ"
              },
              "Riga": {
                "exemplarCity": "ರಿಗಾ"
              },
              "Rome": {
                "exemplarCity": "ರೋಮ್"
              },
              "Samara": {
                "exemplarCity": "ಸಮರ"
              },
              "San_Marino": {
                "exemplarCity": "ಸ್ಯಾನ್ ಮರೀನೊ"
              },
              "Sarajevo": {
                "exemplarCity": "ಸರಯೇವೊ"
              },
              "Saratov": {
                "exemplarCity": "ಸರಾಟೋವ್"
              },
              "Simferopol": {
                "exemplarCity": "ಸಿಮ್ಫೆರೋಪೋಲ್"
              },
              "Skopje": {
                "exemplarCity": "ಸ್ಕಾಪಿಯಾ"
              },
              "Sofia": {
                "exemplarCity": "ಸೋಫಿಯಾ"
              },
              "Stockholm": {
                "exemplarCity": "ಸ್ಟಾಕ್‍ಹೋಮ್"
              },
              "Tallinn": {
                "exemplarCity": "ಟ್ಯಾಲಿನ್"
              },
              "Tirane": {
                "exemplarCity": "ಟಿರಾನೆ"
              },
              "Ulyanovsk": {
                "exemplarCity": "ಉಲ್ಯಾನೊವಸ್ಕ್"
              },
              "Uzhgorod": {
                "exemplarCity": "ಉಜ್‌ಗೊರೊದ್"
              },
              "Vaduz": {
                "exemplarCity": "ವಡೂಜ್"
              },
              "Vatican": {
                "exemplarCity": "ವ್ಯಾಟಿಕನ್"
              },
              "Vienna": {
                "exemplarCity": "ವಿಯೆನ್ನಾ"
              },
              "Vilnius": {
                "exemplarCity": "ವಿಲ್ನಿಯಸ್"
              },
              "Volgograd": {
                "exemplarCity": "ವೊಲ್ಗೊಗ್ರಾಡ್"
              },
              "Warsaw": {
                "exemplarCity": "ವಾರ್ಸಾ"
              },
              "Zagreb": {
                "exemplarCity": "ಜಾಗ್ರೆಬ್‌"
              },
              "Zaporozhye": {
                "exemplarCity": "ಜಾಪರೀಝಿಯಾ"
              },
              "Zurich": {
                "exemplarCity": "ಜ್ಯೂರಿಕ್"
              }
            },
            "Africa": {
              "Abidjan": {
                "exemplarCity": "ಅಬಿದ್‌ಜನ್"
              },
              "Accra": {
                "exemplarCity": "ಅಕ್ರಾ"
              },
              "Addis_Ababa": {
                "exemplarCity": "ಆಡಿಸ್ ಅಬಾಬಾ"
              },
              "Algiers": {
                "exemplarCity": "ಅಲ್ಜೀರ್ಸ್"
              },
              "Asmera": {
                "exemplarCity": "ಅಸ್ಮಾರಾ"
              },
              "Bamako": {
                "exemplarCity": "ಬಮಾಕೊ"
              },
              "Bangui": {
                "exemplarCity": "ಬಾಂಗಿ"
              },
              "Banjul": {
                "exemplarCity": "ಬಂಜುಲ್"
              },
              "Bissau": {
                "exemplarCity": "ಬಿಸ್ಸಾವ್"
              },
              "Blantyre": {
                "exemplarCity": "ಬ್ಲ್ಯಾಂಟೈರ್"
              },
              "Brazzaville": {
                "exemplarCity": "ಬ್ರೆಜಾವೀಲ್"
              },
              "Bujumbura": {
                "exemplarCity": "ಬುಜುಂಬುರಾ"
              },
              "Cairo": {
                "exemplarCity": "ಕೈರೋ"
              },
              "Casablanca": {
                "exemplarCity": "ಕ್ಯಾಸಾಬ್ಲಾಂಕಾ"
              },
              "Ceuta": {
                "exemplarCity": "ಸೆಯುಟಾ"
              },
              "Conakry": {
                "exemplarCity": "ಕೊನಾಕ್ರಿ"
              },
              "Dakar": {
                "exemplarCity": "ಡಾಕರ್"
              },
              "Dar_es_Salaam": {
                "exemplarCity": "ಡಾರ್ ಎಸ್ ಸಲಾಮ್"
              },
              "Djibouti": {
                "exemplarCity": "ಜಿಬೂಟಿ"
              },
              "Douala": {
                "exemplarCity": "ದೌಲಾ"
              },
              "El_Aaiun": {
                "exemplarCity": "ಎಲ್ ಔನ್"
              },
              "Freetown": {
                "exemplarCity": "ಫ್ರೀಟೌನ್"
              },
              "Gaborone": {
                "exemplarCity": "ಗ್ಯಾಬರೋನೆ"
              },
              "Harare": {
                "exemplarCity": "ಹರಾರೆ"
              },
              "Johannesburg": {
                "exemplarCity": "ಜೋಹಾನ್ಸ್‌ಬರ್ಗ್"
              },
              "Juba": {
                "exemplarCity": "ಜುಬಾ"
              },
              "Kampala": {
                "exemplarCity": "ಕಂಪಾಲಾ"
              },
              "Khartoum": {
                "exemplarCity": "ಖರ್ಟೋಮ್"
              },
              "Kigali": {
                "exemplarCity": "ಕಿಗಾಲಿ"
              },
              "Kinshasa": {
                "exemplarCity": "ಕಿನ್ಷಾಸಾ"
              },
              "Lagos": {
                "exemplarCity": "ಲಾಗೋಸ್"
              },
              "Libreville": {
                "exemplarCity": "ಲಿಬ್ರೆವೀಲ್"
              },
              "Lome": {
                "exemplarCity": "ಲೋಮ್"
              },
              "Luanda": {
                "exemplarCity": "ಲುವಾಂಡಾ"
              },
              "Lubumbashi": {
                "exemplarCity": "ಲುಬುಂಬಾಶಿ"
              },
              "Lusaka": {
                "exemplarCity": "ಲುಸಾಕಾ"
              },
              "Malabo": {
                "exemplarCity": "ಮಲಾಬೋ"
              },
              "Maputo": {
                "exemplarCity": "ಮ್ಯಾಪುಟೊ"
              },
              "Maseru": {
                "exemplarCity": "ಮಸೇರು"
              },
              "Mbabane": {
                "exemplarCity": "ಅಂಬಬಾನೆ"
              },
              "Mogadishu": {
                "exemplarCity": "ಮೊಗಾದಿಶು"
              },
              "Monrovia": {
                "exemplarCity": "ಮೊನ್ರೋವಿಯಾ"
              },
              "Nairobi": {
                "exemplarCity": "ನೈರೋಬಿ"
              },
              "Ndjamena": {
                "exemplarCity": "ಡ್ಜಮೇನಾ"
              },
              "Niamey": {
                "exemplarCity": "ನಿಯಾಮೆ"
              },
              "Nouakchott": {
                "exemplarCity": "ನೌಕ್‌ಚೋಟ್ಟ್"
              },
              "Ouagadougou": {
                "exemplarCity": "ಔಗಾಡೋಗು"
              },
              "Porto-Novo": {
                "exemplarCity": "ಪೋರ್ಟೋ-ನೋವೋ"
              },
              "Sao_Tome": {
                "exemplarCity": "ಸಾವ್ ಟೊಮಿ"
              },
              "Tripoli": {
                "exemplarCity": "ಟ್ರೈಪೋಲಿ"
              },
              "Tunis": {
                "exemplarCity": "ಟುನೀಸ್"
              },
              "Windhoek": {
                "exemplarCity": "ವಿಂಡ್ಹೋಕ್"
              }
            },
            "Asia": {
              "Aden": {
                "exemplarCity": "ಏಡನ್"
              },
              "Almaty": {
                "exemplarCity": "ಅಲ್ಮಾಟಿ"
              },
              "Amman": {
                "exemplarCity": "ಅಮ್ಮಾನ್"
              },
              "Anadyr": {
                "exemplarCity": "ಅನದ್ಯರ್"
              },
              "Aqtau": {
                "exemplarCity": "ಅಕ್ತಾವ್"
              },
              "Aqtobe": {
                "exemplarCity": "ಅಕ್ಟೋಬೆ"
              },
              "Ashgabat": {
                "exemplarCity": "ಅಶ್ಗಬಾತ್"
              },
              "Atyrau": {
                "exemplarCity": "ಅಟ್ರಾವ್"
              },
              "Baghdad": {
                "exemplarCity": "ಬಾಗ್ದಾದ್"
              },
              "Bahrain": {
                "exemplarCity": "ಬಹ್ರೇನ್"
              },
              "Baku": {
                "exemplarCity": "ಬಕು"
              },
              "Bangkok": {
                "exemplarCity": "ಬ್ಯಾಂಕಾಕ್"
              },
              "Barnaul": {
                "exemplarCity": "ಬಾರ್ನೌಲ್"
              },
              "Beirut": {
                "exemplarCity": "ಬೀರಟ್"
              },
              "Bishkek": {
                "exemplarCity": "ಬಿಶ್ಕೆಕ್"
              },
              "Brunei": {
                "exemplarCity": "ಬ್ರೂನಿ"
              },
              "Calcutta": {
                "exemplarCity": "ಕೊಲ್ಕತ್ತಾ"
              },
              "Chita": {
                "exemplarCity": "ಚಿಟ"
              },
              "Choibalsan": {
                "exemplarCity": "ಚೊಯ್‍ಬಾಲ್ಸನ್"
              },
              "Colombo": {
                "exemplarCity": "ಕೊಲಂಬೊ"
              },
              "Damascus": {
                "exemplarCity": "ಡಮಾಸ್ಕಸ್"
              },
              "Dhaka": {
                "exemplarCity": "ಢಾಕಾ"
              },
              "Dili": {
                "exemplarCity": "ದಿಲಿ"
              },
              "Dubai": {
                "exemplarCity": "ದುಬೈ"
              },
              "Dushanbe": {
                "exemplarCity": "ದುಶಾಂಬೆ"
              },
              "Famagusta": {
                "exemplarCity": "ಫಮಾಗುಸ್ತಾ"
              },
              "Gaza": {
                "exemplarCity": "ಗಾಜಾ"
              },
              "Hebron": {
                "exemplarCity": "ಹೆಬ್ರಾನ್"
              },
              "Hong_Kong": {
                "exemplarCity": "ಹಾಂಗ್ ಕಾಂಗ್"
              },
              "Hovd": {
                "exemplarCity": "ಹೋವ್ಡ್"
              },
              "Irkutsk": {
                "exemplarCity": "ಇರಕುಟ್ಸ್ಕ್"
              },
              "Jakarta": {
                "exemplarCity": "ಜಕಾರ್ತಾ"
              },
              "Jayapura": {
                "exemplarCity": "ಜಯಪುರ"
              },
              "Jerusalem": {
                "exemplarCity": "ಜೆರುಸಲೆಮ್"
              },
              "Kabul": {
                "exemplarCity": "ಕಾಬೂಲ್"
              },
              "Kamchatka": {
                "exemplarCity": "ಕಂಚಟ್ಕ್"
              },
              "Karachi": {
                "exemplarCity": "ಕರಾಚಿ"
              },
              "Katmandu": {
                "exemplarCity": "ಕಠ್ಮಂಡು"
              },
              "Khandyga": {
                "exemplarCity": "ಖಂಡ್ಯಾಗಾ"
              },
              "Krasnoyarsk": {
                "exemplarCity": "ಕ್ರಾಸ್ನೊಯಾರ್ಸ್ಕ್"
              },
              "Kuala_Lumpur": {
                "exemplarCity": "ಕೌಲಾ ಲಂಪುರ"
              },
              "Kuching": {
                "exemplarCity": "ಕುಚಿಂಗ್"
              },
              "Kuwait": {
                "exemplarCity": "ಕುವೈತ್"
              },
              "Macau": {
                "exemplarCity": "ಮಕಾವು"
              },
              "Magadan": {
                "exemplarCity": "ಮಗದನ್‌"
              },
              "Makassar": {
                "exemplarCity": "ಮೆಕಾಸ್ಸರ್"
              },
              "Manila": {
                "exemplarCity": "ಮನಿಲಾ"
              },
              "Muscat": {
                "exemplarCity": "ಮಸ್ಕಟ್"
              },
              "Nicosia": {
                "exemplarCity": "ನಿಕೋಸಿಯಾ"
              },
              "Novokuznetsk": {
                "exemplarCity": "ನೋವೋಕುಜೆ"
              },
              "Novosibirsk": {
                "exemplarCity": "ನೊವೋಸಿಬಿಸ್ಕ್"
              },
              "Omsk": {
                "exemplarCity": "ಒಮ್ಸ್ಕ್"
              },
              "Oral": {
                "exemplarCity": "ಒರಲ್"
              },
              "Phnom_Penh": {
                "exemplarCity": "ನೋಮ್ ಪೆನ್"
              },
              "Pontianak": {
                "exemplarCity": "ಪೊಂಟಿಯಾನಕ್"
              },
              "Pyongyang": {
                "exemplarCity": "ಪ್ಯೊಂಗ್‍ಯಾಂಗ್"
              },
              "Qatar": {
                "exemplarCity": "ಖತಾರ್"
              },
              "Qostanay": {
                "exemplarCity": "ಕೊಸ್ಟನಯ್"
              },
              "Qyzylorda": {
                "exemplarCity": "ಕಿಜೈಲೋರ್ದ"
              },
              "Rangoon": {
                "exemplarCity": "ಯಾಂಗೊನ್"
              },
              "Riyadh": {
                "exemplarCity": "ರಿಯಾದ್"
              },
              "Saigon": {
                "exemplarCity": "ಹೊ ಚಿ ಮಿನ್ ಸಿಟಿ"
              },
              "Sakhalin": {
                "exemplarCity": "ಸಖಾಲಿನ್"
              },
              "Samarkand": {
                "exemplarCity": "ಸಮರಖಂಡ"
              },
              "Seoul": {
                "exemplarCity": "ಸಿಯೋಲ್"
              },
              "Shanghai": {
                "exemplarCity": "ಶಾಂಘೈ"
              },
              "Singapore": {
                "exemplarCity": "ಸಿಂಗಪುರ್"
              },
              "Srednekolymsk": {
                "exemplarCity": "ಸ್ರೇದ್ನೇಕೋಲೀಮಸ್ಕ"
              },
              "Taipei": {
                "exemplarCity": "ತೈಪೆ"
              },
              "Tashkent": {
                "exemplarCity": "ತಾಶ್ಕೆಂಟ್"
              },
              "Tbilisi": {
                "exemplarCity": "ಟಿಬಿಲಿಸಿ"
              },
              "Tehran": {
                "exemplarCity": "ತೆಹ್ರಾನ್"
              },
              "Thimphu": {
                "exemplarCity": "ಥಿಂಪು"
              },
              "Tokyo": {
                "exemplarCity": "ಟೋಕಿಯೊ"
              },
              "Tomsk": {
                "exemplarCity": "ಟೋಮ್‌ಸ್ಕ್"
              },
              "Ulaanbaatar": {
                "exemplarCity": "ಉಲಾನ್ ಬತೊರ್"
              },
              "Urumqi": {
                "exemplarCity": "ಉರುಮ್‍ಕಿ"
              },
              "Ust-Nera": {
                "exemplarCity": "ಉಸ್ತ್-ನೆರಾ"
              },
              "Vientiane": {
                "exemplarCity": "ವಿಯೆಂಟಿಯಾನ್"
              },
              "Vladivostok": {
                "exemplarCity": "ವ್ಲಾದಿವೊಸ್ಟಾಕ್‌"
              },
              "Yakutsk": {
                "exemplarCity": "ಯಕುಟ್ಸ್ಕ್"
              },
              "Yekaterinburg": {
                "exemplarCity": "ಎಕ್ಯಾಟೆರಿನ್ಬರ್ಗ್"
              },
              "Yerevan": {
                "exemplarCity": "ಯೆರೆವಾನ್"
              }
            },
            "Indian": {
              "Antananarivo": {
                "exemplarCity": "ಅಂಟಾನನಾರಿವೊ"
              },
              "Chagos": {
                "exemplarCity": "ಚಾಗೊಸ್"
              },
              "Christmas": {
                "exemplarCity": "ಕ್ರಿಸ್ಮಸ್"
              },
              "Cocos": {
                "exemplarCity": "ಕೊಕೋಸ್"
              },
              "Comoro": {
                "exemplarCity": "ಕೊಮೋರೊ"
              },
              "Kerguelen": {
                "exemplarCity": "ಕೆರ್ಗ್ಯುಲೆನ್"
              },
              "Mahe": {
                "exemplarCity": "ಮಾಹೆ"
              },
              "Maldives": {
                "exemplarCity": "ಮಾಲ್ಡೀವ್ಸ್"
              },
              "Mauritius": {
                "exemplarCity": "ಮಾರಿಷಸ್"
              },
              "Mayotte": {
                "exemplarCity": "ಮಯೊಟ್ಟೆ"
              },
              "Reunion": {
                "exemplarCity": "ರೀಯೂನಿಯನ್"
              }
            },
            "Australia": {
              "Adelaide": {
                "exemplarCity": "ಅಡಿಲೇಡ್"
              },
              "Brisbane": {
                "exemplarCity": "ಬ್ರಿಸ್ಬೇನ್‌"
              },
              "Broken_Hill": {
                "exemplarCity": "ಬ್ರೊಕನ್ ಹಿಲ್"
              },
              "Currie": {
                "exemplarCity": "ಕರೀ"
              },
              "Darwin": {
                "exemplarCity": "ಡಾರ್ವಿನ್"
              },
              "Eucla": {
                "exemplarCity": "ಯುಕ್ಲಾ"
              },
              "Hobart": {
                "exemplarCity": "ಹೋಬಾರ್ಟ್‌"
              },
              "Lindeman": {
                "exemplarCity": "ಲಿಂಡಿಮಾನ್"
              },
              "Lord_Howe": {
                "exemplarCity": "ಲಾರ್ಡ್ ಹೋವ್"
              },
              "Melbourne": {
                "exemplarCity": "ಮೆಲ್ಬರ್ನ್"
              },
              "Perth": {
                "exemplarCity": "ಪರ್ಥ್"
              },
              "Sydney": {
                "exemplarCity": "ಸಿಡ್ನಿ"
              }
            },
            "Pacific": {
              "Apia": {
                "exemplarCity": "ಅಪಿಯಾ"
              },
              "Auckland": {
                "exemplarCity": "ಆಕ್ ಲ್ಯಾಂಡ್"
              },
              "Bougainville": {
                "exemplarCity": "ಬೌಗೆನ್‍ವಿಲ್ಲೆ"
              },
              "Chatham": {
                "exemplarCity": "ಚಥಾಮ್"
              },
              "Easter": {
                "exemplarCity": "ಈಸ್ಟರ್"
              },
              "Efate": {
                "exemplarCity": "ಇಫೇಟ್"
              },
              "Enderbury": {
                "exemplarCity": "ಎಂಡರ್ಬರಿ"
              },
              "Fakaofo": {
                "exemplarCity": "ಫಕೋಫೋ"
              },
              "Fiji": {
                "exemplarCity": "ಫಿಜಿ"
              },
              "Funafuti": {
                "exemplarCity": "ಫುನಾಫುಟಿ"
              },
              "Galapagos": {
                "exemplarCity": "ಗಲಾಪಗೋಸ್"
              },
              "Gambier": {
                "exemplarCity": "ಗ್ಯಾಂಬಿಯರ್"
              },
              "Guadalcanal": {
                "exemplarCity": "ಗ್ವಾಡಲ್ಕೆನಾಲ್"
              },
              "Guam": {
                "exemplarCity": "ಗ್ವಾಮ್"
              },
              "Honolulu": {
                "exemplarCity": "ಹೊನಲುಲು"
              },
              "Johnston": {
                "exemplarCity": "ಜಾನ್‌ಸ್ಟನ್"
              },
              "Kanton": {
                "exemplarCity": "ಕ್ಯಾಂಟನ್"
              },
              "Kiritimati": {
                "exemplarCity": "ಕಿರಿತಿಮತಿ"
              },
              "Kosrae": {
                "exemplarCity": "ಕೋಸ್ರೆ"
              },
              "Kwajalein": {
                "exemplarCity": "ಕ್ವಾಜಲೇನ್"
              },
              "Majuro": {
                "exemplarCity": "ಮಜುರೊ"
              },
              "Marquesas": {
                "exemplarCity": "ಮಾರ್ಕ್ಯೂಸಸ್"
              },
              "Midway": {
                "exemplarCity": "ಮಿಡ್‌ವೇ"
              },
              "Nauru": {
                "exemplarCity": "ನೌರು"
              },
              "Niue": {
                "exemplarCity": "ನಿಯು"
              },
              "Norfolk": {
                "exemplarCity": "ನಾರ್ಫೋಕ್"
              },
              "Noumea": {
                "exemplarCity": "ನ್ಯೂಮಿಯಾ"
              },
              "Pago_Pago": {
                "exemplarCity": "ಪಾಗೊ ಪಾಗೊ"
              },
              "Palau": {
                "exemplarCity": "ಪಾಲಾವ್"
              },
              "Pitcairn": {
                "exemplarCity": "ಪಿಟ್‌ಕೈರ್ನ್"
              },
              "Ponape": {
                "exemplarCity": "ಪೋನ್‌ಪೆ"
              },
              "Port_Moresby": {
                "exemplarCity": "ಪೋರ್ಟ್ ಮೋರಿಸ್‌ಬೈ"
              },
              "Rarotonga": {
                "exemplarCity": "ರರೋಟೋಂಗಾ"
              },
              "Saipan": {
                "exemplarCity": "ಸೈಪನ್"
              },
              "Tahiti": {
                "exemplarCity": "ತಹಿತಿ"
              },
              "Tarawa": {
                "exemplarCity": "ತರಾವಾ"
              },
              "Tongatapu": {
                "exemplarCity": "ಟೊಂಗಾಟಾಪು"
              },
              "Truk": {
                "exemplarCity": "ಚುಕ್"
              },
              "Wake": {
                "exemplarCity": "ವೇಕ್"
              },
              "Wallis": {
                "exemplarCity": "ವ್ಯಾಲಿಸ್"
              }
            },
            "Arctic": {
              "Longyearbyen": {
                "exemplarCity": "ಲಾಂಗ್ಯೀರ್ಬೆನ್"
              }
            },
            "Antarctica": {
              "Casey": {
                "exemplarCity": "ಕೇಸಿ"
              },
              "Davis": {
                "exemplarCity": "ಡೇವೀಸ್"
              },
              "DumontDUrville": {
                "exemplarCity": "ಡುಮಂಟ್ ಡಿ ಉರ್ವಿಲೆ"
              },
              "Macquarie": {
                "exemplarCity": "ಮ್ಯಾಕ್ವೆರಿ"
              },
              "Mawson": {
                "exemplarCity": "ಮಾವ್ಸನ್"
              },
              "McMurdo": {
                "exemplarCity": "ಮ್ಯಾಕ್‍ಮುರ್ಡೊ"
              },
              "Palmer": {
                "exemplarCity": "ಪಾಲ್ಮರ್"
              },
              "Rothera": {
                "exemplarCity": "ರೊಥೇರಾ"
              },
              "Syowa": {
                "exemplarCity": "ಸ್ಯೋವಾ"
              },
              "Troll": {
                "exemplarCity": "ಟ್ರಾಲ್"
              },
              "Vostok": {
                "exemplarCity": "ವೋಸ್ಟೋಕ್"
              }
            },
            "Etc": {
              "UTC": {
                "long": {
                  "standard": "ಸಂಘಟಿತ ಸಾರ್ವತ್ರಿಕ ಸಮಯ"
                },
                "short": {
                  "standard": "UTC"
                }
              },
              "Unknown": {
                "exemplarCity": "ಅಪರಿಚಿತ ನಗರ"
              }
            }
          },
          "metazone": {
            "Acre": {
              "long": {
                "generic": "ಏಕರ್ ಸಮಯ",
                "standard": "ಏಕರ್ ಪ್ರಮಾಣಿತ ಸಮಯ",
                "daylight": "ಏಕರ್ ಬೇಸಿಗೆ ಸಮಯ"
              }
            },
            "Afghanistan": {
              "long": {
                "standard": "ಅಫಘಾನಿಸ್ತಾನ ಸಮಯ"
              }
            },
            "Africa_Central": {
              "long": {
                "standard": "ಮಧ್ಯ ಆಫ್ರಿಕಾ ಸಮಯ"
              }
            },
            "Africa_Eastern": {
              "long": {
                "standard": "ಪೂರ್ವ ಆಫ್ರಿಕಾ ಸಮಯ"
              }
            },
            "Africa_Southern": {
              "long": {
                "standard": "ದಕ್ಷಿಣ ಆಫ್ರಿಕಾ ಪ್ರಮಾಣಿತ ಸಮಯ"
              }
            },
            "Africa_Western": {
              "long": {
                "generic": "ಪಶ್ಚಿಮ ಆಫ್ರಿಕಾ ಸಮಯ",
                "standard": "ಪಶ್ಚಿಮ ಆಫ್ರಿಕಾ ಪ್ರಮಾಣಿತ ಸಮಯ",
                "daylight": "ಪಶ್ಚಿಮ ಆಫ್ರಿಕಾ ಬೇಸಿಗೆ ಸಮಯ"
              }
            },
            "Alaska": {
              "long": {
                "generic": "ಅಲಾಸ್ಕಾ ಸಮಯ",
                "standard": "ಅಲಾಸ್ಕಾ ಪ್ರಮಾಣಿತ ಸಮಯ",
                "daylight": "‌ಅಲಾಸ್ಕಾ ಹಗಲು ಸಮಯ"
              }
            },
            "Almaty": {
              "long": {
                "generic": "ಆಲ್ಮೇಟಿ ಸಮಯ",
                "standard": "ಆಲ್ಮೇಟಿ ಪ್ರಮಾಣಿತ ಸಮಯ",
                "daylight": "ಆಲ್ಮೇಟಿ ಬೇಸಿಗೆ ಸಮಯ"
              }
            },
            "Amazon": {
              "long": {
                "generic": "ಅಮೆಜಾನ್ ಸಮಯ",
                "standard": "ಅಮೆಜಾನ್ ಪ್ರಮಾಣಿತ ಸಮಯ",
                "daylight": "ಅಮೆಜಾನ್ ಬೇಸಿಗೆ ಸಮಯ"
              }
            },
            "America_Central": {
              "long": {
                "generic": "ಉತ್ತರ ಅಮೆರಿಕದ ಕೇಂದ್ರ ಸಮಯ",
                "standard": "ಉತ್ತರ ಅಮೆರಿಕದ ಕೇಂದ್ರ ಪ್ರಮಾಣಿತ ಸಮಯ",
                "daylight": "ಉತ್ತರ ಅಮೆರಿಕದ ಕೇಂದ್ರೀಯ ದಿನದ ಸಮಯ"
              }
            },
            "America_Eastern": {
              "long": {
                "generic": "ಉತ್ತರ ಅಮೆರಿಕದ ಪೂರ್ವದ ಸಮಯ",
                "standard": "ಉತ್ತರ ಅಮೆರಿಕದ ಪೂರ್ವದ ಪ್ರಮಾಣಿತ ಸಮಯ",
                "daylight": "ಉತ್ತರ ಅಮೆರಿಕದ ಪೂರ್ವದ ದಿನದ ಸಮಯ"
              }
            },
            "America_Mountain": {
              "long": {
                "generic": "ಉತ್ತರ ಅಮೆರಿಕದ ಪರ್ವತ ಸಮಯ",
                "standard": "ಉತ್ತರ ಅಮೆರಿಕದ ಪರ್ವತ ಪ್ರಮಾಣಿತ ಸಮಯ",
                "daylight": "ಉತ್ತರ ಅಮೆರಿಕದ ಪರ್ವತ ದಿನದ ಸಮಯ"
              }
            },
            "America_Pacific": {
              "long": {
                "generic": "ಉತ್ತರ ಅಮೆರಿಕದ ಪೆಸಿಫಿಕ್ ಸಮಯ",
                "standard": "ಉತ್ತರ ಅಮೆರಿಕದ ಪೆಸಿಫಿಕ್ ಪ್ರಮಾಣಿತ ಸಮಯ",
                "daylight": "ಉತ್ತರ ಅಮೆರಿಕದ ಪೆಸಿಫಿಕ್ ದಿನದ ಸಮಯ"
              }
            },
            "Anadyr": {
              "long": {
                "generic": "ಅನಡೀರ್‌ ಸಮಯ",
                "standard": "ಅನಡೀರ್‌ ಪ್ರಮಾಣಿತ ಸಮಯ",
                "daylight": "ಅನಡೀರ್‌ ಹಗಲು ಸಮಯ"
              }
            },
            "Apia": {
              "long": {
                "generic": "ಅಪಿಯಾ ಸಮಯ",
                "standard": "ಅಪಿಯಾ ಪ್ರಮಾಣಿತ ಸಮಯ",
                "daylight": "ಅಪಿಯಾ ಹಗಲು ಸಮಯ"
              }
            },
            "Aqtau": {
              "long": {
                "generic": "ಅಕ್ಟೌ ಸಮಯ",
                "standard": "ಅಕ್ಟೌ ಪ್ರಮಾಣಿತ ಸಮಯ",
                "daylight": "ಅಕ್ಟೌ ಬೇಸಿಗೆ ಸಮಯ"
              }
            },
            "Aqtobe": {
              "long": {
                "generic": "ಅಕ್ಟೋಬೆ ಸಮಯ",
                "standard": "ಅಕ್ಟೋಬೆ ಪ್ರಮಾಣಿತ ಸಮಯ",
                "daylight": "ಅಕ್ಟೋಬೆ ಬೇಸಿಗೆ ಸಮಯ"
              }
            },
            "Arabian": {
              "long": {
                "generic": "ಅರೇಬಿಯನ್ ಸಮಯ",
                "standard": "ಅರೇಬಿಯನ್ ಪ್ರಮಾಣಿತ ಸಮಯ",
                "daylight": "ಅರೇಬಿಯನ್ ಹಗಲು ಸಮಯ"
              }
            },
            "Argentina": {
              "long": {
                "generic": "ಅರ್ಜೆಂಟಿನಾ ಸಮಯ",
                "standard": "ಅರ್ಜೆಂಟೀನಾ ಪ್ರಮಾಣಿತ ಸಮಯ",
                "daylight": "ಅರ್ಜೆಂಟಿನಾ ಬೇಸಿಗೆ ಸಮಯ"
              }
            },
            "Argentina_Western": {
              "long": {
                "generic": "ಪಶ್ಚಿಮ ಅರ್ಜೆಂಟೀನಾ ಸಮಯ",
                "standard": "ಪಶ್ಚಿಮ ಅರ್ಜೆಂಟೀನಾ ಪ್ರಮಾಣಿತ ಸಮಯ",
                "daylight": "ಪಶ್ಚಿಮ ಅರ್ಜೆಂಟೀನಾ ಬೇಸಿಗೆ ಸಮಯ"
              }
            },
            "Armenia": {
              "long": {
                "generic": "ಅರ್ಮೇನಿಯ ಸಮಯ",
                "standard": "ಅರ್ಮೇನಿಯ ಪ್ರಮಾಣಿತ ಸಮಯ",
                "daylight": "ಅರ್ಮೇನಿಯ ಬೇಸಿಗೆ ಸಮಯ"
              }
            },
            "Atlantic": {
              "long": {
                "generic": "ಅಟ್ಲಾಂಟಿಕ್ ಸಮಯ",
                "standard": "ಅಟ್ಲಾಂಟಿಕ್ ಪ್ರಮಾಣಿತ ಸಮಯ",
                "daylight": "ಅಟ್ಲಾಂಟಿಕ್ ದಿನದ ಸಮಯ"
              }
            },
            "Australia_Central": {
              "long": {
                "generic": "ಕೇಂದ್ರ ಆಸ್ಟ್ರೇಲಿಯಾ ಸಮಯ",
                "standard": "ಆಸ್ಟ್ರೇಲಿಯಾದ ಕೇಂದ್ರ ಪ್ರಮಾಣಿತ ಸಮಯ",
                "daylight": "ಆಸ್ಟ್ರೇಲಿಯಾದ ಕೇಂದ್ರ ಹಗಲು ಸಮಯ"
              }
            },
            "Australia_CentralWestern": {
              "long": {
                "generic": "ಆಸ್ಟ್ರೇಲಿಯಾದ ಕೇಂದ್ರ ಪಶ್ಚಿಮ ಸಮಯ",
                "standard": "ಆಸ್ಟ್ರೇಲಿಯಾದ ಕೇಂದ್ರ ಪಶ್ಚಿಮ ಪ್ರಮಾಣಿತ ಸಮಯ",
                "daylight": "ಆಸ್ಟ್ರೇಲಿಯಾದ ಕೇಂದ್ರ ಪಶ್ಚಿಮ ಹಗಲು ಸಮಯ"
              }
            },
            "Australia_Eastern": {
              "long": {
                "generic": "ಪೂರ್ವ ಆಸ್ಟ್ರೇಲಿಯಾ ಸಮಯ",
                "standard": "ಆಸ್ಟ್ರೇಲಿಯಾದ ಪೂರ್ವ ಪ್ರಮಾಣಿತ ಸಮಯ",
                "daylight": "ಪೂರ್ವ ಆಸ್ಟ್ರೇಲಿಯಾದ ಹಗಲು ಸಮಯ"
              }
            },
            "Australia_Western": {
              "long": {
                "generic": "ಪಶ್ಚಿಮ ಆಸ್ಟ್ರೇಲಿಯಾ ಸಮಯ",
                "standard": "ಆಸ್ಟ್ರೇಲಿಯಾದ ಪಶ್ಚಿಮ ಪ್ರಮಾಣಿತ ಸಮಯ",
                "daylight": "ಆಸ್ಟ್ರೇಲಿಯಾದ ಪಶ್ಚಿಮ ಹಗಲು ಸಮಯ"
              }
            },
            "Azerbaijan": {
              "long": {
                "generic": "ಅಜರ್ಬೈಜಾನ್ ಸಮಯ",
                "standard": "ಅಜರ್ಬೈಜಾನ್ ಪ್ರಮಾಣಿತ ಸಮಯ",
                "daylight": "ಅಜರ್ಬೈಜಾನ್ ಬೇಸಿಗೆ ಸಮಯ"
              }
            },
            "Azores": {
              "long": {
                "generic": "ಅಜೋರಸ್ ಸಮಯ",
                "standard": "ಅಜೋರಸ್ ಪ್ರಮಾಣಿತ ಸಮಯ",
                "daylight": "ಅಜೋರಸ್ ಬೇಸಿಗೆ ಸಮಯ"
              }
            },
            "Bangladesh": {
              "long": {
                "generic": "ಬಾಂಗ್ಲಾದೇಶ ಸಮಯ",
                "standard": "ಬಾಂಗ್ಲಾದೇಶ ಪ್ರಮಾಣಿತ ಸಮಯ",
                "daylight": "ಬಾಂಗ್ಲಾದೇಶ ಬೇಸಿಗೆ ಸಮಯ"
              }
            },
            "Bhutan": {
              "long": {
                "standard": "ಭೂತಾನ್ ಸಮಯ"
              }
            },
            "Bolivia": {
              "long": {
                "standard": "ಬೊಲಿವಿಯಾ ಸಮಯ"
              }
            },
            "Brasilia": {
              "long": {
                "generic": "ಬ್ರೆಸಿಲಿಯಾದ ಸಮಯ",
                "standard": "ಬ್ರೆಸಿಲಿಯಾ ಪ್ರಮಾಣಿತ ಸಮಯ",
                "daylight": "ಬ್ರೆಸಿಲಿಯಾ ಬೇಸಿಗೆ ಸಮಯ"
              }
            },
            "Brunei": {
              "long": {
                "standard": "ಬ್ರೂನಿ ದಾರುಸಲೆಮ್ ಸಮಯ"
              }
            },
            "Cape_Verde": {
              "long": {
                "generic": "ಕೇಪ್ ವರ್ಡ್ ಸಮಯ",
                "standard": "ಕೇಪ್ ವರ್ಡ್ ಪ್ರಮಾಣಿತ ಸಮಯ",
                "daylight": "ಕೇಪ್ ವರ್ಡ್ ಬೇಸಿಗೆ ಸಮಯ"
              }
            },
            "Chamorro": {
              "long": {
                "standard": "ಚಮೋರೋ ಪ್ರಮಾಣಿತ ಸಮಯ"
              }
            },
            "Chatham": {
              "long": {
                "generic": "ಚಥಾಮ್ ಸಮಯ",
                "standard": "ಚಥಾಮ್ ಪ್ರಮಾಣಿತ ಸಮಯ",
                "daylight": "ಚಥಾಮ್ ಹಗಲು ಸಮಯ"
              }
            },
            "Chile": {
              "long": {
                "generic": "ಚಿಲಿ ಸಮಯ",
                "standard": "ಚಿಲಿ ಪ್ರಮಾಣಿತ ಸಮಯ",
                "daylight": "ಚಿಲಿ ಬೇಸಿಗೆ ಸಮಯ"
              }
            },
            "China": {
              "long": {
                "generic": "ಚೀನಾ ಸಮಯ",
                "standard": "ಚೀನಾ ಪ್ರಮಾಣಿತ ಸಮಯ",
                "daylight": "ಚೀನಾ ಹಗಲು ಸಮಯ"
              }
            },
            "Choibalsan": {
              "long": {
                "generic": "ಚೊಯ್‌ಬಲ್ಸಾನ್ ಸಮಯ",
                "standard": "ಚೊಯ್‌‌ಬಲ್ಸಾನ್‌ ಪ್ರಮಾಣಿತ ಸಮಯ",
                "daylight": "ಚೊಯ್‌ಬಲ್ಸಾನ್ ಬೇಸಿಗೆ ಸಮಯ"
              }
            },
            "Christmas": {
              "long": {
                "standard": "ಕ್ರಿಸ್ಮಸ್ ದ್ವೀಪ ಸಮಯ"
              }
            },
            "Cocos": {
              "long": {
                "standard": "ಕೋಕೋಸ್ ದ್ವೀಪಗಳ ಸಮಯ"
              }
            },
            "Colombia": {
              "long": {
                "generic": "ಕೊಲಂಬಿಯಾ ಸಮಯ",
                "standard": "ಕೊಲಂಬಿಯಾ ಪ್ರಮಾಣಿತ ಸಮಯ",
                "daylight": "ಕೊಲಂಬಿಯಾ ಬೇಸಿಗೆ ಸಮಯ"
              }
            },
            "Cook": {
              "long": {
                "generic": "ಕುಕ್ ದ್ವೀಪಗಳ ಸಮಯ",
                "standard": "ಕುಕ್ ದ್ವೀಪಗಳ ಪ್ರಮಾಣಿತ ಸಮಯ",
                "daylight": "ಕುಕ್ ದ್ವೀಪಗಳ ಮಧ್ಯಕಾಲೀನ ಬೇಸಿಗೆ ಸಮಯ"
              }
            },
            "Cuba": {
              "long": {
                "generic": "ಕ್ಯೂಬಾ ಸಮಯ",
                "standard": "ಕ್ಯೂಬಾ ಪ್ರಮಾಣಿತ ಸಮಯ",
                "daylight": "ಕ್ಯೂಬಾ ದಿನದ ಸಮಯ"
              }
            },
            "Davis": {
              "long": {
                "standard": "ಡೇವಿಸ್ ಸಮಯ"
              }
            },
            "DumontDUrville": {
              "long": {
                "standard": "ಡುಮಂಟ್-ಡಿ ಉರ್ವಿಲೆ ಸಮಯ"
              }
            },
            "East_Timor": {
              "long": {
                "standard": "ಪೂರ್ವ ಟಿಮೋರ್ ಸಮಯ"
              }
            },
            "Easter": {
              "long": {
                "generic": "ಈಸ್ಟರ್ ದ್ವೀಪ ಸಮಯ",
                "standard": "ಈಸ್ಟರ್ ದ್ವೀಪ ಪ್ರಮಾಣಿತ ಸಮಯ",
                "daylight": "ಈಸ್ಟರ್ ದ್ವೀಪ ಬೇಸಿಗೆ ಸಮಯ"
              }
            },
            "Ecuador": {
              "long": {
                "standard": "ಈಕ್ವೆಡಾರ್ ಸಮಯ"
              }
            },
            "Europe_Central": {
              "long": {
                "generic": "ಮಧ್ಯ ಯುರೋಪಿಯನ್ ಸಮಯ",
                "standard": "ಮಧ್ಯ ಯುರೋಪಿಯನ್ ಪ್ರಮಾಣಿತ ಸಮಯ",
                "daylight": "ಮಧ್ಯ ಯುರೋಪಿಯನ್ ಬೇಸಿಗೆ ಸಮಯ"
              }
            },
            "Europe_Eastern": {
              "long": {
                "generic": "ಪೂರ್ವ ಯುರೋಪಿಯನ್ ಸಮಯ",
                "standard": "ಪೂರ್ವ ಯುರೋಪಿಯನ್ ಪ್ರಮಾಣಿತ ಸಮಯ",
                "daylight": "ಪೂರ್ವ ಯುರೋಪಿಯನ್ ಬೇಸಿಗೆ ಸಮಯ"
              }
            },
            "Europe_Further_Eastern": {
              "long": {
                "standard": "ಮತ್ತಷ್ಟು-ಪೂರ್ವ ಯುರೋಪಿಯನ್ ಸಮಯ"
              }
            },
            "Europe_Western": {
              "long": {
                "generic": "ಪಶ್ಚಿಮ ಯುರೋಪಿಯನ್ ಸಮಯ",
                "standard": "ಪಶ್ಚಿಮ ಯುರೋಪಿಯನ್ ಪ್ರಮಾಣಿತ ಸಮಯ",
                "daylight": "ಪಶ್ಚಿಮ ಯುರೋಪಿಯನ್ ಬೇಸಿಗೆ ಸಮಯ"
              }
            },
            "Falkland": {
              "long": {
                "generic": "ಫಾಕ್‌ಲ್ಯಾಂಡ್ ದ್ವೀಪಗಳ ಸಮಯ",
                "standard": "ಫಾಕ್‌ಲ್ಯಾಂಡ್ ದ್ವೀಪಗಳ ಪ್ರಮಾಣಿತ ಸಮಯ",
                "daylight": "ಫಾಕ್‌ಲ್ಯಾಂಡ್ ದ್ವೀಪಗಳ ಬೇಸಿಗೆ ಸಮಯ"
              }
            },
            "Fiji": {
              "long": {
                "generic": "ಫಿಜಿ ಸಮಯ",
                "standard": "ಫಿಜಿ ಪ್ರಮಾಣಿತ ಸಮಯ",
                "daylight": "ಫಿಜಿ ಬೇಸಿಗೆ ಸಮಯ"
              }
            },
            "French_Guiana": {
              "long": {
                "standard": "ಫ್ರೆಂಚ್ ಗಯಾನಾ ಸಮಯ"
              }
            },
            "French_Southern": {
              "long": {
                "standard": "ದಕ್ಷಿಣ ಫ್ರೆಂಚ್ ಮತ್ತು ಅಂಟಾರ್ಟಿಕಾ ಸಮಯ"
              }
            },
            "Galapagos": {
              "long": {
                "standard": "ಗಾಲಾಪಾಗೋಸ್ ಸಮಯ"
              }
            },
            "Gambier": {
              "long": {
                "standard": "ಗ್ಯಾಂಬಿಯರ್ ಸಮಯ"
              }
            },
            "Georgia": {
              "long": {
                "generic": "ಜಾರ್ಜಿಯಾ ಸಮಯ",
                "standard": "ಜಾರ್ಜಿಯಾ ಪ್ರಮಾಣಿತ ಸಮಯ",
                "daylight": "ಜಾರ್ಜಿಯಾ ಬೇಸಿಗೆ ಸಮಯ"
              }
            },
            "Gilbert_Islands": {
              "long": {
                "standard": "ಗಿಲ್ಬರ್ಟ್ ದ್ವೀಪಗಳ ಸಮಯ"
              }
            },
            "GMT": {
              "long": {
                "standard": "ಗ್ರೀನ್‌ವಿಚ್ ಸರಾಸರಿ ಕಾಲಮಾನ"
              }
            },
            "Greenland_Eastern": {
              "long": {
                "generic": "ಪೂರ್ವ ಗ್ರೀನ್‌ಲ್ಯಾಂಡ್ ಸಮಯ",
                "standard": "ಪೂರ್ವ ಗ್ರೀನ್‌ಲ್ಯಾಂಡ್ ಪ್ರಮಾಣಿತ ಸಮಯ",
                "daylight": "ಪೂರ್ವ ಗ್ರೀನ್‌ಲ್ಯಾಂಡ್ ಬೇಸಿಗೆ ಸಮಯ"
              }
            },
            "Greenland_Western": {
              "long": {
                "generic": "ಪಶ್ಚಿಮ ಗ್ರೀನ್‌ಲ್ಯಾಂಡ್ ಸಮಯ",
                "standard": "ಪಶ್ಚಿಮ ಗ್ರೀನ್‌ಲ್ಯಾಂಡ್ ಪ್ರಮಾಣಿತ ಸಮಯ",
                "daylight": "ಪಶ್ಚಿಮ ಗ್ರೀನ್‌ಲ್ಯಾಂಡ್ ಬೇಸಿಗೆ ಸಮಯ"
              }
            },
            "Guam": {
              "long": {
                "standard": "ಗುವಾಮ್ ಪ್ರಮಾಣಿತ ಸಮಯ"
              }
            },
            "Gulf": {
              "long": {
                "standard": "ಗಲ್ಫ್ ಪ್ರಮಾಣಿತ ಸಮಯ"
              }
            },
            "Guyana": {
              "long": {
                "standard": "ಗಯಾನಾ ಸಮಯ"
              }
            },
            "Hawaii_Aleutian": {
              "long": {
                "generic": "ಹವಾಯಿ-ಅಲ್ಯುಟಿಯನ್ ಸಮಯ",
                "standard": "ಹವಾಯಿ-ಅಲ್ಯುಟಿಯನ್ ಪ್ರಮಾಣಿತ ಸಮಯ",
                "daylight": "ಹವಾಯಿ-ಅಲ್ಯುಟಿಯನ್ ಹಗಲು ಸಮಯ"
              }
            },
            "Hong_Kong": {
              "long": {
                "generic": "ಹಾಂಗ್ ಕಾಂಗ್ ಸಮಯ",
                "standard": "ಹಾಂಗ್ ಕಾಂಗ್ ಪ್ರಮಾಣಿತ ಸಮಯ",
                "daylight": "ಹಾಂಗ್ ಕಾಂಗ್ ಬೇಸಿಗೆ ಸಮಯ"
              }
            },
            "Hovd": {
              "long": {
                "generic": "ಹವ್ಡ್ ಸಮಯ",
                "standard": "ಹವ್ಡ್ ಪ್ರಮಾಣಿತ ಸಮಯ",
                "daylight": "ಹವ್ಡ್ ಬೇಸಿಗೆ ಸಮಯ"
              }
            },
            "India": {
              "long": {
                "standard": "ಭಾರತೀಯ ಪ್ರಮಾಣಿತ ಸಮಯ"
              },
              "short": {
                "standard": "IST"
              }
            },
            "Indian_Ocean": {
              "long": {
                "standard": "ಹಿಂದೂ ಮಹಾಸಾಗರ ಸಮಯ"
              }
            },
            "Indochina": {
              "long": {
                "standard": "ಇಂಡೊಚೈನಾ ಸಮಯ"
              }
            },
            "Indonesia_Central": {
              "long": {
                "standard": "ಮಧ್ಯ ಇಂಡೋನೇಷಿಯಾ ಸಮಯ"
              }
            },
            "Indonesia_Eastern": {
              "long": {
                "standard": "ಪೂರ್ವ ಇಂಡೋನೇಷಿಯಾ ಸಮಯ"
              }
            },
            "Indonesia_Western": {
              "long": {
                "standard": "ಪಶ್ಚಿಮ ಇಂಡೋನೇಷಿಯ ಸಮಯ"
              }
            },
            "Iran": {
              "long": {
                "generic": "ಇರಾನ್ ಸಮಯ",
                "standard": "ಇರಾನ್ ಪ್ರಮಾಣಿತ ಸಮಯ",
                "daylight": "ಇರಾನ್ ಹಗಲು ಸಮಯ"
              }
            },
            "Irkutsk": {
              "long": {
                "generic": "ಇರ್‌ಕುಟಸ್ಕ್ ಸಮಯ",
                "standard": "ಇರ್‌ಕುಟಸ್ಕ್ ಪ್ರಮಾಣಿತ ಸಮಯ",
                "daylight": "ಇರ್‌ಕುಟಸ್ಕ್ ಬೇಸಿಗೆ ಸಮಯ"
              }
            },
            "Israel": {
              "long": {
                "generic": "ಇಸ್ರೇಲ್ ಸಮಯ",
                "standard": "ಇಸ್ರೇಲ್ ಪ್ರಮಾಣಿತ ಸಮಯ",
                "daylight": "ಇಸ್ರೇಲ್ ಹಗಲು ಸಮಯ"
              }
            },
            "Japan": {
              "long": {
                "generic": "ಜಪಾನ್ ಸಮಯ",
                "standard": "ಜಪಾನ್ ಪ್ರಮಾಣಿತ ಸಮಯ",
                "daylight": "ಜಪಾನ್ ಹಗಲು ಸಮಯ"
              }
            },
            "Kamchatka": {
              "long": {
                "generic": "ಪೆತ್ರೋಪಾವ್ಲೋಸ್ಕ್‌‌-ಕಮ್ಚತ್ಸ್‌ಕೀ ಸಮಯ",
                "standard": "ಪೆತ್ರೋಪಾವ್ಲೋಸ್ಕ್‌‌-ಕಮ್ಚತ್ಸ್‌ಕೀ ಪ್ರಮಾಣಿತ ಸಮಯ",
                "daylight": "ಪೆತ್ರೋಪಾವ್ಲೋಸ್ಕ್‌‌-ಕಮ್ಚತ್ಸ್‌ಕೀ ಬೇಸಿಗೆ ಸಮಯ"
              }
            },
            "Kazakhstan_Eastern": {
              "long": {
                "standard": "ಪೂರ್ವ ಕಜಕಿಸ್ತಾನ್ ಸಮಯ"
              }
            },
            "Kazakhstan_Western": {
              "long": {
                "standard": "ಪಶ್ಚಿಮ ಕಜಕಿಸ್ತಾನ್ ಸಮಯ"
              }
            },
            "Korea": {
              "long": {
                "generic": "ಕೊರಿಯನ್ ಸಮಯ",
                "standard": "ಕೊರಿಯನ್ ಪ್ರಮಾಣಿತ ಸಮಯ",
                "daylight": "ಕೊರಿಯನ್ ಹಗಲು ಸಮಯ"
              }
            },
            "Kosrae": {
              "long": {
                "standard": "ಕೊಸರೆ ಸಮಯ"
              }
            },
            "Krasnoyarsk": {
              "long": {
                "generic": "ಕ್ರಾಸ್‌ನೊಯಾರ್ಸ್ಕ್ ಸಮಯ",
                "standard": "ಕ್ರಾಸ್‌ನೊಯಾರ್ಸ್ಕ್ ಪ್ರಮಾಣಿತ ಸಮಯ",
                "daylight": "ಕ್ರಾಸ್‌ನೊಯಾರ್ಸ್ಕ್ ಬೇಸಿಗೆ ಸಮಯ"
              }
            },
            "Kyrgystan": {
              "long": {
                "standard": "ಕಿರ್ಗಿಸ್ತಾನ್ ಸಮಯ"
              }
            },
            "Lanka": {
              "long": {
                "standard": "ಲಂಕಾ ಸಮಯ"
              }
            },
            "Line_Islands": {
              "long": {
                "standard": "ಲೈನ್ ದ್ವೀಪಗಳ ಸಮಯ"
              }
            },
            "Lord_Howe": {
              "long": {
                "generic": "ಲಾರ್ಡ್ ಹೋವ್ ಸಮಯ",
                "standard": "ಲಾರ್ಡ್ ಹೋವ್ ಪ್ರಮಾಣಿತ ಸಮಯ",
                "daylight": "ಲಾರ್ಡ್ ಹೋವ್ ಬೆಳಗಿನ ಸಮಯ"
              }
            },
            "Macau": {
              "long": {
                "generic": "ಮಕಾವ್ ಸಮಯ",
                "standard": "ಮಕಾವ್ ಪ್ರಮಾಣಿತ ಸಮಯ",
                "daylight": "ಮಕಾವ್ ಬೇಸಿಗೆ ಸಮಯ"
              }
            },
            "Macquarie": {
              "long": {
                "standard": "ಮ್ಯಾಕ್‌ಕ್ಯುರೈ ದ್ವೀಪ ಸಮಯ"
              }
            },
            "Magadan": {
              "long": {
                "generic": "ಮಗಡಾನ್ ಸಮಯ",
                "standard": "ಮಗಡಾನ್ ಪ್ರಮಾಣಿತ ಸಮಯ",
                "daylight": "ಮಗಡಾನ್ ಬೇಸಿಗೆ ಸಮಯ"
              }
            },
            "Malaysia": {
              "long": {
                "standard": "ಮಲೇಷಿಯಾ ಸಮಯ"
              }
            },
            "Maldives": {
              "long": {
                "standard": "ಮಾಲ್ಡೀವ್ಸ್ ಸಮಯ"
              }
            },
            "Marquesas": {
              "long": {
                "standard": "ಮಾರ್ಕ್ಯುಸಸ್ ಸಮಯ"
              }
            },
            "Marshall_Islands": {
              "long": {
                "standard": "ಮಾರ್ಷಲ್ ದ್ವೀಪಗಳ ಸಮಯ"
              }
            },
            "Mauritius": {
              "long": {
                "generic": "ಮಾರಿಷಸ್ ಸಮಯ",
                "standard": "ಮಾರಿಷಸ್ ಪ್ರಮಾಣಿತ ಸಮಯ",
                "daylight": "ಮಾರಿಷಸ್ ಬೇಸಿಗೆ ಸಮಯ"
              }
            },
            "Mawson": {
              "long": {
                "standard": "ಮಾವ್‌ಸನ್ ಸಮಯ"
              }
            },
            "Mexico_Northwest": {
              "long": {
                "generic": "ವಾಯವ್ಯ ಮೆಕ್ಸಿಕೊ ಸಮಯ",
                "standard": "ವಾಯವ್ಯ ಮೆಕ್ಸಿಕೊ ಪ್ರಮಾಣಿತ ಸಮಯ",
                "daylight": "ವಾಯವ್ಯ ಮೆಕ್ಸಿಕೊ ಹಗಲು ಸಮಯ"
              }
            },
            "Mexico_Pacific": {
              "long": {
                "generic": "ಮೆಕ್ಸಿಕನ್ ಪೆಸಿಫಿಕ್ ಸಮಯ",
                "standard": "ಮೆಕ್ಸಿಕನ್ ಪೆಸಿಫಿಕ್ ಪ್ರಮಾಣಿತ ಸಮಯ",
                "daylight": "ಮೆಕ್ಸಿಕನ್ ಪೆಸಿಫಿಕ್ ಹಗಲು ಸಮಯ"
              }
            },
            "Mongolia": {
              "long": {
                "generic": "ಉಲಾನ್ ಬತೊರ್ ಸಮಯ",
                "standard": "ಉಲಾನ್ ಬತೊರ್ ಪ್ರಮಾಣಿತ ಸಮಯ",
                "daylight": "ಉಲಾನ್ ಬತೊರ್ ಬೇಸಿಗೆ ಸಮಯ"
              }
            },
            "Moscow": {
              "long": {
                "generic": "ಮಾಸ್ಕೋ ಸಮಯ",
                "standard": "ಮಾಸ್ಕೋ ಪ್ರಮಾಣಿತ ಸಮಯ",
                "daylight": "ಮಾಸ್ಕೋ ಬೇಸಿಗೆ ಸಮಯ"
              }
            },
            "Myanmar": {
              "long": {
                "standard": "ಮ್ಯಾನ್ಮಾರ್ ಸಮಯ"
              }
            },
            "Nauru": {
              "long": {
                "standard": "ನೌರು ಸಮಯ"
              }
            },
            "Nepal": {
              "long": {
                "standard": "ನೇಪಾಳ ಸಮಯ"
              }
            },
            "New_Caledonia": {
              "long": {
                "generic": "ಹೊಸ ಕ್ಯಾಲೆಡೋನಿಯಾ ಸಮಯ",
                "standard": "ಹೊಸ ಕ್ಯಾಲೆಡೋನಿಯಾ ಪ್ರಮಾಣಿತ ಸಮಯ",
                "daylight": "ಹೊಸ ಕ್ಯಾಲೆಡೋನಿಯಾ ಬೇಸಿಗೆಯ ಸಮಯ"
              }
            },
            "New_Zealand": {
              "long": {
                "generic": "ನ್ಯೂಜಿಲ್ಯಾಂಡ್ ಸಮಯ",
                "standard": "ನ್ಯೂಜಿಲ್ಯಾಂಡ್ ಪ್ರಮಾಣಿತ ಸಮಯ",
                "daylight": "ನ್ಯೂಜಿಲ್ಯಾಂಡ್ ಹಗಲು ಸಮಯ"
              }
            },
            "Newfoundland": {
              "long": {
                "generic": "ನ್ಯೂಫೌಂಡ್‌ಲ್ಯಾಂಡ್ ಸಮಯ",
                "standard": "ನ್ಯೂಫೌಂಡ್‌ಲ್ಯಾಂಡ್ ಪ್ರಮಾಣಿತ ಸಮಯ",
                "daylight": "ನ್ಯೂಫೌಂಡ್‌ಲ್ಯಾಂಡ್ ದಿನದ ಸಮಯ"
              }
            },
            "Niue": {
              "long": {
                "standard": "ನಿಯು ಸಮಯ"
              }
            },
            "Norfolk": {
              "long": {
                "generic": "ನಾರ್ಫೋಕ್ ದ್ವೀಪ ಸಮಯ",
                "standard": "ನಾರ್ಫೋಕ್ ದ್ವೀಪ ಪ್ರಮಾಣಿತ ಸಮಯ",
                "daylight": "ನಾರ್ಫೋಕ್ ದ್ವೀಪ ಬೇಸಿಗೆ ಸಮಯ"
              }
            },
            "Noronha": {
              "long": {
                "generic": "ಫೆರ್ನಾಂಡೋ ಡೆ ನೊರೊನ್ಹಾ ಸಮಯ",
                "standard": "ಫೆರ್ನಾಂಡೋ ಡೆ ನೊರೊನ್ಹಾ ಪ್ರಮಾಣಿತ ಸಮಯ",
                "daylight": "ಫರ್ನಾಂಡೋ ದೆ ನೊರೊನ್ಹಾ ಬೇಸಿಗೆ ಸಮಯ"
              }
            },
            "North_Mariana": {
              "long": {
                "standard": "ಉತ್ತರ ಮರಿಯಾನಾ ದ್ವೀಪಗಳ ಸಮಯ"
              }
            },
            "Novosibirsk": {
              "long": {
                "generic": "ನೊವೊಸಿಬಿರ್‌ಸ್ಕ್ ಸಮಯ",
                "standard": "ನೊವೊಸಿಬಿರ್‌ಸ್ಕ್ ಪ್ರಮಾಣಿತ ಸಮಯ",
                "daylight": "ನೊವೊಸಿಬಿರ್‌ಸ್ಕ್ ಬೇಸಿಗೆ ಸಮಯ"
              }
            },
            "Omsk": {
              "long": {
                "generic": "ಒಮಾಸ್ಕ್ ಸಮಯ",
                "standard": "ಒಮಾಸ್ಕ್ ಪ್ರಮಾಣಿತ ಸಮಯ",
                "daylight": "ಒಮಾಸ್ಕ್ ಬೇಸಿಗೆ ಸಮಯ"
              }
            },
            "Pakistan": {
              "long": {
                "generic": "ಪಾಕಿಸ್ತಾನ ಸಮಯ",
                "standard": "ಪಾಕಿಸ್ತಾನ ಪ್ರಮಾಣಿತ ಸಮಯ",
                "daylight": "ಪಾಕಿಸ್ತಾನ ಬೇಸಿಗೆ ಸಮಯ"
              }
            },
            "Palau": {
              "long": {
                "standard": "ಪಾಲಾವ್ ಸಮಯ"
              }
            },
            "Papua_New_Guinea": {
              "long": {
                "standard": "ಪಪುವಾ ನ್ಯೂ ಗಿನಿಯಾ ಸಮಯ"
              }
            },
            "Paraguay": {
              "long": {
                "generic": "ಪರಾಗ್ವೇ ಸಮಯ",
                "standard": "ಪರಾಗ್ವೇ ಪ್ರಮಾಣಿತ ಸಮಯ",
                "daylight": "ಪರಾಗ್ವೇ ಬೇಸಿಗೆ ಸಮಯ"
              }
            },
            "Peru": {
              "long": {
                "generic": "ಪೆರು ಸಮಯ",
                "standard": "ಪೆರು ಪ್ರಮಾಣಿತ ಸಮಯ",
                "daylight": "ಪೆರು ಬೇಸಿಗೆ ಸಮಯ"
              }
            },
            "Philippines": {
              "long": {
                "generic": "ಫಿಲಿಫೈನ್ ಸಮಯ",
                "standard": "ಫಿಲಿಫೈನ್ ಪ್ರಮಾಣಿತ ಸಮಯ",
                "daylight": "ಫಿಲಿಫೈನ್ ಬೇಸಿಗೆ ಸಮಯ"
              }
            },
            "Phoenix_Islands": {
              "long": {
                "standard": "ಫಿನಿಕ್ಸ್ ದ್ವೀಪಗಳ ಸಮಯ"
              }
            },
            "Pierre_Miquelon": {
              "long": {
                "generic": "ಸೇಂಟ್ ಪಿಯರ್ ಮತ್ತು ಮಿಕ್ವೆಲನ್ ಸಮಯ",
                "standard": "ಸೇಂಟ್ ಪಿಯರ್ ಮತ್ತು ಮಿಕ್ವೆಲನ್ ಪ್ರಮಾಣಿತ ಸಮಯ",
                "daylight": "ಸೇಂಟ್ ಪಿಯರ್ ಮತ್ತು ಮಿಕ್ವೆಲನ್ ಹಗಲು ಸಮಯ"
              }
            },
            "Pitcairn": {
              "long": {
                "standard": "ಪಿಟ್‌ಕೈರ್ನ್ ಸಮಯ"
              }
            },
            "Ponape": {
              "long": {
                "standard": "ಪೊನಾಪೆ ಸಮಯ"
              }
            },
            "Pyongyang": {
              "long": {
                "standard": "ಪ್ಯೊಂಗ್ಯಾಂಗ್ ಸಮಯ"
              }
            },
            "Qyzylorda": {
              "long": {
                "generic": "ಕೋಜಿಲೋರ್ಡಾ ಸಮಯ",
                "standard": "ಕೋಜಿಲೋರ್ಡಾ ಪ್ರಮಾಣಿತ ಸಮಯ",
                "daylight": "ಕೋಜಿಲೋರ್ಡಾ ಬೇಸಿಗೆ ಸಮಯ"
              }
            },
            "Reunion": {
              "long": {
                "standard": "ರಿಯೂನಿಯನ್ ಸಮಯ"
              }
            },
            "Rothera": {
              "long": {
                "standard": "ರೊತೇರಾ ಸಮಯ"
              }
            },
            "Sakhalin": {
              "long": {
                "generic": "ಸ್ಯಾಕ್‌ಹಲಿನ್ ಸಮಯ",
                "standard": "ಸ್ಯಾಕ್‌ಹಲಿನ್ ಪ್ರಮಾಣಿತ ಸಮಯ",
                "daylight": "ಸ್ಯಾಕ್‌ಹಲಿನ್ ಬೇಸಿಗೆ ಸಮಯ"
              }
            },
            "Samara": {
              "long": {
                "generic": "ಸಮರ ಸಮಯ",
                "standard": "ಸಮರ ಪ್ರಮಾಣಿತ ಸಮಯ",
                "daylight": "ಸಮರ ಬೇಸಿಗೆ ಸಮಯ"
              }
            },
            "Samoa": {
              "long": {
                "generic": "ಸಮೋವಾ ಸಮಯ",
                "standard": "ಸಮೋವಾ ಪ್ರಮಾಣಿತ ಸಮಯ",
                "daylight": "ಸಮೋವಾ ಬೇಸಿಗೆ ಸಮಯ"
              }
            },
            "Seychelles": {
              "long": {
                "standard": "ಸೀಷೆಲ್ಸ್ ಸಮಯ"
              }
            },
            "Singapore": {
              "long": {
                "standard": "ಸಿಂಗಪುರ್ ಪ್ರಮಾಣಿತ ಸಮಯ"
              }
            },
            "Solomon": {
              "long": {
                "standard": "ಸಾಲಮನ್ ದ್ವೀಪಗಳ ಸಮಯ"
              }
            },
            "South_Georgia": {
              "long": {
                "standard": "ದಕ್ಷಿಣ ಜಾರ್ಜಿಯಾ ಸಮಯ"
              }
            },
            "Suriname": {
              "long": {
                "standard": "ಸುರಿನೇಮ್ ಸಮಯ"
              }
            },
            "Syowa": {
              "long": {
                "standard": "ಸ್ಯೊವಾ ಸಮಯ"
              }
            },
            "Tahiti": {
              "long": {
                "standard": "ತಾಹಿತಿ ಸಮಯ"
              }
            },
            "Taipei": {
              "long": {
                "generic": "ತೈಪೆ ಸಮಯ",
                "standard": "ತೈಪೆ ಪ್ರಮಾಣಿತ ಸಮಯ",
                "daylight": "ತೈಪೆ ಹಗಲು ಸಮಯ"
              }
            },
            "Tajikistan": {
              "long": {
                "standard": "ತಝಕಿಸ್ತಾನ್ ಸಮಯ"
              }
            },
            "Tokelau": {
              "long": {
                "standard": "ಟೊಕೆಲಾವ್ ಸಮಯ"
              }
            },
            "Tonga": {
              "long": {
                "generic": "ಟೊಂಗಾ ಸಮಯ",
                "standard": "ಟೊಂಗಾ ಪ್ರಮಾಣಿತ ಸಮಯ",
                "daylight": "ಟೊಂಗಾ ಬೇಸಿಗೆ ಸಮಯ"
              }
            },
            "Truk": {
              "long": {
                "standard": "ಚುಕ್ ಸಮಯ"
              }
            },
            "Turkmenistan": {
              "long": {
                "generic": "ತುರ್ಕ್‌ಮೇನಿಸ್ತಾನ್ ಸಮಯ",
                "standard": "ತುರ್ಕ್‌ಮೇನಿಸ್ತಾನ್ ಪ್ರಮಾಣಿತ ಸಮಯ",
                "daylight": "ತುರ್ಕ್‌ಮೇನಿಸ್ತಾನ್ ಬೇಸಿಗೆ ಸಮಯ"
              }
            },
            "Tuvalu": {
              "long": {
                "standard": "ತುವಾಲು ಸಮಯ"
              }
            },
            "Uruguay": {
              "long": {
                "generic": "ಉರುಗ್ವೇ ಸಮಯ",
                "standard": "ಉರುಗ್ವೇ ಪ್ರಮಾಣಿತ ಸಮಯ",
                "daylight": "ಉರುಗ್ವೇ ಬೇಸಿಗೆ ಸಮಯ"
              }
            },
            "Uzbekistan": {
              "long": {
                "generic": "ಉಜ್ಬೇಕಿಸ್ತಾನ್ ಸಮಯ",
                "standard": "ಉಜ್ಬೇಕಿಸ್ತಾನ್ ಪ್ರಮಾಣಿತ ಸಮಯ",
                "daylight": "ಉಜ್ಬೇಕಿಸ್ತಾನ್ ಬೇಸಿಗೆ ಸಮಯ"
              }
            },
            "Vanuatu": {
              "long": {
                "generic": "ವನೌತು ಸಮಯ",
                "standard": "ವನೌತು ಪ್ರಮಾಣಿತ ಸಮಯ",
                "daylight": "ವನೌತು ಬೇಸಿಗೆ ಸಮಯ"
              }
            },
            "Venezuela": {
              "long": {
                "standard": "ವೆನಿಜುವೆಲಾ ಸಮಯ"
              }
            },
            "Vladivostok": {
              "long": {
                "generic": "ವ್ಲಾಡಿವೋಸ್ಟೋಕ್ ಸಮಯ",
                "standard": "ವ್ಲಾಡಿವೋಸ್ಟೋಕ್ ಪ್ರಮಾಣಿತ ಸಮಯ",
                "daylight": "ವ್ಲಾಡಿವೋಸ್ಟೋಕ್ ಬೇಸಿಗೆ ಸಮಯ"
              }
            },
            "Volgograd": {
              "long": {
                "generic": "ವೋಲ್ಗೋಗಾರ್ಡ್ ಸಮಯ",
                "standard": "ವೋಲ್ಗೋಗಾರ್ಡ್ ಪ್ರಮಾಣಿತ ಸಮಯ",
                "daylight": "ವೋಲ್ಗೋಗಾರ್ಡ್ ಬೇಸಿಗೆ ಸಮಯ"
              }
            },
            "Vostok": {
              "long": {
                "standard": "ವೋಸ್ಟೊಕ್ ಸಮಯ"
              }
            },
            "Wake": {
              "long": {
                "standard": "ವೇಕ್ ದ್ವೀಪ ಸಮಯ"
              }
            },
            "Wallis": {
              "long": {
                "standard": "ವ್ಯಾಲೀಸ್ ಮತ್ತು ಫ್ಯುಟುನಾ ಸಮಯ"
              }
            },
            "Yakutsk": {
              "long": {
                "generic": "ಯಾಕುಟ್ಸಕ್ ಸಮಯ",
                "standard": "ಯಾಕುಟ್ಸಕ್ ಪ್ರಮಾಣಿತ ಸಮಯ",
                "daylight": "ಯಾಕುಟ್ಸಕ್ ಬೇಸಿಗೆ ಸಮಯ"
              }
            },
            "Yekaterinburg": {
              "long": {
                "generic": "ಯೇಕಟರಿನ್‌ಬರ್ಗ್ ಸಮಯ",
                "standard": "ಯೇಕಟರಿನ್‌ಬರ್ಗ್ ಪ್ರಮಾಣಿತ ಸಮಯ",
                "daylight": "ಯೇಕೇಟರಿನ್‍ಬರ್ಗ್ ಬೇಸಿಗೆ ಸಮಯ"
              }
            },
            "Yukon": {
              "long": {
                "standard": "ಯುಕಾನ್ ಸಮಯ"
              }
            }
          }
        }
      }
    }
  }
}
