{
  "main": {
    "ga": {
      "identity": {
        "version": {
          "_cldrVersion": "42"
        },
        "language": "ga"
      },
      "dates": {
        "timeZoneNames": {
          "hourFormat": "+HH:mm;-HH:mm",
          "gmtFormat": "MAG{0}",
          "gmtZeroFormat": "MAG",
          "regionFormat": "{0}",
          "regionFormat-type-daylight": "{0} (+1)",
          "regionFormat-type-standard": "{0} (+0)",
          "fallbackFormat": "{1} ({0})",
          "zone": {
            "America": {
              "Adak": {
                "exemplarCity": "Adak"
              },
              "Anchorage": {
                "exemplarCity": "Anchorage"
              },
              "Anguilla": {
                "exemplarCity": "Angaíle"
              },
              "Antigua": {
                "exemplarCity": "Antigua"
              },
              "Araguaina": {
                "exemplarCity": "Araguaina"
              },
              "Argentina": {
                "Rio_Gallegos": {
                  "exemplarCity": "Rio Gallegos"
                },
                "San_Juan": {
                  "exemplarCity": "San Juan"
                },
                "Ushuaia": {
                  "exemplarCity": "Ushuaia"
                },
                "La_Rioja": {
                  "exemplarCity": "La Rioja"
                },
                "San_Luis": {
                  "exemplarCity": "San Luis"
                },
                "Salta": {
                  "exemplarCity": "Salta"
                },
                "Tucuman": {
                  "exemplarCity": "Tucuman"
                }
              },
              "Aruba": {
                "exemplarCity": "Arúba"
              },
              "Asuncion": {
                "exemplarCity": "Asunción"
              },
              "Bahia": {
                "exemplarCity": "Bahia"
              },
              "Bahia_Banderas": {
                "exemplarCity": "Bahia Banderas"
              },
              "Barbados": {
                "exemplarCity": "Barbadós"
              },
              "Belem": {
                "exemplarCity": "Belém"
              },
              "Belize": {
                "exemplarCity": "an Bheilís"
              },
              "Blanc-Sablon": {
                "exemplarCity": "Blanc-Sablon"
              },
              "Boa_Vista": {
                "exemplarCity": "Boa Vista"
              },
              "Bogota": {
                "exemplarCity": "Bogatá"
              },
              "Boise": {
                "exemplarCity": "Boise"
              },
              "Buenos_Aires": {
                "exemplarCity": "Buenos Aires"
              },
              "Cambridge_Bay": {
                "exemplarCity": "Cambridge Bay"
              },
              "Campo_Grande": {
                "exemplarCity": "Campo Grande"
              },
              "Cancun": {
                "exemplarCity": "Cancún"
              },
              "Caracas": {
                "exemplarCity": "Caracas"
              },
              "Catamarca": {
                "exemplarCity": "Catamarca"
              },
              "Cayenne": {
                "exemplarCity": "Cayenne"
              },
              "Cayman": {
                "exemplarCity": "Cayman"
              },
              "Chicago": {
                "exemplarCity": "Chicago"
              },
              "Chihuahua": {
                "exemplarCity": "Chihuahua"
              },
              "Coral_Harbour": {
                "exemplarCity": "Atikokan"
              },
              "Cordoba": {
                "exemplarCity": "Córdoba"
              },
              "Costa_Rica": {
                "exemplarCity": "Cósta Ríce"
              },
              "Creston": {
                "exemplarCity": "Creston"
              },
              "Cuiaba": {
                "exemplarCity": "Cuiaba"
              },
              "Curacao": {
                "exemplarCity": "Cúrasó"
              },
              "Danmarkshavn": {
                "exemplarCity": "Danmarkshavn"
              },
              "Dawson": {
                "exemplarCity": "Dawson"
              },
              "Dawson_Creek": {
                "exemplarCity": "Dawson Creek"
              },
              "Denver": {
                "exemplarCity": "Denver"
              },
              "Detroit": {
                "exemplarCity": "Detroit"
              },
              "Dominica": {
                "exemplarCity": "Doiminice"
              },
              "Edmonton": {
                "exemplarCity": "Edmonton"
              },
              "Eirunepe": {
                "exemplarCity": "Eirunepe"
              },
              "El_Salvador": {
                "exemplarCity": "an tSalvadóir"
              },
              "Fort_Nelson": {
                "exemplarCity": "Fort Nelson"
              },
              "Fortaleza": {
                "exemplarCity": "Fortaleza"
              },
              "Glace_Bay": {
                "exemplarCity": "Glace Bay"
              },
              "Godthab": {
                "exemplarCity": "Nuuk"
              },
              "Goose_Bay": {
                "exemplarCity": "Goose Bay"
              },
              "Grand_Turk": {
                "exemplarCity": "Grand Turk"
              },
              "Grenada": {
                "exemplarCity": "Greanáda"
              },
              "Guadeloupe": {
                "exemplarCity": "Guadalúip"
              },
              "Guatemala": {
                "exemplarCity": "Guatamala"
              },
              "Guayaquil": {
                "exemplarCity": "Guayaquil"
              },
              "Guyana": {
                "exemplarCity": "an Ghuáin"
              },
              "Halifax": {
                "exemplarCity": "Halifax"
              },
              "Havana": {
                "exemplarCity": "Havana"
              },
              "Hermosillo": {
                "exemplarCity": "Hermosillo"
              },
              "Indiana": {
                "Vincennes": {
                  "exemplarCity": "Vincennes, Indiana"
                },
                "Petersburg": {
                  "exemplarCity": "Petersburg, Indiana"
                },
                "Tell_City": {
                  "exemplarCity": "Tell City, Indiana"
                },
                "Knox": {
                  "exemplarCity": "Knox, Indiana"
                },
                "Winamac": {
                  "exemplarCity": "Winamac, Indiana"
                },
                "Marengo": {
                  "exemplarCity": "Marengo, Indiana"
                },
                "Vevay": {
                  "exemplarCity": "Vevay, Indiana"
                }
              },
              "Indianapolis": {
                "exemplarCity": "Indianapolis"
              },
              "Inuvik": {
                "exemplarCity": "Inuvik"
              },
              "Iqaluit": {
                "exemplarCity": "Iqaluit"
              },
              "Jamaica": {
                "exemplarCity": "Iamáice"
              },
              "Jujuy": {
                "exemplarCity": "Jujuy"
              },
              "Juneau": {
                "exemplarCity": "Juneau"
              },
              "Kentucky": {
                "Monticello": {
                  "exemplarCity": "Monticello, Kentucky"
                }
              },
              "Kralendijk": {
                "exemplarCity": "Kralendijk"
              },
              "La_Paz": {
                "exemplarCity": "La Paz"
              },
              "Lima": {
                "exemplarCity": "Líoma"
              },
              "Los_Angeles": {
                "exemplarCity": "Los Angeles"
              },
              "Louisville": {
                "exemplarCity": "Louisville"
              },
              "Lower_Princes": {
                "exemplarCity": "Lower Prince’s Quarter"
              },
              "Maceio": {
                "exemplarCity": "Maceio"
              },
              "Managua": {
                "exemplarCity": "Managua"
              },
              "Manaus": {
                "exemplarCity": "Manaus"
              },
              "Marigot": {
                "exemplarCity": "Marigot"
              },
              "Martinique": {
                "exemplarCity": "Martinique"
              },
              "Matamoros": {
                "exemplarCity": "Matamoros"
              },
              "Mazatlan": {
                "exemplarCity": "Mazatlan"
              },
              "Mendoza": {
                "exemplarCity": "Mendoza"
              },
              "Menominee": {
                "exemplarCity": "Menominee"
              },
              "Merida": {
                "exemplarCity": "Merida"
              },
              "Metlakatla": {
                "exemplarCity": "Metlakatla"
              },
              "Mexico_City": {
                "exemplarCity": "Cathair Mheicsiceo"
              },
              "Miquelon": {
                "exemplarCity": "Miquelon"
              },
              "Moncton": {
                "exemplarCity": "Moncton"
              },
              "Monterrey": {
                "exemplarCity": "Monterrey"
              },
              "Montevideo": {
                "exemplarCity": "Montevideo"
              },
              "Montserrat": {
                "exemplarCity": "Montsarat"
              },
              "Nassau": {
                "exemplarCity": "Nassau"
              },
              "New_York": {
                "exemplarCity": "Nua-Eabhrac"
              },
              "Nipigon": {
                "exemplarCity": "Nipigon"
              },
              "Nome": {
                "exemplarCity": "Nome"
              },
              "Noronha": {
                "exemplarCity": "Noronha"
              },
              "North_Dakota": {
                "Beulah": {
                  "exemplarCity": "Beulah, North Dakota"
                },
                "New_Salem": {
                  "exemplarCity": "New Salem, North Dakota"
                },
                "Center": {
                  "exemplarCity": "Center, North Dakota"
                }
              },
              "Ojinaga": {
                "exemplarCity": "Ojinaga"
              },
              "Panama": {
                "exemplarCity": "Panama"
              },
              "Pangnirtung": {
                "exemplarCity": "Pangnirtung"
              },
              "Paramaribo": {
                "exemplarCity": "Paramaribo"
              },
              "Phoenix": {
                "exemplarCity": "Phoenix"
              },
              "Port-au-Prince": {
                "exemplarCity": "Port-au-Prince"
              },
              "Port_of_Spain": {
                "exemplarCity": "Port of Spain"
              },
              "Porto_Velho": {
                "exemplarCity": "Porto Velho"
              },
              "Puerto_Rico": {
                "exemplarCity": "Pórtó Ríce"
              },
              "Punta_Arenas": {
                "exemplarCity": "Punta Arenas"
              },
              "Rainy_River": {
                "exemplarCity": "Rainy River"
              },
              "Rankin_Inlet": {
                "exemplarCity": "Rankin Inlet"
              },
              "Recife": {
                "exemplarCity": "Recife"
              },
              "Regina": {
                "exemplarCity": "Regina"
              },
              "Resolute": {
                "exemplarCity": "Resolute"
              },
              "Rio_Branco": {
                "exemplarCity": "Rio Branco"
              },
              "Santa_Isabel": {
                "exemplarCity": "Santa Isabel"
              },
              "Santarem": {
                "exemplarCity": "Santarem"
              },
              "Santiago": {
                "exemplarCity": "Santiago"
              },
              "Santo_Domingo": {
                "exemplarCity": "Santo Domingo"
              },
              "Sao_Paulo": {
                "exemplarCity": "São Paulo"
              },
              "Scoresbysund": {
                "exemplarCity": "Ittoqqortoormiit"
              },
              "Sitka": {
                "exemplarCity": "Sitka"
              },
              "St_Barthelemy": {
                "exemplarCity": "Saint Barthélemy"
              },
              "St_Johns": {
                "exemplarCity": "St. John’s"
              },
              "St_Kitts": {
                "exemplarCity": "San Críostóir"
              },
              "St_Lucia": {
                "exemplarCity": "Saint Lucia"
              },
              "St_Thomas": {
                "exemplarCity": "St. Thomas"
              },
              "St_Vincent": {
                "exemplarCity": "San Uinseann"
              },
              "Swift_Current": {
                "exemplarCity": "Swift Current"
              },
              "Tegucigalpa": {
                "exemplarCity": "Tegucigalpa"
              },
              "Thule": {
                "exemplarCity": "Inis Tuile"
              },
              "Thunder_Bay": {
                "exemplarCity": "Thunder Bay"
              },
              "Tijuana": {
                "exemplarCity": "Tijuana"
              },
              "Toronto": {
                "exemplarCity": "Toronto"
              },
              "Tortola": {
                "exemplarCity": "Tortola"
              },
              "Vancouver": {
                "exemplarCity": "Vancouver"
              },
              "Whitehorse": {
                "exemplarCity": "Whitehorse"
              },
              "Winnipeg": {
                "exemplarCity": "Winnipeg"
              },
              "Yakutat": {
                "exemplarCity": "Yakutat"
              },
              "Yellowknife": {
                "exemplarCity": "Yellowknife"
              }
            },
            "Atlantic": {
              "Azores": {
                "exemplarCity": "na hAsóir"
              },
              "Bermuda": {
                "exemplarCity": "Beirmiúda"
              },
              "Canary": {
                "exemplarCity": "na hOileáin Chanáracha"
              },
              "Cape_Verde": {
                "exemplarCity": "Rinn Verde"
              },
              "Faeroe": {
                "exemplarCity": "Oileáin Fharó"
              },
              "Madeira": {
                "exemplarCity": "Maidéara"
              },
              "Reykjavik": {
                "exemplarCity": "Réicivíc"
              },
              "South_Georgia": {
                "exemplarCity": "an tSeoirsia Theas"
              },
              "St_Helena": {
                "exemplarCity": "San Héilin"
              },
              "Stanley": {
                "exemplarCity": "Stanley"
              }
            },
            "Europe": {
              "Amsterdam": {
                "exemplarCity": "Amstardam"
              },
              "Andorra": {
                "exemplarCity": "Andóra"
              },
              "Astrakhan": {
                "exemplarCity": "an Astracáin"
              },
              "Athens": {
                "exemplarCity": "an Aithin"
              },
              "Belgrade": {
                "exemplarCity": "Béalgrád"
              },
              "Berlin": {
                "exemplarCity": "Beirlín"
              },
              "Bratislava": {
                "exemplarCity": "an Bhratasláiv"
              },
              "Brussels": {
                "exemplarCity": "an Bhruiséil"
              },
              "Bucharest": {
                "exemplarCity": "Búcairist"
              },
              "Budapest": {
                "exemplarCity": "Búdaipeist"
              },
              "Busingen": {
                "exemplarCity": "Busingen"
              },
              "Chisinau": {
                "exemplarCity": "Císineá"
              },
              "Copenhagen": {
                "exemplarCity": "Cóbanhávan"
              },
              "Dublin": {
                "long": {
                  "daylight": "Am Caighdéanach na hÉireann"
                },
                "short": {
                  "daylight": "ACÉ"
                },
                "exemplarCity": "Baile Átha Cliath"
              },
              "Gibraltar": {
                "exemplarCity": "Giobráltar"
              },
              "Guernsey": {
                "exemplarCity": "Geansaí"
              },
              "Helsinki": {
                "exemplarCity": "Heilsincí"
              },
              "Isle_of_Man": {
                "exemplarCity": "Oileán Mhanann"
              },
              "Istanbul": {
                "exemplarCity": "Iostanbúl"
              },
              "Jersey": {
                "exemplarCity": "Geirsí"
              },
              "Kaliningrad": {
                "exemplarCity": "Kaliningrad"
              },
              "Kiev": {
                "exemplarCity": "Cív"
              },
              "Kirov": {
                "exemplarCity": "Kirov"
              },
              "Lisbon": {
                "exemplarCity": "Liospóin"
              },
              "Ljubljana": {
                "exemplarCity": "Liúibleána"
              },
              "London": {
                "long": {
                  "daylight": "Am Samhraidh na Breataine"
                },
                "short": {
                  "daylight": "ASB"
                },
                "exemplarCity": "Londain"
              },
              "Luxembourg": {
                "exemplarCity": "Lucsamburg"
              },
              "Madrid": {
                "exemplarCity": "Maidrid"
              },
              "Malta": {
                "exemplarCity": "Málta"
              },
              "Mariehamn": {
                "exemplarCity": "Mariehamn"
              },
              "Minsk": {
                "exemplarCity": "Mionsc"
              },
              "Monaco": {
                "exemplarCity": "Monacó"
              },
              "Moscow": {
                "exemplarCity": "Moscó"
              },
              "Oslo": {
                "exemplarCity": "Osló"
              },
              "Paris": {
                "exemplarCity": "Páras"
              },
              "Podgorica": {
                "exemplarCity": "Podgairítse"
              },
              "Prague": {
                "exemplarCity": "Prág"
              },
              "Riga": {
                "exemplarCity": "Ríge"
              },
              "Rome": {
                "exemplarCity": "an Róimh"
              },
              "Samara": {
                "exemplarCity": "Samara"
              },
              "San_Marino": {
                "exemplarCity": "San Mairíne"
              },
              "Sarajevo": {
                "exemplarCity": "Sairéavó"
              },
              "Saratov": {
                "exemplarCity": "Saratov"
              },
              "Simferopol": {
                "exemplarCity": "Simferopol"
              },
              "Skopje": {
                "exemplarCity": "Scóipé"
              },
              "Sofia": {
                "exemplarCity": "Sóifia"
              },
              "Stockholm": {
                "exemplarCity": "Stócólm"
              },
              "Tallinn": {
                "exemplarCity": "Taillinn"
              },
              "Tirane": {
                "exemplarCity": "Tiorána"
              },
              "Ulyanovsk": {
                "exemplarCity": "Ulyanovsk"
              },
              "Uzhgorod": {
                "exemplarCity": "Uzhgorod"
              },
              "Vaduz": {
                "exemplarCity": "Vadús"
              },
              "Vatican": {
                "exemplarCity": "an Vatacáin"
              },
              "Vienna": {
                "exemplarCity": "Vín"
              },
              "Vilnius": {
                "exemplarCity": "Vilnias"
              },
              "Volgograd": {
                "exemplarCity": "Volgograd"
              },
              "Warsaw": {
                "exemplarCity": "Vársá"
              },
              "Zagreb": {
                "exemplarCity": "Ságrab"
              },
              "Zaporozhye": {
                "exemplarCity": "Zaporozhye"
              },
              "Zurich": {
                "exemplarCity": "Zürich"
              }
            },
            "Africa": {
              "Abidjan": {
                "exemplarCity": "Abidjan"
              },
              "Accra": {
                "exemplarCity": "Accra"
              },
              "Addis_Ababa": {
                "exemplarCity": "Addis Ababa"
              },
              "Algiers": {
                "exemplarCity": "Cathair na hAilgéire"
              },
              "Asmera": {
                "exemplarCity": "Asmara"
              },
              "Bamako": {
                "exemplarCity": "Bamako"
              },
              "Bangui": {
                "exemplarCity": "Bangui"
              },
              "Banjul": {
                "exemplarCity": "Banjul"
              },
              "Bissau": {
                "exemplarCity": "Bissau"
              },
              "Blantyre": {
                "exemplarCity": "Blantyre"
              },
              "Brazzaville": {
                "exemplarCity": "Brazzaville"
              },
              "Bujumbura": {
                "exemplarCity": "Bujumbura"
              },
              "Cairo": {
                "exemplarCity": "Caireo"
              },
              "Casablanca": {
                "exemplarCity": "Casablanca"
              },
              "Ceuta": {
                "exemplarCity": "Ceuta"
              },
              "Conakry": {
                "exemplarCity": "Conacraí"
              },
              "Dakar": {
                "exemplarCity": "Dacár"
              },
              "Dar_es_Salaam": {
                "exemplarCity": "Dárasalám"
              },
              "Djibouti": {
                "exemplarCity": "Djibouti"
              },
              "Douala": {
                "exemplarCity": "Douala"
              },
              "El_Aaiun": {
                "exemplarCity": "Láúine"
              },
              "Freetown": {
                "exemplarCity": "Freetown"
              },
              "Gaborone": {
                "exemplarCity": "Gaborone"
              },
              "Harare": {
                "exemplarCity": "Harare"
              },
              "Johannesburg": {
                "exemplarCity": "Johannesburg"
              },
              "Juba": {
                "exemplarCity": "Juba"
              },
              "Kampala": {
                "exemplarCity": "Kampala"
              },
              "Khartoum": {
                "exemplarCity": "Cartúm"
              },
              "Kigali": {
                "exemplarCity": "Kigali"
              },
              "Kinshasa": {
                "exemplarCity": "Kinshasa"
              },
              "Lagos": {
                "exemplarCity": "Lagos"
              },
              "Libreville": {
                "exemplarCity": "Libreville"
              },
              "Lome": {
                "exemplarCity": "Lomé"
              },
              "Luanda": {
                "exemplarCity": "Luanda"
              },
              "Lubumbashi": {
                "exemplarCity": "Lubumbashi"
              },
              "Lusaka": {
                "exemplarCity": "Lusaka"
              },
              "Malabo": {
                "exemplarCity": "Malabo"
              },
              "Maputo": {
                "exemplarCity": "Mapútó"
              },
              "Maseru": {
                "exemplarCity": "Maseru"
              },
              "Mbabane": {
                "exemplarCity": "Mbabane"
              },
              "Mogadishu": {
                "exemplarCity": "Mogaidisiú"
              },
              "Monrovia": {
                "exemplarCity": "Monrovia"
              },
              "Nairobi": {
                "exemplarCity": "Nairobi"
              },
              "Ndjamena": {
                "exemplarCity": "Ndjamena"
              },
              "Niamey": {
                "exemplarCity": "Niamey"
              },
              "Nouakchott": {
                "exemplarCity": "Nuacsat"
              },
              "Ouagadougou": {
                "exemplarCity": "Ouagadougou"
              },
              "Porto-Novo": {
                "exemplarCity": "Porto-Novo"
              },
              "Sao_Tome": {
                "exemplarCity": "São Tomé"
              },
              "Tripoli": {
                "exemplarCity": "Tripilí"
              },
              "Tunis": {
                "exemplarCity": "Túinis"
              },
              "Windhoek": {
                "exemplarCity": "Windhoek"
              }
            },
            "Asia": {
              "Aden": {
                "exemplarCity": "Áidin"
              },
              "Almaty": {
                "exemplarCity": "Almaty"
              },
              "Amman": {
                "exemplarCity": "Amman"
              },
              "Anadyr": {
                "exemplarCity": "Anadyr"
              },
              "Aqtau": {
                "exemplarCity": "Aqtau"
              },
              "Aqtobe": {
                "exemplarCity": "Aqtobe"
              },
              "Ashgabat": {
                "exemplarCity": "Ashgabat"
              },
              "Atyrau": {
                "exemplarCity": "Atyrau"
              },
              "Baghdad": {
                "exemplarCity": "Bagdad"
              },
              "Bahrain": {
                "exemplarCity": "Bairéin"
              },
              "Baku": {
                "exemplarCity": "Baki"
              },
              "Bangkok": {
                "exemplarCity": "Bangkok"
              },
              "Barnaul": {
                "exemplarCity": "Barnaul"
              },
              "Beirut": {
                "exemplarCity": "Béiriút"
              },
              "Bishkek": {
                "exemplarCity": "Bishkek"
              },
              "Brunei": {
                "exemplarCity": "Brúiné"
              },
              "Calcutta": {
                "exemplarCity": "Calcúta"
              },
              "Chita": {
                "exemplarCity": "Chita"
              },
              "Choibalsan": {
                "exemplarCity": "Choibalsan"
              },
              "Colombo": {
                "exemplarCity": "Colombo"
              },
              "Damascus": {
                "exemplarCity": "an Damaisc"
              },
              "Dhaka": {
                "exemplarCity": "Dhaka"
              },
              "Dili": {
                "exemplarCity": "Dili"
              },
              "Dubai": {
                "exemplarCity": "Dubai"
              },
              "Dushanbe": {
                "exemplarCity": "Dushanbe"
              },
              "Famagusta": {
                "exemplarCity": "Famagusta"
              },
              "Gaza": {
                "exemplarCity": "Gaza"
              },
              "Hebron": {
                "exemplarCity": "Heabrón"
              },
              "Hong_Kong": {
                "exemplarCity": "Hong Cong"
              },
              "Hovd": {
                "exemplarCity": "Hovd"
              },
              "Irkutsk": {
                "exemplarCity": "Irkutsk"
              },
              "Jakarta": {
                "exemplarCity": "Iacárta"
              },
              "Jayapura": {
                "exemplarCity": "Jayapura"
              },
              "Jerusalem": {
                "exemplarCity": "Iarúsailéim"
              },
              "Kabul": {
                "exemplarCity": "Cabúl"
              },
              "Kamchatka": {
                "exemplarCity": "Kamchatka"
              },
              "Karachi": {
                "exemplarCity": "Karachi"
              },
              "Katmandu": {
                "exemplarCity": "Kathmandu"
              },
              "Khandyga": {
                "exemplarCity": "Khandyga"
              },
              "Krasnoyarsk": {
                "exemplarCity": "Krasnoyarsk"
              },
              "Kuala_Lumpur": {
                "exemplarCity": "Kuala Lumpur"
              },
              "Kuching": {
                "exemplarCity": "Kuching"
              },
              "Kuwait": {
                "exemplarCity": "Cuáit"
              },
              "Macau": {
                "exemplarCity": "Macao"
              },
              "Magadan": {
                "exemplarCity": "Magadan"
              },
              "Makassar": {
                "exemplarCity": "Macasar"
              },
              "Manila": {
                "exemplarCity": "Mainile"
              },
              "Muscat": {
                "exemplarCity": "Muscat"
              },
              "Nicosia": {
                "exemplarCity": "an Niocóis"
              },
              "Novokuznetsk": {
                "exemplarCity": "Novokuznetsk"
              },
              "Novosibirsk": {
                "exemplarCity": "Novosibirsk"
              },
              "Omsk": {
                "exemplarCity": "Omsk"
              },
              "Oral": {
                "exemplarCity": "Oral"
              },
              "Phnom_Penh": {
                "exemplarCity": "Phnom Penh"
              },
              "Pontianak": {
                "exemplarCity": "Pontianak"
              },
              "Pyongyang": {
                "exemplarCity": "Pyongyang"
              },
              "Qatar": {
                "exemplarCity": "Catar"
              },
              "Qostanay": {
                "exemplarCity": "Kostanay"
              },
              "Qyzylorda": {
                "exemplarCity": "Qyzylorda"
              },
              "Rangoon": {
                "exemplarCity": "Rangún"
              },
              "Riyadh": {
                "exemplarCity": "Riyadh"
              },
              "Saigon": {
                "exemplarCity": "Cathair Ho Chi Minh"
              },
              "Sakhalin": {
                "exemplarCity": "Sakhalin"
              },
              "Samarkand": {
                "exemplarCity": "Samarkand"
              },
              "Seoul": {
                "exemplarCity": "Súl"
              },
              "Shanghai": {
                "exemplarCity": "Shang-hai"
              },
              "Singapore": {
                "exemplarCity": "Singeapór"
              },
              "Srednekolymsk": {
                "exemplarCity": "Srednekolymsk"
              },
              "Taipei": {
                "exemplarCity": "Taipei"
              },
              "Tashkent": {
                "exemplarCity": "Tashkent"
              },
              "Tbilisi": {
                "exemplarCity": "Tbilisi"
              },
              "Tehran": {
                "exemplarCity": "Tehran"
              },
              "Thimphu": {
                "exemplarCity": "Thimphu"
              },
              "Tokyo": {
                "exemplarCity": "Tóiceo"
              },
              "Tomsk": {
                "exemplarCity": "Tomsk"
              },
              "Ulaanbaatar": {
                "exemplarCity": "Ulaanbaatar"
              },
              "Urumqi": {
                "exemplarCity": "Urumqi"
              },
              "Ust-Nera": {
                "exemplarCity": "Ust-Nera"
              },
              "Vientiane": {
                "exemplarCity": "Vientiane"
              },
              "Vladivostok": {
                "exemplarCity": "Vladivostok"
              },
              "Yakutsk": {
                "exemplarCity": "Iacútsc"
              },
              "Yekaterinburg": {
                "exemplarCity": "Yekaterinburg"
              },
              "Yerevan": {
                "exemplarCity": "Eireaván"
              }
            },
            "Indian": {
              "Antananarivo": {
                "exemplarCity": "Antananairíveo"
              },
              "Chagos": {
                "exemplarCity": "Chagos"
              },
              "Christmas": {
                "exemplarCity": "Oileán na Nollag"
              },
              "Cocos": {
                "exemplarCity": "Oileán Cocos"
              },
              "Comoro": {
                "exemplarCity": "Oileáin Chomóra"
              },
              "Kerguelen": {
                "exemplarCity": "Kerguelen"
              },
              "Mahe": {
                "exemplarCity": "Mahe"
              },
              "Maldives": {
                "exemplarCity": "Oileáin Mhaildíve"
              },
              "Mauritius": {
                "exemplarCity": "Oileán Mhuirís"
              },
              "Mayotte": {
                "exemplarCity": "Mayotte"
              },
              "Reunion": {
                "exemplarCity": "La Réunion"
              }
            },
            "Australia": {
              "Adelaide": {
                "exemplarCity": "Adelaide"
              },
              "Brisbane": {
                "exemplarCity": "Brisbane"
              },
              "Broken_Hill": {
                "exemplarCity": "Broken Hill"
              },
              "Currie": {
                "exemplarCity": "Currie"
              },
              "Darwin": {
                "exemplarCity": "Darwin"
              },
              "Eucla": {
                "exemplarCity": "Eucla"
              },
              "Hobart": {
                "exemplarCity": "Hobart"
              },
              "Lindeman": {
                "exemplarCity": "Lindeman"
              },
              "Lord_Howe": {
                "exemplarCity": "Lord Howe"
              },
              "Melbourne": {
                "exemplarCity": "Melbourne"
              },
              "Perth": {
                "exemplarCity": "Perth"
              },
              "Sydney": {
                "exemplarCity": "Sydney"
              }
            },
            "Pacific": {
              "Apia": {
                "exemplarCity": "Apia"
              },
              "Auckland": {
                "exemplarCity": "Auckland"
              },
              "Bougainville": {
                "exemplarCity": "Bougainville"
              },
              "Chatham": {
                "exemplarCity": "Chatham"
              },
              "Easter": {
                "exemplarCity": "Easter"
              },
              "Efate": {
                "exemplarCity": "Efate"
              },
              "Enderbury": {
                "exemplarCity": "Enderbury"
              },
              "Fakaofo": {
                "exemplarCity": "Fakaofo"
              },
              "Fiji": {
                "exemplarCity": "Fidsí"
              },
              "Funafuti": {
                "exemplarCity": "Funafuti"
              },
              "Galapagos": {
                "exemplarCity": "Galapagos"
              },
              "Gambier": {
                "exemplarCity": "Gambier"
              },
              "Guadalcanal": {
                "exemplarCity": "Guadalcanal"
              },
              "Guam": {
                "exemplarCity": "Guam"
              },
              "Honolulu": {
                "exemplarCity": "Honolulu"
              },
              "Johnston": {
                "exemplarCity": "Johnston"
              },
              "Kanton": {
                "exemplarCity": "Kanton"
              },
              "Kiritimati": {
                "exemplarCity": "Kiritimati"
              },
              "Kosrae": {
                "exemplarCity": "Kosrae"
              },
              "Kwajalein": {
                "exemplarCity": "Kwajalein"
              },
              "Majuro": {
                "exemplarCity": "Majuro"
              },
              "Marquesas": {
                "exemplarCity": "na hOileáin Mharcasacha"
              },
              "Midway": {
                "exemplarCity": "Oileáin Midway"
              },
              "Nauru": {
                "exemplarCity": "Nárú"
              },
              "Niue": {
                "exemplarCity": "Niue"
              },
              "Norfolk": {
                "exemplarCity": "Norfolk"
              },
              "Noumea": {
                "exemplarCity": "Noumea"
              },
              "Pago_Pago": {
                "exemplarCity": "Pago Pago"
              },
              "Palau": {
                "exemplarCity": "Palau"
              },
              "Pitcairn": {
                "exemplarCity": "Pitcairn"
              },
              "Ponape": {
                "exemplarCity": "Pohnpei"
              },
              "Port_Moresby": {
                "exemplarCity": "Port Moresby"
              },
              "Rarotonga": {
                "exemplarCity": "Rarotonga"
              },
              "Saipan": {
                "exemplarCity": "Saipan"
              },
              "Tahiti": {
                "exemplarCity": "Taihítí"
              },
              "Tarawa": {
                "exemplarCity": "Tarawa"
              },
              "Tongatapu": {
                "exemplarCity": "Tongatapu"
              },
              "Truk": {
                "exemplarCity": "Chuuk"
              },
              "Wake": {
                "exemplarCity": "Wake"
              },
              "Wallis": {
                "exemplarCity": "Vailís"
              }
            },
            "Arctic": {
              "Longyearbyen": {
                "exemplarCity": "Longyearbyen"
              }
            },
            "Antarctica": {
              "Casey": {
                "exemplarCity": "Casey"
              },
              "Davis": {
                "exemplarCity": "Davis"
              },
              "DumontDUrville": {
                "exemplarCity": "Dumont d’Urville"
              },
              "Macquarie": {
                "exemplarCity": "Mac Guaire"
              },
              "Mawson": {
                "exemplarCity": "Mawson"
              },
              "McMurdo": {
                "exemplarCity": "McMurdo"
              },
              "Palmer": {
                "exemplarCity": "Palmer"
              },
              "Rothera": {
                "exemplarCity": "Rothera"
              },
              "Syowa": {
                "exemplarCity": "Syowa"
              },
              "Troll": {
                "exemplarCity": "Troll"
              },
              "Vostok": {
                "exemplarCity": "Vostok"
              }
            },
            "Etc": {
              "UTC": {
                "long": {
                  "standard": "Am Uilíoch Lárnach"
                },
                "short": {
                  "standard": "UTC"
                }
              },
              "Unknown": {
                "exemplarCity": "Cathair Anaithnid"
              }
            }
          },
          "metazone": {
            "Acre": {
              "long": {
                "generic": "Am Acre",
                "standard": "Am Caighdeánach Acre",
                "daylight": "Am Samhraidh Acre"
              }
            },
            "Afghanistan": {
              "long": {
                "standard": "Am na hAfganastáine"
              }
            },
            "Africa_Central": {
              "long": {
                "standard": "Am na hAfraice Láir"
              }
            },
            "Africa_Eastern": {
              "long": {
                "standard": "Am Oirthear na hAfraice"
              }
            },
            "Africa_Southern": {
              "long": {
                "standard": "Am na hAfraice Theas"
              }
            },
            "Africa_Western": {
              "long": {
                "generic": "Am Iarthar na hAfraice",
                "standard": "Am Caighdeánach Iarthar na hAfraice",
                "daylight": "Am Samhraidh Iarthar na hAfraice"
              }
            },
            "Alaska": {
              "long": {
                "generic": "Am Alasca",
                "standard": "Am Caighdeánach Alasca",
                "daylight": "Am Samhraidh Alasca"
              }
            },
            "Almaty": {
              "long": {
                "generic": "Am Almaty",
                "standard": "Am Caighdeánach Almaty",
                "daylight": "Am Samhraidh Almaty"
              }
            },
            "Amazon": {
              "long": {
                "generic": "Am na hAmasóine",
                "standard": "Am Caighdeánach na hAmasóine",
                "daylight": "Am Samhraidh na hAmasóine"
              }
            },
            "America_Central": {
              "long": {
                "generic": "Am Lárnach Mheiriceá Thuaidh",
                "standard": "Am Caighdeánach Lárnach Mheiriceá Thuaidh",
                "daylight": "Am Samhraidh Lárnach Mheiriceá Thuaidh"
              }
            },
            "America_Eastern": {
              "long": {
                "generic": "Am Oirthearach Mheiriceá Thuaidh",
                "standard": "Am Caighdeánach Oirthearach Mheiriceá Thuaidh",
                "daylight": "Am Samhraidh Oirthearach Mheiriceá Thuaidh"
              }
            },
            "America_Mountain": {
              "long": {
                "generic": "Am Sléibhte Mheiriceá Thuaidh",
                "standard": "Am Caighdeánach Sléibhte Mheiriceá Thuaidh",
                "daylight": "Am Samhraidh Sléibhte Mheiriceá Thuaidh"
              }
            },
            "America_Pacific": {
              "long": {
                "generic": "Am an Aigéin Chiúin",
                "standard": "Am Caighdeánach an Aigéin Chiúin",
                "daylight": "Am Samhraidh an Aigéin Chiúin"
              },
              "short": {
                "generic": "AAC",
                "standard": "ACAC",
                "daylight": "ASAC"
              }
            },
            "Anadyr": {
              "long": {
                "generic": "Am Anadyr",
                "standard": "Am Caighdeánach Anadyr",
                "daylight": "Am Samhraidh Anadyr"
              }
            },
            "Apia": {
              "long": {
                "generic": "Am Apia",
                "standard": "Am Caighdeánach Apia",
                "daylight": "Am Samhraidh Apia"
              }
            },
            "Aqtau": {
              "long": {
                "generic": "Am Aqtau",
                "standard": "Am Caighdeánach Aqtau",
                "daylight": "Am Samhraidh Aqtau"
              }
            },
            "Aqtobe": {
              "long": {
                "generic": "Am Aqtobe",
                "standard": "Am Caighdeánach Aqtobe",
                "daylight": "Am Samhraidh Aqtobe"
              }
            },
            "Arabian": {
              "long": {
                "generic": "Am na hAraibe",
                "standard": "Am Caighdeánach na hAraibe",
                "daylight": "Am Samhraidh na hAraibe"
              }
            },
            "Argentina": {
              "long": {
                "generic": "Am na hAirgintíne",
                "standard": "Am Caighdeánach na hAirgintíne",
                "daylight": "Am Samhraidh na hAirgintíne"
              }
            },
            "Argentina_Western": {
              "long": {
                "generic": "Am Iartharach na hAirgintíne",
                "standard": "Am Caighdeánach Iartharach na hAirgintíne",
                "daylight": "Am Samhraidh Iartharach na hAirgintíne"
              }
            },
            "Armenia": {
              "long": {
                "generic": "Am na hAirméine",
                "standard": "Am Caighdeánach na hAirméine",
                "daylight": "Am Samhraidh na hAirméine"
              }
            },
            "Atlantic": {
              "long": {
                "generic": "Am an Atlantaigh",
                "standard": "Am Caighdeánach an Atlantaigh",
                "daylight": "Am Samhraidh an Atlantaigh"
              }
            },
            "Australia_Central": {
              "long": {
                "generic": "Am Lár na hAstráile",
                "standard": "Am Caighdeánach Lár na hAstráile",
                "daylight": "Am Samhraidh Lár na hAstráile"
              }
            },
            "Australia_CentralWestern": {
              "long": {
                "generic": "Am Mheániarthar na hAstráile",
                "standard": "Am Caighdeánach Mheániarthar na hAstráile",
                "daylight": "Am Samhraidh Mheániarthar na hAstráile"
              }
            },
            "Australia_Eastern": {
              "long": {
                "generic": "Am Oirthear na hAstráile",
                "standard": "Am Caighdeánach Oirthear na hAstráile",
                "daylight": "Am Samhraidh Oirthear na hAstráile"
              }
            },
            "Australia_Western": {
              "long": {
                "generic": "Am Iarthar na hAstráile",
                "standard": "Am Caighdeánach Iarthar na hAstráile",
                "daylight": "Am Samhraidh Iarthar na hAstráile"
              }
            },
            "Azerbaijan": {
              "long": {
                "generic": "Am na hAsarbaiseáine",
                "standard": "Am Caighdeánach na hAsarbaiseáine",
                "daylight": "Am Samhraidh na hAsarbaiseáine"
              }
            },
            "Azores": {
              "long": {
                "generic": "Am na nAsór",
                "standard": "Am Caighdeánach na nAsór",
                "daylight": "Am Samhraidh na nAsór"
              }
            },
            "Bangladesh": {
              "long": {
                "generic": "Am na Banglaidéise",
                "standard": "Am Caighdeánach na Banglaidéise",
                "daylight": "Am Samhraidh na Banglaidéise"
              }
            },
            "Bhutan": {
              "long": {
                "standard": "Am na Bútáine"
              }
            },
            "Bolivia": {
              "long": {
                "standard": "Am na Bolaive"
              }
            },
            "Brasilia": {
              "long": {
                "generic": "Am Bhrasília",
                "standard": "Am Caighdeánach Bhrasília",
                "daylight": "Am Samhraidh Bhrasília"
              }
            },
            "Brunei": {
              "long": {
                "standard": "Am Bhrúiné Darasalám"
              }
            },
            "Cape_Verde": {
              "long": {
                "generic": "Am Rinn Verde",
                "standard": "Am Caighdeánach Rinn Verde",
                "daylight": "Am Samhraidh Rinn Verde"
              }
            },
            "Casey": {
              "long": {
                "standard": "Am Stáisiún Casey"
              }
            },
            "Chamorro": {
              "long": {
                "standard": "Am Caighdeánach Seamórach"
              }
            },
            "Chatham": {
              "long": {
                "generic": "Am Chatham",
                "standard": "Am Caighdeánach Chatham",
                "daylight": "Am Samhraidh Chatham"
              }
            },
            "Chile": {
              "long": {
                "generic": "Am na Sile",
                "standard": "Am Caighdeánach na Sile",
                "daylight": "Am Samhraidh na Sile"
              }
            },
            "China": {
              "long": {
                "generic": "Am na Síne",
                "standard": "Am Caighdeánach na Síne",
                "daylight": "Am Samhraidh na Síne"
              }
            },
            "Choibalsan": {
              "long": {
                "generic": "Am Choibalsan",
                "standard": "Am Caighdeánach Choibalsan",
                "daylight": "Am Samhraidh Choibalsan"
              }
            },
            "Christmas": {
              "long": {
                "standard": "Am Oileán na Nollag"
              }
            },
            "Cocos": {
              "long": {
                "standard": "Am Oileáin Cocos"
              }
            },
            "Colombia": {
              "long": {
                "generic": "Am na Colóime",
                "standard": "Am Caighdeánach na Colóime",
                "daylight": "Am Samhraidh na Colóime"
              }
            },
            "Cook": {
              "long": {
                "generic": "Am Oileáin Cook",
                "standard": "Am Caighdeánach Oileáin Cook",
                "daylight": "Am Leathshamhraidh Oileáin Cook"
              }
            },
            "Cuba": {
              "long": {
                "generic": "Am Chúba",
                "standard": "Am Caighdeánach Chúba",
                "daylight": "Am Samhraidh Chúba"
              }
            },
            "Davis": {
              "long": {
                "standard": "Am Davis"
              }
            },
            "DumontDUrville": {
              "long": {
                "standard": "Am Dumont-d’Urville"
              }
            },
            "East_Timor": {
              "long": {
                "standard": "Am Thíomór Thoir"
              }
            },
            "Easter": {
              "long": {
                "generic": "Am Oileán na Cásca",
                "standard": "Am Caighdeánach Oileán na Cásca",
                "daylight": "Am Samhraidh Oileán na Cásca"
              }
            },
            "Ecuador": {
              "long": {
                "standard": "Am Eacuadór"
              }
            },
            "Europe_Central": {
              "long": {
                "generic": "Am Lár na hEorpa",
                "standard": "Am Caighdeánach Lár na hEorpa",
                "daylight": "Am Samhraidh Lár na hEorpa"
              },
              "short": {
                "generic": "CET",
                "standard": "CET",
                "daylight": "CEST"
              }
            },
            "Europe_Eastern": {
              "long": {
                "generic": "Am Oirthear na hEorpa",
                "standard": "Am Caighdeánach Oirthear na hEorpa",
                "daylight": "Am Samhraidh Oirthear na hEorpa"
              },
              "short": {
                "generic": "EET",
                "standard": "EET",
                "daylight": "EEST"
              }
            },
            "Europe_Further_Eastern": {
              "long": {
                "standard": "Am Chianoirthear na hEorpa"
              }
            },
            "Europe_Western": {
              "long": {
                "generic": "Am Iarthar na hEorpa",
                "standard": "Am Caighdeánach Iarthar na hEorpa",
                "daylight": "Am Samhraidh Iarthar na hEorpa"
              },
              "short": {
                "generic": "WET",
                "standard": "WET",
                "daylight": "WEST"
              }
            },
            "Falkland": {
              "long": {
                "generic": "Am Oileáin Fháclainne",
                "standard": "Am Caighdeánach Oileáin Fháclainne",
                "daylight": "Am Samhraidh Oileáin Fháclainne"
              }
            },
            "Fiji": {
              "long": {
                "generic": "Am Fhidsí",
                "standard": "Am Caighdeánach Fhidsí",
                "daylight": "Am Samhraidh Fhidsí"
              }
            },
            "French_Guiana": {
              "long": {
                "standard": "Am Ghuáin na Fraince"
              }
            },
            "French_Southern": {
              "long": {
                "standard": "Am Francach Dheisceart an Domhain agus an Antartaigh"
              }
            },
            "Galapagos": {
              "long": {
                "standard": "Am Oileáin Galápagos"
              }
            },
            "Gambier": {
              "long": {
                "standard": "Am Gambier"
              }
            },
            "Georgia": {
              "long": {
                "generic": "Am na Seoirsia",
                "standard": "Am Caighdeánach na Seoirsia",
                "daylight": "Am Samhraidh na Seoirsia"
              }
            },
            "Gilbert_Islands": {
              "long": {
                "standard": "Am Chireabaití"
              }
            },
            "GMT": {
              "long": {
                "standard": "Meán-Am Greenwich"
              },
              "short": {
                "standard": "MAG"
              }
            },
            "Greenland_Eastern": {
              "long": {
                "generic": "Am Oirthear na Graonlainne",
                "standard": "Am Caighdeánach Oirthear na Graonlainne",
                "daylight": "Am Samhraidh Oirthear na Graonlainne"
              }
            },
            "Greenland_Western": {
              "long": {
                "generic": "Am Iarthar na Graonlainne",
                "standard": "Am Caighdeánach Iarthar na Graonlainne",
                "daylight": "Am Samhraidh Iarthar na Graonlainne"
              }
            },
            "Guam": {
              "long": {
                "standard": "Am Caighdeánach Ghuam"
              }
            },
            "Gulf": {
              "long": {
                "standard": "Am Caighdeánach na Murascaille"
              }
            },
            "Guyana": {
              "long": {
                "standard": "Am na Guáine"
              }
            },
            "Hawaii_Aleutian": {
              "long": {
                "generic": "Am Haváí-Ailiúit",
                "standard": "Am Caighdeánach Haváí-Ailiúit",
                "daylight": "Am Samhraidh Haváí-Ailiúit"
              }
            },
            "Hong_Kong": {
              "long": {
                "generic": "Am Hong Cong",
                "standard": "Am Caighdeánach Hong Cong",
                "daylight": "Am Samhraidh Hong Cong"
              }
            },
            "Hovd": {
              "long": {
                "generic": "Am Hovd",
                "standard": "Am Caighdeánach Hovd",
                "daylight": "Am Samhraidh Hovd"
              }
            },
            "India": {
              "long": {
                "standard": "Am Caighdeánach na hIndia"
              }
            },
            "Indian_Ocean": {
              "long": {
                "standard": "Am an Aigéin Indiaigh"
              }
            },
            "Indochina": {
              "long": {
                "standard": "Am na hInd-Síne"
              }
            },
            "Indonesia_Central": {
              "long": {
                "standard": "Am Lár na hIndinéise"
              }
            },
            "Indonesia_Eastern": {
              "long": {
                "standard": "Am Oirthear na hIndinéise"
              }
            },
            "Indonesia_Western": {
              "long": {
                "standard": "Am Iarthar na hIndinéise"
              }
            },
            "Iran": {
              "long": {
                "generic": "Am na hIaráine",
                "standard": "Am Caighdeánach na hIaráine",
                "daylight": "Am Samhraidh na hIaráine"
              }
            },
            "Irkutsk": {
              "long": {
                "generic": "Am Irkutsk",
                "standard": "Am Caighdeánach Irkutsk",
                "daylight": "Am Samhraidh Irkutsk"
              }
            },
            "Israel": {
              "long": {
                "generic": "Am Iosrael",
                "standard": "Am Caighdeánach Iosrael",
                "daylight": "Am Samhraidh Iosrael"
              }
            },
            "Japan": {
              "long": {
                "generic": "Am na Seapáine",
                "standard": "Am Caighdeánach na Seapáine",
                "daylight": "Am Samhraidh na Seapáine"
              }
            },
            "Kamchatka": {
              "long": {
                "generic": "Am Phetropavlovsk-Kamchatski",
                "standard": "Am Caighdeánach Phetropavlovsk-Kamchatski",
                "daylight": "Am Samhraidh Phetropavlovsk-Kamchatski"
              }
            },
            "Kazakhstan_Eastern": {
              "long": {
                "standard": "Am Oirthear na Casacstáine"
              }
            },
            "Kazakhstan_Western": {
              "long": {
                "standard": "Am Iarthar na Casacstáine"
              }
            },
            "Korea": {
              "long": {
                "generic": "Am na Cóiré",
                "standard": "Am Caighdeánach na Cóiré",
                "daylight": "Am Samhraidh na Cóiré"
              }
            },
            "Kosrae": {
              "long": {
                "standard": "Am Kosrae"
              }
            },
            "Krasnoyarsk": {
              "long": {
                "generic": "Am Krasnoyarsk",
                "standard": "Am Caighdeánach Krasnoyarsk",
                "daylight": "Am Samhraidh Krasnoyarsk"
              }
            },
            "Kyrgystan": {
              "long": {
                "standard": "Am na Cirgeastáine"
              }
            },
            "Lanka": {
              "long": {
                "standard": "Am Shrí Lanca"
              }
            },
            "Line_Islands": {
              "long": {
                "standard": "Am Oileáin na Líne"
              }
            },
            "Lord_Howe": {
              "long": {
                "generic": "Am Lord Howe",
                "standard": "Am Caighdeánach Lord Howe",
                "daylight": "Am Samhraidh Lord Howe"
              }
            },
            "Macau": {
              "long": {
                "generic": "Am Mhacao",
                "standard": "Am Caighdeánach Mhacao",
                "daylight": "Am Samhraidh Mhacao"
              }
            },
            "Macquarie": {
              "long": {
                "standard": "Am Oileán Mhic Guaire"
              }
            },
            "Magadan": {
              "long": {
                "generic": "Am Mhagadan",
                "standard": "Am Caighdeánach Mhagadan",
                "daylight": "Am Samhraidh Mhagadan"
              }
            },
            "Malaysia": {
              "long": {
                "standard": "Am na Malaeisia"
              }
            },
            "Maldives": {
              "long": {
                "standard": "Am Oileáin Mhaildíve"
              }
            },
            "Marquesas": {
              "long": {
                "standard": "Am na nOileán Marcasach"
              }
            },
            "Marshall_Islands": {
              "long": {
                "standard": "Am Oileáin Marshall"
              }
            },
            "Mauritius": {
              "long": {
                "generic": "Am Oileán Mhuirís",
                "standard": "Am Caighdeánach Oileán Mhuirís",
                "daylight": "Am Samhraidh Oileán Mhuirís"
              }
            },
            "Mawson": {
              "long": {
                "standard": "Am Mawson"
              }
            },
            "Mexico_Northwest": {
              "long": {
                "generic": "Am Iarthuaisceart Mheicsiceo",
                "standard": "Am Caighdeánach Iarthuaisceart Mheicsiceo",
                "daylight": "Am Samhraidh Iarthuaisceart Mheicsiceo"
              }
            },
            "Mexico_Pacific": {
              "long": {
                "generic": "Am Meicsiceach an Aigéin Chiúin",
                "standard": "Am Caighdeánach Meicsiceach an Aigéin Chiúin",
                "daylight": "Am Samhraidh Meicsiceach an Aigéin Chiúin"
              }
            },
            "Mongolia": {
              "long": {
                "generic": "Am Ulánbátar",
                "standard": "Am Caighdeánach Ulánbátar",
                "daylight": "Am Samhraidh Ulánbátar"
              }
            },
            "Moscow": {
              "long": {
                "generic": "Am Mhoscó",
                "standard": "Am Caighdeánach Mhoscó",
                "daylight": "Am Samhraidh Mhoscó"
              }
            },
            "Myanmar": {
              "long": {
                "standard": "Am Mhaenmar"
              }
            },
            "Nauru": {
              "long": {
                "standard": "Am Nárú"
              }
            },
            "Nepal": {
              "long": {
                "standard": "Am Neipeal"
              }
            },
            "New_Caledonia": {
              "long": {
                "generic": "Am na Nua-Chaladóine",
                "standard": "Am Caighdeánach na Nua-Chaladóine",
                "daylight": "Am Samhraidh na Nua-Chaladóine"
              }
            },
            "New_Zealand": {
              "long": {
                "generic": "Am na Nua-Shéalainne",
                "standard": "Am Caighdeánach na Nua-Shéalainne",
                "daylight": "Am Samhraidh na Nua-Shéalainne"
              }
            },
            "Newfoundland": {
              "long": {
                "generic": "Am Thalamh an Éisc",
                "standard": "Am Caighdeánach Thalamh an Éisc",
                "daylight": "Am Samhraidh Thalamh an Éisc"
              }
            },
            "Niue": {
              "long": {
                "standard": "Am Niue"
              }
            },
            "Norfolk": {
              "long": {
                "generic": "Am Oileán Norfolk",
                "standard": "Am Caighdeánach Oileán Norfolk",
                "daylight": "Am Samhraidh Oileán Norfolk"
              }
            },
            "Noronha": {
              "long": {
                "generic": "Am Fernando de Noronha",
                "standard": "Am Caighdeánach Fernando de Noronha",
                "daylight": "Am Samhraidh Fernando de Noronha"
              }
            },
            "North_Mariana": {
              "long": {
                "standard": "Am na nOileán Máirianach Thuaidh"
              }
            },
            "Novosibirsk": {
              "long": {
                "generic": "Am Novosibirsk",
                "standard": "Am Caighdeánach Novosibirsk",
                "daylight": "Am Samhraidh Novosibirsk"
              }
            },
            "Omsk": {
              "long": {
                "generic": "Am Omsk",
                "standard": "Am Caighdeánach Omsk",
                "daylight": "Am Samhraidh Omsk"
              }
            },
            "Pakistan": {
              "long": {
                "generic": "Am na Pacastáine",
                "standard": "Am Caighdeánach na Pacastáine",
                "daylight": "Am Samhraidh na Pacastáine"
              }
            },
            "Palau": {
              "long": {
                "standard": "Am Oileáin Palau"
              }
            },
            "Papua_New_Guinea": {
              "long": {
                "standard": "Am Nua-Ghuine Phapua"
              }
            },
            "Paraguay": {
              "long": {
                "generic": "Am Pharagua",
                "standard": "Am Caighdeánach Pharagua",
                "daylight": "Am Samhraidh Pharagua"
              }
            },
            "Peru": {
              "long": {
                "generic": "Am Pheiriú",
                "standard": "Am Caighdeánach Pheiriú",
                "daylight": "Am Samhraidh Pheiriú"
              }
            },
            "Philippines": {
              "long": {
                "generic": "Am na nOileán Filipíneach",
                "standard": "Am Caighdeánach na nOileán Filipíneach",
                "daylight": "Am Samhraidh na nOileán Filipíneach"
              }
            },
            "Phoenix_Islands": {
              "long": {
                "standard": "Am Oileáin an Fhéinics"
              }
            },
            "Pierre_Miquelon": {
              "long": {
                "generic": "Am Saint-Pierre-et-Miquelon",
                "standard": "Am Caighdeánach Saint-Pierre-et-Miquelon",
                "daylight": "Am Samhraidh Saint-Pierre-et-Miquelon"
              }
            },
            "Pitcairn": {
              "long": {
                "standard": "Am Pitcairn"
              }
            },
            "Ponape": {
              "long": {
                "standard": "Am Phohnpei"
              }
            },
            "Pyongyang": {
              "long": {
                "standard": "Am Pyongyang"
              }
            },
            "Qyzylorda": {
              "long": {
                "generic": "Am Qyzylorda",
                "standard": "Am Caighdeánach Qyzylorda",
                "daylight": "Am Samhraidh Qyzylorda"
              }
            },
            "Reunion": {
              "long": {
                "standard": "Am Réunion"
              }
            },
            "Rothera": {
              "long": {
                "standard": "Am Rothera"
              }
            },
            "Sakhalin": {
              "long": {
                "generic": "Am Shacailín",
                "standard": "Am Caighdeánach Shacailín",
                "daylight": "Am Samhraidh Shacailín"
              }
            },
            "Samara": {
              "long": {
                "generic": "Am Shamara",
                "standard": "Am Caighdeánach Shamara",
                "daylight": "Am Samhraidh Shamara"
              }
            },
            "Samoa": {
              "long": {
                "generic": "Am Shamó",
                "standard": "Am Caighdeánach Shamó",
                "daylight": "Am Samhraidh Shamó"
              }
            },
            "Seychelles": {
              "long": {
                "standard": "Am na Séiséal"
              }
            },
            "Singapore": {
              "long": {
                "standard": "Am Caighdeánach Shingeapór"
              }
            },
            "Solomon": {
              "long": {
                "standard": "Am Oileáin Sholaimh"
              }
            },
            "South_Georgia": {
              "long": {
                "standard": "Am na Seoirsia Theas"
              }
            },
            "Suriname": {
              "long": {
                "standard": "Am Shuranam"
              }
            },
            "Syowa": {
              "long": {
                "standard": "Am Syowa"
              }
            },
            "Tahiti": {
              "long": {
                "standard": "Am Thaihítí"
              }
            },
            "Taipei": {
              "long": {
                "generic": "Am Taipei",
                "standard": "Am Caighdeánach Taipei",
                "daylight": "Am Samhraidh Taipei"
              }
            },
            "Tajikistan": {
              "long": {
                "standard": "Am na Táidsíceastáine"
              }
            },
            "Tokelau": {
              "long": {
                "standard": "Am Oileáin Tócalá"
              }
            },
            "Tonga": {
              "long": {
                "generic": "Am Thonga",
                "standard": "Am Caighdeánach Thonga",
                "daylight": "Am Samhraidh Thonga"
              }
            },
            "Truk": {
              "long": {
                "standard": "Am Chuuk"
              }
            },
            "Turkmenistan": {
              "long": {
                "generic": "Am na Tuircméanastáine",
                "standard": "Am Caighdeánach na Tuircméanastáine",
                "daylight": "Am Samhraidh na Tuircméanastáine"
              }
            },
            "Tuvalu": {
              "long": {
                "standard": "Am Thúvalú"
              }
            },
            "Uruguay": {
              "long": {
                "generic": "Am Uragua",
                "standard": "Am Caighdeánach Uragua",
                "daylight": "Am Samhraidh Uragua"
              }
            },
            "Uzbekistan": {
              "long": {
                "generic": "Am na hÚisbéiceastáine",
                "standard": "Am Caighdeánach na hÚisbéiceastáine",
                "daylight": "Am Samhraidh na hÚisbéiceastáine"
              }
            },
            "Vanuatu": {
              "long": {
                "generic": "Am Vanuatú",
                "standard": "Am Caighdeánach Vanuatú",
                "daylight": "Am Samhraidh Vanuatú"
              }
            },
            "Venezuela": {
              "long": {
                "standard": "Am Veiniséala"
              }
            },
            "Vladivostok": {
              "long": {
                "generic": "Am Vladivostok",
                "standard": "Am Caighdeánach Vladivostok",
                "daylight": "Am Samhraidh Vladivostok"
              }
            },
            "Volgograd": {
              "long": {
                "generic": "Am Volgograd",
                "standard": "Am Caighdeánach Volgograd",
                "daylight": "Am Samhraidh Volgograd"
              }
            },
            "Vostok": {
              "long": {
                "standard": "Am Vostok"
              }
            },
            "Wake": {
              "long": {
                "standard": "Am Oileán Wake"
              }
            },
            "Wallis": {
              "long": {
                "standard": "Am Wallis agus Futuna"
              }
            },
            "Yakutsk": {
              "long": {
                "generic": "Am Iacútsc",
                "standard": "Am Caighdeánach Iacútsc",
                "daylight": "Am Samhraidh Iacútsc"
              }
            },
            "Yekaterinburg": {
              "long": {
                "generic": "Am Yekaterinburg",
                "standard": "Am Caighdeánach Yekaterinburg",
                "daylight": "Am Samhraidh Yekaterinburg"
              }
            },
            "Yukon": {
              "long": {
                "standard": "Am Yukon"
              }
            }
          }
        }
      }
    }
  }
}
