{
  "main": {
    "uz-Latn": {
      "identity": {
        "version": {
          "_cldrVersion": "42"
        },
        "language": "uz",
        "script": "Latn"
      },
      "dates": {
        "timeZoneNames": {
          "hourFormat": "+HH:mm;-HH:mm",
          "gmtFormat": "GMT{0}",
          "gmtZeroFormat": "GMT",
          "regionFormat": "{0}",
          "regionFormat-type-daylight": "{0} (+1)",
          "regionFormat-type-standard": "{0} (+0)",
          "fallbackFormat": "{1} ({0})",
          "zone": {
            "America": {
              "Adak": {
                "exemplarCity": "Adak oroli"
              },
              "Anchorage": {
                "exemplarCity": "Ankorij"
              },
              "Anguilla": {
                "exemplarCity": "Angilya"
              },
              "Antigua": {
                "exemplarCity": "Antigua"
              },
              "Araguaina": {
                "exemplarCity": "Araguaina"
              },
              "Argentina": {
                "Rio_Gallegos": {
                  "exemplarCity": "Rio-Galyegos"
                },
                "San_Juan": {
                  "exemplarCity": "San-Xuan"
                },
                "Ushuaia": {
                  "exemplarCity": "Ushuaya"
                },
                "La_Rioja": {
                  "exemplarCity": "La-Rioxa"
                },
                "San_Luis": {
                  "exemplarCity": "San-Luis"
                },
                "Salta": {
                  "exemplarCity": "Salta"
                },
                "Tucuman": {
                  "exemplarCity": "Tukuman"
                }
              },
              "Aruba": {
                "exemplarCity": "Aruba"
              },
              "Asuncion": {
                "exemplarCity": "Asunson"
              },
              "Bahia": {
                "exemplarCity": "Baiya"
              },
              "Bahia_Banderas": {
                "exemplarCity": "Bahiya-Banderas"
              },
              "Barbados": {
                "exemplarCity": "Barbados"
              },
              "Belem": {
                "exemplarCity": "Belem"
              },
              "Belize": {
                "exemplarCity": "Beliz"
              },
              "Blanc-Sablon": {
                "exemplarCity": "Blank-Sablon"
              },
              "Boa_Vista": {
                "exemplarCity": "Boa-Vista"
              },
              "Bogota": {
                "exemplarCity": "Bogota"
              },
              "Boise": {
                "exemplarCity": "Boyse"
              },
              "Buenos_Aires": {
                "exemplarCity": "Buenos-Ayres"
              },
              "Cambridge_Bay": {
                "exemplarCity": "Kembrij-Bey"
              },
              "Campo_Grande": {
                "exemplarCity": "Kampu-Grandi"
              },
              "Cancun": {
                "exemplarCity": "Kankun"
              },
              "Caracas": {
                "exemplarCity": "Karakas"
              },
              "Catamarca": {
                "exemplarCity": "Katamarka"
              },
              "Cayenne": {
                "exemplarCity": "Kayenna"
              },
              "Cayman": {
                "exemplarCity": "Kayman orollari"
              },
              "Chicago": {
                "exemplarCity": "Chikago"
              },
              "Chihuahua": {
                "exemplarCity": "Chihuahua"
              },
              "Coral_Harbour": {
                "exemplarCity": "Koral-Xarbor"
              },
              "Cordoba": {
                "exemplarCity": "Kordoba"
              },
              "Costa_Rica": {
                "exemplarCity": "Kosta-Rika"
              },
              "Creston": {
                "exemplarCity": "Kreston"
              },
              "Cuiaba": {
                "exemplarCity": "Kuyaba"
              },
              "Curacao": {
                "exemplarCity": "Kyurasao"
              },
              "Danmarkshavn": {
                "exemplarCity": "Denmarksxavn"
              },
              "Dawson": {
                "exemplarCity": "Douson"
              },
              "Dawson_Creek": {
                "exemplarCity": "Douson-Krik"
              },
              "Denver": {
                "exemplarCity": "Denver"
              },
              "Detroit": {
                "exemplarCity": "Detroyt"
              },
              "Dominica": {
                "exemplarCity": "Dominika"
              },
              "Edmonton": {
                "exemplarCity": "Edmonton"
              },
              "Eirunepe": {
                "exemplarCity": "Eyrunepe"
              },
              "El_Salvador": {
                "exemplarCity": "Salvador"
              },
              "Fort_Nelson": {
                "exemplarCity": "Fort Nelson"
              },
              "Fortaleza": {
                "exemplarCity": "Fortaleza"
              },
              "Glace_Bay": {
                "exemplarCity": "Gleys-Bey"
              },
              "Godthab": {
                "exemplarCity": "Gotxob"
              },
              "Goose_Bay": {
                "exemplarCity": "Gus-Bey"
              },
              "Grand_Turk": {
                "exemplarCity": "Grand Turk"
              },
              "Grenada": {
                "exemplarCity": "Grenada"
              },
              "Guadeloupe": {
                "exemplarCity": "Gvadelupa"
              },
              "Guatemala": {
                "exemplarCity": "Gvatemala"
              },
              "Guayaquil": {
                "exemplarCity": "Guayakil"
              },
              "Guyana": {
                "exemplarCity": "Gayana"
              },
              "Halifax": {
                "exemplarCity": "Galifaks"
              },
              "Havana": {
                "exemplarCity": "Gavana"
              },
              "Hermosillo": {
                "exemplarCity": "Ermosillo"
              },
              "Indiana": {
                "Vincennes": {
                  "exemplarCity": "Vinsens, Indiana"
                },
                "Petersburg": {
                  "exemplarCity": "Pitersberg, Indiana"
                },
                "Tell_City": {
                  "exemplarCity": "Tell-Siti, Indiana"
                },
                "Knox": {
                  "exemplarCity": "Noks, Indiana"
                },
                "Winamac": {
                  "exemplarCity": "Vinamak, Indiana"
                },
                "Marengo": {
                  "exemplarCity": "Marengo, Indiana"
                },
                "Vevay": {
                  "exemplarCity": "Vivey, Indiana"
                }
              },
              "Indianapolis": {
                "exemplarCity": "Indianapolis"
              },
              "Inuvik": {
                "exemplarCity": "Inuvik"
              },
              "Iqaluit": {
                "exemplarCity": "Ikaluit"
              },
              "Jamaica": {
                "exemplarCity": "Yamayka"
              },
              "Jujuy": {
                "exemplarCity": "Jujuy"
              },
              "Juneau": {
                "exemplarCity": "Juno"
              },
              "Kentucky": {
                "Monticello": {
                  "exemplarCity": "Montisello, Kentukki"
                }
              },
              "Kralendijk": {
                "exemplarCity": "Kralendeyk"
              },
              "La_Paz": {
                "exemplarCity": "La-Pas"
              },
              "Lima": {
                "exemplarCity": "Lima"
              },
              "Los_Angeles": {
                "exemplarCity": "Los-Anjeles"
              },
              "Louisville": {
                "exemplarCity": "Luisvill"
              },
              "Lower_Princes": {
                "exemplarCity": "Louer-Prinses-Kuorter"
              },
              "Maceio": {
                "exemplarCity": "Maseyo"
              },
              "Managua": {
                "exemplarCity": "Managua"
              },
              "Manaus": {
                "exemplarCity": "Manaus"
              },
              "Marigot": {
                "exemplarCity": "Marigo"
              },
              "Martinique": {
                "exemplarCity": "Martinika"
              },
              "Matamoros": {
                "exemplarCity": "Matamoros"
              },
              "Mazatlan": {
                "exemplarCity": "Masatlan"
              },
              "Mendoza": {
                "exemplarCity": "Mendoza"
              },
              "Menominee": {
                "exemplarCity": "Menomini"
              },
              "Merida": {
                "exemplarCity": "Merida"
              },
              "Metlakatla": {
                "exemplarCity": "Metlakatla"
              },
              "Mexico_City": {
                "exemplarCity": "Mexiko"
              },
              "Miquelon": {
                "exemplarCity": "Mikelon"
              },
              "Moncton": {
                "exemplarCity": "Monkton"
              },
              "Monterrey": {
                "exemplarCity": "Monterrey"
              },
              "Montevideo": {
                "exemplarCity": "Montevideo"
              },
              "Montserrat": {
                "exemplarCity": "Montserrat"
              },
              "Nassau": {
                "exemplarCity": "Nassau"
              },
              "New_York": {
                "exemplarCity": "Nyu-York"
              },
              "Nipigon": {
                "exemplarCity": "Nipigon"
              },
              "Nome": {
                "exemplarCity": "Nom"
              },
              "Noronha": {
                "exemplarCity": "Noronya"
              },
              "North_Dakota": {
                "Beulah": {
                  "exemplarCity": "Boyla, Shimoliy Dakota"
                },
                "New_Salem": {
                  "exemplarCity": "Nyu-Salem, Shimoliy Dakota"
                },
                "Center": {
                  "exemplarCity": "Markaz, Shimoliy Dakota"
                }
              },
              "Ojinaga": {
                "exemplarCity": "Oxinaga"
              },
              "Panama": {
                "exemplarCity": "Panama"
              },
              "Pangnirtung": {
                "exemplarCity": "Pangnirtang"
              },
              "Paramaribo": {
                "exemplarCity": "Paramaribo"
              },
              "Phoenix": {
                "exemplarCity": "Feniks"
              },
              "Port-au-Prince": {
                "exemplarCity": "Port-o-Prens"
              },
              "Port_of_Spain": {
                "exemplarCity": "Port-of-Speyn"
              },
              "Porto_Velho": {
                "exemplarCity": "Portu-Velyu"
              },
              "Puerto_Rico": {
                "exemplarCity": "Puerto-Riko"
              },
              "Punta_Arenas": {
                "exemplarCity": "Punta-Arenas"
              },
              "Rainy_River": {
                "exemplarCity": "Reyni-River"
              },
              "Rankin_Inlet": {
                "exemplarCity": "Rankin-Inlet"
              },
              "Recife": {
                "exemplarCity": "Resifi"
              },
              "Regina": {
                "exemplarCity": "Rejayna"
              },
              "Resolute": {
                "exemplarCity": "Rezolyut"
              },
              "Rio_Branco": {
                "exemplarCity": "Riu-Branku"
              },
              "Santa_Isabel": {
                "exemplarCity": "Santa-Izabel"
              },
              "Santarem": {
                "exemplarCity": "Santarem"
              },
              "Santiago": {
                "exemplarCity": "Santyago"
              },
              "Santo_Domingo": {
                "exemplarCity": "Santo-Domingo"
              },
              "Sao_Paulo": {
                "exemplarCity": "San-Paulu"
              },
              "Scoresbysund": {
                "exemplarCity": "Ittokkortoormiut"
              },
              "Sitka": {
                "exemplarCity": "Sitka"
              },
              "St_Barthelemy": {
                "exemplarCity": "Sen-Bartelemi"
              },
              "St_Johns": {
                "exemplarCity": "Sent-Jons"
              },
              "St_Kitts": {
                "exemplarCity": "Sent-Kits"
              },
              "St_Lucia": {
                "exemplarCity": "Sent-Lyusiya"
              },
              "St_Thomas": {
                "exemplarCity": "Sent-Tomas"
              },
              "St_Vincent": {
                "exemplarCity": "Sent-Vinsent"
              },
              "Swift_Current": {
                "exemplarCity": "Svift-Karrent"
              },
              "Tegucigalpa": {
                "exemplarCity": "Tegusigalpa"
              },
              "Thule": {
                "exemplarCity": "Tule"
              },
              "Thunder_Bay": {
                "exemplarCity": "Tander-Bey"
              },
              "Tijuana": {
                "exemplarCity": "Tixuana"
              },
              "Toronto": {
                "exemplarCity": "Toronto"
              },
              "Tortola": {
                "exemplarCity": "Tortola"
              },
              "Vancouver": {
                "exemplarCity": "Vankuver"
              },
              "Whitehorse": {
                "exemplarCity": "Uaytxors"
              },
              "Winnipeg": {
                "exemplarCity": "Vinnipeg"
              },
              "Yakutat": {
                "exemplarCity": "Yakutat"
              },
              "Yellowknife": {
                "exemplarCity": "Yellounayf"
              }
            },
            "Atlantic": {
              "Azores": {
                "exemplarCity": "Azor orollari"
              },
              "Bermuda": {
                "exemplarCity": "Bermuda orollari"
              },
              "Canary": {
                "exemplarCity": "Kanar orollari"
              },
              "Cape_Verde": {
                "exemplarCity": "Kabo-Verde"
              },
              "Faeroe": {
                "exemplarCity": "Farer orollari"
              },
              "Madeira": {
                "exemplarCity": "Madeyra oroli"
              },
              "Reykjavik": {
                "exemplarCity": "Reykyavik"
              },
              "South_Georgia": {
                "exemplarCity": "Janubiy Georgiya"
              },
              "St_Helena": {
                "exemplarCity": "Muqaddas Yelena oroli"
              },
              "Stanley": {
                "exemplarCity": "Stenli"
              }
            },
            "Europe": {
              "Amsterdam": {
                "exemplarCity": "Amsterdam"
              },
              "Andorra": {
                "exemplarCity": "Andorra"
              },
              "Astrakhan": {
                "exemplarCity": "Astraxan"
              },
              "Athens": {
                "exemplarCity": "Afina"
              },
              "Belgrade": {
                "exemplarCity": "Belgrad"
              },
              "Berlin": {
                "exemplarCity": "Berlin"
              },
              "Bratislava": {
                "exemplarCity": "Bratislava"
              },
              "Brussels": {
                "exemplarCity": "Bryussel"
              },
              "Bucharest": {
                "exemplarCity": "Buxarest"
              },
              "Budapest": {
                "exemplarCity": "Budapesht"
              },
              "Busingen": {
                "exemplarCity": "Byuzingen"
              },
              "Chisinau": {
                "exemplarCity": "Kishinyov"
              },
              "Copenhagen": {
                "exemplarCity": "Kopengagen"
              },
              "Dublin": {
                "long": {
                  "daylight": "Irlandiya yozgi vaqti"
                },
                "exemplarCity": "Dublin"
              },
              "Gibraltar": {
                "exemplarCity": "Gibraltar"
              },
              "Guernsey": {
                "exemplarCity": "Gernsi"
              },
              "Helsinki": {
                "exemplarCity": "Xelsinki"
              },
              "Isle_of_Man": {
                "exemplarCity": "Men oroli"
              },
              "Istanbul": {
                "exemplarCity": "Istanbul"
              },
              "Jersey": {
                "exemplarCity": "Jersi"
              },
              "Kaliningrad": {
                "exemplarCity": "Kaliningrad"
              },
              "Kiev": {
                "exemplarCity": "Kiyev"
              },
              "Kirov": {
                "exemplarCity": "Kirov"
              },
              "Lisbon": {
                "exemplarCity": "Lissabon"
              },
              "Ljubljana": {
                "exemplarCity": "Lyublyana"
              },
              "London": {
                "long": {
                  "daylight": "Britaniya yozgi vaqti"
                },
                "exemplarCity": "London"
              },
              "Luxembourg": {
                "exemplarCity": "Lyuksemburg"
              },
              "Madrid": {
                "exemplarCity": "Madrid"
              },
              "Malta": {
                "exemplarCity": "Malta"
              },
              "Mariehamn": {
                "exemplarCity": "Mariyexamn"
              },
              "Minsk": {
                "exemplarCity": "Minsk"
              },
              "Monaco": {
                "exemplarCity": "Monako"
              },
              "Moscow": {
                "exemplarCity": "Moskva"
              },
              "Oslo": {
                "exemplarCity": "Oslo"
              },
              "Paris": {
                "exemplarCity": "Parij"
              },
              "Podgorica": {
                "exemplarCity": "Podgoritsa"
              },
              "Prague": {
                "exemplarCity": "Praga"
              },
              "Riga": {
                "exemplarCity": "Riga"
              },
              "Rome": {
                "exemplarCity": "Rim"
              },
              "Samara": {
                "exemplarCity": "Samara"
              },
              "San_Marino": {
                "exemplarCity": "San-Marino"
              },
              "Sarajevo": {
                "exemplarCity": "Sarayevo"
              },
              "Saratov": {
                "exemplarCity": "Saratov"
              },
              "Simferopol": {
                "exemplarCity": "Simferopol"
              },
              "Skopje": {
                "exemplarCity": "Skopye"
              },
              "Sofia": {
                "exemplarCity": "Sofiya"
              },
              "Stockholm": {
                "exemplarCity": "Stokgolm"
              },
              "Tallinn": {
                "exemplarCity": "Tallin"
              },
              "Tirane": {
                "exemplarCity": "Tirana"
              },
              "Ulyanovsk": {
                "exemplarCity": "Ulyanovsk"
              },
              "Uzhgorod": {
                "exemplarCity": "Ujgorod"
              },
              "Vaduz": {
                "exemplarCity": "Vaduts"
              },
              "Vatican": {
                "exemplarCity": "Vatikan"
              },
              "Vienna": {
                "exemplarCity": "Vena"
              },
              "Vilnius": {
                "exemplarCity": "Vilnyus"
              },
              "Volgograd": {
                "exemplarCity": "Volgograd"
              },
              "Warsaw": {
                "exemplarCity": "Varshava"
              },
              "Zagreb": {
                "exemplarCity": "Zagreb"
              },
              "Zaporozhye": {
                "exemplarCity": "Zaporojye"
              },
              "Zurich": {
                "exemplarCity": "Syurix"
              }
            },
            "Africa": {
              "Abidjan": {
                "exemplarCity": "Abidjan"
              },
              "Accra": {
                "exemplarCity": "Akkra"
              },
              "Addis_Ababa": {
                "exemplarCity": "Addis-Abeba"
              },
              "Algiers": {
                "exemplarCity": "Jazoir"
              },
              "Asmera": {
                "exemplarCity": "Asmera"
              },
              "Bamako": {
                "exemplarCity": "Bamako"
              },
              "Bangui": {
                "exemplarCity": "Bangi"
              },
              "Banjul": {
                "exemplarCity": "Banjul"
              },
              "Bissau": {
                "exemplarCity": "Bisau"
              },
              "Blantyre": {
                "exemplarCity": "Blantayr"
              },
              "Brazzaville": {
                "exemplarCity": "Brazzavil"
              },
              "Bujumbura": {
                "exemplarCity": "Bujumbura"
              },
              "Cairo": {
                "exemplarCity": "Qohira"
              },
              "Casablanca": {
                "exemplarCity": "Kasablanka"
              },
              "Ceuta": {
                "exemplarCity": "Seuta"
              },
              "Conakry": {
                "exemplarCity": "Konakri"
              },
              "Dakar": {
                "exemplarCity": "Dakar"
              },
              "Dar_es_Salaam": {
                "exemplarCity": "Dor-us-Salom"
              },
              "Djibouti": {
                "exemplarCity": "Jibuti"
              },
              "Douala": {
                "exemplarCity": "Duala"
              },
              "El_Aaiun": {
                "exemplarCity": "Al-Ayun"
              },
              "Freetown": {
                "exemplarCity": "Fritaun"
              },
              "Gaborone": {
                "exemplarCity": "Gaborone"
              },
              "Harare": {
                "exemplarCity": "Xarare"
              },
              "Johannesburg": {
                "exemplarCity": "Yoxannesburg"
              },
              "Juba": {
                "exemplarCity": "Juba"
              },
              "Kampala": {
                "exemplarCity": "Kampala"
              },
              "Khartoum": {
                "exemplarCity": "Xartum"
              },
              "Kigali": {
                "exemplarCity": "Kigali"
              },
              "Kinshasa": {
                "exemplarCity": "Kinshasa"
              },
              "Lagos": {
                "exemplarCity": "Lagos"
              },
              "Libreville": {
                "exemplarCity": "Librevil"
              },
              "Lome": {
                "exemplarCity": "Lome"
              },
              "Luanda": {
                "exemplarCity": "Luanda"
              },
              "Lubumbashi": {
                "exemplarCity": "Lubumbashi"
              },
              "Lusaka": {
                "exemplarCity": "Lusaka"
              },
              "Malabo": {
                "exemplarCity": "Malabo"
              },
              "Maputo": {
                "exemplarCity": "Maputu"
              },
              "Maseru": {
                "exemplarCity": "Maseru"
              },
              "Mbabane": {
                "exemplarCity": "Mbabane"
              },
              "Mogadishu": {
                "exemplarCity": "Mogadisho"
              },
              "Monrovia": {
                "exemplarCity": "Monroviya"
              },
              "Nairobi": {
                "exemplarCity": "Nayrobi"
              },
              "Ndjamena": {
                "exemplarCity": "Ndjamena"
              },
              "Niamey": {
                "exemplarCity": "Niamey"
              },
              "Nouakchott": {
                "exemplarCity": "Nouakchott"
              },
              "Ouagadougou": {
                "exemplarCity": "Uagadugu"
              },
              "Porto-Novo": {
                "exemplarCity": "Porto-Novo"
              },
              "Sao_Tome": {
                "exemplarCity": "San-Tome"
              },
              "Tripoli": {
                "exemplarCity": "Tripoli"
              },
              "Tunis": {
                "exemplarCity": "Tunis"
              },
              "Windhoek": {
                "exemplarCity": "Vindxuk"
              }
            },
            "Asia": {
              "Aden": {
                "exemplarCity": "Adan"
              },
              "Almaty": {
                "exemplarCity": "Almati"
              },
              "Amman": {
                "exemplarCity": "Ammon"
              },
              "Anadyr": {
                "exemplarCity": "Anadir"
              },
              "Aqtau": {
                "exemplarCity": "Oqtov"
              },
              "Aqtobe": {
                "exemplarCity": "Oqto‘ba"
              },
              "Ashgabat": {
                "exemplarCity": "Ashxobod"
              },
              "Atyrau": {
                "exemplarCity": "Atirau"
              },
              "Baghdad": {
                "exemplarCity": "Bag‘dod"
              },
              "Bahrain": {
                "exemplarCity": "Bahrayn"
              },
              "Baku": {
                "exemplarCity": "Boku"
              },
              "Bangkok": {
                "exemplarCity": "Bangkok"
              },
              "Barnaul": {
                "exemplarCity": "Barnaul"
              },
              "Beirut": {
                "exemplarCity": "Bayrut"
              },
              "Bishkek": {
                "exemplarCity": "Bishkek"
              },
              "Brunei": {
                "exemplarCity": "Bruney"
              },
              "Calcutta": {
                "exemplarCity": "Kalkutta"
              },
              "Chita": {
                "exemplarCity": "Chita"
              },
              "Choibalsan": {
                "exemplarCity": "Choybalsan"
              },
              "Colombo": {
                "exemplarCity": "Kolombo"
              },
              "Damascus": {
                "exemplarCity": "Damashq"
              },
              "Dhaka": {
                "exemplarCity": "Dakka"
              },
              "Dili": {
                "exemplarCity": "Dili"
              },
              "Dubai": {
                "exemplarCity": "Dubay"
              },
              "Dushanbe": {
                "exemplarCity": "Dushanbe"
              },
              "Famagusta": {
                "exemplarCity": "Famagusta"
              },
              "Gaza": {
                "exemplarCity": "G‘azo"
              },
              "Hebron": {
                "exemplarCity": "Xevron"
              },
              "Hong_Kong": {
                "exemplarCity": "Gonkong"
              },
              "Hovd": {
                "exemplarCity": "Xovd"
              },
              "Irkutsk": {
                "exemplarCity": "Irkutsk"
              },
              "Jakarta": {
                "exemplarCity": "Jakarta"
              },
              "Jayapura": {
                "exemplarCity": "Jaypur"
              },
              "Jerusalem": {
                "exemplarCity": "Quddus"
              },
              "Kabul": {
                "exemplarCity": "Qobul"
              },
              "Kamchatka": {
                "exemplarCity": "Kamchatka"
              },
              "Karachi": {
                "exemplarCity": "Karachi"
              },
              "Katmandu": {
                "exemplarCity": "Katmandu"
              },
              "Khandyga": {
                "exemplarCity": "Xandiga"
              },
              "Krasnoyarsk": {
                "exemplarCity": "Krasnoyarsk"
              },
              "Kuala_Lumpur": {
                "exemplarCity": "Kuala-Lumpur"
              },
              "Kuching": {
                "exemplarCity": "Kuching"
              },
              "Kuwait": {
                "exemplarCity": "Quvayt"
              },
              "Macau": {
                "exemplarCity": "Makao"
              },
              "Magadan": {
                "exemplarCity": "Magadan"
              },
              "Makassar": {
                "exemplarCity": "Makasar"
              },
              "Manila": {
                "exemplarCity": "Manila"
              },
              "Muscat": {
                "exemplarCity": "Maskat"
              },
              "Nicosia": {
                "exemplarCity": "Nikosiya"
              },
              "Novokuznetsk": {
                "exemplarCity": "Novokuznetsk"
              },
              "Novosibirsk": {
                "exemplarCity": "Novosibirsk"
              },
              "Omsk": {
                "exemplarCity": "Omsk"
              },
              "Oral": {
                "exemplarCity": "Uralsk"
              },
              "Phnom_Penh": {
                "exemplarCity": "Pnompen"
              },
              "Pontianak": {
                "exemplarCity": "Pontianak"
              },
              "Pyongyang": {
                "exemplarCity": "Pxenyan"
              },
              "Qatar": {
                "exemplarCity": "Qatar"
              },
              "Qostanay": {
                "exemplarCity": "Kustanay"
              },
              "Qyzylorda": {
                "exemplarCity": "Qizilo‘rda"
              },
              "Rangoon": {
                "exemplarCity": "Rangun"
              },
              "Riyadh": {
                "exemplarCity": "Ar-Riyod"
              },
              "Saigon": {
                "exemplarCity": "Xoshimin"
              },
              "Sakhalin": {
                "exemplarCity": "Saxalin"
              },
              "Samarkand": {
                "exemplarCity": "Samarqand"
              },
              "Seoul": {
                "exemplarCity": "Seul"
              },
              "Shanghai": {
                "exemplarCity": "Shanxay"
              },
              "Singapore": {
                "exemplarCity": "Singapur"
              },
              "Srednekolymsk": {
                "exemplarCity": "Srednekolimsk"
              },
              "Taipei": {
                "exemplarCity": "Taypey"
              },
              "Tashkent": {
                "exemplarCity": "Toshkent"
              },
              "Tbilisi": {
                "exemplarCity": "Tbilisi"
              },
              "Tehran": {
                "exemplarCity": "Tehron"
              },
              "Thimphu": {
                "exemplarCity": "Thimphu"
              },
              "Tokyo": {
                "exemplarCity": "Tokio"
              },
              "Tomsk": {
                "exemplarCity": "Tomsk"
              },
              "Ulaanbaatar": {
                "exemplarCity": "Ulan-Bator"
              },
              "Urumqi": {
                "exemplarCity": "Urumchi"
              },
              "Ust-Nera": {
                "exemplarCity": "Ust-Nera"
              },
              "Vientiane": {
                "exemplarCity": "Vyentyan"
              },
              "Vladivostok": {
                "exemplarCity": "Vladivostok"
              },
              "Yakutsk": {
                "exemplarCity": "Yakutsk"
              },
              "Yekaterinburg": {
                "exemplarCity": "Yekaterinburg"
              },
              "Yerevan": {
                "exemplarCity": "Yerevan"
              }
            },
            "Indian": {
              "Antananarivo": {
                "exemplarCity": "Antananarivu"
              },
              "Chagos": {
                "exemplarCity": "Chagos"
              },
              "Christmas": {
                "exemplarCity": "Rojdestvo oroli"
              },
              "Cocos": {
                "exemplarCity": "Kokos orollari"
              },
              "Comoro": {
                "exemplarCity": "Komor orollari"
              },
              "Kerguelen": {
                "exemplarCity": "Kergelen"
              },
              "Mahe": {
                "exemplarCity": "Mae"
              },
              "Maldives": {
                "exemplarCity": "Maldiv orollari"
              },
              "Mauritius": {
                "exemplarCity": "Mavrikiy"
              },
              "Mayotte": {
                "exemplarCity": "Mayorka"
              },
              "Reunion": {
                "exemplarCity": "Reyunion"
              }
            },
            "Australia": {
              "Adelaide": {
                "exemplarCity": "Adelaida"
              },
              "Brisbane": {
                "exemplarCity": "Brisben"
              },
              "Broken_Hill": {
                "exemplarCity": "Broken-Xill"
              },
              "Currie": {
                "exemplarCity": "Kerri"
              },
              "Darwin": {
                "exemplarCity": "Darvin"
              },
              "Eucla": {
                "exemplarCity": "Evkla"
              },
              "Hobart": {
                "exemplarCity": "Xobart"
              },
              "Lindeman": {
                "exemplarCity": "Lindeman"
              },
              "Lord_Howe": {
                "exemplarCity": "Lord-Xau oroli"
              },
              "Melbourne": {
                "exemplarCity": "Melburn"
              },
              "Perth": {
                "exemplarCity": "Pert"
              },
              "Sydney": {
                "exemplarCity": "Sidney"
              }
            },
            "Pacific": {
              "Apia": {
                "exemplarCity": "Apia"
              },
              "Auckland": {
                "exemplarCity": "Oklend"
              },
              "Bougainville": {
                "exemplarCity": "Bugenvil"
              },
              "Chatham": {
                "exemplarCity": "Chatem oroli"
              },
              "Easter": {
                "exemplarCity": "Pasxa oroli"
              },
              "Efate": {
                "exemplarCity": "Efate"
              },
              "Enderbury": {
                "exemplarCity": "Enderberi oroli"
              },
              "Fakaofo": {
                "exemplarCity": "Fakaofo"
              },
              "Fiji": {
                "exemplarCity": "Fiji"
              },
              "Funafuti": {
                "exemplarCity": "Funafuti"
              },
              "Galapagos": {
                "exemplarCity": "Galapagos"
              },
              "Gambier": {
                "exemplarCity": "Gambye oroli"
              },
              "Guadalcanal": {
                "exemplarCity": "Gvadalkanal"
              },
              "Guam": {
                "exemplarCity": "Guam"
              },
              "Honolulu": {
                "exemplarCity": "Gonolulu"
              },
              "Johnston": {
                "exemplarCity": "Jonston"
              },
              "Kanton": {
                "exemplarCity": "Kanton"
              },
              "Kiritimati": {
                "exemplarCity": "Kiritimati"
              },
              "Kosrae": {
                "exemplarCity": "Kosrae"
              },
              "Kwajalein": {
                "exemplarCity": "Kvajaleyn"
              },
              "Majuro": {
                "exemplarCity": "Majuro"
              },
              "Marquesas": {
                "exemplarCity": "Markiz orollari"
              },
              "Midway": {
                "exemplarCity": "Midvey orollari"
              },
              "Nauru": {
                "exemplarCity": "Nauru"
              },
              "Niue": {
                "exemplarCity": "Niue"
              },
              "Norfolk": {
                "exemplarCity": "Norfolk"
              },
              "Noumea": {
                "exemplarCity": "Numea"
              },
              "Pago_Pago": {
                "exemplarCity": "Pago-Pago"
              },
              "Palau": {
                "exemplarCity": "Palau"
              },
              "Pitcairn": {
                "exemplarCity": "Pitkern"
              },
              "Ponape": {
                "exemplarCity": "Ponpei oroli"
              },
              "Port_Moresby": {
                "exemplarCity": "Port-Morsbi"
              },
              "Rarotonga": {
                "exemplarCity": "Rarotonga"
              },
              "Saipan": {
                "exemplarCity": "Saypan"
              },
              "Tahiti": {
                "exemplarCity": "Taiti oroli"
              },
              "Tarawa": {
                "exemplarCity": "Tarava"
              },
              "Tongatapu": {
                "exemplarCity": "Tongatapu"
              },
              "Truk": {
                "exemplarCity": "Truk orollari"
              },
              "Wake": {
                "exemplarCity": "Ueyk oroli"
              },
              "Wallis": {
                "exemplarCity": "Uollis"
              }
            },
            "Arctic": {
              "Longyearbyen": {
                "exemplarCity": "Longyir"
              }
            },
            "Antarctica": {
              "Casey": {
                "exemplarCity": "Keysi"
              },
              "Davis": {
                "exemplarCity": "Deyvis"
              },
              "DumontDUrville": {
                "exemplarCity": "Dyumon-d’Yurvil"
              },
              "Macquarie": {
                "exemplarCity": "Makkuori"
              },
              "Mawson": {
                "exemplarCity": "Mouson"
              },
              "McMurdo": {
                "exemplarCity": "Mak-Merdo"
              },
              "Palmer": {
                "exemplarCity": "Palmer"
              },
              "Rothera": {
                "exemplarCity": "Rotera"
              },
              "Syowa": {
                "exemplarCity": "Syova"
              },
              "Troll": {
                "exemplarCity": "Troll"
              },
              "Vostok": {
                "exemplarCity": "Vostok"
              }
            },
            "Etc": {
              "UTC": {
                "long": {
                  "standard": "Koordinatali universal vaqt"
                },
                "short": {
                  "standard": "UTC"
                }
              },
              "Unknown": {
                "exemplarCity": "noma’lum shahar"
              }
            }
          },
          "metazone": {
            "Afghanistan": {
              "long": {
                "standard": "Afgʻoniston vaqti"
              }
            },
            "Africa_Central": {
              "long": {
                "standard": "Markaziy Afrika vaqti"
              }
            },
            "Africa_Eastern": {
              "long": {
                "standard": "Sharqiy Afrika vaqti"
              }
            },
            "Africa_Southern": {
              "long": {
                "standard": "Janubiy Afrika standart vaqti"
              }
            },
            "Africa_Western": {
              "long": {
                "generic": "Gʻarbiy Afrika vaqti",
                "standard": "Gʻarbiy Afrika standart vaqti",
                "daylight": "Gʻarbiy Afrika yozgi vaqti"
              }
            },
            "Alaska": {
              "long": {
                "generic": "Alyaska vaqti",
                "standard": "Alyaska standart vaqti",
                "daylight": "Alyaska yozgi vaqti"
              }
            },
            "Amazon": {
              "long": {
                "generic": "Amazonka vaqti",
                "standard": "Amazonka standart vaqti",
                "daylight": "Amazonka yozgi vaqti"
              }
            },
            "America_Central": {
              "long": {
                "generic": "Markaziy Amerika vaqti",
                "standard": "Markaziy Amerika standart vaqti",
                "daylight": "Markaziy Amerika yozgi vaqti"
              }
            },
            "America_Eastern": {
              "long": {
                "generic": "Sharqiy Amerika vaqti",
                "standard": "Sharqiy Amerika standart vaqti",
                "daylight": "Sharqiy Amerika yozgi vaqti"
              }
            },
            "America_Mountain": {
              "long": {
                "generic": "Tog‘ vaqti (AQSH)",
                "standard": "Tog‘ standart vaqti (AQSH)",
                "daylight": "Tog‘ yozgi vaqti (AQSH)"
              }
            },
            "America_Pacific": {
              "long": {
                "generic": "Tinch okeani vaqti",
                "standard": "Tinch okeani standart vaqti",
                "daylight": "Tinch okeani yozgi vaqti"
              }
            },
            "Apia": {
              "long": {
                "generic": "Apia vaqti",
                "standard": "Apia standart vaqti",
                "daylight": "Apia yozgi vaqti"
              }
            },
            "Arabian": {
              "long": {
                "generic": "Saudiya Arabistoni vaqti",
                "standard": "Saudiya Arabistoni standart vaqti",
                "daylight": "Saudiya Arabistoni yozgi vaqti"
              }
            },
            "Argentina": {
              "long": {
                "generic": "Argentina vaqti",
                "standard": "Argentina standart vaqti",
                "daylight": "Argentina yozgi vaqti"
              }
            },
            "Argentina_Western": {
              "long": {
                "generic": "Gʻarbiy Argentina vaqti",
                "standard": "Gʻarbiy Argentina standart vaqti",
                "daylight": "Gʻarbiy Argentina yozgi vaqti"
              }
            },
            "Armenia": {
              "long": {
                "generic": "Armaniston vaqti",
                "standard": "Armaniston standart vaqti",
                "daylight": "Armaniston yozgi vaqti"
              }
            },
            "Atlantic": {
              "long": {
                "generic": "Atlantika vaqti",
                "standard": "Atlantika standart vaqti",
                "daylight": "Atlantika yozgi vaqti"
              }
            },
            "Australia_Central": {
              "long": {
                "generic": "Markaziy Avstraliya vaqti",
                "standard": "Markaziy Avstraliya standart vaqti",
                "daylight": "Markaziy Avstraliya yozgi vaqti"
              }
            },
            "Australia_CentralWestern": {
              "long": {
                "generic": "Markaziy Avstraliya g‘arbiy vaqti",
                "standard": "Markaziy Avstraliya g‘arbiy standart vaqti",
                "daylight": "Markaziy Avstraliya g‘arbiy yozgi vaqti"
              }
            },
            "Australia_Eastern": {
              "long": {
                "generic": "Sharqiy Avstraliya vaqti",
                "standard": "Sharqiy Avstraliya standart vaqti",
                "daylight": "Sharqiy Avstraliya yozgi vaqti"
              }
            },
            "Australia_Western": {
              "long": {
                "generic": "G‘arbiy Avstraliya vaqti",
                "standard": "G‘arbiy Avstraliya standart vaqti",
                "daylight": "G‘arbiy Avstraliya yozgi vaqti"
              }
            },
            "Azerbaijan": {
              "long": {
                "generic": "Ozarbayjon vaqti",
                "standard": "Ozarbayjon standart vaqti",
                "daylight": "Ozarbayjon yozgi vaqti"
              }
            },
            "Azores": {
              "long": {
                "generic": "Azor orollari vaqti",
                "standard": "Azor orollari standart vaqti",
                "daylight": "Azor orollari yozgi vaqti"
              }
            },
            "Bangladesh": {
              "long": {
                "generic": "Bangladesh vaqti",
                "standard": "Bangladesh standart vaqti",
                "daylight": "Bangladesh yozgi vaqti"
              }
            },
            "Bhutan": {
              "long": {
                "standard": "Butan vaqti"
              }
            },
            "Bolivia": {
              "long": {
                "standard": "Boliviya vaqti"
              }
            },
            "Brasilia": {
              "long": {
                "generic": "Braziliya vaqti",
                "standard": "Braziliya standart vaqti",
                "daylight": "Braziliya yozgi vaqti"
              }
            },
            "Brunei": {
              "long": {
                "standard": "Bruney-Dorussalom vaqti"
              }
            },
            "Cape_Verde": {
              "long": {
                "generic": "Kabo-Verde vaqti",
                "standard": "Kabo-Verde standart vaqti",
                "daylight": "Kabo-Verde yozgi vaqti"
              }
            },
            "Chamorro": {
              "long": {
                "standard": "Chamorro standart vaqti"
              }
            },
            "Chatham": {
              "long": {
                "generic": "Chatem vaqti",
                "standard": "Chatem standart vaqti",
                "daylight": "Chatem yozgi vaqti"
              }
            },
            "Chile": {
              "long": {
                "generic": "Chili vaqti",
                "standard": "Chili standart vaqti",
                "daylight": "Chili yozgi vaqti"
              }
            },
            "China": {
              "long": {
                "generic": "Xitoy vaqti",
                "standard": "Xitoy standart vaqti",
                "daylight": "Xitoy yozgi vaqti"
              }
            },
            "Choibalsan": {
              "long": {
                "generic": "Choybalsan vaqti",
                "standard": "Choybalsan standart vaqti",
                "daylight": "Choybalsan yozgi vaqti"
              }
            },
            "Christmas": {
              "long": {
                "standard": "Rojdestvo oroli vaqti"
              }
            },
            "Cocos": {
              "long": {
                "standard": "Kokos orollari vaqti"
              }
            },
            "Colombia": {
              "long": {
                "generic": "Kolumbiya vaqti",
                "standard": "Kolumbiya standart vaqti",
                "daylight": "Kolumbiya yozgi vaqti"
              }
            },
            "Cook": {
              "long": {
                "generic": "Kuk orollari vaqti",
                "standard": "Kuk orollari standart vaqti",
                "daylight": "Kuk orollari yarim yozgi vaqti"
              }
            },
            "Cuba": {
              "long": {
                "generic": "Kuba vaqti",
                "standard": "Kuba standart vaqti",
                "daylight": "Kuba yozgi vaqti"
              }
            },
            "Davis": {
              "long": {
                "standard": "Deyvis vaqti"
              }
            },
            "DumontDUrville": {
              "long": {
                "standard": "Dyumon-d’Yurvil vaqti"
              }
            },
            "East_Timor": {
              "long": {
                "standard": "Sharqiy Timor vaqti"
              }
            },
            "Easter": {
              "long": {
                "generic": "Pasxa oroli vaqti",
                "standard": "Pasxa oroli standart vaqti",
                "daylight": "Pasxa oroli yozgi vaqti"
              }
            },
            "Ecuador": {
              "long": {
                "standard": "Ekvador vaqti"
              }
            },
            "Europe_Central": {
              "long": {
                "generic": "Markaziy Yevropa vaqti",
                "standard": "Markaziy Yevropa standart vaqti",
                "daylight": "Markaziy Yevropa yozgi vaqti"
              }
            },
            "Europe_Eastern": {
              "long": {
                "generic": "Sharqiy Yevropa vaqti",
                "standard": "Sharqiy Yevropa standart vaqti",
                "daylight": "Sharqiy Yevropa yozgi vaqti"
              }
            },
            "Europe_Further_Eastern": {
              "long": {
                "standard": "Kaliningrad va Minsk vaqti"
              }
            },
            "Europe_Western": {
              "long": {
                "generic": "G‘arbiy Yevropa vaqti",
                "standard": "G‘arbiy Yevropa standart vaqti",
                "daylight": "G‘arbiy Yevropa yozgi vaqti"
              }
            },
            "Falkland": {
              "long": {
                "generic": "Folklend orollari vaqti",
                "standard": "Folklend orollari standart vaqti",
                "daylight": "Folklend orollari yozgi vaqti"
              }
            },
            "Fiji": {
              "long": {
                "generic": "Fiji vaqti",
                "standard": "Fiji standart vaqti",
                "daylight": "Fiji yozgi vaqti"
              }
            },
            "French_Guiana": {
              "long": {
                "standard": "Fransuz Gvianasi vaqti"
              }
            },
            "French_Southern": {
              "long": {
                "standard": "Fransuz Janubiy hududlari va Antarktika vaqti"
              }
            },
            "Galapagos": {
              "long": {
                "standard": "Galapagos vaqti"
              }
            },
            "Gambier": {
              "long": {
                "standard": "Gambye vaqti"
              }
            },
            "Georgia": {
              "long": {
                "generic": "Gruziya vaqti",
                "standard": "Gruziya standart vaqti",
                "daylight": "Gruziya yozgi vaqti"
              }
            },
            "Gilbert_Islands": {
              "long": {
                "standard": "Gilbert orollari vaqti"
              }
            },
            "GMT": {
              "long": {
                "standard": "Grinvich o‘rtacha vaqti"
              }
            },
            "Greenland_Eastern": {
              "long": {
                "generic": "Sharqiy Grenlandiya vaqti",
                "standard": "Sharqiy Grenlandiya standart vaqti",
                "daylight": "Sharqiy Grenlandiya yozgi vaqti"
              }
            },
            "Greenland_Western": {
              "long": {
                "generic": "G‘arbiy Grenlandiya vaqti",
                "standard": "G‘arbiy Grenlandiya standart vaqti",
                "daylight": "G‘arbiy Grenlandiya yozgi vaqti"
              }
            },
            "Gulf": {
              "long": {
                "standard": "Fors ko‘rfazi standart vaqti"
              }
            },
            "Guyana": {
              "long": {
                "standard": "Gayana vaqti"
              }
            },
            "Hawaii_Aleutian": {
              "long": {
                "generic": "Gavayi-aleut vaqti",
                "standard": "Gavayi-aleut standart vaqti",
                "daylight": "Gavayi-aleut yozgi vaqti"
              }
            },
            "Hong_Kong": {
              "long": {
                "generic": "Gonkong vaqti",
                "standard": "Gonkong standart vaqti",
                "daylight": "Gonkong yozgi vaqti"
              }
            },
            "Hovd": {
              "long": {
                "generic": "Xovd vaqti",
                "standard": "Xovd standart vaqti",
                "daylight": "Xovd yozgi vaqti"
              }
            },
            "India": {
              "long": {
                "standard": "Hindiston standart vaqti"
              }
            },
            "Indian_Ocean": {
              "long": {
                "standard": "Hind okeani vaqti"
              }
            },
            "Indochina": {
              "long": {
                "standard": "Hindixitoy vaqti"
              }
            },
            "Indonesia_Central": {
              "long": {
                "standard": "Markaziy Indoneziya vaqti"
              }
            },
            "Indonesia_Eastern": {
              "long": {
                "standard": "Sharqiy Indoneziya vaqti"
              }
            },
            "Indonesia_Western": {
              "long": {
                "standard": "Gʻarbiy Indoneziya vaqti"
              }
            },
            "Iran": {
              "long": {
                "generic": "Eron vaqti",
                "standard": "Eron standart vaqti",
                "daylight": "Eron yozgi vaqti"
              }
            },
            "Irkutsk": {
              "long": {
                "generic": "Irkutsk vaqti",
                "standard": "Irkutsk standart vaqti",
                "daylight": "Irkutsk yozgi vaqti"
              }
            },
            "Israel": {
              "long": {
                "generic": "Isroil vaqti",
                "standard": "Isroil standart vaqti",
                "daylight": "Isroil yozgi vaqti"
              }
            },
            "Japan": {
              "long": {
                "generic": "Yaponiya vaqti",
                "standard": "Yaponiya standart vaqti",
                "daylight": "Yaponiya yozgi vaqti"
              }
            },
            "Kazakhstan_Eastern": {
              "long": {
                "standard": "Sharqiy Qozogʻiston vaqti"
              }
            },
            "Kazakhstan_Western": {
              "long": {
                "standard": "Gʻarbiy Qozogʻiston vaqti"
              }
            },
            "Korea": {
              "long": {
                "generic": "Koreya vaqti",
                "standard": "Koreya standart vaqti",
                "daylight": "Koreya yozgi vaqti"
              }
            },
            "Kosrae": {
              "long": {
                "standard": "Kosrae vaqti"
              }
            },
            "Krasnoyarsk": {
              "long": {
                "generic": "Krasnoyarsk vaqti",
                "standard": "Krasnoyarsk standart vaqti",
                "daylight": "Krasnoyarsk yozgi vaqti"
              }
            },
            "Kyrgystan": {
              "long": {
                "standard": "Qirgʻiziston vaqti"
              }
            },
            "Line_Islands": {
              "long": {
                "standard": "Layn orollari vaqti"
              }
            },
            "Lord_Howe": {
              "long": {
                "generic": "Lord-Xau vaqti",
                "standard": "Lord-Xau standart vaqti",
                "daylight": "Lord-Xau yozgi vaqti"
              }
            },
            "Macquarie": {
              "long": {
                "standard": "Makkuori oroli vaqti"
              }
            },
            "Magadan": {
              "long": {
                "generic": "Magadan vaqti",
                "standard": "Magadan standart vaqti",
                "daylight": "Magadan yozgi vaqti"
              }
            },
            "Malaysia": {
              "long": {
                "standard": "Malayziya vaqti"
              }
            },
            "Maldives": {
              "long": {
                "standard": "Maldiv orollari vaqti"
              }
            },
            "Marquesas": {
              "long": {
                "standard": "Markiz orollari vaqti"
              }
            },
            "Marshall_Islands": {
              "long": {
                "standard": "Marshall orollari vaqti"
              }
            },
            "Mauritius": {
              "long": {
                "generic": "Mavrikiy vaqti",
                "standard": "Mavrikiy standart vaqti",
                "daylight": "Mavrikiy yozgi vaqti"
              }
            },
            "Mawson": {
              "long": {
                "standard": "Mouson vaqti"
              }
            },
            "Mexico_Northwest": {
              "long": {
                "generic": "Shimoli-g‘arbiy Meksika vaqti",
                "standard": "Shimoli-g‘arbiy Meksika standart vaqti",
                "daylight": "Shimoli-g‘arbiy Meksika yozgi vaqti"
              }
            },
            "Mexico_Pacific": {
              "long": {
                "generic": "Meksika Tinch okeani vaqti",
                "standard": "Meksika Tinch okeani standart vaqti",
                "daylight": "Meksika Tinch okeani yozgi vaqti"
              }
            },
            "Mongolia": {
              "long": {
                "generic": "Ulan-Bator vaqti",
                "standard": "Ulan-Bator standart vaqti",
                "daylight": "Ulan-Bator yozgi vaqti"
              }
            },
            "Moscow": {
              "long": {
                "generic": "Moskva vaqti",
                "standard": "Moskva standart vaqti",
                "daylight": "Moskva yozgi vaqti"
              }
            },
            "Myanmar": {
              "long": {
                "standard": "Myanma vaqti"
              }
            },
            "Nauru": {
              "long": {
                "standard": "Nauru vaqti"
              }
            },
            "Nepal": {
              "long": {
                "standard": "Nepal vaqti"
              }
            },
            "New_Caledonia": {
              "long": {
                "generic": "Yangi Kaledoniya vaqti",
                "standard": "Yangi Kaledoniya standart vaqti",
                "daylight": "Yangi Kaledoniya yozgi vaqti"
              }
            },
            "New_Zealand": {
              "long": {
                "generic": "Yangi Zelandiya vaqti",
                "standard": "Yangi Zelandiya standart vaqti",
                "daylight": "Yangi Zelandiya yozgi vaqti"
              }
            },
            "Newfoundland": {
              "long": {
                "generic": "Nyufaundlend vaqti",
                "standard": "Nyufaundlend standart vaqti",
                "daylight": "Nyufaundlend yozgi vaqti"
              }
            },
            "Niue": {
              "long": {
                "standard": "Niuye vaqti"
              }
            },
            "Norfolk": {
              "long": {
                "generic": "Norfolk oroli vaqti",
                "standard": "Norfolk oroli standart vaqti",
                "daylight": "Norfolk oroli yozgi vaqti"
              }
            },
            "Noronha": {
              "long": {
                "generic": "Fernandu-di-Noronya vaqti",
                "standard": "Fernandu-di-Noronya standart vaqti",
                "daylight": "Fernandu-di-Noronya yozgi vaqti"
              }
            },
            "Novosibirsk": {
              "long": {
                "generic": "Novosibirsk vaqti",
                "standard": "Novosibirsk standart vaqti",
                "daylight": "Novosibirsk yozgi vaqti"
              }
            },
            "Omsk": {
              "long": {
                "generic": "Omsk vaqti",
                "standard": "Omsk standart vaqti",
                "daylight": "Omsk yozgi vaqti"
              }
            },
            "Pakistan": {
              "long": {
                "generic": "Pokiston vaqti",
                "standard": "Pokiston standart vaqti",
                "daylight": "Pokiston yozgi vaqti"
              }
            },
            "Palau": {
              "long": {
                "standard": "Palau vaqti"
              }
            },
            "Papua_New_Guinea": {
              "long": {
                "standard": "Papua-Yangi Gvineya vaqti"
              }
            },
            "Paraguay": {
              "long": {
                "generic": "Paragvay vaqti",
                "standard": "Paragvay standart vaqti",
                "daylight": "Paragvay yozgi vaqti"
              }
            },
            "Peru": {
              "long": {
                "generic": "Peru vaqti",
                "standard": "Peru standart vaqti",
                "daylight": "Peru yozgi vaqti"
              }
            },
            "Philippines": {
              "long": {
                "generic": "Filippin vaqti",
                "standard": "Filippin standart vaqti",
                "daylight": "Filippin yozgi vaqti"
              }
            },
            "Phoenix_Islands": {
              "long": {
                "standard": "Feniks orollari vaqti"
              }
            },
            "Pierre_Miquelon": {
              "long": {
                "generic": "Sen-Pyer va Mikelon vaqti",
                "standard": "Sen-Pyer va Mikelon standart vaqti",
                "daylight": "Sen-Pyer va Mikelon yozgi vaqti"
              }
            },
            "Pitcairn": {
              "long": {
                "standard": "Pitkern vaqti"
              }
            },
            "Ponape": {
              "long": {
                "standard": "Ponape vaqti"
              }
            },
            "Pyongyang": {
              "long": {
                "standard": "Pxenyan vaqti"
              }
            },
            "Reunion": {
              "long": {
                "standard": "Reyunion vaqti"
              }
            },
            "Rothera": {
              "long": {
                "standard": "Rotera vaqti"
              }
            },
            "Sakhalin": {
              "long": {
                "generic": "Saxalin vaqti",
                "standard": "Saxalin standart vaqti",
                "daylight": "Saxalin yozgi vaqti"
              }
            },
            "Samoa": {
              "long": {
                "generic": "Samoa vaqti",
                "standard": "Samoa standart vaqti",
                "daylight": "Samoa yozgi vaqti"
              }
            },
            "Seychelles": {
              "long": {
                "standard": "Seyshel orollari vaqti"
              }
            },
            "Singapore": {
              "long": {
                "standard": "Singapur vaqti"
              }
            },
            "Solomon": {
              "long": {
                "standard": "Solomon orollari vaqti"
              }
            },
            "South_Georgia": {
              "long": {
                "standard": "Janubiy Georgiya vaqti"
              }
            },
            "Suriname": {
              "long": {
                "standard": "Surinam vaqti"
              }
            },
            "Syowa": {
              "long": {
                "standard": "Syova vaqti"
              }
            },
            "Tahiti": {
              "long": {
                "standard": "Taiti vaqti"
              }
            },
            "Taipei": {
              "long": {
                "generic": "Tayvan vaqti",
                "standard": "Tayvan standart vaqti",
                "daylight": "Tayvan yozgi vaqti"
              }
            },
            "Tajikistan": {
              "long": {
                "standard": "Tojikiston vaqti"
              }
            },
            "Tokelau": {
              "long": {
                "standard": "Tokelau vaqti"
              }
            },
            "Tonga": {
              "long": {
                "generic": "Tonga vaqti",
                "standard": "Tonga standart vaqti",
                "daylight": "Tonga yozgi vaqti"
              }
            },
            "Truk": {
              "long": {
                "standard": "Chuuk vaqti"
              }
            },
            "Turkmenistan": {
              "long": {
                "generic": "Turkmaniston vaqti",
                "standard": "Turkmaniston standart vaqti",
                "daylight": "Turkmaniston yozgi vaqti"
              }
            },
            "Tuvalu": {
              "long": {
                "standard": "Tuvalu vaqti"
              }
            },
            "Uruguay": {
              "long": {
                "generic": "Urugvay vaqti",
                "standard": "Urugvay standart vaqti",
                "daylight": "Urugvay yozgi vaqti"
              }
            },
            "Uzbekistan": {
              "long": {
                "generic": "O‘zbekiston vaqti",
                "standard": "O‘zbekiston standart vaqti",
                "daylight": "O‘zbekiston yozgi vaqti"
              }
            },
            "Vanuatu": {
              "long": {
                "generic": "Vanuatu vaqti",
                "standard": "Vanuatu standart vaqti",
                "daylight": "Vanuatu yozgi vaqti"
              }
            },
            "Venezuela": {
              "long": {
                "standard": "Venesuela vaqti"
              }
            },
            "Vladivostok": {
              "long": {
                "generic": "Vladivostok vaqti",
                "standard": "Vladivostok standart vaqti",
                "daylight": "Vladivostok yozgi vaqti"
              }
            },
            "Volgograd": {
              "long": {
                "generic": "Volgograd vaqti",
                "standard": "Volgograd standart vaqti",
                "daylight": "Volgograd yozgi vaqti"
              }
            },
            "Vostok": {
              "long": {
                "standard": "Vostok vaqti"
              }
            },
            "Wake": {
              "long": {
                "standard": "Ueyk oroli vaqti"
              }
            },
            "Wallis": {
              "long": {
                "standard": "Uollis va Futuna vaqti"
              }
            },
            "Yakutsk": {
              "long": {
                "generic": "Yakutsk vaqti",
                "standard": "Yakutsk standart vaqti",
                "daylight": "Yakutsk yozgi vaqti"
              }
            },
            "Yekaterinburg": {
              "long": {
                "generic": "Yekaterinburg vaqti",
                "standard": "Yekaterinburg standart vaqti",
                "daylight": "Yekaterinburg yozgi vaqti"
              }
            },
            "Yukon": {
              "long": {
                "standard": "Yukon vaqti"
              }
            }
          }
        }
      }
    }
  }
}
