{
  "main": {
    "ha-NE": {
      "identity": {
        "version": {
          "_cldrVersion": "42"
        },
        "language": "ha",
        "territory": "NE"
      },
      "dates": {
        "timeZoneNames": {
          "hourFormat": "+HH:mm;-HH:mm",
          "gmtFormat": "GMT{0}",
          "gmtZeroFormat": "GMT",
          "regionFormat": "{0} Lokaci",
          "regionFormat-type-daylight": "{0} Lokacin Rana",
          "regionFormat-type-standard": "{0} Daidaitaccen Lokaci",
          "fallbackFormat": "{1} ({0})",
          "zone": {
            "America": {
              "Adak": {
                "exemplarCity": "Adak"
              },
              "Anchorage": {
                "exemplarCity": "Anchorage"
              },
              "Anguilla": {
                "exemplarCity": "Anguilla"
              },
              "Antigua": {
                "exemplarCity": "Antigua"
              },
              "Araguaina": {
                "exemplarCity": "Araguaina"
              },
              "Argentina": {
                "Rio_Gallegos": {
                  "exemplarCity": "Rio Gallegos"
                },
                "San_Juan": {
                  "exemplarCity": "San Juan"
                },
                "Ushuaia": {
                  "exemplarCity": "Ushuaia"
                },
                "La_Rioja": {
                  "exemplarCity": "La Rioja"
                },
                "San_Luis": {
                  "exemplarCity": "San Luis"
                },
                "Salta": {
                  "exemplarCity": "Salta"
                },
                "Tucuman": {
                  "exemplarCity": "Tucuman"
                }
              },
              "Aruba": {
                "exemplarCity": "Aruba"
              },
              "Asuncion": {
                "exemplarCity": "Asuncion"
              },
              "Bahia": {
                "exemplarCity": "Bahia"
              },
              "Bahia_Banderas": {
                "exemplarCity": "Bahia Banderas"
              },
              "Barbados": {
                "exemplarCity": "Barbados"
              },
              "Belem": {
                "exemplarCity": "Belem"
              },
              "Belize": {
                "exemplarCity": "Belize"
              },
              "Blanc-Sablon": {
                "exemplarCity": "Blanc-Sablon"
              },
              "Boa_Vista": {
                "exemplarCity": "Boa Vista"
              },
              "Bogota": {
                "exemplarCity": "Bogota"
              },
              "Boise": {
                "exemplarCity": "Boise"
              },
              "Buenos_Aires": {
                "exemplarCity": "Buenos Aires"
              },
              "Cambridge_Bay": {
                "exemplarCity": "Cambridge Bay"
              },
              "Campo_Grande": {
                "exemplarCity": "Campo Grande"
              },
              "Cancun": {
                "exemplarCity": "Cancun"
              },
              "Caracas": {
                "exemplarCity": "Caracas"
              },
              "Catamarca": {
                "exemplarCity": "Catamarca"
              },
              "Cayenne": {
                "exemplarCity": "Cayenne"
              },
              "Cayman": {
                "exemplarCity": "Cayman"
              },
              "Chicago": {
                "exemplarCity": "Chicago"
              },
              "Chihuahua": {
                "exemplarCity": "Chihuahua"
              },
              "Coral_Harbour": {
                "exemplarCity": "Atikokan"
              },
              "Cordoba": {
                "exemplarCity": "Cordoba"
              },
              "Costa_Rica": {
                "exemplarCity": "Costa Rica"
              },
              "Creston": {
                "exemplarCity": "Creston"
              },
              "Cuiaba": {
                "exemplarCity": "Cuiaba"
              },
              "Curacao": {
                "exemplarCity": "Curacao"
              },
              "Danmarkshavn": {
                "exemplarCity": "Danmarkshavn"
              },
              "Dawson": {
                "exemplarCity": "Dawson"
              },
              "Dawson_Creek": {
                "exemplarCity": "Dawson Creek"
              },
              "Denver": {
                "exemplarCity": "Denver"
              },
              "Detroit": {
                "exemplarCity": "Detroit"
              },
              "Dominica": {
                "exemplarCity": "Dominica"
              },
              "Edmonton": {
                "exemplarCity": "Edmonton"
              },
              "Eirunepe": {
                "exemplarCity": "Eirunepe"
              },
              "El_Salvador": {
                "exemplarCity": "El Salvador"
              },
              "Fort_Nelson": {
                "exemplarCity": "Fort Nelson"
              },
              "Fortaleza": {
                "exemplarCity": "Fortaleza"
              },
              "Glace_Bay": {
                "exemplarCity": "Glace Bay"
              },
              "Godthab": {
                "exemplarCity": "Nuuk"
              },
              "Goose_Bay": {
                "exemplarCity": "Goose Bay"
              },
              "Grand_Turk": {
                "exemplarCity": "Grand Turk"
              },
              "Grenada": {
                "exemplarCity": "Grenada"
              },
              "Guadeloupe": {
                "exemplarCity": "Guadeloupe"
              },
              "Guatemala": {
                "exemplarCity": "Guatemala"
              },
              "Guayaquil": {
                "exemplarCity": "Guayaquil"
              },
              "Guyana": {
                "exemplarCity": "Guyana"
              },
              "Halifax": {
                "exemplarCity": "Halifax"
              },
              "Havana": {
                "exemplarCity": "Havana"
              },
              "Hermosillo": {
                "exemplarCity": "Hermosillo"
              },
              "Indiana": {
                "Vincennes": {
                  "exemplarCity": "Vincennes, Indiana"
                },
                "Petersburg": {
                  "exemplarCity": "Petersburg, Indiana"
                },
                "Tell_City": {
                  "exemplarCity": "Tell City, Indiana"
                },
                "Knox": {
                  "exemplarCity": "Knox, Indiana"
                },
                "Winamac": {
                  "exemplarCity": "Winamac, Indiana"
                },
                "Marengo": {
                  "exemplarCity": "Marengo, Indiana"
                },
                "Vevay": {
                  "exemplarCity": "Vevay, Indiana"
                }
              },
              "Indianapolis": {
                "exemplarCity": "Indianapolis"
              },
              "Inuvik": {
                "exemplarCity": "Inuvik"
              },
              "Iqaluit": {
                "exemplarCity": "Iqaluit"
              },
              "Jamaica": {
                "exemplarCity": "Jamaica"
              },
              "Jujuy": {
                "exemplarCity": "Jujuy"
              },
              "Juneau": {
                "exemplarCity": "Juneau"
              },
              "Kentucky": {
                "Monticello": {
                  "exemplarCity": "Monticello, Kentucky"
                }
              },
              "Kralendijk": {
                "exemplarCity": "Kralendijk"
              },
              "La_Paz": {
                "exemplarCity": "La Paz"
              },
              "Lima": {
                "exemplarCity": "Lima"
              },
              "Los_Angeles": {
                "exemplarCity": "Los Angeles"
              },
              "Louisville": {
                "exemplarCity": "Louisville"
              },
              "Lower_Princes": {
                "exemplarCity": "Lower Prince’s Quarter"
              },
              "Maceio": {
                "exemplarCity": "Maceio"
              },
              "Managua": {
                "exemplarCity": "Managua"
              },
              "Manaus": {
                "exemplarCity": "Manaus"
              },
              "Marigot": {
                "exemplarCity": "Marigot"
              },
              "Martinique": {
                "exemplarCity": "Martinique"
              },
              "Matamoros": {
                "exemplarCity": "Matamoros"
              },
              "Mazatlan": {
                "exemplarCity": "Mazatlan"
              },
              "Mendoza": {
                "exemplarCity": "Mendoza"
              },
              "Menominee": {
                "exemplarCity": "Menominee"
              },
              "Merida": {
                "exemplarCity": "Merida"
              },
              "Metlakatla": {
                "exemplarCity": "Metlakatla"
              },
              "Mexico_City": {
                "exemplarCity": "Mexico City"
              },
              "Miquelon": {
                "exemplarCity": "Miquelon"
              },
              "Moncton": {
                "exemplarCity": "Moncton"
              },
              "Monterrey": {
                "exemplarCity": "Monterrey"
              },
              "Montevideo": {
                "exemplarCity": "Montevideo"
              },
              "Montserrat": {
                "exemplarCity": "Montserrat"
              },
              "Nassau": {
                "exemplarCity": "Nassau"
              },
              "New_York": {
                "exemplarCity": "New York"
              },
              "Nipigon": {
                "exemplarCity": "Nipigon"
              },
              "Nome": {
                "exemplarCity": "Nome"
              },
              "Noronha": {
                "exemplarCity": "Noronha"
              },
              "North_Dakota": {
                "Beulah": {
                  "exemplarCity": "Beulah, Arewacin Dakota"
                },
                "New_Salem": {
                  "exemplarCity": "New Salem, Arewacin Dakota"
                },
                "Center": {
                  "exemplarCity": "Center, Arewacin Dakota"
                }
              },
              "Ojinaga": {
                "exemplarCity": "Ojinaga"
              },
              "Panama": {
                "exemplarCity": "Panama"
              },
              "Pangnirtung": {
                "exemplarCity": "Pangnirtung"
              },
              "Paramaribo": {
                "exemplarCity": "Paramaribo"
              },
              "Phoenix": {
                "exemplarCity": "Phoenix"
              },
              "Port-au-Prince": {
                "exemplarCity": "Port-au-Prince"
              },
              "Port_of_Spain": {
                "exemplarCity": "Port of Spain"
              },
              "Porto_Velho": {
                "exemplarCity": "Porto Velho"
              },
              "Puerto_Rico": {
                "exemplarCity": "Puerto Rico"
              },
              "Punta_Arenas": {
                "exemplarCity": "Punta Arenas"
              },
              "Rainy_River": {
                "exemplarCity": "Rainy River"
              },
              "Rankin_Inlet": {
                "exemplarCity": "Rankin Inlet"
              },
              "Recife": {
                "exemplarCity": "Recife"
              },
              "Regina": {
                "exemplarCity": "Regina"
              },
              "Resolute": {
                "exemplarCity": "Resolute"
              },
              "Rio_Branco": {
                "exemplarCity": "Rio Branco"
              },
              "Santarem": {
                "exemplarCity": "Santarem"
              },
              "Santiago": {
                "exemplarCity": "Santiago"
              },
              "Santo_Domingo": {
                "exemplarCity": "Santo Domingo"
              },
              "Sao_Paulo": {
                "exemplarCity": "Sao Paulo"
              },
              "Scoresbysund": {
                "exemplarCity": "Ittoqqortoormiit"
              },
              "Sitka": {
                "exemplarCity": "Sitka"
              },
              "St_Barthelemy": {
                "exemplarCity": "St. Barthelemy"
              },
              "St_Johns": {
                "exemplarCity": "St. John’s"
              },
              "St_Kitts": {
                "exemplarCity": "St. Kitts"
              },
              "St_Lucia": {
                "exemplarCity": "St. Lucia"
              },
              "St_Thomas": {
                "exemplarCity": "St. Thomas"
              },
              "St_Vincent": {
                "exemplarCity": "St. Vincent"
              },
              "Swift_Current": {
                "exemplarCity": "Swift Current"
              },
              "Tegucigalpa": {
                "exemplarCity": "Tegucigalpa"
              },
              "Thule": {
                "exemplarCity": "Thule"
              },
              "Thunder_Bay": {
                "exemplarCity": "Thunder Bay"
              },
              "Tijuana": {
                "exemplarCity": "Tijuana"
              },
              "Toronto": {
                "exemplarCity": "Toronto"
              },
              "Tortola": {
                "exemplarCity": "Tortola"
              },
              "Vancouver": {
                "exemplarCity": "Vancouver"
              },
              "Whitehorse": {
                "exemplarCity": "Whitehorse"
              },
              "Winnipeg": {
                "exemplarCity": "Winnipeg"
              },
              "Yakutat": {
                "exemplarCity": "Yakutat"
              },
              "Yellowknife": {
                "exemplarCity": "Yellowknife"
              }
            },
            "Atlantic": {
              "Azores": {
                "exemplarCity": "Azores"
              },
              "Bermuda": {
                "exemplarCity": "Bermuda"
              },
              "Canary": {
                "exemplarCity": "Canary"
              },
              "Cape_Verde": {
                "exemplarCity": "Cape Verde"
              },
              "Faeroe": {
                "exemplarCity": "Faroe"
              },
              "Madeira": {
                "exemplarCity": "Madeira"
              },
              "Reykjavik": {
                "exemplarCity": "Reykjavik"
              },
              "South_Georgia": {
                "exemplarCity": "South Georgia"
              },
              "St_Helena": {
                "exemplarCity": "St. Helena"
              },
              "Stanley": {
                "exemplarCity": "Stanley"
              }
            },
            "Europe": {
              "Amsterdam": {
                "exemplarCity": "Amsterdam"
              },
              "Andorra": {
                "exemplarCity": "Andorra"
              },
              "Astrakhan": {
                "exemplarCity": "Astrakhan"
              },
              "Athens": {
                "exemplarCity": "Athens"
              },
              "Belgrade": {
                "exemplarCity": "Belgrade"
              },
              "Berlin": {
                "exemplarCity": "Berlin"
              },
              "Bratislava": {
                "exemplarCity": "Bratislava"
              },
              "Brussels": {
                "exemplarCity": "Brussels"
              },
              "Bucharest": {
                "exemplarCity": "Bucharest"
              },
              "Budapest": {
                "exemplarCity": "Budapest"
              },
              "Busingen": {
                "exemplarCity": "Busingen"
              },
              "Chisinau": {
                "exemplarCity": "Chisinau"
              },
              "Copenhagen": {
                "exemplarCity": "Copenhagen"
              },
              "Dublin": {
                "long": {
                  "daylight": "Tsayayyen Lokacin Irish"
                },
                "exemplarCity": "Dublin"
              },
              "Gibraltar": {
                "exemplarCity": "Gibraltar"
              },
              "Guernsey": {
                "exemplarCity": "Guernsey"
              },
              "Helsinki": {
                "exemplarCity": "Helsinki"
              },
              "Isle_of_Man": {
                "exemplarCity": "Isle of Man"
              },
              "Istanbul": {
                "exemplarCity": "Istanbul"
              },
              "Jersey": {
                "exemplarCity": "Jersey"
              },
              "Kaliningrad": {
                "exemplarCity": "Kaliningrad"
              },
              "Kiev": {
                "exemplarCity": "Kyiv"
              },
              "Kirov": {
                "exemplarCity": "Kirov"
              },
              "Lisbon": {
                "exemplarCity": "Lisbon"
              },
              "Ljubljana": {
                "exemplarCity": "Ljubljana"
              },
              "London": {
                "long": {
                  "daylight": "Lokacin Bazara na Birtaniya"
                },
                "exemplarCity": "London"
              },
              "Luxembourg": {
                "exemplarCity": "Luxembourg"
              },
              "Madrid": {
                "exemplarCity": "Madrid"
              },
              "Malta": {
                "exemplarCity": "Malta"
              },
              "Mariehamn": {
                "exemplarCity": "Mariehamn"
              },
              "Minsk": {
                "exemplarCity": "Minsk"
              },
              "Monaco": {
                "exemplarCity": "Monaco"
              },
              "Moscow": {
                "exemplarCity": "Moscow"
              },
              "Oslo": {
                "exemplarCity": "Oslo"
              },
              "Paris": {
                "exemplarCity": "Paris"
              },
              "Podgorica": {
                "exemplarCity": "Podgorica"
              },
              "Prague": {
                "exemplarCity": "Prague"
              },
              "Riga": {
                "exemplarCity": "Riga"
              },
              "Rome": {
                "exemplarCity": "Rome"
              },
              "Samara": {
                "exemplarCity": "Samara"
              },
              "San_Marino": {
                "exemplarCity": "San Marino"
              },
              "Sarajevo": {
                "exemplarCity": "Sarajevo"
              },
              "Saratov": {
                "exemplarCity": "Saratov"
              },
              "Simferopol": {
                "exemplarCity": "Simferopol"
              },
              "Skopje": {
                "exemplarCity": "Skopje"
              },
              "Sofia": {
                "exemplarCity": "Sofia"
              },
              "Stockholm": {
                "exemplarCity": "Stockholm"
              },
              "Tallinn": {
                "exemplarCity": "Tallinn"
              },
              "Tirane": {
                "exemplarCity": "Tirane"
              },
              "Ulyanovsk": {
                "exemplarCity": "Ulyanovsk"
              },
              "Uzhgorod": {
                "exemplarCity": "Uzhgorod"
              },
              "Vaduz": {
                "exemplarCity": "Vaduz"
              },
              "Vatican": {
                "exemplarCity": "Vatican"
              },
              "Vienna": {
                "exemplarCity": "Vienna"
              },
              "Vilnius": {
                "exemplarCity": "Vilnius"
              },
              "Volgograd": {
                "exemplarCity": "Volgograd"
              },
              "Warsaw": {
                "exemplarCity": "Warsaw"
              },
              "Zagreb": {
                "exemplarCity": "Zagreb"
              },
              "Zaporozhye": {
                "exemplarCity": "Zaporozhye"
              },
              "Zurich": {
                "exemplarCity": "Zurich"
              }
            },
            "Africa": {
              "Abidjan": {
                "exemplarCity": "Abidjan"
              },
              "Accra": {
                "exemplarCity": "Accra"
              },
              "Addis_Ababa": {
                "exemplarCity": "Addis Ababa"
              },
              "Algiers": {
                "exemplarCity": "Algiers"
              },
              "Asmera": {
                "exemplarCity": "Asmara"
              },
              "Bamako": {
                "exemplarCity": "Bamako"
              },
              "Bangui": {
                "exemplarCity": "Bangui"
              },
              "Banjul": {
                "exemplarCity": "Banjul"
              },
              "Bissau": {
                "exemplarCity": "Bissau"
              },
              "Blantyre": {
                "exemplarCity": "Blantyre"
              },
              "Brazzaville": {
                "exemplarCity": "Brazzaville"
              },
              "Bujumbura": {
                "exemplarCity": "Bujumbura"
              },
              "Cairo": {
                "exemplarCity": "Cairo"
              },
              "Casablanca": {
                "exemplarCity": "Casablanca"
              },
              "Ceuta": {
                "exemplarCity": "Ceuta"
              },
              "Conakry": {
                "exemplarCity": "Conakry"
              },
              "Dakar": {
                "exemplarCity": "Dakar"
              },
              "Dar_es_Salaam": {
                "exemplarCity": "Dar es Salaam"
              },
              "Djibouti": {
                "exemplarCity": "Djibouti"
              },
              "Douala": {
                "exemplarCity": "Douala"
              },
              "El_Aaiun": {
                "exemplarCity": "El Aaiun"
              },
              "Freetown": {
                "exemplarCity": "Freetown"
              },
              "Gaborone": {
                "exemplarCity": "Gaborone"
              },
              "Harare": {
                "exemplarCity": "Harare"
              },
              "Johannesburg": {
                "exemplarCity": "Johannesburg"
              },
              "Juba": {
                "exemplarCity": "Juba"
              },
              "Kampala": {
                "exemplarCity": "Kampala"
              },
              "Khartoum": {
                "exemplarCity": "Khartoum"
              },
              "Kigali": {
                "exemplarCity": "Kigali"
              },
              "Kinshasa": {
                "exemplarCity": "Kinshasa"
              },
              "Lagos": {
                "exemplarCity": "Lagos"
              },
              "Libreville": {
                "exemplarCity": "Libreville"
              },
              "Lome": {
                "exemplarCity": "Lome"
              },
              "Luanda": {
                "exemplarCity": "Luanda"
              },
              "Lubumbashi": {
                "exemplarCity": "Lubumbashi"
              },
              "Lusaka": {
                "exemplarCity": "Lusaka"
              },
              "Malabo": {
                "exemplarCity": "Malabo"
              },
              "Maputo": {
                "exemplarCity": "Maputo"
              },
              "Maseru": {
                "exemplarCity": "Maseru"
              },
              "Mbabane": {
                "exemplarCity": "Mbabane"
              },
              "Mogadishu": {
                "exemplarCity": "Mogadishu"
              },
              "Monrovia": {
                "exemplarCity": "Monrovia"
              },
              "Nairobi": {
                "exemplarCity": "Nairobi"
              },
              "Ndjamena": {
                "exemplarCity": "Ndjamena"
              },
              "Niamey": {
                "exemplarCity": "Niamey"
              },
              "Nouakchott": {
                "exemplarCity": "Nouakchott"
              },
              "Ouagadougou": {
                "exemplarCity": "Ouagadougou"
              },
              "Porto-Novo": {
                "exemplarCity": "Porto-Novo"
              },
              "Sao_Tome": {
                "exemplarCity": "Sao Tome"
              },
              "Tripoli": {
                "exemplarCity": "Tripoli"
              },
              "Tunis": {
                "exemplarCity": "Tunis"
              },
              "Windhoek": {
                "exemplarCity": "Windhoek"
              }
            },
            "Asia": {
              "Aden": {
                "exemplarCity": "Aden"
              },
              "Almaty": {
                "exemplarCity": "Almaty"
              },
              "Amman": {
                "exemplarCity": "Amman"
              },
              "Anadyr": {
                "exemplarCity": "Anadyr"
              },
              "Aqtau": {
                "exemplarCity": "Aqtau"
              },
              "Aqtobe": {
                "exemplarCity": "Aqtobe"
              },
              "Ashgabat": {
                "exemplarCity": "Ashgabat"
              },
              "Atyrau": {
                "exemplarCity": "Atyrau"
              },
              "Baghdad": {
                "exemplarCity": "Baghdad"
              },
              "Bahrain": {
                "exemplarCity": "Bahrain"
              },
              "Baku": {
                "exemplarCity": "Baku"
              },
              "Bangkok": {
                "exemplarCity": "Bangkok"
              },
              "Barnaul": {
                "exemplarCity": "Barnaul"
              },
              "Beirut": {
                "exemplarCity": "Beirut"
              },
              "Bishkek": {
                "exemplarCity": "Bishkek"
              },
              "Brunei": {
                "exemplarCity": "Brunei"
              },
              "Calcutta": {
                "exemplarCity": "Kolkata"
              },
              "Chita": {
                "exemplarCity": "Chita"
              },
              "Choibalsan": {
                "exemplarCity": "Choibalsan"
              },
              "Colombo": {
                "exemplarCity": "Colombo"
              },
              "Damascus": {
                "exemplarCity": "Damascus"
              },
              "Dhaka": {
                "exemplarCity": "Dhaka"
              },
              "Dili": {
                "exemplarCity": "Dili"
              },
              "Dubai": {
                "exemplarCity": "Dubai"
              },
              "Dushanbe": {
                "exemplarCity": "Dushanbe"
              },
              "Famagusta": {
                "exemplarCity": "Famagusta"
              },
              "Gaza": {
                "exemplarCity": "Gaza"
              },
              "Hebron": {
                "exemplarCity": "Hebron"
              },
              "Hong_Kong": {
                "exemplarCity": "Hong Kong"
              },
              "Hovd": {
                "exemplarCity": "Hovd"
              },
              "Irkutsk": {
                "exemplarCity": "Irkutsk"
              },
              "Jakarta": {
                "exemplarCity": "Jakarta"
              },
              "Jayapura": {
                "exemplarCity": "Jayapura"
              },
              "Jerusalem": {
                "exemplarCity": "Jerusalem"
              },
              "Kabul": {
                "exemplarCity": "Kabul"
              },
              "Kamchatka": {
                "exemplarCity": "Kamchatka"
              },
              "Karachi": {
                "exemplarCity": "Karachi"
              },
              "Katmandu": {
                "exemplarCity": "Kathmandu"
              },
              "Khandyga": {
                "exemplarCity": "Khandyga"
              },
              "Krasnoyarsk": {
                "exemplarCity": "Krasnoyarsk"
              },
              "Kuala_Lumpur": {
                "exemplarCity": "Kuala Lumpur"
              },
              "Kuching": {
                "exemplarCity": "Kuching"
              },
              "Kuwait": {
                "exemplarCity": "Kuwait"
              },
              "Macau": {
                "exemplarCity": "Macao"
              },
              "Magadan": {
                "exemplarCity": "Magadan"
              },
              "Makassar": {
                "exemplarCity": "Makassar"
              },
              "Manila": {
                "exemplarCity": "Manila"
              },
              "Muscat": {
                "exemplarCity": "Muscat"
              },
              "Nicosia": {
                "exemplarCity": "Nicosia"
              },
              "Novokuznetsk": {
                "exemplarCity": "Novokuznetsk"
              },
              "Novosibirsk": {
                "exemplarCity": "Novosibirsk"
              },
              "Omsk": {
                "exemplarCity": "Omsk"
              },
              "Oral": {
                "exemplarCity": "Oral"
              },
              "Phnom_Penh": {
                "exemplarCity": "Phnom Penh"
              },
              "Pontianak": {
                "exemplarCity": "Pontianak"
              },
              "Pyongyang": {
                "exemplarCity": "Pyongyang"
              },
              "Qatar": {
                "exemplarCity": "Qatar"
              },
              "Qostanay": {
                "exemplarCity": "Qostanay"
              },
              "Qyzylorda": {
                "exemplarCity": "Qyzylorda"
              },
              "Rangoon": {
                "exemplarCity": "Yangon"
              },
              "Riyadh": {
                "exemplarCity": "Riyadh"
              },
              "Saigon": {
                "exemplarCity": "Ho Chi Minh"
              },
              "Sakhalin": {
                "exemplarCity": "Sakhalin"
              },
              "Samarkand": {
                "exemplarCity": "Samarkand"
              },
              "Seoul": {
                "exemplarCity": "Seoul"
              },
              "Shanghai": {
                "exemplarCity": "Shanghai"
              },
              "Singapore": {
                "exemplarCity": "Singapore"
              },
              "Srednekolymsk": {
                "exemplarCity": "Srednekolymsk"
              },
              "Taipei": {
                "exemplarCity": "Taipei"
              },
              "Tashkent": {
                "exemplarCity": "Tashkent"
              },
              "Tbilisi": {
                "exemplarCity": "Tbilisi"
              },
              "Tehran": {
                "exemplarCity": "Tehran"
              },
              "Thimphu": {
                "exemplarCity": "Thimphu"
              },
              "Tokyo": {
                "exemplarCity": "Tokyo"
              },
              "Tomsk": {
                "exemplarCity": "Tomsk"
              },
              "Ulaanbaatar": {
                "exemplarCity": "Ulaanbaatar"
              },
              "Urumqi": {
                "exemplarCity": "Urumqi"
              },
              "Ust-Nera": {
                "exemplarCity": "Ust-Nera"
              },
              "Vientiane": {
                "exemplarCity": "Vientiane"
              },
              "Vladivostok": {
                "exemplarCity": "Vladivostok"
              },
              "Yakutsk": {
                "exemplarCity": "Yakutsk"
              },
              "Yekaterinburg": {
                "exemplarCity": "Yekaterinburg"
              },
              "Yerevan": {
                "exemplarCity": "Yerevan"
              }
            },
            "Indian": {
              "Antananarivo": {
                "exemplarCity": "Antananarivo"
              },
              "Chagos": {
                "exemplarCity": "Chagos"
              },
              "Christmas": {
                "exemplarCity": "Christmas"
              },
              "Cocos": {
                "exemplarCity": "Cocos"
              },
              "Comoro": {
                "exemplarCity": "Comoro"
              },
              "Kerguelen": {
                "exemplarCity": "Kerguelen"
              },
              "Mahe": {
                "exemplarCity": "Mahe"
              },
              "Maldives": {
                "exemplarCity": "Maldives"
              },
              "Mauritius": {
                "exemplarCity": "Mauritius"
              },
              "Mayotte": {
                "exemplarCity": "Mayotte"
              },
              "Reunion": {
                "exemplarCity": "Reunion"
              }
            },
            "Australia": {
              "Adelaide": {
                "exemplarCity": "Adelaide"
              },
              "Brisbane": {
                "exemplarCity": "Brisbane"
              },
              "Broken_Hill": {
                "exemplarCity": "Broken Hill"
              },
              "Darwin": {
                "exemplarCity": "Darwin"
              },
              "Eucla": {
                "exemplarCity": "Eucla"
              },
              "Hobart": {
                "exemplarCity": "Hobart"
              },
              "Lindeman": {
                "exemplarCity": "Lindeman"
              },
              "Lord_Howe": {
                "exemplarCity": "Lord Howe"
              },
              "Melbourne": {
                "exemplarCity": "Melbourne"
              },
              "Perth": {
                "exemplarCity": "Perth"
              },
              "Sydney": {
                "exemplarCity": "Sydney"
              }
            },
            "Pacific": {
              "Apia": {
                "exemplarCity": "Apia"
              },
              "Auckland": {
                "exemplarCity": "Auckland"
              },
              "Bougainville": {
                "exemplarCity": "Bougainville"
              },
              "Chatham": {
                "exemplarCity": "Chatham"
              },
              "Easter": {
                "exemplarCity": "Easter"
              },
              "Efate": {
                "exemplarCity": "Efate"
              },
              "Fakaofo": {
                "exemplarCity": "Fakaofo"
              },
              "Fiji": {
                "exemplarCity": "Fiji"
              },
              "Funafuti": {
                "exemplarCity": "Funafuti"
              },
              "Galapagos": {
                "exemplarCity": "Galapagos"
              },
              "Gambier": {
                "exemplarCity": "Gambier"
              },
              "Guadalcanal": {
                "exemplarCity": "Guadalcanal"
              },
              "Guam": {
                "exemplarCity": "Guam"
              },
              "Johnston": {
                "exemplarCity": "Johnston"
              },
              "Kanton": {
                "exemplarCity": "Kanton"
              },
              "Kiritimati": {
                "exemplarCity": "Kiritimati"
              },
              "Kosrae": {
                "exemplarCity": "Kosrae"
              },
              "Kwajalein": {
                "exemplarCity": "Kwajalein"
              },
              "Majuro": {
                "exemplarCity": "Majuro"
              },
              "Marquesas": {
                "exemplarCity": "Marquesas"
              },
              "Midway": {
                "exemplarCity": "Midway"
              },
              "Nauru": {
                "exemplarCity": "Nauru"
              },
              "Niue": {
                "exemplarCity": "Niue"
              },
              "Norfolk": {
                "exemplarCity": "Norfolk"
              },
              "Noumea": {
                "exemplarCity": "Noumea"
              },
              "Pago_Pago": {
                "exemplarCity": "Pago Pago"
              },
              "Palau": {
                "exemplarCity": "Palau"
              },
              "Pitcairn": {
                "exemplarCity": "Pitcairn"
              },
              "Ponape": {
                "exemplarCity": "Pohnpei"
              },
              "Port_Moresby": {
                "exemplarCity": "Port Moresby"
              },
              "Rarotonga": {
                "exemplarCity": "Rarotonga"
              },
              "Saipan": {
                "exemplarCity": "Saipan"
              },
              "Tahiti": {
                "exemplarCity": "Tahiti"
              },
              "Tarawa": {
                "exemplarCity": "Tarawa"
              },
              "Tongatapu": {
                "exemplarCity": "Tongatapu"
              },
              "Truk": {
                "exemplarCity": "Chuuk"
              },
              "Wake": {
                "exemplarCity": "Wake"
              },
              "Wallis": {
                "exemplarCity": "Wallis"
              }
            },
            "Arctic": {
              "Longyearbyen": {
                "exemplarCity": "Longyearbyen"
              }
            },
            "Antarctica": {
              "Casey": {
                "exemplarCity": "Casey"
              },
              "Davis": {
                "exemplarCity": "Davis"
              },
              "DumontDUrville": {
                "exemplarCity": "Dumont d’Urville"
              },
              "Macquarie": {
                "exemplarCity": "Macquarie"
              },
              "Mawson": {
                "exemplarCity": "Mawson"
              },
              "McMurdo": {
                "exemplarCity": "McMurdo"
              },
              "Palmer": {
                "exemplarCity": "Palmer"
              },
              "Rothera": {
                "exemplarCity": "Rothera"
              },
              "Syowa": {
                "exemplarCity": "Syowa"
              },
              "Troll": {
                "exemplarCity": "Troll"
              },
              "Vostok": {
                "exemplarCity": "Vostok"
              }
            },
            "Etc": {
              "UTC": {
                "long": {
                  "standard": "Hadewa Lokaci na Duniya"
                },
                "short": {
                  "standard": "UTC"
                }
              },
              "Unknown": {
                "exemplarCity": "Birni da ba a sani ba"
              }
            }
          },
          "metazone": {
            "Afghanistan": {
              "long": {
                "standard": "Lokacin Afghanistan"
              }
            },
            "Africa_Central": {
              "long": {
                "standard": "Lokacin Afirka ta Tsakiya"
              }
            },
            "Africa_Eastern": {
              "long": {
                "standard": "Lokacin Gabashin Afirka"
              }
            },
            "Africa_Southern": {
              "long": {
                "standard": "South Africa Standard Time"
              }
            },
            "Africa_Western": {
              "long": {
                "generic": "Lokacin Afirka ta Yamma",
                "standard": "Tsayayyen Lokacin Afirka ta Yamma",
                "daylight": "Lokacin Bazara na Afirka ta Yamma"
              }
            },
            "Alaska": {
              "long": {
                "generic": "Lokacin Alaska",
                "standard": "Tsayayyen Lokacin Alaska",
                "daylight": "Lokacin Rana na Alaska"
              }
            },
            "Amazon": {
              "long": {
                "generic": "Lokacin Amazon",
                "standard": "Tsayayyen Lokacin Amazon",
                "daylight": "Lokacin Bazara na Amazon"
              }
            },
            "America_Central": {
              "long": {
                "generic": "Lokaci dake Amurika arewa ta tsakiyar",
                "standard": "Tsayayyen Lokaci dake Arewacin Amurika ta Tsakiya",
                "daylight": "Lokacin Rana dake Arewacin Amurika ta Tsakiya"
              }
            },
            "America_Eastern": {
              "long": {
                "generic": "Lokacin Gabas dake Arewacin Amurikaa",
                "standard": "Tsayayyen Lokacin Gabas dake Arewacin Amurika",
                "daylight": "Lokacin Rana ta Gabas dake Arewacin Amurika"
              }
            },
            "America_Mountain": {
              "long": {
                "generic": "Lokacin Tsauni na Arewacin Amurka",
                "standard": "Lokaci tsayayye na tsauni a Arewacin Amurica",
                "daylight": "Lokacin Rana na Tsaunin Arewacin Amurka"
              }
            },
            "America_Pacific": {
              "long": {
                "generic": "Lokacin Arewacin Amurika",
                "standard": "Lokaci Tsayayye na Arewacin Amurika",
                "daylight": "Lokacin Rana na Arewacin Amurka"
              }
            },
            "Apia": {
              "long": {
                "generic": "Lokacin Apia",
                "standard": "Tsayayyen Lokacin Apia",
                "daylight": "Lokacin Rana na Apia"
              }
            },
            "Arabian": {
              "long": {
                "generic": "Lokacin Arebiya",
                "standard": "Arabian Standard Time",
                "daylight": "Lokacin Rana na Arebiya"
              }
            },
            "Argentina": {
              "long": {
                "generic": "Lokacin Argentina",
                "standard": "Tsayayyen Lokacin Argentina",
                "daylight": "Lokacin Bazara na Argentina"
              }
            },
            "Argentina_Western": {
              "long": {
                "generic": "Lokacin Yammacin Argentina",
                "standard": "Tsayayyen Lokacin Yammacin Argentina",
                "daylight": "Lokacin Bazara na Yammacin Argentina"
              }
            },
            "Armenia": {
              "long": {
                "generic": "Lokacin Armenia",
                "standard": "Tsayayyen Lokacin Armenia",
                "daylight": "Lokacin Bazara na Armenia"
              }
            },
            "Atlantic": {
              "long": {
                "generic": "Lokacin Kanada, Puerto Rico da Virgin Islands",
                "standard": "Tsayayyen Lokacin Kanada, Puerto Rico da Virgin Islands",
                "daylight": "Lokacin Rana na Kanada, Puerto Rico da Virgin Islands"
              }
            },
            "Australia_Central": {
              "long": {
                "generic": "Central Australia Time",
                "standard": "Tsayayyen Lokacin Tsakiyar Austiraliya",
                "daylight": "Lokacin Rana na Tsakiyar Austiraliya"
              }
            },
            "Australia_CentralWestern": {
              "long": {
                "generic": "Lokacin Yammacin Tsakiyar Austiraliya",
                "standard": "Tsayayyen Lokacin Yammacin Tsakiyar Austiraliya",
                "daylight": "Lokacin Rana na Yammacin Tsakiyar Austiraliya"
              }
            },
            "Australia_Eastern": {
              "long": {
                "generic": "Lokacin Gabashin Austiraliya",
                "standard": "Australian Eastern Standard Time",
                "daylight": "Lokacin Rana na Gabashin Austiraliya"
              }
            },
            "Australia_Western": {
              "long": {
                "generic": "Lokacin Yammacin Austiralia",
                "standard": "Tsayayyen Lokacin Yammacin Austiralia",
                "daylight": "Lokacin Rana na Yammacin Austiralia"
              }
            },
            "Azerbaijan": {
              "long": {
                "generic": "Lokacin Azerbaijan",
                "standard": "Tsayayyen Lokacin Azerbaijan",
                "daylight": "Lokacin Bazara na Azerbaijan"
              }
            },
            "Azores": {
              "long": {
                "generic": "Lokacin Azores",
                "standard": "Lokacin Azores Daidaitacce",
                "daylight": "Lokacin Azure na Bazara"
              }
            },
            "Bangladesh": {
              "long": {
                "generic": "Lokacin Bangladesh",
                "standard": "Tsayayyen Lokacin Bangladesh",
                "daylight": "Lokacin Bazara na Bangladesh"
              }
            },
            "Bhutan": {
              "long": {
                "standard": "Bhutan Time"
              }
            },
            "Bolivia": {
              "long": {
                "standard": "Lokacin Bolivia"
              }
            },
            "Brasilia": {
              "long": {
                "generic": "Lokacin Brasillia",
                "standard": "Tsayayyen Lokacin Brasillia",
                "daylight": "Lokacin Bazara na Brasillia"
              }
            },
            "Brunei": {
              "long": {
                "standard": "Lokacin Brunei Darussalam"
              }
            },
            "Cape_Verde": {
              "long": {
                "generic": "Lokacin Cape Verde",
                "standard": "Cape Verde Standard Time",
                "daylight": "Lokacin Bazara na Cape Verde"
              }
            },
            "Chamorro": {
              "long": {
                "standard": "Tsayayyen Lokacin Chamorro"
              }
            },
            "Chatham": {
              "long": {
                "generic": "Lokacin Chatham",
                "standard": "Tsayayyen Lokacin Chatham",
                "daylight": "Lokacin Rana na Chatham"
              }
            },
            "Chile": {
              "long": {
                "generic": "Lokacin Chile",
                "standard": "Tsayayyen Lokacin Chile",
                "daylight": "Lokacin Bazara na Chile"
              }
            },
            "China": {
              "long": {
                "generic": "Lokacin Sin",
                "standard": "Tsayayyen Lokacin Sin",
                "daylight": "Lokacin Rana na Sin"
              }
            },
            "Choibalsan": {
              "long": {
                "generic": "Lokacin Choibalsan",
                "standard": "Tsayayyen Lokacin Choibalsan",
                "daylight": "Lokacin Bazara na Choibalsan"
              }
            },
            "Christmas": {
              "long": {
                "standard": "Lokacin Christmas Island"
              }
            },
            "Cocos": {
              "long": {
                "standard": "Lokacin Cocos Islands"
              }
            },
            "Colombia": {
              "long": {
                "generic": "Lokacin Colombia",
                "standard": "Tsayayyen Lokacin Colombia",
                "daylight": "Lokacin Bazara na Colombia"
              }
            },
            "Cook": {
              "long": {
                "generic": "Lokacin Cook Islands",
                "standard": "Tsayayyen Lokacin Cook Islands",
                "daylight": "Rabin Lokacin Bazara na Cook Islands"
              }
            },
            "Cuba": {
              "long": {
                "generic": "Lokaci na Kuba",
                "standard": "Tsayayyen Lokacin Kuba",
                "daylight": "Lokacin Rana na Kuba"
              }
            },
            "Davis": {
              "long": {
                "standard": "Lokacin Davis"
              }
            },
            "DumontDUrville": {
              "long": {
                "standard": "Lokacin Dumont-d’Urville"
              }
            },
            "East_Timor": {
              "long": {
                "standard": "Lokacin East Timor"
              }
            },
            "Easter": {
              "long": {
                "generic": "Lokacin Easter Island",
                "standard": "Tsayayyen Lokacin Easter Island",
                "daylight": "Lokacin Bazara na Easter Island"
              }
            },
            "Ecuador": {
              "long": {
                "standard": "Lokacin Ecuador"
              }
            },
            "Europe_Central": {
              "long": {
                "generic": "Tsakiyar a lokaci turai",
                "standard": "Ida Tsakiyar a Lokaci Turai",
                "daylight": "Tsakiyar bazara a lokaci turai"
              }
            },
            "Europe_Eastern": {
              "long": {
                "generic": "Lokaci a turai gabas",
                "standard": "Ida lokaci a turai gabas",
                "daylight": "Gabas a lokaci turai da bazara"
              }
            },
            "Europe_Further_Eastern": {
              "long": {
                "standard": "Lokacin Gabashin Turai mai Nisa"
              }
            },
            "Europe_Western": {
              "long": {
                "generic": "Lokaci ta yammacin turai",
                "standard": "Ida lokaci ta yammacin turai",
                "daylight": "Ida lokaci ta yammacin turai da bazara"
              }
            },
            "Falkland": {
              "long": {
                "generic": "Lokacin Falkland Islands",
                "standard": "Tsayayyen Lokacin Falkland Islands",
                "daylight": "Lokacin Bazara na Falkland Islands"
              }
            },
            "Fiji": {
              "long": {
                "generic": "Lokacin Fiji",
                "standard": "Tsayayyen Lokacin Fiji",
                "daylight": "Lokacin Bazara na Fiji"
              }
            },
            "French_Guiana": {
              "long": {
                "standard": "Lokacin French Guiana"
              }
            },
            "French_Southern": {
              "long": {
                "standard": "Lokacin Kudancin Faransa da Antarctic"
              }
            },
            "Galapagos": {
              "long": {
                "standard": "Lokacin Galapagos"
              }
            },
            "Gambier": {
              "long": {
                "standard": "Lokacin Gambier"
              }
            },
            "Georgia": {
              "long": {
                "generic": "Lokacin Georgia",
                "standard": "Tsayayyen Lokacin Georgia",
                "daylight": "Georgia Summer Time"
              }
            },
            "Gilbert_Islands": {
              "long": {
                "standard": "Lokacin Gilbert Islands"
              }
            },
            "GMT": {
              "long": {
                "standard": "Lokacin Greenwhich a London"
              }
            },
            "Greenland_Eastern": {
              "long": {
                "generic": "Lokacin Gabas na Greenland",
                "standard": "Tsayayyen Lokacin Gabashin Greenland",
                "daylight": "Lokacin Rana na Gabashin Greenland"
              }
            },
            "Greenland_Western": {
              "long": {
                "generic": "Lokacin Yammacin Greenland",
                "standard": "Tsayayyen Lokacin Yammacin Greenland",
                "daylight": "Lokacin Rana na Yammacin Greenland"
              }
            },
            "Gulf": {
              "long": {
                "standard": "Lokacin Golf"
              }
            },
            "Guyana": {
              "long": {
                "standard": "Lokacin Guyana"
              }
            },
            "Hawaii_Aleutian": {
              "long": {
                "generic": "Lokaci na Hawaii-Aleutian",
                "standard": "Tsayayyen Lokacin Hawaii-Aleutian",
                "daylight": "Lokacin Rana na Hawaii-Aleutian"
              }
            },
            "Hong_Kong": {
              "long": {
                "generic": "Lokacin Hong Kong",
                "standard": "Tsayayyen Lokacin Hong Kong",
                "daylight": "Lokacin Bazara na Hong Kong"
              }
            },
            "Hovd": {
              "long": {
                "generic": "Lokacin Hovd",
                "standard": "Tsayayyen Lokacin Hovd",
                "daylight": "Lokacin Bazara na Hovd"
              }
            },
            "India": {
              "long": {
                "standard": "India Standard Time"
              }
            },
            "Indian_Ocean": {
              "long": {
                "standard": "Lokacin Tekun Indiya"
              }
            },
            "Indochina": {
              "long": {
                "standard": "Lokacin Indochina"
              }
            },
            "Indonesia_Central": {
              "long": {
                "standard": "Lokacin Indonesia ta Tsakiya"
              }
            },
            "Indonesia_Eastern": {
              "long": {
                "standard": "Eastern Indonesia Time"
              }
            },
            "Indonesia_Western": {
              "long": {
                "standard": "Lokacin Yammacin Indonesia"
              }
            },
            "Iran": {
              "long": {
                "generic": "Lokacin Iran",
                "standard": "Tsayayyen Lokacin Iran",
                "daylight": "Lokacin Rana na Iran"
              }
            },
            "Irkutsk": {
              "long": {
                "generic": "Lokacin Irkutsk",
                "standard": "Tsayayyen Lokacin Irkutsk",
                "daylight": "Lokacin Bazara na Irkutsk"
              }
            },
            "Israel": {
              "long": {
                "generic": "Lokacin Israʼila",
                "standard": "Israel Standard Time",
                "daylight": "Israel Daylight Time"
              }
            },
            "Japan": {
              "long": {
                "generic": "Lokacin Japan",
                "standard": "Japan Standard Time",
                "daylight": "Japan Daylight Time"
              }
            },
            "Kazakhstan_Eastern": {
              "long": {
                "standard": "Lokacin Gabashin Kazakhstan"
              }
            },
            "Kazakhstan_Western": {
              "long": {
                "standard": "Lokacin Yammacin Kazakhstan"
              }
            },
            "Korea": {
              "long": {
                "generic": "Lokacin Koriya",
                "standard": "Tsayayyen Lokacin Koriya",
                "daylight": "Lokacin Rana na Koriya"
              }
            },
            "Kosrae": {
              "long": {
                "standard": "Lokacin Kosrae"
              }
            },
            "Krasnoyarsk": {
              "long": {
                "generic": "Lokacin Krasnoyarsk",
                "standard": "Tsayayyen Lokacin Krasnoyarsk",
                "daylight": "Lokacin Bazara na Krasnoyarsk"
              }
            },
            "Kyrgystan": {
              "long": {
                "standard": "Lokacin Kazakhstan"
              }
            },
            "Line_Islands": {
              "long": {
                "standard": "Lokacin Line Islands"
              }
            },
            "Lord_Howe": {
              "long": {
                "generic": "Lokacin Lord Howe",
                "standard": "Tsayayyen Lokacin Lord Howe",
                "daylight": "Lokacin Rana na Vote Lord Howe"
              }
            },
            "Macquarie": {
              "long": {
                "standard": "Lokacin Macquarie Island"
              }
            },
            "Magadan": {
              "long": {
                "generic": "Lokacin Magadan",
                "standard": "Tsayayyen Lokacin Magadan",
                "daylight": "Lokacin Bazara na Magadan"
              }
            },
            "Malaysia": {
              "long": {
                "standard": "Lokacin Malaysia"
              }
            },
            "Maldives": {
              "long": {
                "standard": "Lokacin Maldives"
              }
            },
            "Marquesas": {
              "long": {
                "standard": "Lokacin Marquesas"
              }
            },
            "Marshall_Islands": {
              "long": {
                "standard": "Lokacin Marshall Islands"
              }
            },
            "Mauritius": {
              "long": {
                "generic": "Lokacin Mauritius",
                "standard": "Tsayayyen Lokacin Mauritius",
                "daylight": "Lokacin Bazara na Mauritius"
              }
            },
            "Mawson": {
              "long": {
                "standard": "Lokacin Mawson"
              }
            },
            "Mexico_Northwest": {
              "long": {
                "generic": "Lokacin Arewa Maso Yammacin Mekziko",
                "standard": "Tsayayyen Lokacin Arewa Maso Yammacin Mekziko",
                "daylight": "Lokacin Rana na Arewa Maso Yammacin Mekziko"
              }
            },
            "Mexico_Pacific": {
              "long": {
                "generic": "Lokacin Mekziko Pacific",
                "standard": "Tsayayyen Lokacin Mekziko Pacific",
                "daylight": "Lokacin Rana na Mekziko Pacific"
              }
            },
            "Mongolia": {
              "long": {
                "generic": "Lokacin Ulaanbaatar",
                "standard": "Tsayayyen Lokacin Ulaanbaatar",
                "daylight": "Lokacin Bazara na Ulaanbaatar"
              }
            },
            "Moscow": {
              "long": {
                "generic": "Lokacin Moscow",
                "standard": "Tsayayyen Lokacin Moscow",
                "daylight": "Lokacin Bazara na Moscow"
              }
            },
            "Myanmar": {
              "long": {
                "standard": "Lokacin Myanmar"
              }
            },
            "Nauru": {
              "long": {
                "standard": "Lokacin Nauru"
              }
            },
            "Nepal": {
              "long": {
                "standard": "Lokacin Nepal"
              }
            },
            "New_Caledonia": {
              "long": {
                "generic": "Lokacin New Caledonia",
                "standard": "Tsayayyen Lokacin New Caledonia",
                "daylight": "Lokacin Bazara na New Caledonia"
              }
            },
            "New_Zealand": {
              "long": {
                "generic": "Lokacin New Zealand",
                "standard": "Tsayayyen Lokacin New Zealand",
                "daylight": "Lokacin Rana na New Zealand"
              }
            },
            "Newfoundland": {
              "long": {
                "generic": "Lokacin Newfoundland",
                "standard": "Lokaci Tsayayye ta Newfoundland",
                "daylight": "Lokaci rana ta Newfoundland"
              }
            },
            "Niue": {
              "long": {
                "standard": "Lokacin Niue"
              }
            },
            "Norfolk": {
              "long": {
                "generic": "Lokacin Norfolk Island",
                "standard": "Tsayayyen Lokacin Norfolk Island",
                "daylight": "Lokacin Rana na Norfolk Island"
              }
            },
            "Noronha": {
              "long": {
                "generic": "Lokacin Fernando de Noronha",
                "standard": "Tsayayyen Lokacin Fernando de Noronha",
                "daylight": "Lokacin Bazara na Fernando de Noronha"
              }
            },
            "Novosibirsk": {
              "long": {
                "generic": "Lokacin Novosibirsk",
                "standard": "Novosibirsk Standard Time",
                "daylight": "Lokacin Bazara na Novosibirsk"
              }
            },
            "Omsk": {
              "long": {
                "generic": "Lokacin Omsk",
                "standard": "Tsayayyen Lokacin Omsk",
                "daylight": "Lokacin Bazara na Omsk"
              }
            },
            "Pakistan": {
              "long": {
                "generic": "Lokacin Pakistan",
                "standard": "Tsayayyen Lokacin Pakistan",
                "daylight": "Lokacin Bazara na Pakistan"
              }
            },
            "Palau": {
              "long": {
                "standard": "Lokacin Palau"
              }
            },
            "Papua_New_Guinea": {
              "long": {
                "standard": "Lokacin Papua New Guinea"
              }
            },
            "Paraguay": {
              "long": {
                "generic": "Lokacin Paraguay",
                "standard": "Tsayayyen Lokacin Paraguay",
                "daylight": "Lokacin Bazara na Paraguay"
              }
            },
            "Peru": {
              "long": {
                "generic": "Lokacin Peru",
                "standard": "Tsayayyen Lokacin Peru",
                "daylight": "Lokacin Bazara na Peru"
              }
            },
            "Philippines": {
              "long": {
                "generic": "Lokacin Philippine",
                "standard": "Tsayayyen Lokacin Philippine",
                "daylight": "Lokacin Bazara na Philippine"
              }
            },
            "Phoenix_Islands": {
              "long": {
                "standard": "Lokacin Phoenix Islands"
              }
            },
            "Pierre_Miquelon": {
              "long": {
                "generic": "Lokacin St. Pierre da Miquelon",
                "standard": "Tsayayyen Lokacin St. Pierre da Miquelon",
                "daylight": "Lokacin Rana na St. Pierre da Miquelon"
              }
            },
            "Pitcairn": {
              "long": {
                "standard": "Lokacin Pitcairn"
              }
            },
            "Ponape": {
              "long": {
                "standard": "Lokacin Ponape"
              }
            },
            "Pyongyang": {
              "long": {
                "standard": "Lokacin Pyongyang"
              }
            },
            "Reunion": {
              "long": {
                "standard": "Lokacin Réunion"
              }
            },
            "Rothera": {
              "long": {
                "standard": "Lokacin Rothera"
              }
            },
            "Sakhalin": {
              "long": {
                "generic": "Lokacin Sakhalin",
                "standard": "Tsayayyen Lokacin Sakhalin",
                "daylight": "Lokacin Bazara na Sakhalin"
              }
            },
            "Samoa": {
              "long": {
                "generic": "Lokacin Samoa",
                "standard": "Tsayayyen Lokacin Samoa",
                "daylight": "Lokacin Rana na Vote Samoa"
              }
            },
            "Seychelles": {
              "long": {
                "standard": "Lokacin Seychelles"
              }
            },
            "Singapore": {
              "long": {
                "standard": "Tsayayyen Lokacin Singapore"
              }
            },
            "Solomon": {
              "long": {
                "standard": "Lokacin Rana na Solomon"
              }
            },
            "South_Georgia": {
              "long": {
                "standard": "Lokacin Kudancin Georgia"
              }
            },
            "Suriname": {
              "long": {
                "standard": "Lokacin Suriname"
              }
            },
            "Syowa": {
              "long": {
                "standard": "Lokacin Syowa"
              }
            },
            "Tahiti": {
              "long": {
                "standard": "Lokacin Tahiti"
              }
            },
            "Taipei": {
              "long": {
                "generic": "Lokacin Taipei",
                "standard": "Tsayayyen Lokacin Taipei",
                "daylight": "Lokacin Rana na Taipei"
              }
            },
            "Tajikistan": {
              "long": {
                "standard": "Lokacin Tajikistan"
              }
            },
            "Tokelau": {
              "long": {
                "standard": "Tokelau Time"
              }
            },
            "Tonga": {
              "long": {
                "generic": "Lokacin Tonga",
                "standard": "Tsayayyen Lokacin Tonga",
                "daylight": "Lokacin Bazara na Tonga"
              }
            },
            "Truk": {
              "long": {
                "standard": "Lokacin Chuuk"
              }
            },
            "Turkmenistan": {
              "long": {
                "generic": "Lokacin Turkmenistan",
                "standard": "Tsayayyen Lokacin Turkmenistan",
                "daylight": "Turkmenistan Summer Time"
              }
            },
            "Tuvalu": {
              "long": {
                "standard": "Lokacin Tuvalu"
              }
            },
            "Uruguay": {
              "long": {
                "generic": "Lokacin Uruguay",
                "standard": "Tsayayyen Lokacin Uruguay",
                "daylight": "Lokacin Bazara na Uruguay"
              }
            },
            "Uzbekistan": {
              "long": {
                "generic": "Lokacin Uzbekistan",
                "standard": "Tsayayyen Lokacin Uzbekistan",
                "daylight": "Lokacin Bazara na Uzbekistan"
              }
            },
            "Vanuatu": {
              "long": {
                "generic": "Lokacin Vanuatu",
                "standard": "Tsayayyen Lokacin Vanuatu",
                "daylight": "Lokacin Bazara na Vanuatu"
              }
            },
            "Venezuela": {
              "long": {
                "standard": "Lokacin Venezuela"
              }
            },
            "Vladivostok": {
              "long": {
                "generic": "Lokacin Vladivostok",
                "standard": "Tsayayyen Lokacin Vladivostok",
                "daylight": "Lokacin Bazara na Vladivostok"
              }
            },
            "Volgograd": {
              "long": {
                "generic": "Lokacin Volgograd",
                "standard": "Tsayayyen Lokacin Volgograd",
                "daylight": "Lokacin Bazara na Volgograd"
              }
            },
            "Vostok": {
              "long": {
                "standard": "Lokacin Vostok"
              }
            },
            "Wake": {
              "long": {
                "standard": "Lokacin Wake Island"
              }
            },
            "Wallis": {
              "long": {
                "standard": "Lokacin Wallis da Futuna"
              }
            },
            "Yakutsk": {
              "long": {
                "generic": "Lokacin Yakutsk",
                "standard": "Tsayayyen Lokacin Yakutsk",
                "daylight": "Lokacin Bazara na Yakutsk"
              }
            },
            "Yekaterinburg": {
              "long": {
                "generic": "Lokacin Yekaterinburg",
                "standard": "Tsayayyen Lokacin Yekaterinburg",
                "daylight": "Lokacin Bazara na Yekaterinburg"
              }
            },
            "Yukon": {
              "long": {
                "standard": "Lokacin Yukon"
              }
            }
          }
        }
      }
    }
  }
}
