{
  "main": {
    "sr-Latn-BA": {
      "identity": {
        "version": {
          "_cldrVersion": "42"
        },
        "language": "sr",
        "script": "Latn",
        "territory": "BA"
      },
      "dates": {
        "timeZoneNames": {
          "hourFormat": "+HH:mm;-HH:mm",
          "gmtFormat": "GMT{0}",
          "gmtZeroFormat": "GMT",
          "regionFormat": "{0}",
          "regionFormat-type-daylight": "{0}, ljetnje vrijeme",
          "regionFormat-type-standard": "{0}, standardno vrijeme",
          "fallbackFormat": "{1} ({0})",
          "zone": {
            "America": {
              "Adak": {
                "exemplarCity": "Adak"
              },
              "Anchorage": {
                "exemplarCity": "Enkoridž"
              },
              "Anguilla": {
                "exemplarCity": "Angvila"
              },
              "Antigua": {
                "exemplarCity": "Antigva"
              },
              "Araguaina": {
                "exemplarCity": "Aragvajana"
              },
              "Argentina": {
                "Rio_Gallegos": {
                  "exemplarCity": "Rio Galjegos"
                },
                "San_Juan": {
                  "exemplarCity": "San Huan"
                },
                "Ushuaia": {
                  "exemplarCity": "Ušuaija"
                },
                "La_Rioja": {
                  "exemplarCity": "La Rioha"
                },
                "San_Luis": {
                  "exemplarCity": "San Lui"
                },
                "Salta": {
                  "exemplarCity": "Salta"
                },
                "Tucuman": {
                  "exemplarCity": "Tukuman"
                }
              },
              "Aruba": {
                "exemplarCity": "Aruba"
              },
              "Asuncion": {
                "exemplarCity": "Asunsion"
              },
              "Bahia": {
                "exemplarCity": "Baija"
              },
              "Bahia_Banderas": {
                "exemplarCity": "Baija Banderas"
              },
              "Barbados": {
                "exemplarCity": "Barbados"
              },
              "Belem": {
                "exemplarCity": "Belem"
              },
              "Belize": {
                "exemplarCity": "Belize"
              },
              "Blanc-Sablon": {
                "exemplarCity": "Blank-Sejblon"
              },
              "Boa_Vista": {
                "exemplarCity": "Boa Vista"
              },
              "Bogota": {
                "exemplarCity": "Bogota"
              },
              "Boise": {
                "exemplarCity": "Bojzi"
              },
              "Buenos_Aires": {
                "exemplarCity": "Buenos Ajres"
              },
              "Cambridge_Bay": {
                "exemplarCity": "Kembridž Bej"
              },
              "Campo_Grande": {
                "exemplarCity": "Kampo Grande"
              },
              "Cancun": {
                "exemplarCity": "Kankun"
              },
              "Caracas": {
                "exemplarCity": "Karakas"
              },
              "Catamarca": {
                "exemplarCity": "Katamarka"
              },
              "Cayenne": {
                "exemplarCity": "Kajen"
              },
              "Cayman": {
                "exemplarCity": "Kajmanska Ostrva"
              },
              "Chicago": {
                "exemplarCity": "Čikago"
              },
              "Chihuahua": {
                "exemplarCity": "Čihuahua"
              },
              "Coral_Harbour": {
                "exemplarCity": "Koral Harbur"
              },
              "Cordoba": {
                "exemplarCity": "Kordoba"
              },
              "Costa_Rica": {
                "exemplarCity": "Kostarika"
              },
              "Creston": {
                "exemplarCity": "Kreston"
              },
              "Cuiaba": {
                "exemplarCity": "Kuiaba"
              },
              "Curacao": {
                "exemplarCity": "Kurasao"
              },
              "Danmarkshavn": {
                "exemplarCity": "Danmarkshagen"
              },
              "Dawson": {
                "exemplarCity": "Doson"
              },
              "Dawson_Creek": {
                "exemplarCity": "Doson Krik"
              },
              "Denver": {
                "exemplarCity": "Denver"
              },
              "Detroit": {
                "exemplarCity": "Detroit"
              },
              "Dominica": {
                "exemplarCity": "Dominika"
              },
              "Edmonton": {
                "exemplarCity": "Edmonton"
              },
              "Eirunepe": {
                "exemplarCity": "Eirunepe"
              },
              "El_Salvador": {
                "exemplarCity": "Salvador"
              },
              "Fort_Nelson": {
                "exemplarCity": "Fort Nelson"
              },
              "Fortaleza": {
                "exemplarCity": "Fortaleza"
              },
              "Glace_Bay": {
                "exemplarCity": "Glejs Bej"
              },
              "Godthab": {
                "exemplarCity": "Gothab"
              },
              "Goose_Bay": {
                "exemplarCity": "Gus Bej"
              },
              "Grand_Turk": {
                "exemplarCity": "Grand Turk"
              },
              "Grenada": {
                "exemplarCity": "Grenada"
              },
              "Guadeloupe": {
                "exemplarCity": "Gvadalupe"
              },
              "Guatemala": {
                "exemplarCity": "Gvatemala"
              },
              "Guayaquil": {
                "exemplarCity": "Gvajakil"
              },
              "Guyana": {
                "exemplarCity": "Gvajana"
              },
              "Halifax": {
                "exemplarCity": "Halifaks"
              },
              "Havana": {
                "exemplarCity": "Havana"
              },
              "Hermosillo": {
                "exemplarCity": "Hermosiljo"
              },
              "Indiana": {
                "Vincennes": {
                  "exemplarCity": "Vinsens, Indijana"
                },
                "Petersburg": {
                  "exemplarCity": "Pitersburg, Indijana"
                },
                "Tell_City": {
                  "exemplarCity": "Tel Siti, Indijana"
                },
                "Knox": {
                  "exemplarCity": "Noks, Indijana"
                },
                "Winamac": {
                  "exemplarCity": "Vinamak, Indijana"
                },
                "Marengo": {
                  "exemplarCity": "Marengo, Indijana"
                },
                "Vevay": {
                  "exemplarCity": "Vivi, Indijana"
                }
              },
              "Indianapolis": {
                "exemplarCity": "Indijanapolis"
              },
              "Inuvik": {
                "exemplarCity": "Inuvik"
              },
              "Iqaluit": {
                "exemplarCity": "Ikvaluit"
              },
              "Jamaica": {
                "exemplarCity": "Jamajka"
              },
              "Jujuy": {
                "exemplarCity": "Žužui"
              },
              "Juneau": {
                "exemplarCity": "Žuno"
              },
              "Kentucky": {
                "Monticello": {
                  "exemplarCity": "Montičelo, Kentaki"
                }
              },
              "Kralendijk": {
                "exemplarCity": "Kralendajk"
              },
              "La_Paz": {
                "exemplarCity": "La Paz"
              },
              "Lima": {
                "exemplarCity": "Lima"
              },
              "Los_Angeles": {
                "exemplarCity": "Los Anđeles"
              },
              "Louisville": {
                "exemplarCity": "Luivil"
              },
              "Lower_Princes": {
                "exemplarCity": "Louer Prinsiz Kvorter"
              },
              "Maceio": {
                "exemplarCity": "Masejo"
              },
              "Managua": {
                "exemplarCity": "Managva"
              },
              "Manaus": {
                "exemplarCity": "Manaus"
              },
              "Marigot": {
                "exemplarCity": "Marigo"
              },
              "Martinique": {
                "exemplarCity": "Martinik"
              },
              "Matamoros": {
                "exemplarCity": "Matamoros"
              },
              "Mazatlan": {
                "exemplarCity": "Mazatlan"
              },
              "Mendoza": {
                "exemplarCity": "Mendosa"
              },
              "Menominee": {
                "exemplarCity": "Menomini"
              },
              "Merida": {
                "exemplarCity": "Merida"
              },
              "Metlakatla": {
                "exemplarCity": "Metlakatla"
              },
              "Mexico_City": {
                "exemplarCity": "Meksiko Siti"
              },
              "Miquelon": {
                "exemplarCity": "Mikelon"
              },
              "Moncton": {
                "exemplarCity": "Monkton"
              },
              "Monterrey": {
                "exemplarCity": "Monterej"
              },
              "Montevideo": {
                "exemplarCity": "Montevideo"
              },
              "Montserrat": {
                "exemplarCity": "Montserat"
              },
              "Nassau": {
                "exemplarCity": "Nasau"
              },
              "New_York": {
                "exemplarCity": "Njujork"
              },
              "Nipigon": {
                "exemplarCity": "Nipigon"
              },
              "Nome": {
                "exemplarCity": "Nom"
              },
              "Noronha": {
                "exemplarCity": "Noronja"
              },
              "North_Dakota": {
                "Beulah": {
                  "exemplarCity": "Bjula, Sjeverna Dakota"
                },
                "New_Salem": {
                  "exemplarCity": "Novi Salem, Sjeverna Dakota"
                },
                "Center": {
                  "exemplarCity": "Centar, Sjeverna Dakota"
                }
              },
              "Ojinaga": {
                "exemplarCity": "Ohinaga"
              },
              "Panama": {
                "exemplarCity": "Panama"
              },
              "Pangnirtung": {
                "exemplarCity": "Pangnirtung"
              },
              "Paramaribo": {
                "exemplarCity": "Paramaribo"
              },
              "Phoenix": {
                "exemplarCity": "Finiks"
              },
              "Port-au-Prince": {
                "exemplarCity": "Port-o-Prens"
              },
              "Port_of_Spain": {
                "exemplarCity": "Port ov Spejn"
              },
              "Porto_Velho": {
                "exemplarCity": "Porto Veljo"
              },
              "Puerto_Rico": {
                "exemplarCity": "Portoriko"
              },
              "Punta_Arenas": {
                "exemplarCity": "Punta Arenas"
              },
              "Rainy_River": {
                "exemplarCity": "Rejni River"
              },
              "Rankin_Inlet": {
                "exemplarCity": "Rankin Inlet"
              },
              "Recife": {
                "exemplarCity": "Resife"
              },
              "Regina": {
                "exemplarCity": "Redžajna"
              },
              "Resolute": {
                "exemplarCity": "Rezolut"
              },
              "Rio_Branco": {
                "exemplarCity": "Rio Branko"
              },
              "Santa_Isabel": {
                "exemplarCity": "Santa Izabel"
              },
              "Santarem": {
                "exemplarCity": "Santarem"
              },
              "Santiago": {
                "exemplarCity": "Santjago"
              },
              "Santo_Domingo": {
                "exemplarCity": "Santo Domingo"
              },
              "Sao_Paulo": {
                "exemplarCity": "Sao Paolo"
              },
              "Scoresbysund": {
                "exemplarCity": "Itokortormit"
              },
              "Sitka": {
                "exemplarCity": "Sitka"
              },
              "St_Barthelemy": {
                "exemplarCity": "Sen Bartelemi"
              },
              "St_Johns": {
                "exemplarCity": "Sent Džons"
              },
              "St_Kitts": {
                "exemplarCity": "Sent Kits"
              },
              "St_Lucia": {
                "exemplarCity": "Sv. Lucija"
              },
              "St_Thomas": {
                "exemplarCity": "Sent Tomas"
              },
              "St_Vincent": {
                "exemplarCity": "Sent Vinsent"
              },
              "Swift_Current": {
                "exemplarCity": "Svift Karent"
              },
              "Tegucigalpa": {
                "exemplarCity": "Tegusigalpa"
              },
              "Thule": {
                "exemplarCity": "Tul"
              },
              "Thunder_Bay": {
                "exemplarCity": "Tander Bej"
              },
              "Tijuana": {
                "exemplarCity": "Tihuana"
              },
              "Toronto": {
                "exemplarCity": "Toronto"
              },
              "Tortola": {
                "exemplarCity": "Tortola"
              },
              "Vancouver": {
                "exemplarCity": "Vankuver"
              },
              "Whitehorse": {
                "exemplarCity": "Vajthors"
              },
              "Winnipeg": {
                "exemplarCity": "Vinipeg"
              },
              "Yakutat": {
                "exemplarCity": "Jakutat"
              },
              "Yellowknife": {
                "exemplarCity": "Jelounajf"
              }
            },
            "Atlantic": {
              "Azores": {
                "exemplarCity": "Azori"
              },
              "Bermuda": {
                "exemplarCity": "Bermuda"
              },
              "Canary": {
                "exemplarCity": "Kanarska ostrva"
              },
              "Cape_Verde": {
                "exemplarCity": "Zelenortska Ostrva"
              },
              "Faeroe": {
                "exemplarCity": "Farska Ostrva"
              },
              "Madeira": {
                "exemplarCity": "Madeira"
              },
              "Reykjavik": {
                "exemplarCity": "Rejkjavik"
              },
              "South_Georgia": {
                "exemplarCity": "Južna Džordžija"
              },
              "St_Helena": {
                "exemplarCity": "Sveta Jelena"
              },
              "Stanley": {
                "exemplarCity": "Stenli"
              }
            },
            "Europe": {
              "Amsterdam": {
                "exemplarCity": "Amsterdam"
              },
              "Andorra": {
                "exemplarCity": "Andora"
              },
              "Astrakhan": {
                "exemplarCity": "Astrakan"
              },
              "Athens": {
                "exemplarCity": "Atina"
              },
              "Belgrade": {
                "exemplarCity": "Beograd"
              },
              "Berlin": {
                "exemplarCity": "Berlin"
              },
              "Bratislava": {
                "exemplarCity": "Bratislava"
              },
              "Brussels": {
                "exemplarCity": "Brisel"
              },
              "Bucharest": {
                "exemplarCity": "Bukurešt"
              },
              "Budapest": {
                "exemplarCity": "Budimpešta"
              },
              "Busingen": {
                "exemplarCity": "Bisingen"
              },
              "Chisinau": {
                "exemplarCity": "Kišinjev"
              },
              "Copenhagen": {
                "exemplarCity": "Kopenhagen"
              },
              "Dublin": {
                "long": {
                  "daylight": "Irska, standardno vrijeme"
                },
                "exemplarCity": "Dablin"
              },
              "Gibraltar": {
                "exemplarCity": "Gibraltar"
              },
              "Guernsey": {
                "exemplarCity": "Gernzi"
              },
              "Helsinki": {
                "exemplarCity": "Helsinki"
              },
              "Isle_of_Man": {
                "exemplarCity": "Ostrvo Man"
              },
              "Istanbul": {
                "exemplarCity": "Istanbul"
              },
              "Jersey": {
                "exemplarCity": "Džerzi"
              },
              "Kaliningrad": {
                "exemplarCity": "Kalinjingrad"
              },
              "Kiev": {
                "exemplarCity": "Kijev"
              },
              "Kirov": {
                "exemplarCity": "Kirov"
              },
              "Lisbon": {
                "exemplarCity": "Lisabon"
              },
              "Ljubljana": {
                "exemplarCity": "Ljubljana"
              },
              "London": {
                "long": {
                  "daylight": "Britanija, ljetnje vrijeme"
                },
                "exemplarCity": "London"
              },
              "Luxembourg": {
                "exemplarCity": "Luksemburg"
              },
              "Madrid": {
                "exemplarCity": "Madrid"
              },
              "Malta": {
                "exemplarCity": "Malta"
              },
              "Mariehamn": {
                "exemplarCity": "Marihamn"
              },
              "Minsk": {
                "exemplarCity": "Minsk"
              },
              "Monaco": {
                "exemplarCity": "Monako"
              },
              "Moscow": {
                "exemplarCity": "Moskva"
              },
              "Oslo": {
                "exemplarCity": "Oslo"
              },
              "Paris": {
                "exemplarCity": "Pariz"
              },
              "Podgorica": {
                "exemplarCity": "Podgorica"
              },
              "Prague": {
                "exemplarCity": "Prag"
              },
              "Riga": {
                "exemplarCity": "Riga"
              },
              "Rome": {
                "exemplarCity": "Rim"
              },
              "Samara": {
                "exemplarCity": "Samara"
              },
              "San_Marino": {
                "exemplarCity": "San Marino"
              },
              "Sarajevo": {
                "exemplarCity": "Sarajevo"
              },
              "Saratov": {
                "exemplarCity": "Saratov"
              },
              "Simferopol": {
                "exemplarCity": "Simferopolj"
              },
              "Skopje": {
                "exemplarCity": "Skoplje"
              },
              "Sofia": {
                "exemplarCity": "Sofija"
              },
              "Stockholm": {
                "exemplarCity": "Stokholm"
              },
              "Tallinn": {
                "exemplarCity": "Talin"
              },
              "Tirane": {
                "exemplarCity": "Tirana"
              },
              "Ulyanovsk": {
                "exemplarCity": "Uljanovsk"
              },
              "Uzhgorod": {
                "exemplarCity": "Užgorod"
              },
              "Vaduz": {
                "exemplarCity": "Vaduz"
              },
              "Vatican": {
                "exemplarCity": "Vatikan"
              },
              "Vienna": {
                "exemplarCity": "Beč"
              },
              "Vilnius": {
                "exemplarCity": "Vilnjus"
              },
              "Volgograd": {
                "exemplarCity": "Volgograd"
              },
              "Warsaw": {
                "exemplarCity": "Varšava"
              },
              "Zagreb": {
                "exemplarCity": "Zagreb"
              },
              "Zaporozhye": {
                "exemplarCity": "Zaporožje"
              },
              "Zurich": {
                "exemplarCity": "Cirih"
              }
            },
            "Africa": {
              "Abidjan": {
                "exemplarCity": "Abidžan"
              },
              "Accra": {
                "exemplarCity": "Akra"
              },
              "Addis_Ababa": {
                "exemplarCity": "Adis Abeba"
              },
              "Algiers": {
                "exemplarCity": "Alžir"
              },
              "Asmera": {
                "exemplarCity": "Asmera"
              },
              "Bamako": {
                "exemplarCity": "Bamako"
              },
              "Bangui": {
                "exemplarCity": "Bangui"
              },
              "Banjul": {
                "exemplarCity": "Banžul"
              },
              "Bissau": {
                "exemplarCity": "Bisao"
              },
              "Blantyre": {
                "exemplarCity": "Blantir"
              },
              "Brazzaville": {
                "exemplarCity": "Brazavil"
              },
              "Bujumbura": {
                "exemplarCity": "Budžumbura"
              },
              "Cairo": {
                "exemplarCity": "Kairo"
              },
              "Casablanca": {
                "exemplarCity": "Kazablanka"
              },
              "Ceuta": {
                "exemplarCity": "Seuta"
              },
              "Conakry": {
                "exemplarCity": "Konakri"
              },
              "Dakar": {
                "exemplarCity": "Dakar"
              },
              "Dar_es_Salaam": {
                "exemplarCity": "Dar-es-Salam"
              },
              "Djibouti": {
                "exemplarCity": "Džibuti"
              },
              "Douala": {
                "exemplarCity": "Duala"
              },
              "El_Aaiun": {
                "exemplarCity": "El Ajun"
              },
              "Freetown": {
                "exemplarCity": "Fritaun"
              },
              "Gaborone": {
                "exemplarCity": "Gaboron"
              },
              "Harare": {
                "exemplarCity": "Harare"
              },
              "Johannesburg": {
                "exemplarCity": "Johanesburg"
              },
              "Juba": {
                "exemplarCity": "Džuba"
              },
              "Kampala": {
                "exemplarCity": "Kampala"
              },
              "Khartoum": {
                "exemplarCity": "Kartum"
              },
              "Kigali": {
                "exemplarCity": "Kigali"
              },
              "Kinshasa": {
                "exemplarCity": "Kinšasa"
              },
              "Lagos": {
                "exemplarCity": "Lagos"
              },
              "Libreville": {
                "exemplarCity": "Librevil"
              },
              "Lome": {
                "exemplarCity": "Lome"
              },
              "Luanda": {
                "exemplarCity": "Luanda"
              },
              "Lubumbashi": {
                "exemplarCity": "Lubumbaši"
              },
              "Lusaka": {
                "exemplarCity": "Lusaka"
              },
              "Malabo": {
                "exemplarCity": "Malabo"
              },
              "Maputo": {
                "exemplarCity": "Maputo"
              },
              "Maseru": {
                "exemplarCity": "Maseru"
              },
              "Mbabane": {
                "exemplarCity": "Mbabane"
              },
              "Mogadishu": {
                "exemplarCity": "Mogadiš"
              },
              "Monrovia": {
                "exemplarCity": "Monrovija"
              },
              "Nairobi": {
                "exemplarCity": "Najrobi"
              },
              "Ndjamena": {
                "exemplarCity": "Ndžamena"
              },
              "Niamey": {
                "exemplarCity": "Nijamej"
              },
              "Nouakchott": {
                "exemplarCity": "Nuakšot"
              },
              "Ouagadougou": {
                "exemplarCity": "Uagadugu"
              },
              "Porto-Novo": {
                "exemplarCity": "Porto Novo"
              },
              "Sao_Tome": {
                "exemplarCity": "Sao Tome"
              },
              "Tripoli": {
                "exemplarCity": "Tripoli"
              },
              "Tunis": {
                "exemplarCity": "Tunis"
              },
              "Windhoek": {
                "exemplarCity": "Vindhuk"
              }
            },
            "Asia": {
              "Aden": {
                "exemplarCity": "Aden"
              },
              "Almaty": {
                "exemplarCity": "Almati"
              },
              "Amman": {
                "exemplarCity": "Aman"
              },
              "Anadyr": {
                "exemplarCity": "Anadir"
              },
              "Aqtau": {
                "exemplarCity": "Aktau"
              },
              "Aqtobe": {
                "exemplarCity": "Akutobe"
              },
              "Ashgabat": {
                "exemplarCity": "Ašhabad"
              },
              "Atyrau": {
                "exemplarCity": "Atirau"
              },
              "Baghdad": {
                "exemplarCity": "Bagdad"
              },
              "Bahrain": {
                "exemplarCity": "Bahrein"
              },
              "Baku": {
                "exemplarCity": "Baku"
              },
              "Bangkok": {
                "exemplarCity": "Bangkok"
              },
              "Barnaul": {
                "exemplarCity": "Barnaul"
              },
              "Beirut": {
                "exemplarCity": "Bejrut"
              },
              "Bishkek": {
                "exemplarCity": "Biškek"
              },
              "Brunei": {
                "exemplarCity": "Brunej"
              },
              "Calcutta": {
                "exemplarCity": "Kalkuta"
              },
              "Chita": {
                "exemplarCity": "Čita"
              },
              "Choibalsan": {
                "exemplarCity": "Čojbalsan"
              },
              "Colombo": {
                "exemplarCity": "Kolombo"
              },
              "Damascus": {
                "exemplarCity": "Damask"
              },
              "Dhaka": {
                "exemplarCity": "Daka"
              },
              "Dili": {
                "exemplarCity": "Dili"
              },
              "Dubai": {
                "exemplarCity": "Dubai"
              },
              "Dushanbe": {
                "exemplarCity": "Dušanbe"
              },
              "Famagusta": {
                "exemplarCity": "Famagusta"
              },
              "Gaza": {
                "exemplarCity": "Gaza"
              },
              "Hebron": {
                "exemplarCity": "Hebron"
              },
              "Hong_Kong": {
                "exemplarCity": "Hongkong"
              },
              "Hovd": {
                "exemplarCity": "Hovd"
              },
              "Irkutsk": {
                "exemplarCity": "Irkuck"
              },
              "Jakarta": {
                "exemplarCity": "Džakarta"
              },
              "Jayapura": {
                "exemplarCity": "Džajapura"
              },
              "Jerusalem": {
                "exemplarCity": "Jerusalim"
              },
              "Kabul": {
                "exemplarCity": "Kabul"
              },
              "Kamchatka": {
                "exemplarCity": "Kamčatka"
              },
              "Karachi": {
                "exemplarCity": "Karači"
              },
              "Katmandu": {
                "exemplarCity": "Katmandu"
              },
              "Khandyga": {
                "exemplarCity": "Handiga"
              },
              "Krasnoyarsk": {
                "exemplarCity": "Krasnojarsk"
              },
              "Kuala_Lumpur": {
                "exemplarCity": "Kuala Lumpur"
              },
              "Kuching": {
                "exemplarCity": "Kučing"
              },
              "Kuwait": {
                "exemplarCity": "Kuvajt"
              },
              "Macau": {
                "exemplarCity": "Makao"
              },
              "Magadan": {
                "exemplarCity": "Magadan"
              },
              "Makassar": {
                "exemplarCity": "Makasar"
              },
              "Manila": {
                "exemplarCity": "Manila"
              },
              "Muscat": {
                "exemplarCity": "Muskat"
              },
              "Nicosia": {
                "exemplarCity": "Nikozija"
              },
              "Novokuznetsk": {
                "exemplarCity": "Novokuznjeck"
              },
              "Novosibirsk": {
                "exemplarCity": "Novosibirsk"
              },
              "Omsk": {
                "exemplarCity": "Omsk"
              },
              "Oral": {
                "exemplarCity": "Oral"
              },
              "Phnom_Penh": {
                "exemplarCity": "Pnom Pen"
              },
              "Pontianak": {
                "exemplarCity": "Pontijanak"
              },
              "Pyongyang": {
                "exemplarCity": "Pjongjang"
              },
              "Qatar": {
                "exemplarCity": "Katar"
              },
              "Qostanay": {
                "exemplarCity": "Kostanaj"
              },
              "Qyzylorda": {
                "exemplarCity": "Kizilorda"
              },
              "Rangoon": {
                "exemplarCity": "Rangun"
              },
              "Riyadh": {
                "exemplarCity": "Rijad"
              },
              "Saigon": {
                "exemplarCity": "Ho Ši Min"
              },
              "Sakhalin": {
                "exemplarCity": "Sahalin"
              },
              "Samarkand": {
                "exemplarCity": "Samarkand"
              },
              "Seoul": {
                "exemplarCity": "Seul"
              },
              "Shanghai": {
                "exemplarCity": "Šangaj"
              },
              "Singapore": {
                "exemplarCity": "Singapur"
              },
              "Srednekolymsk": {
                "exemplarCity": "Srednjekolimsk"
              },
              "Taipei": {
                "exemplarCity": "Tajpej"
              },
              "Tashkent": {
                "exemplarCity": "Taškent"
              },
              "Tbilisi": {
                "exemplarCity": "Tbilisi"
              },
              "Tehran": {
                "exemplarCity": "Teheran"
              },
              "Thimphu": {
                "exemplarCity": "Timpu"
              },
              "Tokyo": {
                "exemplarCity": "Tokio"
              },
              "Tomsk": {
                "exemplarCity": "Tomsk"
              },
              "Ulaanbaatar": {
                "exemplarCity": "Ulan Bator"
              },
              "Urumqi": {
                "exemplarCity": "Urumći"
              },
              "Ust-Nera": {
                "exemplarCity": "Ust-Nera"
              },
              "Vientiane": {
                "exemplarCity": "Vijentijan"
              },
              "Vladivostok": {
                "exemplarCity": "Vladivostok"
              },
              "Yakutsk": {
                "exemplarCity": "Jakutsk"
              },
              "Yekaterinburg": {
                "exemplarCity": "Jekaterinburg"
              },
              "Yerevan": {
                "exemplarCity": "Jerevan"
              }
            },
            "Indian": {
              "Antananarivo": {
                "exemplarCity": "Antananarivo"
              },
              "Chagos": {
                "exemplarCity": "Čagos"
              },
              "Christmas": {
                "exemplarCity": "Božić"
              },
              "Cocos": {
                "exemplarCity": "Kokos"
              },
              "Comoro": {
                "exemplarCity": "Komoro"
              },
              "Kerguelen": {
                "exemplarCity": "Kergelen"
              },
              "Mahe": {
                "exemplarCity": "Mahe"
              },
              "Maldives": {
                "exemplarCity": "Maldivi"
              },
              "Mauritius": {
                "exemplarCity": "Mauricijus"
              },
              "Mayotte": {
                "exemplarCity": "Majot"
              },
              "Reunion": {
                "exemplarCity": "Reunion"
              }
            },
            "Australia": {
              "Adelaide": {
                "exemplarCity": "Adelejd"
              },
              "Brisbane": {
                "exemplarCity": "Brizbejn"
              },
              "Broken_Hill": {
                "exemplarCity": "Broken Hil"
              },
              "Currie": {
                "exemplarCity": "Kari"
              },
              "Darwin": {
                "exemplarCity": "Darvin"
              },
              "Eucla": {
                "exemplarCity": "Iukla"
              },
              "Hobart": {
                "exemplarCity": "Hobart"
              },
              "Lindeman": {
                "exemplarCity": "Lindeman"
              },
              "Lord_Howe": {
                "exemplarCity": "Lord Hau"
              },
              "Melbourne": {
                "exemplarCity": "Melburn"
              },
              "Perth": {
                "exemplarCity": "Pert"
              },
              "Sydney": {
                "exemplarCity": "Sidnej"
              }
            },
            "Pacific": {
              "Apia": {
                "exemplarCity": "Apija"
              },
              "Auckland": {
                "exemplarCity": "Okland"
              },
              "Bougainville": {
                "exemplarCity": "Buganvil"
              },
              "Chatham": {
                "exemplarCity": "Čatam"
              },
              "Easter": {
                "exemplarCity": "Uskršnje ostrvo"
              },
              "Efate": {
                "exemplarCity": "Efat"
              },
              "Enderbury": {
                "exemplarCity": "Enderberi"
              },
              "Fakaofo": {
                "exemplarCity": "Fakaofo"
              },
              "Fiji": {
                "exemplarCity": "Fidži"
              },
              "Funafuti": {
                "exemplarCity": "Funafuti"
              },
              "Galapagos": {
                "exemplarCity": "Galapagos"
              },
              "Gambier": {
                "exemplarCity": "Gambije"
              },
              "Guadalcanal": {
                "exemplarCity": "Gvadalkanal"
              },
              "Guam": {
                "exemplarCity": "Guam"
              },
              "Honolulu": {
                "exemplarCity": "Honolulu"
              },
              "Johnston": {
                "exemplarCity": "Džonston"
              },
              "Kanton": {
                "exemplarCity": "Kanton"
              },
              "Kiritimati": {
                "exemplarCity": "Kiritimati"
              },
              "Kosrae": {
                "exemplarCity": "Košre"
              },
              "Kwajalein": {
                "exemplarCity": "Kvadžalejin"
              },
              "Majuro": {
                "exemplarCity": "Majuro"
              },
              "Marquesas": {
                "exemplarCity": "Markiz"
              },
              "Midway": {
                "exemplarCity": "Midvej"
              },
              "Nauru": {
                "exemplarCity": "Nauru"
              },
              "Niue": {
                "exemplarCity": "Nijue"
              },
              "Norfolk": {
                "exemplarCity": "Norfolk"
              },
              "Noumea": {
                "exemplarCity": "Numea"
              },
              "Pago_Pago": {
                "exemplarCity": "Pago Pago"
              },
              "Palau": {
                "exemplarCity": "Palau"
              },
              "Pitcairn": {
                "exemplarCity": "Pitkern"
              },
              "Ponape": {
                "exemplarCity": "Ponape"
              },
              "Port_Moresby": {
                "exemplarCity": "Port Morzbi"
              },
              "Rarotonga": {
                "exemplarCity": "Rarotonga"
              },
              "Saipan": {
                "exemplarCity": "Sajpan"
              },
              "Tahiti": {
                "exemplarCity": "Tahiti"
              },
              "Tarawa": {
                "exemplarCity": "Tarava"
              },
              "Tongatapu": {
                "exemplarCity": "Tongatapu"
              },
              "Truk": {
                "exemplarCity": "Truk"
              },
              "Wake": {
                "exemplarCity": "Vejk"
              },
              "Wallis": {
                "exemplarCity": "Valis"
              }
            },
            "Arctic": {
              "Longyearbyen": {
                "exemplarCity": "Longjir"
              }
            },
            "Antarctica": {
              "Casey": {
                "exemplarCity": "Kejsi"
              },
              "Davis": {
                "exemplarCity": "Dejvis"
              },
              "DumontDUrville": {
                "exemplarCity": "Dimon d’Irvil"
              },
              "Macquarie": {
                "exemplarCity": "Makvori"
              },
              "Mawson": {
                "exemplarCity": "Moson"
              },
              "McMurdo": {
                "exemplarCity": "Makmurdo"
              },
              "Palmer": {
                "exemplarCity": "Palmer"
              },
              "Rothera": {
                "exemplarCity": "Rotera"
              },
              "Syowa": {
                "exemplarCity": "Šova"
              },
              "Troll": {
                "exemplarCity": "Trol"
              },
              "Vostok": {
                "exemplarCity": "Vostok"
              }
            },
            "Etc": {
              "UTC": {
                "long": {
                  "standard": "Koordinisano univerzalno vrijeme"
                },
                "short": {
                  "standard": "UTC"
                }
              },
              "Unknown": {
                "exemplarCity": "Nepoznat grad"
              }
            }
          },
          "metazone": {
            "Acre": {
              "long": {
                "generic": "Akre vreme",
                "standard": "Akre standardno vreme",
                "daylight": "Akre letnje računanje vremena"
              }
            },
            "Afghanistan": {
              "long": {
                "standard": "Avganistan vrijeme"
              }
            },
            "Africa_Central": {
              "long": {
                "standard": "Centralno-afričko vrijeme"
              }
            },
            "Africa_Eastern": {
              "long": {
                "standard": "Istočno-afričko vrijeme"
              }
            },
            "Africa_Southern": {
              "long": {
                "standard": "Južno-afričko vrijeme"
              }
            },
            "Africa_Western": {
              "long": {
                "generic": "Zapadno-afričko vrijeme",
                "standard": "Zapadno-afričko standardno vrijeme",
                "daylight": "Zapadno-afričko ljetnje vrijeme"
              }
            },
            "Alaska": {
              "long": {
                "generic": "Aljaska",
                "standard": "Aljaska, standardno vrijeme",
                "daylight": "Aljaska, ljetnje vrijeme"
              }
            },
            "Almaty": {
              "long": {
                "generic": "Almati vreme",
                "standard": "Almati standardno vreme",
                "daylight": "Almati letnje računanje vremena"
              }
            },
            "Amazon": {
              "long": {
                "generic": "Amazon vrijeme",
                "standard": "Amazon, standardno vrijeme",
                "daylight": "Amazon, ljetnje vrijeme"
              }
            },
            "America_Central": {
              "long": {
                "generic": "Sjevernoameričko centralno vrijeme",
                "standard": "Sjevernoameričko centralno standardno vrijeme",
                "daylight": "Sjevernoameričko centralno ljetnje vrijeme"
              }
            },
            "America_Eastern": {
              "long": {
                "generic": "Sjevernoameričko istočno vrijeme",
                "standard": "Sjevernoameričko istočno standardno vrijeme",
                "daylight": "Sjevernoameričko istočno ljetnje vrijeme"
              }
            },
            "America_Mountain": {
              "long": {
                "generic": "Sjevernoameričko planinsko vrijeme",
                "standard": "Sjevernoameričko planinsko standardno vrijeme",
                "daylight": "Sjevernoameričko planinsko ljetnje vrijeme"
              }
            },
            "America_Pacific": {
              "long": {
                "generic": "Sjevernoameričko pacifičko vrijeme",
                "standard": "Sjevernoameričko pacifičko standardno vrijeme",
                "daylight": "Sjevernoameričko pacifičko letnje vrijeme"
              }
            },
            "Anadyr": {
              "long": {
                "generic": "Anadir vreme",
                "standard": "Anadir standardno vreme",
                "daylight": "Anadir letnje računanje vremena"
              }
            },
            "Apia": {
              "long": {
                "generic": "Apija vrijeme",
                "standard": "Apija, standardno vrijeme",
                "daylight": "Apija, ljetnje vrijeme"
              }
            },
            "Aqtau": {
              "long": {
                "generic": "Akvatau vreme",
                "standard": "Akvatau standardno vreme",
                "daylight": "Akvatau letnje računanje vremena"
              }
            },
            "Aqtobe": {
              "long": {
                "generic": "Akutobe vreme",
                "standard": "Akutobe standardno vreme",
                "daylight": "Akutobe letnje računanje vremena"
              }
            },
            "Arabian": {
              "long": {
                "generic": "Arabijsko vrijeme",
                "standard": "Arabijsko standardno vrijeme",
                "daylight": "Arabijsko ljetnje vrijeme"
              }
            },
            "Argentina": {
              "long": {
                "generic": "Argentina vrijeme",
                "standard": "Argentina, standardno vrijeme",
                "daylight": "Argentina, ljetnje vrijeme"
              }
            },
            "Argentina_Western": {
              "long": {
                "generic": "Zapadna Argentina vrijeme",
                "standard": "Zapadna Argentina, standardno vrijeme",
                "daylight": "Zapadna Argentina, ljetnje vrijeme"
              }
            },
            "Armenia": {
              "long": {
                "generic": "Jermenija vrijeme",
                "standard": "Jermenija, standardno vrijeme",
                "daylight": "Jermenija, ljetnje vrijeme"
              }
            },
            "Atlantic": {
              "long": {
                "generic": "Atlantsko vrijeme",
                "standard": "Atlantsko standardno vrijeme",
                "daylight": "Atlantsko ljetnje vrijeme"
              }
            },
            "Australia_Central": {
              "long": {
                "generic": "Australijsko centralno vrijeme",
                "standard": "Australijsko centralno standardno vrijeme",
                "daylight": "Australijsko centralno ljetnje vrijeme"
              }
            },
            "Australia_CentralWestern": {
              "long": {
                "generic": "Australijsko centralno zapadno vrijeme",
                "standard": "Australijsko centralno zapadno standardno vrijeme",
                "daylight": "Australijsko centralno zapadno ljetnje vrijeme"
              }
            },
            "Australia_Eastern": {
              "long": {
                "generic": "Australijsko istočno vrijeme",
                "standard": "Australijsko istočno standardno vrijeme",
                "daylight": "Australijsko istočno ljetnje vrijeme"
              }
            },
            "Australia_Western": {
              "long": {
                "generic": "Australijsko zapadno vrijeme",
                "standard": "Australijsko zapadno standardno vrijeme",
                "daylight": "Australijsko zapadno ljetnje vrijeme"
              }
            },
            "Azerbaijan": {
              "long": {
                "generic": "Azerbejdžan vrijeme",
                "standard": "Azerbejdžan, standardno vrijeme",
                "daylight": "Azerbejdžan, ljetnje vrijeme"
              }
            },
            "Azores": {
              "long": {
                "generic": "Azori vrijeme",
                "standard": "Azori, standardno vrijeme",
                "daylight": "Azori, ljetnje vrijeme"
              }
            },
            "Bangladesh": {
              "long": {
                "generic": "Bangladeš vrijeme",
                "standard": "Bangladeš, standardno vrijeme",
                "daylight": "Bangladeš, ljetnje vrijeme"
              }
            },
            "Bhutan": {
              "long": {
                "standard": "Butan vrijeme"
              }
            },
            "Bolivia": {
              "long": {
                "standard": "Bolivija vrijeme"
              }
            },
            "Brasilia": {
              "long": {
                "generic": "Brazilija vrijeme",
                "standard": "Brazilija, standardno vrijeme",
                "daylight": "Brazilija, ljetnje vrijeme"
              }
            },
            "Brunei": {
              "long": {
                "standard": "Brunej Darusalum vrijeme"
              }
            },
            "Cape_Verde": {
              "long": {
                "generic": "Zelenortska Ostrva vrijeme",
                "standard": "Zelenortska Ostrva, standardno vrijeme",
                "daylight": "Zelenortska Ostrva, ljetnje vrijeme"
              }
            },
            "Chamorro": {
              "long": {
                "standard": "Čamoro vrijeme"
              }
            },
            "Chatham": {
              "long": {
                "generic": "Čatam vrijeme",
                "standard": "Čatam, standardno vrijeme",
                "daylight": "Čatam, ljetnje vrijeme"
              }
            },
            "Chile": {
              "long": {
                "generic": "Čile vrijeme",
                "standard": "Čile, standardno vrijeme",
                "daylight": "Čile, ljetnje vrijeme"
              }
            },
            "China": {
              "long": {
                "generic": "Kina vrijeme",
                "standard": "Kinesko standardno vrijeme",
                "daylight": "Kina, ljetnje vrijeme"
              }
            },
            "Choibalsan": {
              "long": {
                "generic": "Čojbalsan vrijeme",
                "standard": "Čojbalsan, standardno vrijeme",
                "daylight": "Čojbalsan, ljetnje vrijeme"
              }
            },
            "Christmas": {
              "long": {
                "standard": "Božićno ostrvo vrijeme"
              }
            },
            "Cocos": {
              "long": {
                "standard": "Kokosova (Kiling) ostrva vrijeme"
              }
            },
            "Colombia": {
              "long": {
                "generic": "Kolumbija vrijeme",
                "standard": "Kolumbija, standardno vrijeme",
                "daylight": "Kolumbija, ljetnje vrijeme"
              }
            },
            "Cook": {
              "long": {
                "generic": "Kukova Ostrva vrijeme",
                "standard": "Kukova Ostrva, standardno vrijeme",
                "daylight": "Kukova Ostrva, poluljetnje vrijeme"
              }
            },
            "Cuba": {
              "long": {
                "generic": "Kuba",
                "standard": "Kuba, standardno vrijeme",
                "daylight": "Kuba, ljetnje vrijeme"
              }
            },
            "Davis": {
              "long": {
                "standard": "Dejvis vrijeme"
              }
            },
            "DumontDUrville": {
              "long": {
                "standard": "Dimon d’Irvil vrijeme"
              }
            },
            "East_Timor": {
              "long": {
                "standard": "Istočni Timor vrijeme"
              }
            },
            "Easter": {
              "long": {
                "generic": "Uskršnja ostrva vrijeme",
                "standard": "Uskršnja ostrva, standardno vrijeme",
                "daylight": "Uskršnja ostrva, ljetnje vrijeme"
              }
            },
            "Ecuador": {
              "long": {
                "standard": "Ekvador vrijeme"
              }
            },
            "Europe_Central": {
              "long": {
                "generic": "Srednjoevropsko vrijeme",
                "standard": "Srednjoevropsko standardno vrijeme",
                "daylight": "Srednjoevropsko ljetnje vrijeme"
              },
              "short": {
                "generic": "CET",
                "standard": "CET",
                "daylight": "CEST"
              }
            },
            "Europe_Eastern": {
              "long": {
                "generic": "Istočnoevropsko vrijeme",
                "standard": "Istočnoevropsko standardno vrijeme",
                "daylight": "Istočnoevropsko ljetnje vrijeme"
              },
              "short": {
                "generic": "EET",
                "standard": "EET",
                "daylight": "EEST"
              }
            },
            "Europe_Further_Eastern": {
              "long": {
                "standard": "Vreme daljeg istoka Evrope"
              }
            },
            "Europe_Western": {
              "long": {
                "generic": "Zapadnoevropsko vrijeme",
                "standard": "Zapadnoevropsko standardno vrijeme",
                "daylight": "Zapadnoevropsko ljetnje vrijeme"
              },
              "short": {
                "generic": "WET",
                "standard": "WET",
                "daylight": "WEST"
              }
            },
            "Falkland": {
              "long": {
                "generic": "Folklandska Ostrva vrijeme",
                "standard": "Folklandska Ostrva, standardno vrijeme",
                "daylight": "Folklandska Ostrva, ljetnje vrijeme"
              }
            },
            "Fiji": {
              "long": {
                "generic": "Fidži vrijeme",
                "standard": "Fidži, standardno vrijeme",
                "daylight": "Fidži, ljetnje vrijeme"
              }
            },
            "French_Guiana": {
              "long": {
                "standard": "Francuska Gvajana vrijeme"
              }
            },
            "French_Southern": {
              "long": {
                "standard": "Francusko južno i antarktičko vrijeme"
              }
            },
            "Galapagos": {
              "long": {
                "standard": "Galapagos vrijeme"
              }
            },
            "Gambier": {
              "long": {
                "standard": "Gambije vrijeme"
              }
            },
            "Georgia": {
              "long": {
                "generic": "Gruzija vrijeme",
                "standard": "Gruzija, standardno vrijeme",
                "daylight": "Gruzija, ljetnje vrijeme"
              }
            },
            "Gilbert_Islands": {
              "long": {
                "standard": "Gilbertova ostrva vrijeme"
              }
            },
            "GMT": {
              "long": {
                "standard": "Srednje vrijeme po Griniču"
              },
              "short": {
                "standard": "GMT"
              }
            },
            "Greenland_Eastern": {
              "long": {
                "generic": "Istočni Grenland",
                "standard": "Istočni Grenland, standardno vrijeme",
                "daylight": "Istočni Grenland, ljetnje vrijeme"
              }
            },
            "Greenland_Western": {
              "long": {
                "generic": "Zapadni Grenland",
                "standard": "Zapadni Grenland, standardno vrijeme",
                "daylight": "Zapadni Grenland, ljetnje vrijeme"
              }
            },
            "Guam": {
              "long": {
                "standard": "Guam standardno vreme"
              }
            },
            "Gulf": {
              "long": {
                "standard": "Zalivsko vrijeme"
              }
            },
            "Guyana": {
              "long": {
                "standard": "Gvajana vrijeme"
              }
            },
            "Hawaii_Aleutian": {
              "long": {
                "generic": "Havajsko-aleutsko vrijeme",
                "standard": "Havajsko-aleutsko standardno vrijeme",
                "daylight": "Havajsko-aleutsko ljetnje vrijeme"
              }
            },
            "Hong_Kong": {
              "long": {
                "generic": "Hong Kong vrijeme",
                "standard": "Hong Kong, standardno vrijeme",
                "daylight": "Hong Kong, ljetnje vrijeme"
              }
            },
            "Hovd": {
              "long": {
                "generic": "Hovd vrijeme",
                "standard": "Hovd, standardno vrijeme",
                "daylight": "Hovd, ljetnje vrijeme"
              }
            },
            "India": {
              "long": {
                "standard": "Indijsko standardno vrijeme"
              }
            },
            "Indian_Ocean": {
              "long": {
                "standard": "Indijsko okeansko vrijeme"
              }
            },
            "Indochina": {
              "long": {
                "standard": "Indokina vrijeme"
              }
            },
            "Indonesia_Central": {
              "long": {
                "standard": "Centralno-indonezijsko vrijeme"
              }
            },
            "Indonesia_Eastern": {
              "long": {
                "standard": "Istočno-indonezijsko vrijeme"
              }
            },
            "Indonesia_Western": {
              "long": {
                "standard": "Zapadno-indonezijsko vrijeme"
              }
            },
            "Iran": {
              "long": {
                "generic": "Iran vrijeme",
                "standard": "Iran, standardno vrijeme",
                "daylight": "Iran, ljetnje vrijeme"
              }
            },
            "Irkutsk": {
              "long": {
                "generic": "Irkuck vrijeme",
                "standard": "Irkuck, standardno vrijeme",
                "daylight": "Irkuck, ljetnje vrijeme"
              }
            },
            "Israel": {
              "long": {
                "generic": "Izraelsko vrijeme",
                "standard": "Izraelsko standardno vrijeme",
                "daylight": "Izraelsko ljetnje vrijeme"
              }
            },
            "Japan": {
              "long": {
                "generic": "Japansko vrijeme",
                "standard": "Japansko standardno vrijeme",
                "daylight": "Japansko ljetnje vrijeme"
              }
            },
            "Kamchatka": {
              "long": {
                "generic": "Petropavlovsko-kamčatsko vreme",
                "standard": "Petropavlovsko-kamčatsko standardno vreme",
                "daylight": "Petropavlovsko-kamčatsko letnje računanje vremena"
              }
            },
            "Kazakhstan_Eastern": {
              "long": {
                "standard": "Istočno-kazahstansko vrijeme"
              }
            },
            "Kazakhstan_Western": {
              "long": {
                "standard": "Zapadno-kazahstansko vrijeme"
              }
            },
            "Korea": {
              "long": {
                "generic": "Korejsko vrijeme",
                "standard": "Korejsko standardno vrijeme",
                "daylight": "Korejsko ljetnje vrijeme"
              }
            },
            "Kosrae": {
              "long": {
                "standard": "Košre vrijeme"
              }
            },
            "Krasnoyarsk": {
              "long": {
                "generic": "Krasnojarsk vrijeme",
                "standard": "Krasnojarsk, standardno vrijeme",
                "daylight": "Krasnojarsk, ljetnje vrijeme"
              }
            },
            "Kyrgystan": {
              "long": {
                "standard": "Kirgistan vrijeme"
              }
            },
            "Lanka": {
              "long": {
                "standard": "Šri Lanka vreme"
              }
            },
            "Line_Islands": {
              "long": {
                "standard": "Linijska ostrva vrijeme"
              }
            },
            "Lord_Howe": {
              "long": {
                "generic": "Lord Hov vrijeme",
                "standard": "Lord Hov, standardno vrijeme",
                "daylight": "Lord Hov, ljetnje vrijeme"
              }
            },
            "Macau": {
              "long": {
                "generic": "Makao vreme",
                "standard": "Makao standardno vreme",
                "daylight": "Makao letnje računanje vremena"
              }
            },
            "Macquarie": {
              "long": {
                "standard": "ostrvo Makvori vrijeme"
              }
            },
            "Magadan": {
              "long": {
                "generic": "Magadan vrijeme",
                "standard": "Magadan, standardno vrijeme",
                "daylight": "Magadan, ljetnje vrijeme"
              }
            },
            "Malaysia": {
              "long": {
                "standard": "Malezija vrijeme"
              }
            },
            "Maldives": {
              "long": {
                "standard": "Maldivi vrijeme"
              }
            },
            "Marquesas": {
              "long": {
                "standard": "Markiz vrijeme"
              }
            },
            "Marshall_Islands": {
              "long": {
                "standard": "Maršalska Ostrva vrijeme"
              }
            },
            "Mauritius": {
              "long": {
                "generic": "Mauricijus vrijeme",
                "standard": "Mauricijus, standardno vrijeme",
                "daylight": "Mauricijus, ljetnje vrijeme"
              }
            },
            "Mawson": {
              "long": {
                "standard": "Moson vrijeme"
              }
            },
            "Mexico_Northwest": {
              "long": {
                "generic": "Sjeverozapadni Meksiko",
                "standard": "Sjeverozapadni Meksiko, standardno vrijeme",
                "daylight": "Sjeverozapadni Meksiko, letnje vrijeme"
              }
            },
            "Mexico_Pacific": {
              "long": {
                "generic": "Meksički Pacifik",
                "standard": "Meksički Pacifik, standardno vrijeme",
                "daylight": "Meksički Pacifik, ljetnje vrijeme"
              }
            },
            "Mongolia": {
              "long": {
                "generic": "Ulan Bator vrijeme",
                "standard": "Ulan Bator, standardno vrijeme",
                "daylight": "Ulan Bator, ljetnje vrijeeme"
              }
            },
            "Moscow": {
              "long": {
                "generic": "Moskva vrijeme",
                "standard": "Moskva, standardno vrijeme",
                "daylight": "Moskva, ljetnje vrijeme"
              }
            },
            "Myanmar": {
              "long": {
                "standard": "Mjanmar vrijeme"
              }
            },
            "Nauru": {
              "long": {
                "standard": "Nauru vrijeme"
              }
            },
            "Nepal": {
              "long": {
                "standard": "Nepal vrijeme"
              }
            },
            "New_Caledonia": {
              "long": {
                "generic": "Nova Kaledonija vrijeme",
                "standard": "Nova Kaledonija, standardno vrijeme",
                "daylight": "Nova Kaledonija, ljetnje vrijeme"
              }
            },
            "New_Zealand": {
              "long": {
                "generic": "Novi Zeland vrijeme",
                "standard": "Novi Zeland, standardno vrijeme",
                "daylight": "Novi Zeland, ljetnje vrijeme"
              }
            },
            "Newfoundland": {
              "long": {
                "generic": "Njufaundlend",
                "standard": "Njufaundlend, standardno vrijeme",
                "daylight": "Njufaundlend, ljetnje vrijeme"
              }
            },
            "Niue": {
              "long": {
                "standard": "Nijue vrijeme"
              }
            },
            "Norfolk": {
              "long": {
                "generic": "ostrvo Norfolk vrijeme",
                "standard": "ostrvo Norfolk, standardno vrijeme",
                "daylight": "ostrvo Norfolk, ljetnje vrijeme"
              }
            },
            "Noronha": {
              "long": {
                "generic": "Fernando de Noronja vrijeme",
                "standard": "Fernando de Noronja, standardno vrijeme",
                "daylight": "Fernando de Noronja, ljetnje vrijeme"
              }
            },
            "North_Mariana": {
              "long": {
                "standard": "Severna Marijanska Ostrva vreme"
              }
            },
            "Novosibirsk": {
              "long": {
                "generic": "Novosibirsk vrijeme",
                "standard": "Novosibirsk, standardno vrijeme",
                "daylight": "Novosibirsk, ljetnje vrijeme"
              }
            },
            "Omsk": {
              "long": {
                "generic": "Omsk vrijeme",
                "standard": "Omsk, standardno vrijeme",
                "daylight": "Omsk, ljetnje vrijeme"
              }
            },
            "Pakistan": {
              "long": {
                "generic": "Pakistan vrijeme",
                "standard": "Pakistan, standardno vrijeme",
                "daylight": "Pakistan, ljetnje vrijeme"
              }
            },
            "Palau": {
              "long": {
                "standard": "Palau vrijeme"
              }
            },
            "Papua_New_Guinea": {
              "long": {
                "standard": "Papua Nova Gvineja vrijeme"
              }
            },
            "Paraguay": {
              "long": {
                "generic": "Paragvaj vrijeme",
                "standard": "Paragvaj, standardno vrijeme",
                "daylight": "Paragvaj, ljetnje vrijeme"
              }
            },
            "Peru": {
              "long": {
                "generic": "Peru vrijeme",
                "standard": "Peru, standardno vrijeme",
                "daylight": "Peru, ljetnje vrijeme"
              }
            },
            "Philippines": {
              "long": {
                "generic": "Filipini vrijeme",
                "standard": "Filipini, standardno vrijeme",
                "daylight": "Filipini, ljetnje vrijeme"
              }
            },
            "Phoenix_Islands": {
              "long": {
                "standard": "Feniks ostrva vrijeme"
              }
            },
            "Pierre_Miquelon": {
              "long": {
                "generic": "Sen Pjer i Mikelon",
                "standard": "Sen Pjer i Mikelon, standardno vrijeme",
                "daylight": "Sen Pjer i Mikelon, ljetnje vrijeme"
              }
            },
            "Pitcairn": {
              "long": {
                "standard": "Pitkern vrijeme"
              }
            },
            "Ponape": {
              "long": {
                "standard": "Ponpej vrijeme"
              }
            },
            "Pyongyang": {
              "long": {
                "standard": "Pjongjanško vrijeme"
              }
            },
            "Qyzylorda": {
              "long": {
                "generic": "Kizilorda vreme",
                "standard": "Kizilorda standardno vreme",
                "daylight": "Kizilorda letnje računanje vremena"
              }
            },
            "Reunion": {
              "long": {
                "standard": "Reunion vrijeme"
              }
            },
            "Rothera": {
              "long": {
                "standard": "Rotera vrijeme"
              }
            },
            "Sakhalin": {
              "long": {
                "generic": "Sahalin vrijeme",
                "standard": "Sahalin, standardno vrijeme",
                "daylight": "Sahalin, ljetnje vrijeme"
              }
            },
            "Samara": {
              "long": {
                "generic": "Samara vreme",
                "standard": "Samara standardno vreme",
                "daylight": "Samara letnje računanje vremena"
              }
            },
            "Samoa": {
              "long": {
                "generic": "Samoa vrijeme",
                "standard": "Samoa, standardno vrijeme",
                "daylight": "Samoa, ljetnje vrijeme"
              }
            },
            "Seychelles": {
              "long": {
                "standard": "Sejšeli vrijeme"
              }
            },
            "Singapore": {
              "long": {
                "standard": "Singapur, standardno vrijeme"
              }
            },
            "Solomon": {
              "long": {
                "standard": "Solomonska Ostrva vrijeme"
              }
            },
            "South_Georgia": {
              "long": {
                "standard": "Južna Džordžija vrijeme"
              }
            },
            "Suriname": {
              "long": {
                "standard": "Surinam vrijeme"
              }
            },
            "Syowa": {
              "long": {
                "standard": "Šova vrijeme"
              }
            },
            "Tahiti": {
              "long": {
                "standard": "Tahiti vrijeme"
              }
            },
            "Taipei": {
              "long": {
                "generic": "Tajpej vrijeme",
                "standard": "Tajpej, standardno vrijeme",
                "daylight": "Tajpej, ljetnje vrijeme"
              }
            },
            "Tajikistan": {
              "long": {
                "standard": "Tadžikistan vrijeme"
              }
            },
            "Tokelau": {
              "long": {
                "standard": "Tokelau vrijeme"
              }
            },
            "Tonga": {
              "long": {
                "generic": "Tonga vrijeme",
                "standard": "Tonga, standardno vrijeme",
                "daylight": "Tonga, ljetnje vrijeme"
              }
            },
            "Truk": {
              "long": {
                "standard": "Čuk vrijeme"
              }
            },
            "Turkmenistan": {
              "long": {
                "generic": "Turkmenistan vrijeme",
                "standard": "Turkmenistan, standardno vrijeme",
                "daylight": "Turkmenistan, ljetnje vrijeme"
              }
            },
            "Tuvalu": {
              "long": {
                "standard": "Tuvalu vrijeme"
              }
            },
            "Uruguay": {
              "long": {
                "generic": "Urugvaj vrijeme",
                "standard": "Urugvaj, standardno vrijeme",
                "daylight": "Urugvaj, ljetnje vrijeme"
              }
            },
            "Uzbekistan": {
              "long": {
                "generic": "Uzbekistan vrijeme",
                "standard": "Uzbekistan, standardno vrijeme",
                "daylight": "Uzbekistan, ljetnje vrijeme"
              }
            },
            "Vanuatu": {
              "long": {
                "generic": "Vanuatu vrijeme",
                "standard": "Vanuatu, standardno vrijeme",
                "daylight": "Vanuatu, ljetnje vrijeme"
              }
            },
            "Venezuela": {
              "long": {
                "standard": "Venecuela vrijeme"
              }
            },
            "Vladivostok": {
              "long": {
                "generic": "Vladivostok vrijeme",
                "standard": "Vladivostok, standardno vrijeme",
                "daylight": "Vladivostok, ljetnje vrijeme"
              }
            },
            "Volgograd": {
              "long": {
                "generic": "Volgograd vrijeme",
                "standard": "Volgograd, standardno vrijeme",
                "daylight": "Volgograd, ljetnje vrijeme"
              }
            },
            "Vostok": {
              "long": {
                "standard": "Vostok vrijeme"
              }
            },
            "Wake": {
              "long": {
                "standard": "ostrvo Vejk vrijeme"
              }
            },
            "Wallis": {
              "long": {
                "standard": "ostrva Valis i Futuna vrijeme"
              }
            },
            "Yakutsk": {
              "long": {
                "generic": "Jakutsk vrijeme",
                "standard": "Jakutsk, standardno vrijeme",
                "daylight": "Jakutsk, ljetnje vrijeme"
              }
            },
            "Yekaterinburg": {
              "long": {
                "generic": "Jekaterinburg vrijeme",
                "standard": "Jekaterinburg, standardno vrijeme",
                "daylight": "Jekaterinburg, ljetnje vrijeme"
              }
            },
            "Yukon": {
              "long": {
                "standard": "Jukon"
              }
            }
          }
        }
      }
    }
  }
}
