{
  "main": {
    "kea": {
      "identity": {
        "version": {
          "_cldrVersion": "43"
        },
        "language": "kea"
      },
      "dates": {
        "timeZoneNames": {
          "hourFormat": "+HH:mm;-HH:mm",
          "gmtFormat": "GMT{0}",
          "gmtZeroFormat": "GMT",
          "regionFormat": "Ora di {0}",
          "regionFormat-type-daylight": "Ora di Veron di {0}",
          "regionFormat-type-standard": "Ora Padron di {0}",
          "fallbackFormat": "{1} ({0})",
          "zone": {
            "America": {
              "Adak": {
                "exemplarCity": "Adaki"
              },
              "Anchorage": {
                "exemplarCity": "Ankoraji"
              },
              "Anguilla": {
                "exemplarCity": "Angila"
              },
              "Bahia_Banderas": {
                "exemplarCity": "Baía di Banderas"
              },
              "Barbados": {
                "exemplarCity": "Barbadus"
              },
              "Belize": {
                "exemplarCity": "Belizi"
              },
              "Blanc-Sablon": {
                "exemplarCity": "Blank-Sablon"
              },
              "Boise": {
                "exemplarCity": "Boiz"
              },
              "Cancun": {
                "exemplarCity": "Kankun"
              },
              "Cayman": {
                "exemplarCity": "Kaiman"
              },
              "Chicago": {
                "exemplarCity": "Xikagu"
              },
              "Chihuahua": {
                "exemplarCity": "Xiuáua"
              },
              "Ciudad_Juarez": {
                "exemplarCity": "Ciudad Juárez"
              },
              "Coral_Harbour": {
                "exemplarCity": "Atikokan"
              },
              "Costa_Rica": {
                "exemplarCity": "Kosta Rika"
              },
              "Creston": {
                "exemplarCity": "Kréston"
              },
              "Curacao": {
                "exemplarCity": "Kurasau"
              },
              "Dominica": {
                "exemplarCity": "Dominika"
              },
              "Godthab": {
                "exemplarCity": "Nuuk"
              },
              "Grenada": {
                "exemplarCity": "Granada"
              },
              "Guadeloupe": {
                "exemplarCity": "Guadalupi"
              },
              "Guatemala": {
                "exemplarCity": "Guatimala"
              },
              "Havana": {
                "exemplarCity": "Avana"
              },
              "Indiana": {
                "Vincennes": {
                  "exemplarCity": "Vincennes, Indiana"
                },
                "Petersburg": {
                  "exemplarCity": "Petersburg, Indiana"
                },
                "Tell_City": {
                  "exemplarCity": "Tell City, Indiana"
                },
                "Knox": {
                  "exemplarCity": "Knox, Indiana"
                },
                "Winamac": {
                  "exemplarCity": "Winamac, Indiana"
                },
                "Marengo": {
                  "exemplarCity": "Marengo, Indiana"
                },
                "Vevay": {
                  "exemplarCity": "Vevay, Indiana"
                }
              },
              "Indianapolis": {
                "exemplarCity": "Indianápolis"
              },
              "Jamaica": {
                "exemplarCity": "Jamaika"
              },
              "Kentucky": {
                "Monticello": {
                  "exemplarCity": "Monticello, Kentucky"
                }
              },
              "Lower_Princes": {
                "exemplarCity": "Lower Prince’s Quarter"
              },
              "Managua": {
                "exemplarCity": "Manágua"
              },
              "Martinique": {
                "exemplarCity": "Martinika"
              },
              "Merida": {
                "exemplarCity": "Mérida"
              },
              "Mexico_City": {
                "exemplarCity": "Sidadi di Méxiku"
              },
              "Miquelon": {
                "exemplarCity": "Mikelon"
              },
              "New_York": {
                "exemplarCity": "Nova Iorki"
              },
              "North_Dakota": {
                "Beulah": {
                  "exemplarCity": "Beulah, Dakota di Norti"
                },
                "New_Salem": {
                  "exemplarCity": "New Salem, Dakota di Norti"
                },
                "Center": {
                  "exemplarCity": "Center, Dakota di Norti"
                }
              },
              "Panama": {
                "exemplarCity": "Panamá"
              },
              "Port_of_Spain": {
                "exemplarCity": "Portu di Spanha"
              },
              "Puerto_Rico": {
                "exemplarCity": "Portu Riku"
              },
              "Santo_Domingo": {
                "exemplarCity": "Santu Dumingu"
              },
              "Scoresbysund": {
                "exemplarCity": "Ittoqqortoormiit"
              },
              "St_Barthelemy": {
                "exemplarCity": "San Bartolomeu"
              },
              "St_Johns": {
                "exemplarCity": "St. John’s"
              },
              "St_Kitts": {
                "exemplarCity": "San Kristovan"
              },
              "St_Lucia": {
                "exemplarCity": "Santa Lúsia"
              },
              "St_Thomas": {
                "exemplarCity": "St. Thomas"
              },
              "St_Vincent": {
                "exemplarCity": "San Bisenti"
              },
              "Toronto": {
                "exemplarCity": "Torontu"
              },
              "Vancouver": {
                "exemplarCity": "Vankuver"
              },
              "Winnipeg": {
                "exemplarCity": "Uínipeg"
              }
            },
            "Atlantic": {
              "Bermuda": {
                "exemplarCity": "Bermuda"
              },
              "Faeroe": {
                "exemplarCity": "Faroe"
              },
              "St_Helena": {
                "exemplarCity": "St. Helena"
              }
            },
            "Europe": {
              "Dublin": {
                "long": {
                  "daylight": "Ora Padron di Irlanda"
                }
              },
              "Kiev": {
                "exemplarCity": "Kyiv"
              },
              "London": {
                "long": {
                  "daylight": "Ora di Veron Britániku"
                }
              }
            },
            "Africa": {
              "Asmera": {
                "exemplarCity": "Asmara"
              }
            },
            "Asia": {
              "Calcutta": {
                "exemplarCity": "Kolkata"
              },
              "Katmandu": {
                "exemplarCity": "Kathmandu"
              },
              "Macau": {
                "exemplarCity": "Macao"
              },
              "Rangoon": {
                "exemplarCity": "Yangon"
              },
              "Saigon": {
                "exemplarCity": "Ho Chi Minh"
              }
            },
            "Pacific": {
              "Ponape": {
                "exemplarCity": "Pohnpei"
              },
              "Truk": {
                "exemplarCity": "Chuuk"
              }
            },
            "Antarctica": {
              "DumontDUrville": {
                "exemplarCity": "Dumont d’Urville"
              }
            },
            "Etc": {
              "UTC": {
                "long": {
                  "standard": "Ora Universal Kordenadu"
                },
                "short": {
                  "standard": "UTC"
                }
              },
              "Unknown": {
                "exemplarCity": "Sidadi diskonxedu"
              }
            }
          },
          "metazone": {
            "Africa_Central": {
              "long": {
                "standard": "Ora di Áfrika Sentral"
              }
            },
            "Africa_Eastern": {
              "long": {
                "standard": "Ora di Áfrika Oriental"
              }
            },
            "Africa_Southern": {
              "long": {
                "standard": "Ora di Sul di Áfrika"
              }
            },
            "Africa_Western": {
              "long": {
                "generic": "Ora di Áfrika Osidental",
                "standard": "Ora Padron di Áfrika Osidental",
                "daylight": "Ora di Veron di Áfrika Osidental"
              }
            },
            "Alaska": {
              "long": {
                "generic": "Ora di Alaska",
                "standard": "Ora Padron di Alaska",
                "daylight": "Ora di Veron di Alaska"
              }
            },
            "America_Central": {
              "long": {
                "generic": "Ora Sentral",
                "standard": "Ora Padron Sentral",
                "daylight": "Ora di Veron Sentral"
              }
            },
            "America_Eastern": {
              "long": {
                "generic": "Ora Oriental",
                "standard": "Ora Padron Oriental",
                "daylight": "Ora di Veron Oriental"
              }
            },
            "America_Mountain": {
              "long": {
                "generic": "Ora di Montanha",
                "standard": "Ora Padron di Montanha",
                "daylight": "Ora di Veron di Montanha"
              }
            },
            "America_Pacific": {
              "long": {
                "generic": "Ora di Pasífiku",
                "standard": "Ora Padron di Pasífiku",
                "daylight": "Ora di Veron di Pasífiku"
              }
            },
            "Atlantic": {
              "long": {
                "generic": "Ora di Atlántiku",
                "standard": "Ora Padron di Atlántiku",
                "daylight": "Ora di Veron di Atlántiku"
              }
            },
            "Australia_Central": {
              "long": {
                "generic": "Ora di Austrália Sentral",
                "standard": "Ora Padron di Austrália Sentral",
                "daylight": "Ora di Veron di Austrália Sentral"
              }
            },
            "Australia_CentralWestern": {
              "long": {
                "generic": "Ora di Austrália Sentru-Osidental",
                "standard": "Ora Padron di Austrália Sentru-Osidental",
                "daylight": "Ora di Veron di Austrália Sentru-Osidental"
              }
            },
            "Australia_Eastern": {
              "long": {
                "generic": "Ora di Austrália Oriental",
                "standard": "Ora Padron di Austrália Oriental",
                "daylight": "Ora di Veron di Austrália Oriental"
              }
            },
            "Australia_Western": {
              "long": {
                "generic": "Ora di Austrália Osidental",
                "standard": "Ora Padron di Austrália Osidental",
                "daylight": "Ora di Veron di Austrália Osidental"
              }
            },
            "Cape_Verde": {
              "long": {
                "generic": "Ora di Kabu Verdi",
                "standard": "Ora Padron di Kabu Verdi",
                "daylight": "Ora di Veron de Kabu Verdi"
              }
            },
            "Cuba": {
              "long": {
                "generic": "Ora di Kuba",
                "standard": "Ora Padron di Kuba",
                "daylight": "Ora di Veron di Kuba"
              }
            },
            "Europe_Central": {
              "long": {
                "generic": "Ora di Europa Sentral",
                "standard": "Ora Padron di Europa Sentral",
                "daylight": "Ora di Veron di Europa Sentral"
              }
            },
            "Europe_Eastern": {
              "long": {
                "generic": "Ora di Europa Oriental",
                "standard": "Ora Padron di Europa Oriental",
                "daylight": "Ora di Veron di Europa Oriental"
              }
            },
            "Europe_Western": {
              "long": {
                "generic": "Ora di Europa Osidental",
                "standard": "Ora Padron di Europa Osidental",
                "daylight": "Ora di Veron di Europa Osidental"
              }
            },
            "GMT": {
              "long": {
                "standard": "Ora Médiu di Greenwich"
              }
            },
            "Greenland_Eastern": {
              "long": {
                "generic": "Ora di Gronelándia Oriental",
                "standard": "Ora Padron di Gronelándia Oriental",
                "daylight": "Ora di Veron di Gronelándia Oriental"
              }
            },
            "Greenland_Western": {
              "long": {
                "generic": "Ora di Gronelándia Osidental",
                "standard": "Ora Padron di Gronelándia Osidental",
                "daylight": "Ora di Veron di Gronelándia Osidental"
              }
            },
            "Hawaii_Aleutian": {
              "long": {
                "generic": "Ora di Avaí i Aleutas",
                "standard": "Ora Padron di Avaí i Aleutas",
                "daylight": "Ora di Veron di Avaí i Aleutas"
              }
            },
            "Mexico_Northwest": {
              "long": {
                "generic": "Ora di Noroesti di Méxiku",
                "standard": "Ora Padron di Noroesti di Méxiku",
                "daylight": "Ora di Veron di Noroesti di Méxiku"
              }
            },
            "Mexico_Pacific": {
              "long": {
                "generic": "Ora di Pasífiku Mexikanu",
                "standard": "Ora Padron di Pasífiku Mexikanu",
                "daylight": "Ora di Veron di Pasífiku Mexikanu"
              }
            },
            "Newfoundland": {
              "long": {
                "generic": "Ora di Tera Nova",
                "standard": "Ora Padron di Tera Nova",
                "daylight": "Ora di Veron di Tera Nova"
              }
            },
            "Pierre_Miquelon": {
              "long": {
                "generic": "Ora di San Pedru i Mikelon",
                "standard": "Ora Padron di San Pedru i Mikelon",
                "daylight": "Ora di Veron di San Pedru i Mikelon"
              }
            },
            "Yukon": {
              "long": {
                "standard": "Ora di Yukon"
              }
            }
          }
        }
      }
    }
  }
}
