{
  "main": {
    "ks-Arab": {
      "identity": {
        "version": {
          "_cldrVersion": "38"
        },
        "language": "ks",
        "script": "Arab"
      },
      "dates": {
        "timeZoneNames": {
          "hourFormat": "+HH:mm;-HH:mm",
          "gmtFormat": "GMT{0}",
          "gmtZeroFormat": "GMT",
          "regionFormat": "{0}",
          "regionFormat-type-daylight": "{0} (+1)",
          "regionFormat-type-standard": "{0} (+0)",
          "fallbackFormat": "{1} ({0})",
          "zone": {
            "America": {
              "Adak": {
                "exemplarCity": "اِدَک"
              },
              "Anchorage": {
                "exemplarCity": "اَنکوراج"
              },
              "Anguilla": {
                "exemplarCity": "اؠنگِولا"
              },
              "Antigua": {
                "exemplarCity": "اؠنٹِگُوا"
              },
              "Araguaina": {
                "exemplarCity": "اؠریگُوینا"
              },
              "Argentina": {
                "Rio_Gallegos": {
                  "exemplarCity": "رِیو گالیگوس"
                },
                "San_Juan": {
                  "exemplarCity": "سین جُواں"
                },
                "Ushuaia": {
                  "exemplarCity": "اُشُوٗاییا"
                },
                "La_Rioja": {
                  "exemplarCity": "لا رِیوجا"
                },
                "San_Luis": {
                  "exemplarCity": "سین لوٗیِس"
                },
                "Salta": {
                  "exemplarCity": "Salta"
                },
                "Tucuman": {
                  "exemplarCity": "ٹوکوٗمَن"
                }
              },
              "Aruba": {
                "exemplarCity": "اَروٗبا"
              },
              "Asuncion": {
                "exemplarCity": "اَسُنچِیَن"
              },
              "Bahia": {
                "exemplarCity": "بَہِیا"
              },
              "Bahia_Banderas": {
                "exemplarCity": "Bahia Banderas"
              },
              "Barbados": {
                "exemplarCity": "بَرباڑوس"
              },
              "Belem": {
                "exemplarCity": "بؠلؠم"
              },
              "Belize": {
                "exemplarCity": "بؠلیٖز"
              },
              "Blanc-Sablon": {
                "exemplarCity": "بلانک سؠبلَن"
              },
              "Boa_Vista": {
                "exemplarCity": "بوآ وِسٹا"
              },
              "Bogota": {
                "exemplarCity": "بوگوٹا"
              },
              "Boise": {
                "exemplarCity": "بویِس"
              },
              "Buenos_Aires": {
                "exemplarCity": "بیوٗنَس آیرَس"
              },
              "Cambridge_Bay": {
                "exemplarCity": "کیمبرِج خلیٖج"
              },
              "Campo_Grande": {
                "exemplarCity": "کؠمپو گرینڑ"
              },
              "Cancun": {
                "exemplarCity": "کینکَن"
              },
              "Caracas": {
                "exemplarCity": "کیرَکَس"
              },
              "Catamarca": {
                "exemplarCity": "کیٹامارکا"
              },
              "Cayenne": {
                "exemplarCity": "کَیین"
              },
              "Cayman": {
                "exemplarCity": "کیمَن"
              },
              "Chicago": {
                "exemplarCity": "شِکاگو"
              },
              "Chihuahua": {
                "exemplarCity": "چِہُوا ہُوا"
              },
              "Coral_Harbour": {
                "exemplarCity": "کورَل بٔندٕرگاہ"
              },
              "Cordoba": {
                "exemplarCity": "کورڑوبا"
              },
              "Costa_Rica": {
                "exemplarCity": "کوسٹا ریٖکا"
              },
              "Creston": {
                "exemplarCity": "Creston"
              },
              "Cuiaba": {
                "exemplarCity": "کوٗیابا"
              },
              "Curacao": {
                "exemplarCity": "کیوٗراکااو"
              },
              "Danmarkshavn": {
                "exemplarCity": "ڑؠنمارکشَون"
              },
              "Dawson": {
                "exemplarCity": "ڑاسَن"
              },
              "Dawson_Creek": {
                "exemplarCity": "ڑاسَن کریٖک"
              },
              "Denver": {
                "exemplarCity": "ڈینوَر"
              },
              "Detroit": {
                "exemplarCity": "ڈیٹرایِٹ"
              },
              "Dominica": {
                "exemplarCity": "ڈومِنِکا"
              },
              "Edmonton": {
                "exemplarCity": "اؠڑمَنٹَن"
              },
              "Eirunepe": {
                "exemplarCity": "ایٖروٗنیپ"
              },
              "El_Salvador": {
                "exemplarCity": "ایل سَلویدَر"
              },
              "Fort_Nelson": {
                "exemplarCity": "Fort Nelson"
              },
              "Fortaleza": {
                "exemplarCity": "فورٹیلیزا"
              },
              "Glace_Bay": {
                "exemplarCity": "گلیس خلیٖج"
              },
              "Godthab": {
                "exemplarCity": "گعاڑتھیب"
              },
              "Goose_Bay": {
                "exemplarCity": "گوٗس خلیٖج"
              },
              "Grand_Turk": {
                "exemplarCity": "گرینڈ تٔرک"
              },
              "Grenada": {
                "exemplarCity": "گریناڑا"
              },
              "Guadeloupe": {
                "exemplarCity": "گوڑلوپ"
              },
              "Guatemala": {
                "exemplarCity": "گواٹیمالا"
              },
              "Guayaquil": {
                "exemplarCity": "گوایاکِوَل"
              },
              "Guyana": {
                "exemplarCity": "گُیانا"
              },
              "Halifax": {
                "exemplarCity": "حیلِفؠکس"
              },
              "Havana": {
                "exemplarCity": "حوانا"
              },
              "Hermosillo": {
                "exemplarCity": "ۂرموسِلو"
              },
              "Indiana": {
                "Vincennes": {
                  "exemplarCity": "وِنسینیس"
                },
                "Petersburg": {
                  "exemplarCity": "پِٹس بٔرگ"
                },
                "Tell_City": {
                  "exemplarCity": "ٹیل سِٹی"
                },
                "Knox": {
                  "exemplarCity": "نوکس"
                },
                "Winamac": {
                  "exemplarCity": "وِنیمیک"
                },
                "Marengo": {
                  "exemplarCity": "میرینگو"
                },
                "Vevay": {
                  "exemplarCity": "ویویے"
                }
              },
              "Indianapolis": {
                "exemplarCity": "اِنڈیَن پولِس"
              },
              "Inuvik": {
                "exemplarCity": "اِنوٗوِک"
              },
              "Iqaluit": {
                "exemplarCity": "اِقالیوٗیِت"
              },
              "Jamaica": {
                "exemplarCity": "جَمَیکا"
              },
              "Jujuy": {
                "exemplarCity": "جُجویے"
              },
              "Juneau": {
                "exemplarCity": "جوٗنی"
              },
              "Kentucky": {
                "Monticello": {
                  "exemplarCity": "مونٹِسیلو"
                }
              },
              "Kralendijk": {
                "exemplarCity": "Kralendijk"
              },
              "La_Paz": {
                "exemplarCity": "لا پاز"
              },
              "Lima": {
                "exemplarCity": "لِما"
              },
              "Los_Angeles": {
                "exemplarCity": "لاس اینجٕلز"
              },
              "Louisville": {
                "exemplarCity": "لوٗیِس وِل"
              },
              "Lower_Princes": {
                "exemplarCity": "Lower Prince’s Quarter"
              },
              "Maceio": {
                "exemplarCity": "میسِیوو"
              },
              "Managua": {
                "exemplarCity": "مَناگوا"
              },
              "Manaus": {
                "exemplarCity": "مَنوس"
              },
              "Marigot": {
                "exemplarCity": "Marigot"
              },
              "Martinique": {
                "exemplarCity": "مارٹِنِک"
              },
              "Matamoros": {
                "exemplarCity": "Matamoros"
              },
              "Mazatlan": {
                "exemplarCity": "مَزَٹلان"
              },
              "Mendoza": {
                "exemplarCity": "مؠنڑوزا"
              },
              "Menominee": {
                "exemplarCity": "مینومِنی"
              },
              "Merida": {
                "exemplarCity": "میرِڈا"
              },
              "Metlakatla": {
                "exemplarCity": "Metlakatla"
              },
              "Mexico_City": {
                "exemplarCity": "میکسِکو سِٹی"
              },
              "Miquelon": {
                "exemplarCity": "مِکیٖلَن"
              },
              "Moncton": {
                "exemplarCity": "مونکٹٕن"
              },
              "Monterrey": {
                "exemplarCity": "موٹیری"
              },
              "Montevideo": {
                "exemplarCity": "مونٹیوِڈیو"
              },
              "Montserrat": {
                "exemplarCity": "مونژیرات"
              },
              "Nassau": {
                "exemplarCity": "نساؤں"
              },
              "New_York": {
                "exemplarCity": "نِو یارک"
              },
              "Nipigon": {
                "exemplarCity": "نِپِگَن"
              },
              "Nome": {
                "exemplarCity": "نوم"
              },
              "Noronha": {
                "exemplarCity": "نورونہا"
              },
              "North_Dakota": {
                "Beulah": {
                  "exemplarCity": "Beulah, North Dakota"
                },
                "New_Salem": {
                  "exemplarCity": "نوو سیلٕم"
                },
                "Center": {
                  "exemplarCity": "مَرکزی جنوٗبی ڈکوٹا"
                }
              },
              "Ojinaga": {
                "exemplarCity": "Ojinaga"
              },
              "Panama": {
                "exemplarCity": "پَناما"
              },
              "Pangnirtung": {
                "exemplarCity": "پَنگنِرٹَنگ"
              },
              "Paramaribo": {
                "exemplarCity": "پَرامارِبو"
              },
              "Phoenix": {
                "exemplarCity": "پھِنِکس"
              },
              "Port-au-Prince": {
                "exemplarCity": "پوٹ آؤں پرِنس"
              },
              "Port_of_Spain": {
                "exemplarCity": "پوٹ آف سپین"
              },
              "Porto_Velho": {
                "exemplarCity": "پوٹو وؠلہو"
              },
              "Puerto_Rico": {
                "exemplarCity": "پیٖٹو رِکو"
              },
              "Punta_Arenas": {
                "exemplarCity": "Punta Arenas"
              },
              "Rainy_River": {
                "exemplarCity": "رینی رِوَر"
              },
              "Rankin_Inlet": {
                "exemplarCity": "رینکِن اِنلؠٹ"
              },
              "Recife": {
                "exemplarCity": "رؠچیٖف"
              },
              "Regina": {
                "exemplarCity": "رؠجیٖنا"
              },
              "Resolute": {
                "exemplarCity": "رِسولیوٗٹ"
              },
              "Rio_Branco": {
                "exemplarCity": "رِیو برانکو"
              },
              "Santarem": {
                "exemplarCity": "Santarem"
              },
              "Santiago": {
                "exemplarCity": "سینٹِعؠگو"
              },
              "Santo_Domingo": {
                "exemplarCity": "سؠنٹو ڑومِنگو"
              },
              "Sao_Paulo": {
                "exemplarCity": "ساو پعالو"
              },
              "Scoresbysund": {
                "exemplarCity": "سکورٕسباےسَنڑ"
              },
              "Sitka": {
                "exemplarCity": "Sitka"
              },
              "St_Barthelemy": {
                "exemplarCity": "St. Barthelemy"
              },
              "St_Johns": {
                "exemplarCity": "سؠنٹ جونس"
              },
              "St_Kitts": {
                "exemplarCity": "سینٹ کِٹس"
              },
              "St_Lucia": {
                "exemplarCity": "سؠنٹ لوٗسِیا"
              },
              "St_Thomas": {
                "exemplarCity": "سینٹ تھامَس"
              },
              "St_Vincent": {
                "exemplarCity": "وِنسینٹ"
              },
              "Swift_Current": {
                "exemplarCity": "سٕوِفٹ کَرَنٹ"
              },
              "Tegucigalpa": {
                "exemplarCity": "Tegucigalpa"
              },
              "Thule": {
                "exemplarCity": "تھیوٗلے"
              },
              "Thunder_Bay": {
                "exemplarCity": "تھَنڑَر خلیٖج"
              },
              "Tijuana": {
                "exemplarCity": "تِجُوانا"
              },
              "Toronto": {
                "exemplarCity": "ٹورونٹو"
              },
              "Tortola": {
                "exemplarCity": "ٹارٹولا"
              },
              "Vancouver": {
                "exemplarCity": "وؠنکووَر"
              },
              "Whitehorse": {
                "exemplarCity": "وایِٹ ہارٕس"
              },
              "Winnipeg": {
                "exemplarCity": "وِنِپؠگ"
              },
              "Yakutat": {
                "exemplarCity": "یکوٗتات"
              },
              "Yellowknife": {
                "exemplarCity": "یؠلو نایِف"
              }
            },
            "Atlantic": {
              "Azores": {
                "exemplarCity": "اَزورَس"
              },
              "Bermuda": {
                "exemplarCity": "برموٗڑا"
              },
              "Canary": {
                "exemplarCity": "کؠنَری"
              },
              "Cape_Verde": {
                "exemplarCity": "کیپ ؤرڑے"
              },
              "Faeroe": {
                "exemplarCity": "فؠرو"
              },
              "Madeira": {
                "exemplarCity": "مَڈیٖرا"
              },
              "Reykjavik": {
                "exemplarCity": "رؠکیاوِک"
              },
              "South_Georgia": {
                "exemplarCity": "ساوتھ جورجِیا"
              },
              "St_Helena": {
                "exemplarCity": "سینٹ ہیلِنا"
              },
              "Stanley": {
                "exemplarCity": "سٹینلی"
              }
            },
            "Europe": {
              "Amsterdam": {
                "exemplarCity": "ایمسٹَرڈیم"
              },
              "Andorra": {
                "exemplarCity": "اَنڑورا"
              },
              "Astrakhan": {
                "exemplarCity": "Astrakhan"
              },
              "Athens": {
                "exemplarCity": "اؠتھٕنس"
              },
              "Belgrade": {
                "exemplarCity": "Belgrade"
              },
              "Berlin": {
                "exemplarCity": "بٔرلِن"
              },
              "Bratislava": {
                "exemplarCity": "Bratislava"
              },
              "Brussels": {
                "exemplarCity": "برسٕلس"
              },
              "Bucharest": {
                "exemplarCity": "بَچاریسٹ"
              },
              "Budapest": {
                "exemplarCity": "بُڑاپیسٹ"
              },
              "Busingen": {
                "exemplarCity": "Busingen"
              },
              "Chisinau": {
                "exemplarCity": "چِسیٖنو"
              },
              "Copenhagen": {
                "exemplarCity": "کوپَنہیگَن"
              },
              "Dublin": {
                "long": {
                  "daylight": "اَیرِش سَمَر ٹایِم"
                },
                "exemplarCity": "ڈَبلِن"
              },
              "Gibraltar": {
                "exemplarCity": "گِبرالٹَر"
              },
              "Guernsey": {
                "exemplarCity": "Guernsey"
              },
              "Helsinki": {
                "exemplarCity": "حؠلسِنکی"
              },
              "Isle_of_Man": {
                "exemplarCity": "Isle of Man"
              },
              "Istanbul": {
                "exemplarCity": "اِستانبُل"
              },
              "Jersey": {
                "exemplarCity": "Jersey"
              },
              "Kaliningrad": {
                "exemplarCity": "کَلِناِنگرَد"
              },
              "Kiev": {
                "exemplarCity": "کیٖو"
              },
              "Kirov": {
                "exemplarCity": "Kirov"
              },
              "Lisbon": {
                "exemplarCity": "لِسبَن"
              },
              "Ljubljana": {
                "exemplarCity": "Ljubljana"
              },
              "London": {
                "long": {
                  "daylight": "برطٲنوی سَمَر ٹایِم"
                },
                "exemplarCity": "لَندَن"
              },
              "Luxembourg": {
                "exemplarCity": "لَکزٕمبٔرگ"
              },
              "Madrid": {
                "exemplarCity": "میڑرِڑ"
              },
              "Malta": {
                "exemplarCity": "مالٹا"
              },
              "Mariehamn": {
                "exemplarCity": "Mariehamn"
              },
              "Minsk": {
                "exemplarCity": "مِنسک"
              },
              "Monaco": {
                "exemplarCity": "موناکو"
              },
              "Moscow": {
                "exemplarCity": "ماسکو"
              },
              "Oslo": {
                "exemplarCity": "اوسلو"
              },
              "Paris": {
                "exemplarCity": "پیرِس"
              },
              "Podgorica": {
                "exemplarCity": "Podgorica"
              },
              "Prague": {
                "exemplarCity": "Prague"
              },
              "Riga": {
                "exemplarCity": "رِگا"
              },
              "Rome": {
                "exemplarCity": "روم"
              },
              "Samara": {
                "exemplarCity": "سَمارا"
              },
              "San_Marino": {
                "exemplarCity": "San Marino"
              },
              "Sarajevo": {
                "exemplarCity": "Sarajevo"
              },
              "Saratov": {
                "exemplarCity": "Saratov"
              },
              "Simferopol": {
                "exemplarCity": "سِمفیروپول"
              },
              "Skopje": {
                "exemplarCity": "Skopje"
              },
              "Sofia": {
                "exemplarCity": "سوفِیا"
              },
              "Stockholm": {
                "exemplarCity": "سٹاک ہولم"
              },
              "Tallinn": {
                "exemplarCity": "ٹؠلِن"
              },
              "Tirane": {
                "exemplarCity": "ٹِرین"
              },
              "Ulyanovsk": {
                "exemplarCity": "Ulyanovsk"
              },
              "Uzhgorod": {
                "exemplarCity": "اُزگورود"
              },
              "Vaduz": {
                "exemplarCity": "وادُز"
              },
              "Vatican": {
                "exemplarCity": "Vatican"
              },
              "Vienna": {
                "exemplarCity": "وِیَننا"
              },
              "Vilnius": {
                "exemplarCity": "وِلِنِیَس"
              },
              "Volgograd": {
                "exemplarCity": "وولگوگرَد"
              },
              "Warsaw": {
                "exemplarCity": "وارسا"
              },
              "Zagreb": {
                "exemplarCity": "Zagreb"
              },
              "Zaporozhye": {
                "exemplarCity": "زَپوروزَے"
              },
              "Zurich": {
                "exemplarCity": "زیوٗرِک"
              }
            },
            "Africa": {
              "Abidjan": {
                "exemplarCity": "عابِدجان"
              },
              "Accra": {
                "exemplarCity": "اؠکرا"
              },
              "Addis_Ababa": {
                "exemplarCity": "Addis Ababa"
              },
              "Algiers": {
                "exemplarCity": "اَلجیٖرِیا"
              },
              "Asmera": {
                "exemplarCity": "اَسمیرا"
              },
              "Bamako": {
                "exemplarCity": "بماکو"
              },
              "Bangui": {
                "exemplarCity": "بؠنگوٗیی"
              },
              "Banjul": {
                "exemplarCity": "بَنجوٗل"
              },
              "Bissau": {
                "exemplarCity": "بِساؤں"
              },
              "Blantyre": {
                "exemplarCity": "بلانتَیر"
              },
              "Brazzaville": {
                "exemplarCity": "برازاوِل"
              },
              "Bujumbura": {
                "exemplarCity": "بُجُمبُرا"
              },
              "Cairo": {
                "exemplarCity": "کَیرو"
              },
              "Casablanca": {
                "exemplarCity": "کؠسابلؠنکا"
              },
              "Ceuta": {
                "exemplarCity": "کیوٗٹا"
              },
              "Conakry": {
                "exemplarCity": "کوناکری"
              },
              "Dakar": {
                "exemplarCity": "دَکار"
              },
              "Dar_es_Salaam": {
                "exemplarCity": "دارُالسلام"
              },
              "Djibouti": {
                "exemplarCity": "ڑِزِبوٹی"
              },
              "Douala": {
                "exemplarCity": "دوعالا"
              },
              "El_Aaiun": {
                "exemplarCity": "El Aaiun"
              },
              "Freetown": {
                "exemplarCity": "فری ٹاوُن"
              },
              "Gaborone": {
                "exemplarCity": "گؠبورون"
              },
              "Harare": {
                "exemplarCity": "ہَراریے"
              },
              "Johannesburg": {
                "exemplarCity": "جانسبٔرگ"
              },
              "Juba": {
                "exemplarCity": "Juba"
              },
              "Kampala": {
                "exemplarCity": "کَمپالا"
              },
              "Khartoum": {
                "exemplarCity": "کھارتوم"
              },
              "Kigali": {
                "exemplarCity": "کِگالی"
              },
              "Kinshasa": {
                "exemplarCity": "کِنشاسا"
              },
              "Lagos": {
                "exemplarCity": "لیگوس"
              },
              "Libreville": {
                "exemplarCity": "لِبَروِل"
              },
              "Lome": {
                "exemplarCity": "لوم"
              },
              "Luanda": {
                "exemplarCity": "لُعؠنڑا"
              },
              "Lubumbashi": {
                "exemplarCity": "لُبُمباشی"
              },
              "Lusaka": {
                "exemplarCity": "لُساکا"
              },
              "Malabo": {
                "exemplarCity": "مالابو"
              },
              "Maputo": {
                "exemplarCity": "مَپوٗٹو"
              },
              "Maseru": {
                "exemplarCity": "مَسیروٗ"
              },
              "Mbabane": {
                "exemplarCity": "مابین"
              },
              "Mogadishu": {
                "exemplarCity": "موگادِشوٗ"
              },
              "Monrovia": {
                "exemplarCity": "مونرووِیا"
              },
              "Nairobi": {
                "exemplarCity": "نیروبی"
              },
              "Ndjamena": {
                "exemplarCity": "جَمیٖنا"
              },
              "Niamey": {
                "exemplarCity": "نَیمیے"
              },
              "Nouakchott": {
                "exemplarCity": "نوواکچھوت"
              },
              "Ouagadougou": {
                "exemplarCity": "اوآگدوگو"
              },
              "Porto-Novo": {
                "exemplarCity": "پوٹو نووو"
              },
              "Sao_Tome": {
                "exemplarCity": "ساو ٹوم"
              },
              "Tripoli": {
                "exemplarCity": "ترپولی"
              },
              "Tunis": {
                "exemplarCity": "ٹوٗنِس"
              },
              "Windhoek": {
                "exemplarCity": "وِنڈہوک"
              }
            },
            "Asia": {
              "Aden": {
                "exemplarCity": "ایڈٕن"
              },
              "Almaty": {
                "exemplarCity": "اَلماٹی"
              },
              "Amman": {
                "exemplarCity": "اَمان"
              },
              "Anadyr": {
                "exemplarCity": "اَنَدیر"
              },
              "Aqtau": {
                "exemplarCity": "اَکتاؤں"
              },
              "Aqtobe": {
                "exemplarCity": "اَقٹوب"
              },
              "Ashgabat": {
                "exemplarCity": "اَشگَبَت"
              },
              "Atyrau": {
                "exemplarCity": "Atyrau"
              },
              "Baghdad": {
                "exemplarCity": "بغداد"
              },
              "Bahrain": {
                "exemplarCity": "بؠہریٖن"
              },
              "Baku": {
                "exemplarCity": "باقوٗ"
              },
              "Bangkok": {
                "exemplarCity": "بینگ کاک"
              },
              "Barnaul": {
                "exemplarCity": "Barnaul"
              },
              "Beirut": {
                "exemplarCity": "بیرُت"
              },
              "Bishkek": {
                "exemplarCity": "بِشکیک"
              },
              "Brunei": {
                "exemplarCity": "بروٗنَے"
              },
              "Calcutta": {
                "exemplarCity": "Kolkata"
              },
              "Chita": {
                "exemplarCity": "Chita"
              },
              "Choibalsan": {
                "exemplarCity": "چویبالسَن"
              },
              "Colombo": {
                "exemplarCity": "کولَمبو"
              },
              "Damascus": {
                "exemplarCity": "دَمَسکَس"
              },
              "Dhaka": {
                "exemplarCity": "ڈھاکا"
              },
              "Dili": {
                "exemplarCity": "دِلی"
              },
              "Dubai": {
                "exemplarCity": "دُبَے"
              },
              "Dushanbe": {
                "exemplarCity": "دُشانبیے"
              },
              "Famagusta": {
                "exemplarCity": "Famagusta"
              },
              "Gaza": {
                "exemplarCity": "غازا"
              },
              "Hebron": {
                "exemplarCity": "Hebron"
              },
              "Hong_Kong": {
                "exemplarCity": "حانگ کانگ"
              },
              "Hovd": {
                "exemplarCity": "حووڑ"
              },
              "Irkutsk": {
                "exemplarCity": "اِرکُسک"
              },
              "Jakarta": {
                "exemplarCity": "جکارتا"
              },
              "Jayapura": {
                "exemplarCity": "جَیاپوٗرا"
              },
              "Jerusalem": {
                "exemplarCity": "یؠروٗسَلَم"
              },
              "Kabul": {
                "exemplarCity": "قابُل"
              },
              "Kamchatka": {
                "exemplarCity": "کَمچھٹکا"
              },
              "Karachi": {
                "exemplarCity": "کَراچی"
              },
              "Katmandu": {
                "exemplarCity": "کاٹھمَنڈوٗ"
              },
              "Khandyga": {
                "exemplarCity": "Khandyga"
              },
              "Krasnoyarsk": {
                "exemplarCity": "کرنسنویارسک"
              },
              "Kuala_Lumpur": {
                "exemplarCity": "کولالَمپوٗر"
              },
              "Kuching": {
                "exemplarCity": "کُچِنگ"
              },
              "Kuwait": {
                "exemplarCity": "کُویت"
              },
              "Macau": {
                "exemplarCity": "مقاؤں"
              },
              "Magadan": {
                "exemplarCity": "مَگادَن"
              },
              "Makassar": {
                "exemplarCity": "مَکَسَر"
              },
              "Manila": {
                "exemplarCity": "مَنیٖلا"
              },
              "Muscat": {
                "exemplarCity": "مَسکَت"
              },
              "Nicosia": {
                "exemplarCity": "نِکوسِیا"
              },
              "Novokuznetsk": {
                "exemplarCity": "Novokuznetsk"
              },
              "Novosibirsk": {
                "exemplarCity": "نوووسِبِرسک"
              },
              "Omsk": {
                "exemplarCity": "اومسک"
              },
              "Oral": {
                "exemplarCity": "اورَل"
              },
              "Phnom_Penh": {
                "exemplarCity": "نوم پؠنہہ"
              },
              "Pontianak": {
                "exemplarCity": "پونتِعانک"
              },
              "Pyongyang": {
                "exemplarCity": "پیونگیانگ"
              },
              "Qatar": {
                "exemplarCity": "قَتَر"
              },
              "Qostanay": {
                "exemplarCity": "Qostanay"
              },
              "Qyzylorda": {
                "exemplarCity": "قؠزؠلوڑا"
              },
              "Rangoon": {
                "exemplarCity": "رنگوٗن"
              },
              "Riyadh": {
                "exemplarCity": "رِیاد"
              },
              "Saigon": {
                "exemplarCity": "سیگَن"
              },
              "Sakhalin": {
                "exemplarCity": "سَکھالِن"
              },
              "Samarkand": {
                "exemplarCity": "سَمَرکَند"
              },
              "Seoul": {
                "exemplarCity": "سول"
              },
              "Shanghai": {
                "exemplarCity": "Shanghai"
              },
              "Singapore": {
                "exemplarCity": "سِنگاپور"
              },
              "Srednekolymsk": {
                "exemplarCity": "Srednekolymsk"
              },
              "Taipei": {
                "exemplarCity": "تَیپیے"
              },
              "Tashkent": {
                "exemplarCity": "تاشکینٹ"
              },
              "Tbilisi": {
                "exemplarCity": "بِلِسی"
              },
              "Tehran": {
                "exemplarCity": "تؠہران"
              },
              "Thimphu": {
                "exemplarCity": "تھِمپوٗ"
              },
              "Tokyo": {
                "exemplarCity": "ٹوکیو"
              },
              "Tomsk": {
                "exemplarCity": "Tomsk"
              },
              "Ulaanbaatar": {
                "exemplarCity": "اُلانباٹَر"
              },
              "Urumqi": {
                "exemplarCity": "اُرَمچی"
              },
              "Ust-Nera": {
                "exemplarCity": "Ust-Nera"
              },
              "Vientiane": {
                "exemplarCity": "وِیَنتِیین"
              },
              "Vladivostok": {
                "exemplarCity": "لادِووستوک"
              },
              "Yakutsk": {
                "exemplarCity": "یکوسک"
              },
              "Yekaterinburg": {
                "exemplarCity": "یَکاتِرِنبٔرگ"
              },
              "Yerevan": {
                "exemplarCity": "یےریوَن"
              }
            },
            "Indian": {
              "Antananarivo": {
                "exemplarCity": "اؠنٹنانرِوو"
              },
              "Chagos": {
                "exemplarCity": "چاگوس"
              },
              "Christmas": {
                "exemplarCity": "کرِسمَس"
              },
              "Cocos": {
                "exemplarCity": "کوکوس"
              },
              "Comoro": {
                "exemplarCity": "کومورو"
              },
              "Kerguelen": {
                "exemplarCity": "کیرگولِن"
              },
              "Mahe": {
                "exemplarCity": "ماہیے"
              },
              "Maldives": {
                "exemplarCity": "مالدیٖوز"
              },
              "Mauritius": {
                "exemplarCity": "مورِشیس"
              },
              "Mayotte": {
                "exemplarCity": "میوٹ"
              },
              "Reunion": {
                "exemplarCity": "رِیوٗنیَن"
              }
            },
            "Australia": {
              "Adelaide": {
                "exemplarCity": "اؠڑِلیڑ"
              },
              "Brisbane": {
                "exemplarCity": "برسبین"
              },
              "Broken_Hill": {
                "exemplarCity": "بروکٕن ہِل"
              },
              "Currie": {
                "exemplarCity": "کیوٗری"
              },
              "Darwin": {
                "exemplarCity": "ڈاروِن"
              },
              "Eucla": {
                "exemplarCity": "یوٗکلا"
              },
              "Hobart": {
                "exemplarCity": "حۄبٲٹ"
              },
              "Lindeman": {
                "exemplarCity": "لِنڑیمان"
              },
              "Lord_Howe": {
                "exemplarCity": "لعاڑ ہووے"
              },
              "Melbourne": {
                "exemplarCity": "مؠلبعارن"
              },
              "Perth": {
                "exemplarCity": "پٔرتھ"
              },
              "Sydney": {
                "exemplarCity": "سِڑنی"
              }
            },
            "Pacific": {
              "Apia": {
                "exemplarCity": "آپِیا"
              },
              "Auckland": {
                "exemplarCity": "آکلینڈ"
              },
              "Bougainville": {
                "exemplarCity": "Bougainville"
              },
              "Chatham": {
                "exemplarCity": "چَتھَم"
              },
              "Easter": {
                "exemplarCity": "ایٖسٹَر"
              },
              "Efate": {
                "exemplarCity": "ایفاتیے"
              },
              "Enderbury": {
                "exemplarCity": "اؠنڑربیری"
              },
              "Fakaofo": {
                "exemplarCity": "فَکَوفو"
              },
              "Fiji": {
                "exemplarCity": "فِجی"
              },
              "Funafuti": {
                "exemplarCity": "فُنافوٗتی"
              },
              "Galapagos": {
                "exemplarCity": "گؠلَپگوس"
              },
              "Gambier": {
                "exemplarCity": "گیمبِیَر"
              },
              "Guadalcanal": {
                "exemplarCity": "گُوادَلچَنَل"
              },
              "Guam": {
                "exemplarCity": "گوام"
              },
              "Honolulu": {
                "exemplarCity": "ہونولو لو"
              },
              "Johnston": {
                "exemplarCity": "جانسٹَن"
              },
              "Kiritimati": {
                "exemplarCity": "کِرِتِماتی"
              },
              "Kosrae": {
                "exemplarCity": "کوسراے"
              },
              "Kwajalein": {
                "exemplarCity": "کُوجلین"
              },
              "Majuro": {
                "exemplarCity": "مَجوٗرو"
              },
              "Marquesas": {
                "exemplarCity": "مارکیسَس"
              },
              "Midway": {
                "exemplarCity": "مِڈویے"
              },
              "Nauru": {
                "exemplarCity": "ناوروٗ"
              },
              "Niue": {
                "exemplarCity": "نِو"
              },
              "Norfolk": {
                "exemplarCity": "نورفوک"
              },
              "Noumea": {
                "exemplarCity": "نومیی"
              },
              "Pago_Pago": {
                "exemplarCity": "پیگو پیگو"
              },
              "Palau": {
                "exemplarCity": "پَلاو"
              },
              "Pitcairn": {
                "exemplarCity": "پِٹکیرَن"
              },
              "Ponape": {
                "exemplarCity": "پوناپے"
              },
              "Port_Moresby": {
                "exemplarCity": "پوٹ مورسبی"
              },
              "Rarotonga": {
                "exemplarCity": "راروٹونگا"
              },
              "Saipan": {
                "exemplarCity": "سَیپان"
              },
              "Tahiti": {
                "exemplarCity": "تَہِتی"
              },
              "Tarawa": {
                "exemplarCity": "ٹَراوا"
              },
              "Tongatapu": {
                "exemplarCity": "تونگاتَپوٗ"
              },
              "Truk": {
                "exemplarCity": "ٹرک"
              },
              "Wake": {
                "exemplarCity": "ویک"
              },
              "Wallis": {
                "exemplarCity": "ویلِس"
              }
            },
            "Arctic": {
              "Longyearbyen": {
                "exemplarCity": "Longyearbyen"
              }
            },
            "Antarctica": {
              "Casey": {
                "exemplarCity": "کیسی"
              },
              "Davis": {
                "exemplarCity": "ڈیوِس"
              },
              "DumontDUrville": {
                "exemplarCity": "ڈُمونٹ ڈ اَروِل"
              },
              "Macquarie": {
                "exemplarCity": "Macquarie"
              },
              "Mawson": {
                "exemplarCity": "ماسَن"
              },
              "McMurdo": {
                "exemplarCity": "مؠک مٲڑو"
              },
              "Palmer": {
                "exemplarCity": "پامَر"
              },
              "Rothera": {
                "exemplarCity": "روتھیرا"
              },
              "Syowa": {
                "exemplarCity": "سیووا"
              },
              "Troll": {
                "exemplarCity": "Troll"
              },
              "Vostok": {
                "exemplarCity": "ووستوک"
              }
            },
            "Etc": {
              "UTC": {
                "short": {
                  "standard": "UTC"
                }
              },
              "Unknown": {
                "exemplarCity": "غٲر زان"
              }
            }
          },
          "metazone": {
            "Acre": {
              "long": {
                "generic": "اؠکرے ٹایِم",
                "standard": "اؠکرے سٹینڑاڑ ٹایِم",
                "daylight": "اؠکرے سَمَر ٹایِم"
              }
            },
            "Afghanistan": {
              "long": {
                "standard": "افغانِستان ٹایِم"
              }
            },
            "Africa_Central": {
              "long": {
                "standard": "مرکزی افریٖقا ٹایِم"
              }
            },
            "Africa_Eastern": {
              "long": {
                "standard": "مشرقی افریٖقا ٹایِم"
              }
            },
            "Africa_Southern": {
              "long": {
                "standard": "جنوٗبی افریقا ٹایِم"
              }
            },
            "Africa_Western": {
              "long": {
                "generic": "مغربی افریٖقا ٹایِم",
                "standard": "مغربی افریٖقا سٹینڑاڑ ٹایِم",
                "daylight": "مغربی افریٖقا سَمَر ٹایِم"
              }
            },
            "Alaska": {
              "long": {
                "generic": "اؠلاسکا ٹایِم",
                "standard": "اؠلاسکا سٹینڑاڑ ٹایِم",
                "daylight": "اؠلاسکا ڈےلایِٔٹ ٹایِم"
              }
            },
            "Almaty": {
              "long": {
                "generic": "اؠلمؠٹی ٹایِم",
                "standard": "اؠلمؠٹی سٹینڑاڑ ٹایِم",
                "daylight": "اؠلمؠٹی سَمَر ٹایِم"
              }
            },
            "Amazon": {
              "long": {
                "generic": "اؠمَزَن ٹایِم",
                "standard": "اؠمَزَن سٹینڑاڑ ٹایِم",
                "daylight": "اؠمَزَن سَمَر ٹایِم"
              }
            },
            "America_Central": {
              "long": {
                "generic": "مرکزی ٹایِم",
                "standard": "مرکزی سٹینڑاڑ ٹایِم",
                "daylight": "مرکزی ڈےلایِٔٹ ٹایِم"
              }
            },
            "America_Eastern": {
              "long": {
                "generic": "مشرقی ٹایِم",
                "standard": "مشرقی سٹینڑاڑ ٹایِم",
                "daylight": "مشرقی ڈےلایِٔٹ ٹایِم"
              }
            },
            "America_Mountain": {
              "long": {
                "generic": "ماونٹین ٹایِم",
                "standard": "ماونٹین سٹینڑاڑ ٹایِم",
                "daylight": "ماونٹین ڈےلایِٔٹ ٹایِم"
              }
            },
            "America_Pacific": {
              "long": {
                "generic": "پیسِفِک ٹایِم",
                "standard": "پیسِفِک سٹینڑاڑ ٹایِم",
                "daylight": "پیسِفِک ڈےلایِٔٹ ٹایِم"
              }
            },
            "Anadyr": {
              "long": {
                "generic": "اؠنَڑیٖر ٹایِم",
                "standard": "اؠنَڑیٖر سٹینڑاڑ ٹایِم",
                "daylight": "اؠنڑیٖر سَمَر ٹایِم"
              }
            },
            "Aqtau": {
              "long": {
                "generic": "اؠکٹاؤ ٹایِم",
                "standard": "اؠکٹاؤ سٹینڑاڑ ٹایِم",
                "daylight": "اؠکٹاؤ سَمَر ٹایِم"
              }
            },
            "Aqtobe": {
              "long": {
                "generic": "اؠکٹوب ٹایِم",
                "standard": "اؠکٹوب سٹینڑاڑ ٹایِم",
                "daylight": "اؠکٹوب سَمَر ٹایِم"
              }
            },
            "Arabian": {
              "long": {
                "generic": "ارؠبِیَن ٹایِم",
                "standard": "ارؠبِیَن سٹینڑاڑ ٹایِم",
                "daylight": "ارؠبِیَن ڈےلایِٔٹ ٹایِم"
              }
            },
            "Argentina": {
              "long": {
                "generic": "ارجؠنٹیٖنا ٹایِم",
                "standard": "ارجؠنٹیٖنا سٹینڑاڑ ٹایِم",
                "daylight": "ارجؠنٹیٖنا سَمَر ٹایِم"
              }
            },
            "Argentina_Western": {
              "long": {
                "generic": "مغربی ارجؠنٹیٖنا ٹایِم",
                "standard": "مغربی ارجؠنٹیٖنا سٹینڑاڑ ٹایِم",
                "daylight": "مغربی ارجؠنٹیٖنا سَمَر ٹایِم"
              }
            },
            "Armenia": {
              "long": {
                "generic": "ارمیٖنِیا ٹایِم",
                "standard": "ارمیٖنِیا سٹینڑاڑ ٹایِم",
                "daylight": "ارمیٖنِیا سَمَر ٹایِم"
              }
            },
            "Atlantic": {
              "long": {
                "generic": "اؠٹلانٹِک ٹایِم",
                "standard": "اؠٹلانٹِک سٹینڑاڑ ٹایِم",
                "daylight": "اؠٹلانٹِک ڈےلایِٔٹ ٹایِم"
              }
            },
            "Australia_Central": {
              "long": {
                "generic": "مرکزی آسٹریلِیَن ٹایِم",
                "standard": "آسٹریلِیَن مرکزی سٹینڑاڑ ٹایِم",
                "daylight": "آسٹریلِیَن مرکزی ڈےلایِٔٹ ٹایِم"
              }
            },
            "Australia_CentralWestern": {
              "long": {
                "generic": "آسٹریلِیَن مرکزی مغربی ٹایِم",
                "standard": "آسٹریلِیَن مرکزی مغربی سٹینڑاڑ ٹایِم",
                "daylight": "آسٹریلِیَن مرکزی مغربی ڈےلایِٔٹ ٹایِم"
              }
            },
            "Australia_Eastern": {
              "long": {
                "generic": "مشرِقی آسٹریلِیا ٹایِم",
                "standard": "آسٹریلِیَن مشرقی سٹینڑاڑ ٹایِم",
                "daylight": "آسٹریلِیَن مشرقی ڈےلایِٔٹ ٹایِم"
              }
            },
            "Australia_Western": {
              "long": {
                "generic": "مغرِبی آسٹریلِیا ٹایِم",
                "standard": "آسٹریلِیَن مغرِبی سٹینڑاڑ ٹایِم",
                "daylight": "آسٹریلِیَن مغرِبیٖ ڈےلایٔٹ ٹایِم"
              }
            },
            "Azerbaijan": {
              "long": {
                "generic": "اَزَربیجان ٹایِم",
                "standard": "اَزَربیجان سٹینڑاڑ ٹایِم",
                "daylight": "اَزَربیجان سَمَر ٹایِم"
              }
            },
            "Azores": {
              "long": {
                "generic": "اؠزورٕس ٹایِم",
                "standard": "اؠزورٕس سٹینڑاڑ ٹایِم",
                "daylight": "اؠزورٕس سَمَر ٹ"
              }
            },
            "Bangladesh": {
              "long": {
                "generic": "بَنگلادیش ٹایِم",
                "standard": "بَنگلادیش سٹینڑاڑ ٹایِم",
                "daylight": "بَنگلادیش سَمَر ٹایِم"
              }
            },
            "Bhutan": {
              "long": {
                "standard": "بوٗٹان ٹایِم"
              }
            },
            "Bolivia": {
              "long": {
                "standard": "بولِوِیا ٹایِم"
              }
            },
            "Brasilia": {
              "long": {
                "generic": "برؠسِلِیا ٹایِم",
                "standard": "برؠسِلِیا سٹینڑاڑ ٹایِم",
                "daylight": "برؠسِلِیا سَمَر ٹایِم"
              }
            },
            "Brunei": {
              "long": {
                "standard": "بروٗنَے دَروٗسَلَم ٹایِم"
              }
            },
            "Cape_Verde": {
              "long": {
                "generic": "کیپ ؤرڑو ٹایِم",
                "standard": "کیپ ؤرڑو سٹینڑاڑ ٹایِم",
                "daylight": "کیپ سَمَر ٹایِم"
              }
            },
            "Chamorro": {
              "long": {
                "standard": "کؠمورو سٹینڑاڑ ٹایِم"
              }
            },
            "Chatham": {
              "long": {
                "generic": "کؠتھَم ٹایِم",
                "standard": "کؠتھَم سٹینڑاڑ ٹایِم",
                "daylight": "چؠتھَم سَمَر ٹایِم"
              }
            },
            "Chile": {
              "long": {
                "generic": "چِلی ٹایِم",
                "standard": "چِلی سٹینڑاڑ ٹایِم",
                "daylight": "چِلی سَمَر ٹایِم"
              }
            },
            "China": {
              "long": {
                "generic": "چَینا ٹایِم",
                "standard": "چَینا سٹینڑاڑ ٹایِم",
                "daylight": "چَینا ڈےلایِٔٹ ٹایِم"
              }
            },
            "Choibalsan": {
              "long": {
                "generic": "کوےبؠلسَن ٹایِم",
                "standard": "کوےبؠلسَن سٹینڑاڑ ٹایِم",
                "daylight": "کوےبؠلسَن سَمَر ٹایِم"
              }
            },
            "Christmas": {
              "long": {
                "standard": "کرسمَس ٹایِم"
              }
            },
            "Cocos": {
              "long": {
                "standard": "کوکوز اَیلینڑز ٹایِم"
              }
            },
            "Colombia": {
              "long": {
                "generic": "کولومبِیا ٹایِم",
                "standard": "کولومبِیا سٹینڑاڑ ٹایِم",
                "daylight": "کولومبِیا سَمَر ٹایِم"
              }
            },
            "Cook": {
              "long": {
                "generic": "کُک اَیلینڑز ٹایِم",
                "standard": "کُک اَیلینڑز سٹینڑاڑ ٹایِم",
                "daylight": "کُک اَیلینڑز حاف سَمَر ٹایِم"
              }
            },
            "Cuba": {
              "long": {
                "generic": "کیوٗبا ٹایِم",
                "standard": "کیوٗبا سٹینڑاڑ ٹایِم",
                "daylight": "کیوٗبا ڈےلایِٔٹ ٹایِم"
              }
            },
            "Davis": {
              "long": {
                "standard": "ڑیوِس ٹایِم"
              }
            },
            "DumontDUrville": {
              "long": {
                "standard": "ڑمانٹ ڈی اُرویٖل ٹایِم"
              }
            },
            "East_Timor": {
              "long": {
                "standard": "ایٖسٹ ٹیٖمَر ٹایِم"
              }
            },
            "Easter": {
              "long": {
                "generic": "ایٖسٹَر ٹایِم",
                "standard": "ایٖسٹَر سٹینڑاڑ ٹایِم",
                "daylight": "ایٖسٹَر سَمَر ٹایِم"
              }
            },
            "Ecuador": {
              "long": {
                "standard": "اِکویڑَر ٹایِم"
              }
            },
            "Europe_Central": {
              "long": {
                "generic": "مرکزی یوٗرپی ٹایِم",
                "standard": "مرکزی یوٗرپی سٹینڑاڑ ٹایِم",
                "daylight": "مرکزی یوٗرپی سَمَر ٹایِم"
              }
            },
            "Europe_Eastern": {
              "long": {
                "generic": "مشرقی یوٗرپی ٹایِم",
                "standard": "مشرقی یوٗرپی سٹینڑاڑ ٹایِم",
                "daylight": "مشرقی یوٗرپی سَمَر ٹایِم"
              }
            },
            "Europe_Western": {
              "long": {
                "generic": "مغرِبی یوٗرپی ٹایِم",
                "standard": "مغرِبی یوٗرپی سٹینڑاڑ ٹایِم",
                "daylight": "مغرِبی یوٗرِپی سَمَر ٹایِم"
              }
            },
            "Falkland": {
              "long": {
                "generic": "فاکلینڑ ٹایِم",
                "standard": "فاکلینڑ سٹینڑاڑ ٹایِم",
                "daylight": "فاکلینڑ سَمَر ٹایِم"
              }
            },
            "Fiji": {
              "long": {
                "generic": "فیٖجی ٹایِم",
                "standard": "فیٖجی سٹینڑاڑ ٹایِم",
                "daylight": "فیٖجی سَمَر ٹایِم"
              }
            },
            "French_Guiana": {
              "long": {
                "standard": "فرؠنچ گیوٗؠنا ٹایِم"
              }
            },
            "French_Southern": {
              "long": {
                "standard": "جنوٗبی فرؠنچ ٹایِم"
              }
            },
            "Galapagos": {
              "long": {
                "standard": "گؠلؠپیگوز ٹایِم"
              }
            },
            "Gambier": {
              "long": {
                "standard": "گؠمبِیَر ٹایِم"
              }
            },
            "Georgia": {
              "long": {
                "generic": "جورجِیاہُک ٹایِم",
                "standard": "جورجِیاہُک سٹینڑاڑ ٹایِم",
                "daylight": "جورجِیاہُک سَمَر ٹایِم"
              }
            },
            "Gilbert_Islands": {
              "long": {
                "standard": "گِلبٲٹ ججیٖرُک ٹایِم"
              }
            },
            "GMT": {
              "long": {
                "standard": "گریٖن وِچ میٖن ٹایِم"
              }
            },
            "Greenland_Eastern": {
              "long": {
                "generic": "مشرِقی گریٖن لینڑُک ٹایِم",
                "standard": "مشرِقی گریٖن لینڑُک سٹینڑاڑ ٹایِم",
                "daylight": "مشرِقی گریٖن لینڑُک سَمَر ٹایِم"
              }
            },
            "Greenland_Western": {
              "long": {
                "generic": "مغرِبی گریٖن لینڑُک ٹایِم",
                "standard": "مغرِبی گریٖن لینڑُک سٹینڑاڑ ٹایِم",
                "daylight": "مغرِبی گریٖن لینڑُک سَمَر ٹایِم"
              }
            },
            "Guam": {
              "long": {
                "standard": "گُوؠم ٹایِم"
              }
            },
            "Gulf": {
              "long": {
                "standard": "گَلف سٹینڑاڑ ٹایِم"
              }
            },
            "Guyana": {
              "long": {
                "standard": "گُیَنا ٹایِم"
              }
            },
            "Hawaii_Aleutian": {
              "long": {
                "generic": "حَواے اؠلیوٗٹِیَن ٹایِم",
                "standard": "حَواے اؠلیوٗٹِیَن سٹینڑاڑ ٹایِم",
                "daylight": "حَواے اؠلیوٗٹِیَن سَمَر ٹایِم"
              }
            },
            "Hong_Kong": {
              "long": {
                "generic": "حانگ کانگ ٹایِم",
                "standard": "حانگ کانگ سٹینڑاڑ ٹایِم",
                "daylight": "حانگ کانگ سَمَر ٹایِم"
              }
            },
            "Hovd": {
              "long": {
                "generic": "حووڑ ٹایِم",
                "standard": "حووڑ سٹینڑاڑ ٹایِم",
                "daylight": "حووڑ سَمَر ٹایِم"
              }
            },
            "India": {
              "long": {
                "standard": "ہِندوستان"
              }
            },
            "Indian_Ocean": {
              "long": {
                "standard": "ہِندوستٲنۍ اوشَن ٹایِن"
              }
            },
            "Indochina": {
              "long": {
                "standard": "اِنڑوچَینا ٹایِم"
              }
            },
            "Indonesia_Central": {
              "long": {
                "standard": "مرکزی اِنڑونیشِیا ٹایِم"
              }
            },
            "Indonesia_Eastern": {
              "long": {
                "standard": "مشرِقی اِنڑونیشِیا ٹایِم"
              }
            },
            "Indonesia_Western": {
              "long": {
                "standard": "مغرِبی اِنڑونیشِیا ٹایِم"
              }
            },
            "Iran": {
              "long": {
                "generic": "اِیٖرٲنۍ ٹایِم",
                "standard": "اِیٖرٲنۍ سٹینڑاڑ ٹایِم",
                "daylight": "اِیٖرٲنی سَمَر ٹایِم"
              }
            },
            "Irkutsk": {
              "long": {
                "generic": "اِرکُٹسک ٹایِم",
                "standard": "اِرکُٹسک سٹینڑاڑ ٹایِم",
                "daylight": "اِرکُٹسک سَمَر ٹایِم"
              }
            },
            "Israel": {
              "long": {
                "generic": "اِسرٲیِلی ٹایِم",
                "standard": "اِسرٲیِلی سٹینڑاڑ ٹایِم",
                "daylight": "اِسرٲیِلی ڑےلایِٔٹ ٹایِم"
              }
            },
            "Japan": {
              "long": {
                "generic": "جاپٲنۍ ٹایِم",
                "standard": "جاپٲنۍ سٹینڑاڑ ٹایِم",
                "daylight": "جاپٲنۍ ڑےلایِٔٹ ٹایِم"
              }
            },
            "Kamchatka": {
              "long": {
                "generic": "کَمچَٹکا ٹایِم",
                "standard": "کَمچَٹکا سٹینڑاڑ ٹایِم",
                "daylight": "کَمچَٹکا سَمَر ٹایِم"
              }
            },
            "Kazakhstan_Eastern": {
              "long": {
                "standard": "مشرِقی کَزاکھِستان ٹایِم"
              }
            },
            "Kazakhstan_Western": {
              "long": {
                "standard": "مغرِبی کَزاکھِستان ٹایِم"
              }
            },
            "Korea": {
              "long": {
                "generic": "کورِیا ٹایِم",
                "standard": "کورِیا سٹینڑاڑ ٹایِم",
                "daylight": "کورِیا ڑےلایِٔٹ ٹایِم"
              }
            },
            "Kosrae": {
              "long": {
                "standard": "کورسَے ٹایِم"
              }
            },
            "Krasnoyarsk": {
              "long": {
                "generic": "کرؠسنوےیارسک ٹایِم",
                "standard": "کرؠسنوےیارسک سٹینڑاڑ ٹایِم",
                "daylight": "کرؠسنوےیارسک سَمَر ٹایِم"
              }
            },
            "Kyrgystan": {
              "long": {
                "standard": "کِرگِستان ٹایِم"
              }
            },
            "Lanka": {
              "long": {
                "standard": "لَنکا ٹایِم"
              }
            },
            "Line_Islands": {
              "long": {
                "standard": "لایِٔن ججیٖرُک ٹایِم"
              }
            },
            "Lord_Howe": {
              "long": {
                "generic": "لعاڑ حووے ٹایِم",
                "standard": "لعاڑ حووے سٹینڑاڑ ٹایِم",
                "daylight": "لعاڑ ڑےلایٔٹ ٹایِم"
              }
            },
            "Macau": {
              "long": {
                "generic": "مَکَعوٗ ٹایِم",
                "standard": "مَکَعوٗ سٹینڑاڑ ٹایِم",
                "daylight": "مَکَعوٗ سَمَر ٹایِم"
              }
            },
            "Magadan": {
              "long": {
                "generic": "مَگَدَن ٹایِم",
                "standard": "مَگَدَن سٹینڑاڑ ٹایِم",
                "daylight": "مَگَدَن سَمَر ٹایِم"
              }
            },
            "Malaysia": {
              "long": {
                "standard": "مَلیشِیا ٹایِم"
              }
            },
            "Maldives": {
              "long": {
                "standard": "مالدیٖوٕز ٹایِم"
              }
            },
            "Marquesas": {
              "long": {
                "standard": "مارقیوٗسَس ٹایِم"
              }
            },
            "Marshall_Islands": {
              "long": {
                "standard": "مارشَل ججیٖرُک ٹایِم"
              }
            },
            "Mauritius": {
              "long": {
                "generic": "مورِشَس ٹایِم",
                "standard": "مورِشَس سٹینڑاڑ ٹایِم",
                "daylight": "مورِشَس سَمَر ٹایِم"
              }
            },
            "Mawson": {
              "long": {
                "standard": "ماسَن ٹایِم"
              }
            },
            "Mongolia": {
              "long": {
                "generic": "مونگولِیا ٹایِم",
                "standard": "مونگولِیا سٹینڑاڑ ٹایِم",
                "daylight": "مونگولِیا سَمَر ٹایِم"
              }
            },
            "Moscow": {
              "long": {
                "generic": "ماسکَو ٹایِم",
                "standard": "ماسکو سٹینڑاڑ ٹایِم",
                "daylight": "ماسکو سَمَر ٹایِم"
              }
            },
            "Myanmar": {
              "long": {
                "standard": "مِیانمَر ٹایِم"
              }
            },
            "Nauru": {
              "long": {
                "standard": "نَعوٗروٗ ٹایِم"
              }
            },
            "Nepal": {
              "long": {
                "standard": "نؠپٲلۍ ٹایِم"
              }
            },
            "New_Caledonia": {
              "long": {
                "generic": "نِو کیلؠڑونِیا ٹایِم",
                "standard": "نِو کیلؠڑونِیا سٹینڑاڑ ٹایِم",
                "daylight": "نِو کیلؠڑونِیس سَمَر ٹایِم"
              }
            },
            "New_Zealand": {
              "long": {
                "generic": "نِوزِلینڑ ٹایِم",
                "standard": "نِوزِلینڑ سٹینڑاڑ ٹایِم",
                "daylight": "نِوزِلینڑ ڑےلایٔٹ ٹایِم"
              }
            },
            "Newfoundland": {
              "long": {
                "generic": "نیوٗ فاونڑلینڑ ٹایِم",
                "standard": "نیوٗ فاونڑلینڑ سٹینڑاڑ ٹایِم",
                "daylight": "نیوٗ فاونڑ لینڑ ڑےلایِٔٹ ٹایِم"
              }
            },
            "Niue": {
              "long": {
                "standard": "نِیوٗ ٹایِم"
              }
            },
            "Norfolk": {
              "long": {
                "generic": "نورفعاک ٹایِم",
                "standard": "نورفعاک سٹینڑاڑ ٹایِم",
                "daylight": "نورفعاک سَمَر ٹایِم"
              }
            },
            "Noronha": {
              "long": {
                "generic": "نورونہا ٹایِم",
                "standard": "نورونہا سٹینڑاڑ ٹایِم",
                "daylight": "نورونہا سَمَر ٹایِم"
              }
            },
            "North_Mariana": {
              "long": {
                "standard": "شُمٲلی مَرِیانا ٹایِم"
              }
            },
            "Novosibirsk": {
              "long": {
                "generic": "نۄوۄسِبٔرسک ٹایِم",
                "standard": "نۄوۄسِبٔرسک سٹینڑاڑ ٹایِم",
                "daylight": "نۄوۄسِبٔرسک سَمَر ٹایِم"
              }
            },
            "Omsk": {
              "long": {
                "generic": "اۄمسک ٹایِم",
                "standard": "اۄمسک سٹینڑاڑ ٹایِم",
                "daylight": "اۄمسک سَمَر ٹایِم"
              }
            },
            "Pakistan": {
              "long": {
                "generic": "پاکِستان ٹایِم",
                "standard": "پاکِستان سٹینڑاڑ ٹایِم",
                "daylight": "پاکِستان سَمَر ٹایِم"
              }
            },
            "Palau": {
              "long": {
                "standard": "پَلاو ٹایِم"
              }
            },
            "Papua_New_Guinea": {
              "long": {
                "standard": "پاپُعا نیوٗ گؠنی ٹایِم"
              }
            },
            "Paraguay": {
              "long": {
                "generic": "پیرؠگوے ٹایِم",
                "standard": "پیرؠگوے سٹینڑاڑ ٹایِم",
                "daylight": "پیرؠگوے سَمَر ٹایِم"
              }
            },
            "Peru": {
              "long": {
                "generic": "پٔروٗ ٹایِم",
                "standard": "پٔروٗ سٹینڑاڑ ٹایِم",
                "daylight": "پٔروٗ سَمَر ٹایِم"
              }
            },
            "Philippines": {
              "long": {
                "generic": "پھِلِپایِن ٹایِم",
                "standard": "پھِلِپایِن سٹینڑاڑ ٹایِم",
                "daylight": "پھِلِپایِن سَمَر ٹایِم"
              }
            },
            "Phoenix_Islands": {
              "long": {
                "standard": "پھونِکس ججیٖرُک ٹایِم"
              }
            },
            "Pierre_Miquelon": {
              "long": {
                "generic": "سینٹ پَیری مِقیوٗلَن ٹایِم",
                "standard": "سینٹ پَیری مِقیوٗلَن سٹینڑاڑ ٹایِم",
                "daylight": "سینٹ پَیری مِقیوٗلَن ڑےلایِٔٹ ٹایِم"
              }
            },
            "Pitcairn": {
              "long": {
                "standard": "پِٹکیرٕن ٹایِم"
              }
            },
            "Ponape": {
              "long": {
                "standard": "پونیپ ٹایِم"
              }
            },
            "Qyzylorda": {
              "long": {
                "generic": "قِزلوڑا ٹایِم",
                "standard": "قِزلوڑا سٹینڑاڑ ٹایِم",
                "daylight": "قِزلوڑا سَمَر ٹایِم"
              }
            },
            "Reunion": {
              "long": {
                "standard": "رِیوٗنِیَن ٹایِم"
              }
            },
            "Rothera": {
              "long": {
                "standard": "روتھؠرا ٹایِم"
              }
            },
            "Sakhalin": {
              "long": {
                "generic": "سَکھؠلِن ٹایِم",
                "standard": "سَکھؠلِن سٹینڑاڑ ٹایِم",
                "daylight": "سَکھؠلِن سَمَر ٹایِم"
              }
            },
            "Samara": {
              "long": {
                "generic": "سمؠرا ٹایِم",
                "standard": "سمؠرا سٹینڑاڑ ٹایِم",
                "daylight": "سمؠرا سَمَر ٹایِم"
              }
            },
            "Samoa": {
              "long": {
                "generic": "سؠموآ ٹایِم",
                "standard": "سؠموآ سٹینڑاڑ ٹایِم",
                "daylight": "سؠموآ سَمَر ٹایِم"
              }
            },
            "Seychelles": {
              "long": {
                "standard": "سیشؠلٕز ٹایِم"
              }
            },
            "Singapore": {
              "long": {
                "standard": "سِنگاپوٗر ٹایِم"
              }
            },
            "Solomon": {
              "long": {
                "standard": "سولومَن ججیٖرَن ہُند ٹایِم"
              }
            },
            "South_Georgia": {
              "long": {
                "standard": "شُمٲلی جورجِیا ٹایِم"
              }
            },
            "Suriname": {
              "long": {
                "standard": "سُرِنام ٹایِم"
              }
            },
            "Syowa": {
              "long": {
                "standard": "سیووا ٹایِم"
              }
            },
            "Tahiti": {
              "long": {
                "standard": "ٹاہِٹی ٹایِم"
              }
            },
            "Tajikistan": {
              "long": {
                "standard": "تازِکِستان ٹایِم"
              }
            },
            "Tokelau": {
              "long": {
                "standard": "ٹوکؠلو ٹایِم"
              }
            },
            "Tonga": {
              "long": {
                "generic": "ٹعانگا ٹایِم",
                "standard": "ٹعانگا سٹینڑاڑ ٹایِم",
                "daylight": "ٹعانگا سَمَر ٹایِم"
              }
            },
            "Truk": {
              "long": {
                "standard": "ٹٔرک ٹایِم"
              }
            },
            "Turkmenistan": {
              "long": {
                "generic": "تُرکمؠنِستان ٹایِم",
                "standard": "تُرکمؠنِستان سٹینڑاڑ ٹایِم",
                "daylight": "تُرکمؠنِستان سَمَر ٹایِم"
              }
            },
            "Tuvalu": {
              "long": {
                "standard": "ٹوٗوَلوٗ ٹایِم"
              }
            },
            "Uruguay": {
              "long": {
                "generic": "یوٗرؠگوَے ٹایِم",
                "standard": "یوٗرؠگوَے سٹینڑاڑ ٹایِم",
                "daylight": "یوٗرؠگوَے سَمَر ٹایِم"
              }
            },
            "Uzbekistan": {
              "long": {
                "generic": "اُزبیکِستان ٹایِم",
                "standard": "اُزبیکِستان سٹینڑاڑ ٹایِم",
                "daylight": "اُزبیکِستانُک سَمَر ٹایِم"
              }
            },
            "Vanuatu": {
              "long": {
                "generic": "وَنوٗاَٹوٗ ٹایِم",
                "standard": "وَنوٗاَٹوٗ سٹینڑاڑ ٹایِم",
                "daylight": "وَنوٗاَٹوٗ سَمَر ٹایِم"
              }
            },
            "Venezuela": {
              "long": {
                "standard": "وؠنؠزیوٗلا ٹایِم"
              }
            },
            "Vladivostok": {
              "long": {
                "generic": "ولاڑِووسٹوک ٹایِم",
                "standard": "ولاڑِووسٹوک سٹینڑاڑ ٹایِم",
                "daylight": "ولاڑِووسٹوک سَمَر ٹایِم"
              }
            },
            "Volgograd": {
              "long": {
                "generic": "وولگوگریڑ ٹایِم",
                "standard": "وولگوگریڑ سٹینڑاڑ ٹایِم",
                "daylight": "وولگوگریڑ سَمَر ٹایِم"
              }
            },
            "Vostok": {
              "long": {
                "standard": "ووسٹوک ٹایِم"
              }
            },
            "Wake": {
              "long": {
                "standard": "ویک ججیٖرُک ٹایِم"
              }
            },
            "Wallis": {
              "long": {
                "standard": "والِس تہٕ فیوٗٹیوٗنا ٹایِم"
              }
            },
            "Yakutsk": {
              "long": {
                "generic": "یَکُٹسک ٹایِم",
                "standard": "یَکُٹسک سٹینڑاڑ ٹایِم",
                "daylight": "یَکُٹُسک سَمَر ٹایِم"
              }
            },
            "Yekaterinburg": {
              "long": {
                "generic": "یؠکَٹٔرِنبٔرگ ٹایِم",
                "standard": "یؠکَٹٔرِنبٔرگ سٹینڑاڑ ٹایِم",
                "daylight": "یؠکَٹرِنبٔرگ سَمَر ٹایِم"
              }
            }
          }
        }
      }
    }
  }
}
