{
  "main": {
    "nl-SX": {
      "identity": {
        "language": "nl",
        "territory": "SX"
      },
      "dates": {
        "timeZoneNames": {
          "hourFormat": "+HH:mm;-HH:mm",
          "gmtFormat": "GMT{0}",
          "gmtZeroFormat": "GMT",
          "gmtUnknownFormat": "GMT+?",
          "regionFormat": "tijd in {0}",
          "regionFormat-type-daylight": "zomertijd in {0}",
          "regionFormat-type-standard": "standaardtijd in {0}",
          "fallbackFormat": "{1} ({0})",
          "zone": {
            "Pacific": {
              "Honolulu": {
                "_type": "zone",
                "exemplarCity": "Honolulu"
              },
              "Easter": {
                "_type": "zone",
                "exemplarCity": "Paaseiland"
              },
              "Galapagos": {
                "_type": "zone",
                "exemplarCity": "Galápagos"
              },
              "Truk": {
                "_type": "zone",
                "exemplarCity": "Chuuk"
              },
              "Ponape": {
                "_type": "zone",
                "exemplarCity": "Pohnpei"
              },
              "Enderbury": {
                "_type": "zone",
                "exemplarCity": "Kanton"
              },
              "Noumea": {
                "_type": "zone",
                "exemplarCity": "Nouméa"
              },
              "Marquesas": {
                "_type": "zone",
                "exemplarCity": "Marquesaseilanden"
              },
              "Gambier": {
                "_type": "zone",
                "exemplarCity": "Îles Gambier"
              },
              "Wallis": {
                "_type": "zone",
                "exemplarCity": "Wallis & Futuna"
              }
            },
            "Etc": {
              "UTC": {
                "_type": "zone",
                "long": {
                  "standard": "gecoördineerde wereldtijd"
                },
                "short": {
                  "standard": "UTC"
                }
              },
              "Unknown": {
                "_type": "zone",
                "exemplarCity": "onbekende stad"
              }
            },
            "Europe": {
              "Tirane": {
                "_type": "zone",
                "exemplarCity": "Tirana"
              },
              "Vienna": {
                "_type": "zone",
                "exemplarCity": "Wenen"
              },
              "Brussels": {
                "_type": "zone",
                "exemplarCity": "Brussel"
              },
              "Zurich": {
                "_type": "zone",
                "exemplarCity": "Zürich"
              },
              "Prague": {
                "_type": "zone",
                "exemplarCity": "Praag"
              },
              "Busingen": {
                "_type": "zone",
                "exemplarCity": "Büsingen"
              },
              "Berlin": {
                "_type": "zone",
                "exemplarCity": "Berlijn"
              },
              "Copenhagen": {
                "_type": "zone",
                "exemplarCity": "Kopenhagen"
              },
              "Paris": {
                "_type": "zone",
                "exemplarCity": "Parijs"
              },
              "London": {
                "_type": "zone",
                "long": {
                  "daylight": "Britse zomertijd"
                },
                "exemplarCity": "Londen"
              },
              "Athens": {
                "_type": "zone",
                "exemplarCity": "Athene"
              },
              "Budapest": {
                "_type": "zone",
                "exemplarCity": "Boedapest"
              },
              "Dublin": {
                "_type": "zone",
                "long": {
                  "daylight": "Ierse standaardtijd"
                }
              },
              "Luxembourg": {
                "_type": "zone",
                "exemplarCity": "Luxemburg"
              },
              "Chisinau": {
                "_type": "zone",
                "exemplarCity": "Chișinău"
              },
              "Warsaw": {
                "_type": "zone",
                "exemplarCity": "Warschau"
              },
              "Lisbon": {
                "_type": "zone",
                "exemplarCity": "Lissabon"
              },
              "Bucharest": {
                "_type": "zone",
                "exemplarCity": "Boekarest"
              },
              "Belgrade": {
                "_type": "zone",
                "exemplarCity": "Belgrado"
              },
              "Moscow": {
                "_type": "zone",
                "exemplarCity": "Moskou"
              },
              "Volgograd": {
                "_type": "zone",
                "exemplarCity": "Wolgograd"
              },
              "Istanbul": {
                "_type": "zone",
                "exemplarCity": "Istanboel"
              },
              "Kiev": {
                "_type": "zone",
                "exemplarCity": "Kiev"
              },
              "Vatican": {
                "_type": "zone",
                "exemplarCity": "Vaticaanstad"
              }
            },
            "Asia": {
              "Yerevan": {
                "_type": "zone",
                "exemplarCity": "Jerevan"
              },
              "Baku": {
                "_type": "zone",
                "exemplarCity": "Bakoe"
              },
              "Bahrain": {
                "_type": "zone",
                "exemplarCity": "Bahrein"
              },
              "Urumqi": {
                "_type": "zone",
                "exemplarCity": "Ürümqi"
              },
              "Shanghai": {
                "_type": "zone",
                "exemplarCity": "Sjanghai"
              },
              "Hong_Kong": {
                "_type": "zone",
                "exemplarCity": "Hongkong"
              },
              "Jerusalem": {
                "_type": "zone",
                "exemplarCity": "Jeruzalem"
              },
              "Calcutta": {
                "_type": "zone",
                "exemplarCity": "Calcutta"
              },
              "Baghdad": {
                "_type": "zone",
                "exemplarCity": "Bagdad"
              },
              "Tehran": {
                "_type": "zone",
                "exemplarCity": "Teheran"
              },
              "Tokyo": {
                "_type": "zone",
                "exemplarCity": "Tokio"
              },
              "Bishkek": {
                "_type": "zone",
                "exemplarCity": "Bisjkek"
              },
              "Kuwait": {
                "_type": "zone",
                "exemplarCity": "Koeweit"
              },
              "Atyrau": {
                "_type": "zone",
                "exemplarCity": "Atıraw"
              },
              "Aqtobe": {
                "_type": "zone",
                "exemplarCity": "Aqtöbe"
              },
              "Almaty": {
                "_type": "zone",
                "exemplarCity": "Alma-Ata"
              },
              "Beirut": {
                "_type": "zone",
                "exemplarCity": "Beiroet"
              },
              "Rangoon": {
                "_type": "zone",
                "exemplarCity": "Rangoon"
              },
              "Hovd": {
                "_type": "zone",
                "exemplarCity": "Khovd"
              },
              "Macau": {
                "_type": "zone",
                "exemplarCity": "Macau"
              },
              "Katmandu": {
                "_type": "zone",
                "exemplarCity": "Kathmandu"
              },
              "Manila": {
                "_type": "zone",
                "exemplarCity": "Manilla"
              },
              "Yekaterinburg": {
                "_type": "zone",
                "exemplarCity": "Jekaterinenburg"
              },
              "Krasnoyarsk": {
                "_type": "zone",
                "exemplarCity": "Krasnojarsk"
              },
              "Irkutsk": {
                "_type": "zone",
                "exemplarCity": "Irkoetsk"
              },
              "Yakutsk": {
                "_type": "zone",
                "exemplarCity": "Jakoetsk"
              },
              "Sakhalin": {
                "_type": "zone",
                "exemplarCity": "Sachalin"
              },
              "Kamchatka": {
                "_type": "zone",
                "exemplarCity": "Kamtsjatka"
              },
              "Riyadh": {
                "_type": "zone",
                "exemplarCity": "Riyad"
              },
              "Dushanbe": {
                "_type": "zone",
                "exemplarCity": "Doesjanbe"
              },
              "Ashgabat": {
                "_type": "zone",
                "exemplarCity": "Asjchabad"
              },
              "Tashkent": {
                "_type": "zone",
                "exemplarCity": "Tasjkent"
              },
              "Saigon": {
                "_type": "zone",
                "exemplarCity": "Ho Chi Minhstad"
              }
            },
            "Antarctica": {
              "Syowa": {
                "_type": "zone",
                "exemplarCity": "Showa"
              },
              "DumontDUrville": {
                "_type": "zone",
                "exemplarCity": "Dumont-d’Urville"
              }
            },
            "America": {
              "Argentina": {
                "Rio_Gallegos": {
                  "_type": "zone",
                  "exemplarCity": "Río Gallegos"
                },
                "Tucuman": {
                  "_type": "zone",
                  "exemplarCity": "Tucumán"
                }
              },
              "Cordoba": {
                "_type": "zone",
                "exemplarCity": "Córdoba"
              },
              "St_Barthelemy": {
                "_type": "zone",
                "exemplarCity": "Saint-Barthélemy"
              },
              "Eirunepe": {
                "_type": "zone",
                "exemplarCity": "Eirunepé"
              },
              "Cuiaba": {
                "_type": "zone",
                "exemplarCity": "Cuiabá"
              },
              "Santarem": {
                "_type": "zone",
                "exemplarCity": "Santarém"
              },
              "Belem": {
                "_type": "zone",
                "exemplarCity": "Belém"
              },
              "Araguaina": {
                "_type": "zone",
                "exemplarCity": "Araguaína"
              },
              "Sao_Paulo": {
                "_type": "zone",
                "exemplarCity": "São Paulo"
              },
              "Maceio": {
                "_type": "zone",
                "exemplarCity": "Maceió"
              },
              "Noronha": {
                "_type": "zone",
                "exemplarCity": "Fernando de Noronha"
              },
              "Coral_Harbour": {
                "_type": "zone",
                "exemplarCity": "Atikokan"
              },
              "St_Johns": {
                "_type": "zone",
                "exemplarCity": "Saint John’s"
              },
              "Bogota": {
                "_type": "zone",
                "exemplarCity": "Bogotá"
              },
              "Curacao": {
                "_type": "zone",
                "exemplarCity": "Curaçao"
              },
              "Godthab": {
                "_type": "zone",
                "exemplarCity": "Nuuk"
              },
              "Scoresbysund": {
                "_type": "zone",
                "exemplarCity": "Ittoqqortoormiit"
              },
              "St_Kitts": {
                "_type": "zone",
                "exemplarCity": "Saint Kitts"
              },
              "St_Lucia": {
                "_type": "zone",
                "exemplarCity": "Saint Lucia"
              },
              "Ciudad_Juarez": {
                "_type": "zone",
                "exemplarCity": "Ciudad Juárez"
              },
              "Mazatlan": {
                "_type": "zone",
                "exemplarCity": "Mazatlán"
              },
              "Bahia_Banderas": {
                "_type": "zone",
                "exemplarCity": "Bahía de Banderas"
              },
              "Mexico_City": {
                "_type": "zone",
                "exemplarCity": "Mexico-Stad"
              },
              "Merida": {
                "_type": "zone",
                "exemplarCity": "Mérida"
              },
              "Cancun": {
                "_type": "zone",
                "exemplarCity": "Cancun"
              },
              "Miquelon": {
                "_type": "zone",
                "exemplarCity": "Saint-Pierre"
              },
              "Asuncion": {
                "_type": "zone",
                "exemplarCity": "Asunción"
              },
              "Lower_Princes": {
                "_type": "zone",
                "exemplarCity": "Beneden Prinsen Kwartier"
              },
              "North_Dakota": {
                "Beulah": {
                  "_type": "zone",
                  "exemplarCity": "Beulah, Noord-Dakota"
                },
                "New_Salem": {
                  "_type": "zone",
                  "exemplarCity": "New Salem, Noord-Dakota"
                },
                "Center": {
                  "_type": "zone",
                  "exemplarCity": "Center, Noord-Dakota"
                }
              },
              "Indiana": {
                "Vincennes": {
                  "_type": "zone",
                  "exemplarCity": "Vincennes, Indiana"
                },
                "Petersburg": {
                  "_type": "zone",
                  "exemplarCity": "Petersburg, Indiana"
                },
                "Tell_City": {
                  "_type": "zone",
                  "exemplarCity": "Tell City, Indiana"
                },
                "Knox": {
                  "_type": "zone",
                  "exemplarCity": "Knox, Indiana"
                },
                "Winamac": {
                  "_type": "zone",
                  "exemplarCity": "Winamac, Indiana"
                },
                "Marengo": {
                  "_type": "zone",
                  "exemplarCity": "Marengo, Indiana"
                },
                "Vevay": {
                  "_type": "zone",
                  "exemplarCity": "Vevay, Indiana"
                }
              },
              "Kentucky": {
                "Monticello": {
                  "_type": "zone",
                  "exemplarCity": "Monticello, Kentucky"
                }
              },
              "St_Vincent": {
                "_type": "zone",
                "exemplarCity": "Saint Vincent"
              },
              "St_Thomas": {
                "_type": "zone",
                "exemplarCity": "Saint Thomas"
              }
            },
            "Indian": {
              "Cocos": {
                "_type": "zone",
                "exemplarCity": "Cocoseilanden"
              },
              "Christmas": {
                "_type": "zone",
                "exemplarCity": "Christmaseiland"
              },
              "Chagos": {
                "_type": "zone",
                "exemplarCity": "Chagosarchipel"
              },
              "Comoro": {
                "_type": "zone",
                "exemplarCity": "Comores"
              },
              "Maldives": {
                "_type": "zone",
                "exemplarCity": "Maldiven"
              },
              "Reunion": {
                "_type": "zone",
                "exemplarCity": "Réunion"
              },
              "Mahe": {
                "_type": "zone",
                "exemplarCity": "Mahé"
              }
            },
            "Atlantic": {
              "Cape_Verde": {
                "_type": "zone",
                "exemplarCity": "Kaapverdië"
              },
              "Canary": {
                "_type": "zone",
                "exemplarCity": "Canarische Eilanden"
              },
              "Faeroe": {
                "_type": "zone",
                "exemplarCity": "Faeröer"
              },
              "South_Georgia": {
                "_type": "zone",
                "exemplarCity": "Zuid-Georgia"
              },
              "Azores": {
                "_type": "zone",
                "exemplarCity": "Azoren"
              },
              "St_Helena": {
                "_type": "zone",
                "exemplarCity": "Sint-Helena"
              }
            },
            "Africa": {
              "Cairo": {
                "_type": "zone",
                "exemplarCity": "Caïro"
              },
              "El_Aaiun": {
                "_type": "zone",
                "exemplarCity": "El Aaiún"
              },
              "Asmera": {
                "_type": "zone",
                "exemplarCity": "Asmara"
              },
              "Addis_Ababa": {
                "_type": "zone",
                "exemplarCity": "Addis Abeba"
              },
              "Khartoum": {
                "_type": "zone",
                "exemplarCity": "Khartoem"
              },
              "Sao_Tome": {
                "_type": "zone",
                "exemplarCity": "Sao Tomé"
              },
              "Ndjamena": {
                "_type": "zone",
                "exemplarCity": "N’Djamena"
              },
              "Lome": {
                "_type": "zone",
                "exemplarCity": "Lomé"
              }
            }
          },
          "metazone": {
            "Acre": {
              "long": {
                "generic": "Acre-tijd",
                "standard": "Acre-standaardtijd",
                "daylight": "Acre-zomertijd"
              }
            },
            "Afghanistan": {
              "long": {
                "standard": "Afghaanse tijd"
              }
            },
            "Africa_Central": {
              "long": {
                "standard": "Centraal-Afrikaanse tijd"
              }
            },
            "Africa_Eastern": {
              "long": {
                "standard": "Oost-Afrikaanse tijd"
              }
            },
            "Africa_Southern": {
              "long": {
                "standard": "Zuid-Afrikaanse tijd"
              }
            },
            "Africa_Western": {
              "long": {
                "standard": "West-Afrikaanse tijd"
              }
            },
            "Alaska": {
              "long": {
                "generic": "Alaska-tijd",
                "standard": "Alaska-standaardtijd",
                "daylight": "Alaska-zomertijd"
              },
              "short": {
                "generic": "AKT",
                "standard": "AKST",
                "daylight": "AKDT"
              }
            },
            "Almaty": {
              "long": {
                "generic": "Alma-Ata-tijd",
                "standard": "Alma-Ata-standaardtijd",
                "daylight": "Alma-Ata-zomertijd"
              }
            },
            "Amazon": {
              "long": {
                "generic": "Amazone-tijd",
                "standard": "Amazone-standaardtijd",
                "daylight": "Amazone-zomertijd"
              }
            },
            "America_Central": {
              "long": {
                "generic": "Central-tijd",
                "standard": "Central-standaardtijd",
                "daylight": "Central-zomertijd"
              },
              "short": {
                "generic": "CT",
                "standard": "CST",
                "daylight": "CDT"
              }
            },
            "America_Eastern": {
              "long": {
                "generic": "Eastern-tijd",
                "standard": "Eastern-standaardtijd",
                "daylight": "Eastern-zomertijd"
              },
              "short": {
                "generic": "ET",
                "standard": "EST",
                "daylight": "EDT"
              }
            },
            "America_Mountain": {
              "long": {
                "generic": "Mountain-tijd",
                "standard": "Mountain-standaardtijd",
                "daylight": "Mountain-zomertijd"
              },
              "short": {
                "generic": "MT",
                "standard": "MST",
                "daylight": "MDT"
              }
            },
            "America_Pacific": {
              "long": {
                "generic": "Pacific-tijd",
                "standard": "Pacific-standaardtijd",
                "daylight": "Pacific-zomertijd"
              },
              "short": {
                "generic": "PT",
                "standard": "PST",
                "daylight": "PDT"
              }
            },
            "Anadyr": {
              "long": {
                "generic": "Anadyr-tijd",
                "standard": "Anadyr-standaardtijd",
                "daylight": "Anadyr-zomertijd"
              }
            },
            "Apia": {
              "long": {
                "generic": "Apia-tijd",
                "standard": "Apia-standaardtijd",
                "daylight": "Apia-zomertijd"
              }
            },
            "Aqtau": {
              "long": {
                "generic": "Aqtau-tijd",
                "standard": "Aqtau-standaardtijd",
                "daylight": "Aqtau-zomertijd"
              }
            },
            "Aqtobe": {
              "long": {
                "generic": "Aqtöbe-tijd",
                "standard": "Aqtöbe-standaardtijd",
                "daylight": "Aqtöbe-zomertijd"
              }
            },
            "Arabian": {
              "long": {
                "generic": "Arabische tijd",
                "standard": "Arabische standaardtijd",
                "daylight": "Arabische zomertijd"
              }
            },
            "Argentina": {
              "long": {
                "generic": "Argentijnse tijd",
                "standard": "Argentijnse standaardtijd",
                "daylight": "Argentijnse zomertijd"
              }
            },
            "Argentina_Western": {
              "long": {
                "generic": "West-Argentijnse tijd",
                "standard": "West-Argentijnse standaardtijd",
                "daylight": "West-Argentijnse zomertijd"
              }
            },
            "Armenia": {
              "long": {
                "generic": "Armeense tijd",
                "standard": "Armeense standaardtijd",
                "daylight": "Armeense zomertijd"
              }
            },
            "Atlantic": {
              "long": {
                "generic": "Atlantic-tijd",
                "standard": "Atlantic-standaardtijd",
                "daylight": "Atlantic-zomertijd"
              },
              "short": {
                "generic": "AT",
                "standard": "AST",
                "daylight": "ADT"
              }
            },
            "Australia_Central": {
              "long": {
                "generic": "Midden-Australische tijd",
                "standard": "Midden-Australische standaardtijd",
                "daylight": "Midden-Australische zomertijd"
              }
            },
            "Australia_CentralWestern": {
              "long": {
                "generic": "Midden-Australische westelijke tijd",
                "standard": "Midden-Australische westelijke standaardtijd",
                "daylight": "Midden-Australische westelijke zomertijd"
              }
            },
            "Australia_Eastern": {
              "long": {
                "generic": "Oost-Australische tijd",
                "standard": "Oost-Australische standaardtijd",
                "daylight": "Oost-Australische zomertijd"
              }
            },
            "Australia_Western": {
              "long": {
                "generic": "West-Australische tijd",
                "standard": "West-Australische standaardtijd",
                "daylight": "West-Australische zomertijd"
              }
            },
            "Azerbaijan": {
              "long": {
                "generic": "Azerbeidzjaanse tijd",
                "standard": "Azerbeidzjaanse standaardtijd",
                "daylight": "Azerbeidzjaanse zomertijd"
              }
            },
            "Azores": {
              "long": {
                "generic": "Azoren-tijd",
                "standard": "Azoren-standaardtijd",
                "daylight": "Azoren-zomertijd"
              }
            },
            "Bangladesh": {
              "long": {
                "generic": "Bengalese tijd",
                "standard": "Bengalese standaardtijd",
                "daylight": "Bengalese zomertijd"
              }
            },
            "Bhutan": {
              "long": {
                "standard": "Bhutaanse tijd"
              }
            },
            "Bolivia": {
              "long": {
                "standard": "Boliviaanse tijd"
              }
            },
            "Brasilia": {
              "long": {
                "generic": "Braziliaanse tijd",
                "standard": "Braziliaanse standaardtijd",
                "daylight": "Braziliaanse zomertijd"
              }
            },
            "Brunei": {
              "long": {
                "standard": "Bruneise tijd"
              }
            },
            "Cape_Verde": {
              "long": {
                "generic": "Kaapverdische tijd",
                "standard": "Kaapverdische standaardtijd",
                "daylight": "Kaapverdische zomertijd"
              }
            },
            "Casey": {
              "long": {
                "standard": "Casey tijd"
              }
            },
            "Chamorro": {
              "long": {
                "standard": "Chamorro-tijd"
              }
            },
            "Chatham": {
              "long": {
                "generic": "Chatham-tijd",
                "standard": "Chatham-standaardtijd",
                "daylight": "Chatham-zomertijd"
              }
            },
            "Chile": {
              "long": {
                "generic": "Chileense tijd",
                "standard": "Chileense standaardtijd",
                "daylight": "Chileense zomertijd"
              }
            },
            "China": {
              "long": {
                "generic": "Chinese tijd",
                "standard": "Chinese standaardtijd",
                "daylight": "Chinese zomertijd"
              }
            },
            "Christmas": {
              "long": {
                "standard": "Christmaseilandse tijd"
              }
            },
            "Cocos": {
              "long": {
                "standard": "Cocoseilandse tijd"
              }
            },
            "Colombia": {
              "long": {
                "generic": "Colombiaanse tijd",
                "standard": "Colombiaanse standaardtijd",
                "daylight": "Colombiaanse zomertijd"
              }
            },
            "Cook": {
              "long": {
                "generic": "Cookeilandse tijd",
                "standard": "Cookeilandse standaardtijd",
                "daylight": "Cookeilandse halve zomertijd"
              }
            },
            "Cuba": {
              "long": {
                "generic": "Cubaanse tijd",
                "standard": "Cubaanse standaardtijd",
                "daylight": "Cubaanse zomertijd"
              }
            },
            "Davis": {
              "long": {
                "standard": "Davis-tijd"
              }
            },
            "DumontDUrville": {
              "long": {
                "standard": "Dumont-d’Urville-tijd"
              }
            },
            "East_Timor": {
              "long": {
                "standard": "Oost-Timorese tijd"
              }
            },
            "Easter": {
              "long": {
                "generic": "Paaseilandse tijd",
                "standard": "Paaseilandse standaardtijd",
                "daylight": "Paaseilandse zomertijd"
              }
            },
            "Ecuador": {
              "long": {
                "standard": "Ecuadoraanse tijd"
              }
            },
            "Europe_Central": {
              "long": {
                "generic": "Midden-Europese tijd",
                "standard": "Midden-Europese standaardtijd",
                "daylight": "Midden-Europese zomertijd"
              },
              "short": {
                "generic": "CET",
                "standard": "CET",
                "daylight": "CEST"
              }
            },
            "Europe_Eastern": {
              "long": {
                "generic": "Oost-Europese tijd",
                "standard": "Oost-Europese standaardtijd",
                "daylight": "Oost-Europese zomertijd"
              },
              "short": {
                "generic": "EET",
                "standard": "EET",
                "daylight": "EEST"
              }
            },
            "Europe_Further_Eastern": {
              "long": {
                "standard": "Verder-oostelijk-Europese tijd"
              }
            },
            "Europe_Western": {
              "long": {
                "generic": "West-Europese tijd",
                "standard": "West-Europese standaardtijd",
                "daylight": "West-Europese zomertijd"
              },
              "short": {
                "generic": "WET",
                "standard": "WET",
                "daylight": "WEST"
              }
            },
            "Falkland": {
              "long": {
                "generic": "Falklandeilandse tijd",
                "standard": "Falklandeilandse standaardtijd",
                "daylight": "Falklandeilandse zomertijd"
              }
            },
            "Fiji": {
              "long": {
                "generic": "Fijische tijd",
                "standard": "Fijische standaardtijd",
                "daylight": "Fijische zomertijd"
              }
            },
            "French_Guiana": {
              "long": {
                "standard": "Frans-Guyaanse tijd"
              }
            },
            "French_Southern": {
              "long": {
                "standard": "Franse zuidelijke en Antarctische tijd"
              }
            },
            "Galapagos": {
              "long": {
                "standard": "Galapagoseilandse tijd"
              }
            },
            "Gambier": {
              "long": {
                "standard": "Gambiereilandse tijd"
              }
            },
            "Georgia": {
              "long": {
                "generic": "Georgische tijd",
                "standard": "Georgische standaardtijd",
                "daylight": "Georgische zomertijd"
              }
            },
            "Gilbert_Islands": {
              "long": {
                "standard": "Gilberteilandse tijd"
              }
            },
            "GMT": {
              "long": {
                "standard": "Greenwich Mean Time"
              },
              "short": {
                "standard": "GMT"
              }
            },
            "Greenland": {
              "long": {
                "generic": "Groenlandse tijd",
                "standard": "Groenlandse standaardtijd",
                "daylight": "Groenlandse zomertijd"
              }
            },
            "Greenland_Eastern": {
              "long": {
                "generic": "Oost-Groenlandse tijd",
                "standard": "Oost-Groenlandse standaardtijd",
                "daylight": "Oost-Groenlandse zomertijd"
              }
            },
            "Greenland_Western": {
              "long": {
                "generic": "West-Groenlandse tijd",
                "standard": "West-Groenlandse standaardtijd",
                "daylight": "West-Groenlandse zomertijd"
              }
            },
            "Guam": {
              "long": {
                "standard": "Guamese standaardtijd"
              }
            },
            "Gulf": {
              "long": {
                "standard": "Golf-standaardtijd"
              }
            },
            "Guyana": {
              "long": {
                "standard": "Guyaanse tijd"
              }
            },
            "Hawaii": {
              "long": {
                "standard": "Hawaii-Aleoetische standaardtijd"
              },
              "short": {
                "standard": "HAST"
              }
            },
            "Hawaii_Aleutian": {
              "long": {
                "generic": "Hawaii-Aleoetische tijd",
                "standard": "Hawaii-Aleoetische standaardtijd",
                "daylight": "Hawaii-Aleoetische zomertijd"
              },
              "short": {
                "generic": "HAT",
                "standard": "HAST",
                "daylight": "HADT"
              }
            },
            "Hong_Kong": {
              "long": {
                "generic": "Hongkongse tijd",
                "standard": "Hongkongse standaardtijd",
                "daylight": "Hongkongse zomertijd"
              }
            },
            "Hovd": {
              "long": {
                "generic": "Hovd-tijd",
                "standard": "Hovd-standaardtijd",
                "daylight": "Hovd-zomertijd"
              }
            },
            "India": {
              "long": {
                "standard": "Indiase tijd"
              }
            },
            "Indian_Ocean": {
              "long": {
                "standard": "Indische Oceaan-tijd"
              }
            },
            "Indochina": {
              "long": {
                "standard": "Indochinese tijd"
              }
            },
            "Indonesia_Central": {
              "long": {
                "standard": "Centraal-Indonesische tijd"
              }
            },
            "Indonesia_Eastern": {
              "long": {
                "standard": "Oost-Indonesische tijd"
              }
            },
            "Indonesia_Western": {
              "long": {
                "standard": "West-Indonesische tijd"
              }
            },
            "Iran": {
              "long": {
                "generic": "Iraanse tijd",
                "standard": "Iraanse standaardtijd",
                "daylight": "Iraanse zomertijd"
              }
            },
            "Irkutsk": {
              "long": {
                "generic": "Irkoetsk-tijd",
                "standard": "Irkoetsk-standaardtijd",
                "daylight": "Irkoetsk-zomertijd"
              }
            },
            "Israel": {
              "long": {
                "generic": "Israëlische tijd",
                "standard": "Israëlische standaardtijd",
                "daylight": "Israëlische zomertijd"
              }
            },
            "Japan": {
              "long": {
                "generic": "Japanse tijd",
                "standard": "Japanse standaardtijd",
                "daylight": "Japanse zomertijd"
              }
            },
            "Kamchatka": {
              "long": {
                "generic": "Petropavlovsk-Kamtsjatski-tijd",
                "standard": "Petropavlovsk-Kamtsjatski-standaardtijd",
                "daylight": "Petropavlovsk-Kamtsjatski-zomertijd"
              }
            },
            "Kazakhstan": {
              "long": {
                "standard": "Kazachse tijd"
              }
            },
            "Kazakhstan_Eastern": {
              "long": {
                "standard": "Oost-Kazachse tijd"
              }
            },
            "Kazakhstan_Western": {
              "long": {
                "standard": "West-Kazachse tijd"
              }
            },
            "Korea": {
              "long": {
                "generic": "Koreaanse tijd",
                "standard": "Koreaanse standaardtijd",
                "daylight": "Koreaanse zomertijd"
              }
            },
            "Kosrae": {
              "long": {
                "standard": "Kosraese tijd"
              }
            },
            "Krasnoyarsk": {
              "long": {
                "generic": "Krasnojarsk-tijd",
                "standard": "Krasnojarsk-standaardtijd",
                "daylight": "Krasnojarsk-zomertijd"
              }
            },
            "Kyrgystan": {
              "long": {
                "standard": "Kirgizische tijd"
              }
            },
            "Lanka": {
              "long": {
                "standard": "Lanka-tijd"
              }
            },
            "Line_Islands": {
              "long": {
                "standard": "Line-eilandse tijd"
              }
            },
            "Lord_Howe": {
              "long": {
                "generic": "Lord Howe-eilandse tijd",
                "standard": "Lord Howe-eilandse standaardtijd",
                "daylight": "Lord Howe-eilandse zomertijd"
              }
            },
            "Macau": {
              "long": {
                "generic": "Macause tijd",
                "standard": "Macause standaardtijd",
                "daylight": "Macause zomertijd"
              }
            },
            "Magadan": {
              "long": {
                "generic": "Magadan-tijd",
                "standard": "Magadan-standaardtijd",
                "daylight": "Magadan-zomertijd"
              }
            },
            "Malaysia": {
              "long": {
                "standard": "Maleisische tijd"
              }
            },
            "Maldives": {
              "long": {
                "standard": "Maldivische tijd"
              }
            },
            "Marquesas": {
              "long": {
                "standard": "Marquesaseilandse tijd"
              }
            },
            "Marshall_Islands": {
              "long": {
                "standard": "Marshalleilandse tijd"
              }
            },
            "Mauritius": {
              "long": {
                "generic": "Mauritiaanse tijd",
                "standard": "Mauritiaanse standaardtijd",
                "daylight": "Mauritiaanse zomertijd"
              }
            },
            "Mawson": {
              "long": {
                "standard": "Mawson-tijd"
              }
            },
            "Mexico_Pacific": {
              "long": {
                "generic": "Mexicaanse Pacific-tijd",
                "standard": "Mexicaanse Pacific-standaardtijd",
                "daylight": "Mexicaanse Pacific-zomertijd"
              }
            },
            "Mongolia": {
              "long": {
                "generic": "Ulaanbaatar-tijd",
                "standard": "Ulaanbaatar-standaardtijd",
                "daylight": "Ulaanbaatar-zomertijd"
              }
            },
            "Moscow": {
              "long": {
                "generic": "Moskou-tijd",
                "standard": "Moskou-standaardtijd",
                "daylight": "Moskou-zomertijd"
              }
            },
            "Myanmar": {
              "long": {
                "standard": "Myanmarese tijd"
              }
            },
            "Nauru": {
              "long": {
                "standard": "Nauruaanse tijd"
              }
            },
            "Nepal": {
              "long": {
                "standard": "Nepalese tijd"
              }
            },
            "New_Caledonia": {
              "long": {
                "generic": "Nieuw-Caledonische tijd",
                "standard": "Nieuw-Caledonische standaardtijd",
                "daylight": "Nieuw-Caledonische zomertijd"
              }
            },
            "New_Zealand": {
              "long": {
                "generic": "Nieuw-Zeelandse tijd",
                "standard": "Nieuw-Zeelandse standaardtijd",
                "daylight": "Nieuw-Zeelandse zomertijd"
              }
            },
            "Newfoundland": {
              "long": {
                "generic": "Newfoundland-tijd",
                "standard": "Newfoundland-standaardtijd",
                "daylight": "Newfoundland-zomertijd"
              }
            },
            "Niue": {
              "long": {
                "standard": "Niuese tijd"
              }
            },
            "Norfolk": {
              "long": {
                "generic": "Norfolkeilandse tijd",
                "standard": "Norfolkeilandse standaardtijd",
                "daylight": "Norfolkeilandse zomertijd"
              }
            },
            "Noronha": {
              "long": {
                "generic": "Fernando de Noronha-tijd",
                "standard": "Fernando de Noronha-standaardtijd",
                "daylight": "Fernando de Noronha-zomertijd"
              }
            },
            "North_Mariana": {
              "long": {
                "standard": "Noordelijk Mariaanse tijd"
              }
            },
            "Novosibirsk": {
              "long": {
                "generic": "Novosibirsk-tijd",
                "standard": "Novosibirsk-standaardtijd",
                "daylight": "Novosibirsk-zomertijd"
              }
            },
            "Omsk": {
              "long": {
                "generic": "Omsk-tijd",
                "standard": "Omsk-standaardtijd",
                "daylight": "Omsk-zomertijd"
              }
            },
            "Pakistan": {
              "long": {
                "generic": "Pakistaanse tijd",
                "standard": "Pakistaanse standaardtijd",
                "daylight": "Pakistaanse zomertijd"
              }
            },
            "Palau": {
              "long": {
                "standard": "Belause tijd"
              }
            },
            "Papua_New_Guinea": {
              "long": {
                "standard": "Papoea-Nieuw-Guineese tijd"
              }
            },
            "Paraguay": {
              "long": {
                "generic": "Paraguayaanse tijd",
                "standard": "Paraguayaanse standaardtijd",
                "daylight": "Paraguayaanse zomertijd"
              }
            },
            "Peru": {
              "long": {
                "generic": "Peruaanse tijd",
                "standard": "Peruaanse standaardtijd",
                "daylight": "Peruaanse zomertijd"
              }
            },
            "Philippines": {
              "long": {
                "generic": "Filipijnse tijd",
                "standard": "Filipijnse standaardtijd",
                "daylight": "Filipijnse zomertijd"
              }
            },
            "Phoenix_Islands": {
              "long": {
                "standard": "Phoenixeilandse tijd"
              }
            },
            "Pierre_Miquelon": {
              "long": {
                "generic": "Saint Pierre en Miquelon-tijd",
                "standard": "Saint Pierre en Miquelon-standaardtijd",
                "daylight": "Saint Pierre en Miquelon-zomertijd"
              }
            },
            "Pitcairn": {
              "long": {
                "standard": "Pitcairneilandse tijd"
              }
            },
            "Ponape": {
              "long": {
                "standard": "Pohnpei-tijd"
              }
            },
            "Pyongyang": {
              "long": {
                "standard": "Pyongyang-tijd"
              }
            },
            "Qyzylorda": {
              "long": {
                "generic": "Qyzylorda-tijd",
                "standard": "Qyzylorda-standaardtijd",
                "daylight": "Qyzylorda-zomertijd"
              }
            },
            "Reunion": {
              "long": {
                "standard": "Réunionse tijd"
              }
            },
            "Rothera": {
              "long": {
                "standard": "Rothera-tijd"
              }
            },
            "Sakhalin": {
              "long": {
                "generic": "Sachalin-tijd",
                "standard": "Sachalin-standaardtijd",
                "daylight": "Sachalin-zomertijd"
              }
            },
            "Samara": {
              "long": {
                "generic": "Samara-tijd",
                "standard": "Samara-standaardtijd",
                "daylight": "Samara-zomertijd"
              }
            },
            "Samoa": {
              "long": {
                "generic": "Samoaanse tijd",
                "standard": "Samoaanse standaardtijd",
                "daylight": "Samoaanse zomertijd"
              }
            },
            "Seychelles": {
              "long": {
                "standard": "Seychelse tijd"
              }
            },
            "Singapore": {
              "long": {
                "standard": "Singaporese standaardtijd"
              }
            },
            "Solomon": {
              "long": {
                "standard": "Salomonseilandse tijd"
              }
            },
            "South_Georgia": {
              "long": {
                "standard": "Zuid-Georgische tijd"
              }
            },
            "Suriname": {
              "long": {
                "standard": "Surinaamse tijd"
              }
            },
            "Syowa": {
              "long": {
                "standard": "Syowa-tijd"
              }
            },
            "Tahiti": {
              "long": {
                "standard": "Tahitiaanse tijd"
              }
            },
            "Taipei": {
              "long": {
                "generic": "Taipei-tijd",
                "standard": "Taipei-standaardtijd",
                "daylight": "Taipei-zomertijd"
              }
            },
            "Tajikistan": {
              "long": {
                "standard": "Tadzjiekse tijd"
              }
            },
            "Tokelau": {
              "long": {
                "standard": "Tokelau-eilandse tijd"
              }
            },
            "Tonga": {
              "long": {
                "generic": "Tongaanse tijd",
                "standard": "Tongaanse standaardtijd",
                "daylight": "Tongaanse zomertijd"
              }
            },
            "Truk": {
              "long": {
                "standard": "Chuukse tijd"
              }
            },
            "Turkey": {
              "long": {
                "generic": "Turkse tijd",
                "standard": "Turkse standaardtijd",
                "daylight": "Turkse zomertijd"
              }
            },
            "Turkmenistan": {
              "long": {
                "generic": "Turkmeense tijd",
                "standard": "Turkmeense standaardtijd",
                "daylight": "Turkmeense zomertijd"
              }
            },
            "Tuvalu": {
              "long": {
                "standard": "Tuvaluaanse tijd"
              }
            },
            "Uruguay": {
              "long": {
                "generic": "Uruguayaanse tijd",
                "standard": "Uruguayaanse standaardtijd",
                "daylight": "Uruguayaanse zomertijd"
              }
            },
            "Uzbekistan": {
              "long": {
                "generic": "Oezbeekse tijd",
                "standard": "Oezbeekse standaardtijd",
                "daylight": "Oezbeekse zomertijd"
              }
            },
            "Vanuatu": {
              "long": {
                "generic": "Vanuatuaanse tijd",
                "standard": "Vanuatuaanse standaardtijd",
                "daylight": "Vanuatuaanse zomertijd"
              }
            },
            "Venezuela": {
              "long": {
                "standard": "Venezolaanse tijd"
              }
            },
            "Vladivostok": {
              "long": {
                "generic": "Vladivostok-tijd",
                "standard": "Vladivostok-standaardtijd",
                "daylight": "Vladivostok-zomertijd"
              }
            },
            "Volgograd": {
              "long": {
                "generic": "Wolgograd-tijd",
                "standard": "Wolgograd-standaardtijd",
                "daylight": "Wolgograd-zomertijd"
              }
            },
            "Vostok": {
              "long": {
                "standard": "Vostok-tijd"
              }
            },
            "Wake": {
              "long": {
                "standard": "Wake-eilandse tijd"
              }
            },
            "Wallis": {
              "long": {
                "standard": "Wallis en Futunase tijd"
              }
            },
            "Yakutsk": {
              "long": {
                "generic": "Jakoetsk-tijd",
                "standard": "Jakoetsk-standaardtijd",
                "daylight": "Jakoetsk-zomertijd"
              }
            },
            "Yekaterinburg": {
              "long": {
                "generic": "Jekaterinenburg-tijd",
                "standard": "Jekaterinenburg-standaardtijd",
                "daylight": "Jekaterinenburg-zomertijd"
              }
            },
            "Yukon": {
              "long": {
                "standard": "Yukon-tijd"
              }
            }
          }
        }
      }
    }
  }
}
