{
  "main": {
    "ca-IT": {
      "identity": {
        "version": {
          "_cldrVersion": "44"
        },
        "language": "ca",
        "territory": "IT"
      },
      "dates": {
        "timeZoneNames": {
          "hourFormat": "+HH:mm;-HH:mm",
          "gmtFormat": "GMT{0}",
          "gmtZeroFormat": "GMT",
          "regionFormat": "Hora de: {0}",
          "regionFormat-type-daylight": "Hora d’estiu, {0}",
          "regionFormat-type-standard": "Hora estàndard, {0}",
          "fallbackFormat": "{1} ({0})",
          "zone": {
            "America": {
              "Araguaina": {
                "exemplarCity": "Araguaína"
              },
              "Argentina": {
                "Rio_Gallegos": {
                  "exemplarCity": "Río Gallegos"
                },
                "Tucuman": {
                  "exemplarCity": "Tucumán"
                }
              },
              "Asuncion": {
                "exemplarCity": "Asunción"
              },
              "Bahia_Banderas": {
                "exemplarCity": "Bahía de Banderas"
              },
              "Belem": {
                "exemplarCity": "Belém"
              },
              "Blanc-Sablon": {
                "exemplarCity": "Blanc Sablon"
              },
              "Bogota": {
                "exemplarCity": "Bogotà"
              },
              "Cancun": {
                "exemplarCity": "Cancun"
              },
              "Cayenne": {
                "exemplarCity": "Caiena"
              },
              "Cayman": {
                "exemplarCity": "Caiman"
              },
              "Ciudad_Juarez": {
                "exemplarCity": "Ciudad Juárez"
              },
              "Coral_Harbour": {
                "exemplarCity": "Atikokan"
              },
              "Cordoba": {
                "exemplarCity": "Córdoba"
              },
              "Cuiaba": {
                "exemplarCity": "Cuiabá"
              },
              "Curacao": {
                "exemplarCity": "Curaçao"
              },
              "Eirunepe": {
                "exemplarCity": "Eirunepé"
              },
              "Godthab": {
                "exemplarCity": "Nuuk"
              },
              "Indiana": {
                "Vincennes": {
                  "exemplarCity": "Vincennes, Indiana"
                },
                "Petersburg": {
                  "exemplarCity": "Petersburg, Indiana"
                },
                "Tell_City": {
                  "exemplarCity": "Tell City, Indiana"
                },
                "Knox": {
                  "exemplarCity": "Knox, Indiana"
                },
                "Winamac": {
                  "exemplarCity": "Winamac, Indiana"
                },
                "Marengo": {
                  "exemplarCity": "Marengo, Indiana"
                },
                "Vevay": {
                  "exemplarCity": "Vevay, Indiana"
                }
              },
              "Kentucky": {
                "Monticello": {
                  "exemplarCity": "Monticello, Kentucky"
                }
              },
              "Lower_Princes": {
                "exemplarCity": "Lower Prince’s Quarter"
              },
              "Maceio": {
                "exemplarCity": "Maceió"
              },
              "Martinique": {
                "exemplarCity": "Martinica"
              },
              "Mazatlan": {
                "exemplarCity": "Mazatlán"
              },
              "Merida": {
                "exemplarCity": "Mérida"
              },
              "Mexico_City": {
                "exemplarCity": "Ciutat de Mèxic"
              },
              "New_York": {
                "exemplarCity": "Nova York"
              },
              "North_Dakota": {
                "Beulah": {
                  "exemplarCity": "Beulah, Dakota del Nord"
                },
                "New_Salem": {
                  "exemplarCity": "New Salem, Dakota del Nord"
                },
                "Center": {
                  "exemplarCity": "Center, Dakota del Nord"
                }
              },
              "Panama": {
                "exemplarCity": "Panamà"
              },
              "Santa_Isabel": {
                "exemplarCity": "Santa Isabel"
              },
              "Santarem": {
                "exemplarCity": "Santarém"
              },
              "Sao_Paulo": {
                "exemplarCity": "São Paulo"
              },
              "Scoresbysund": {
                "exemplarCity": "Scoresbysund"
              },
              "St_Barthelemy": {
                "exemplarCity": "Saint Barthélemy"
              },
              "St_Johns": {
                "exemplarCity": "Saint John’s"
              },
              "St_Kitts": {
                "exemplarCity": "Saint Kitts"
              },
              "St_Lucia": {
                "exemplarCity": "Saint Lucia"
              },
              "St_Thomas": {
                "exemplarCity": "Saint Thomas"
              },
              "St_Vincent": {
                "exemplarCity": "Saint Vincent"
              }
            },
            "Atlantic": {
              "Azores": {
                "exemplarCity": "Açores"
              },
              "Bermuda": {
                "exemplarCity": "Bermudes"
              },
              "Canary": {
                "exemplarCity": "Illes Canàries"
              },
              "Cape_Verde": {
                "exemplarCity": "Cap Verd"
              },
              "Faeroe": {
                "exemplarCity": "Illes Fèroe"
              },
              "Reykjavik": {
                "exemplarCity": "Reykjavík"
              },
              "South_Georgia": {
                "exemplarCity": "Geòrgia del Sud"
              },
              "St_Helena": {
                "exemplarCity": "Saint Helena"
              }
            },
            "Europe": {
              "Astrakhan": {
                "exemplarCity": "Astracan"
              },
              "Athens": {
                "exemplarCity": "Atenes"
              },
              "Belgrade": {
                "exemplarCity": "Belgrad"
              },
              "Berlin": {
                "exemplarCity": "Berlín"
              },
              "Brussels": {
                "exemplarCity": "Brussel·les"
              },
              "Bucharest": {
                "exemplarCity": "Bucarest"
              },
              "Copenhagen": {
                "exemplarCity": "Copenhaguen"
              },
              "Dublin": {
                "long": {
                  "daylight": "Hora estàndard d’Irlanda"
                },
                "exemplarCity": "Dublín"
              },
              "Helsinki": {
                "exemplarCity": "Hèlsinki"
              },
              "Isle_of_Man": {
                "exemplarCity": "Man"
              },
              "Kiev": {
                "exemplarCity": "Kíiv"
              },
              "Kirov": {
                "exemplarCity": "Kírov"
              },
              "Lisbon": {
                "exemplarCity": "Lisboa"
              },
              "London": {
                "long": {
                  "daylight": "Hora d’estiu britànica"
                },
                "exemplarCity": "Londres"
              },
              "Luxembourg": {
                "exemplarCity": "Luxemburg"
              },
              "Monaco": {
                "exemplarCity": "Mònaco"
              },
              "Moscow": {
                "exemplarCity": "Moscou"
              },
              "Paris": {
                "exemplarCity": "París"
              },
              "Prague": {
                "exemplarCity": "Praga"
              },
              "Rome": {
                "exemplarCity": "Roma"
              },
              "Saratov": {
                "exemplarCity": "Saràtov"
              },
              "Simferopol": {
                "exemplarCity": "Simferòpol"
              },
              "Stockholm": {
                "exemplarCity": "Estocolm"
              },
              "Tirane": {
                "exemplarCity": "Tirana"
              },
              "Ulyanovsk": {
                "exemplarCity": "Uliànovsk"
              },
              "Uzhgorod": {
                "exemplarCity": "Újhorod"
              },
              "Vatican": {
                "exemplarCity": "Vaticà"
              },
              "Vienna": {
                "exemplarCity": "Viena"
              },
              "Vilnius": {
                "exemplarCity": "Vílnius"
              },
              "Warsaw": {
                "exemplarCity": "Varsòvia"
              },
              "Zaporozhye": {
                "exemplarCity": "Zaporíjia"
              },
              "Zurich": {
                "exemplarCity": "Zúric"
              }
            },
            "Africa": {
              "Addis_Ababa": {
                "exemplarCity": "Addis Abeba"
              },
              "Algiers": {
                "exemplarCity": "Alger"
              },
              "Asmera": {
                "exemplarCity": "Asmara"
              },
              "Cairo": {
                "exemplarCity": "Caire, el"
              },
              "El_Aaiun": {
                "exemplarCity": "al-Aaiun"
              },
              "Khartoum": {
                "exemplarCity": "Khartum"
              },
              "Mogadishu": {
                "exemplarCity": "Mogadiscio"
              },
              "Monrovia": {
                "exemplarCity": "Monròvia"
              },
              "Ndjamena": {
                "exemplarCity": "N’Djamena"
              },
              "Sao_Tome": {
                "exemplarCity": "São Tomé"
              },
              "Tripoli": {
                "exemplarCity": "Trípoli"
              }
            },
            "Asia": {
              "Anadyr": {
                "exemplarCity": "Anàdir"
              },
              "Aqtau": {
                "exemplarCity": "Aqtaý"
              },
              "Aqtobe": {
                "exemplarCity": "Aqtóbe"
              },
              "Ashgabat": {
                "exemplarCity": "Aşgabat"
              },
              "Atyrau": {
                "exemplarCity": "Atyraý"
              },
              "Baghdad": {
                "exemplarCity": "Bagdad"
              },
              "Baku": {
                "exemplarCity": "Bakú"
              },
              "Barnaul": {
                "exemplarCity": "Barnaül"
              },
              "Calcutta": {
                "exemplarCity": "Calcuta"
              },
              "Chita": {
                "exemplarCity": "Txità"
              },
              "Damascus": {
                "exemplarCity": "Damasc"
              },
              "Dushanbe": {
                "exemplarCity": "Duixanbé"
              },
              "Hovd": {
                "exemplarCity": "Khovd"
              },
              "Jayapura": {
                "exemplarCity": "Jaipur"
              },
              "Kamchatka": {
                "exemplarCity": "Kamtxatka"
              },
              "Katmandu": {
                "exemplarCity": "Katmandú"
              },
              "Krasnoyarsk": {
                "exemplarCity": "Krasnoiarsk"
              },
              "Macau": {
                "exemplarCity": "Macau"
              },
              "Muscat": {
                "exemplarCity": "Masqat"
              },
              "Nicosia": {
                "exemplarCity": "Nicòsia"
              },
              "Novosibirsk": {
                "exemplarCity": "Novossibirsk"
              },
              "Qostanay": {
                "exemplarCity": "Qostanai"
              },
              "Rangoon": {
                "exemplarCity": "Yangon"
              },
              "Riyadh": {
                "exemplarCity": "Riad"
              },
              "Saigon": {
                "exemplarCity": "Hồ Chí Minh"
              },
              "Sakhalin": {
                "exemplarCity": "Sakhalín"
              },
              "Samarkand": {
                "exemplarCity": "Samarcanda"
              },
              "Seoul": {
                "exemplarCity": "Seül"
              },
              "Singapore": {
                "exemplarCity": "Singapur"
              },
              "Srednekolymsk": {
                "exemplarCity": "Srednekolimsk"
              },
              "Tashkent": {
                "exemplarCity": "Taixkent"
              },
              "Tehran": {
                "exemplarCity": "Teheran"
              },
              "Tokyo": {
                "exemplarCity": "Tòquio"
              },
              "Urumqi": {
                "exemplarCity": "Ürümchi"
              },
              "Ust-Nera": {
                "exemplarCity": "Ust’-Nera"
              },
              "Yakutsk": {
                "exemplarCity": "Iakutsk"
              },
              "Yekaterinburg": {
                "exemplarCity": "Iekaterinburg"
              }
            },
            "Indian": {
              "Mauritius": {
                "exemplarCity": "Maurici"
              },
              "Reunion": {
                "exemplarCity": "Reunió"
              }
            },
            "Australia": {
              "Currie": {
                "exemplarCity": "Currie"
              }
            },
            "Pacific": {
              "Easter": {
                "exemplarCity": "Illa de Pasqua"
              },
              "Enderbury": {
                "exemplarCity": "Enderbury"
              },
              "Galapagos": {
                "exemplarCity": "Galápagos"
              },
              "Honolulu": {
                "exemplarCity": "Honolulu"
              },
              "Kanton": {
                "exemplarCity": "Canton"
              },
              "Marquesas": {
                "exemplarCity": "Marqueses"
              },
              "Noumea": {
                "exemplarCity": "Nouméa"
              },
              "Ponape": {
                "exemplarCity": "Pohnpei"
              },
              "Tahiti": {
                "exemplarCity": "Tahití"
              },
              "Truk": {
                "exemplarCity": "Chuuk"
              }
            },
            "Antarctica": {
              "DumontDUrville": {
                "exemplarCity": "Dumont d’Urville"
              }
            },
            "Etc": {
              "UTC": {
                "long": {
                  "standard": "Temps universal coordinat"
                },
                "short": {
                  "standard": "UTC"
                }
              },
              "Unknown": {
                "exemplarCity": "Ciutat desconeguda"
              }
            }
          },
          "metazone": {
            "Afghanistan": {
              "long": {
                "standard": "Hora de l’Afganistan"
              }
            },
            "Africa_Central": {
              "long": {
                "standard": "Hora de l’Àfrica Central"
              }
            },
            "Africa_Eastern": {
              "long": {
                "standard": "Hora de l’Àfrica Oriental"
              }
            },
            "Africa_Southern": {
              "long": {
                "standard": "Hora estàndard del sud de l’Àfrica"
              }
            },
            "Africa_Western": {
              "long": {
                "generic": "Hora de l’Àfrica Occidental",
                "standard": "Hora estàndard de l’Àfrica Occidental",
                "daylight": "Hora d’estiu de l’Àfrica Occidental"
              }
            },
            "Alaska": {
              "long": {
                "generic": "Hora d’Alaska",
                "standard": "Hora estàndard d’Alaska",
                "daylight": "Hora d’estiu d’Alaska"
              }
            },
            "Amazon": {
              "long": {
                "generic": "Hora de l’Amazones",
                "standard": "Hora estàndard de l’Amazones",
                "daylight": "Hora d’estiu de l’Amazones"
              }
            },
            "America_Central": {
              "long": {
                "generic": "Hora central d’Amèrica del Nord",
                "standard": "Hora estàndard central d’Amèrica del Nord",
                "daylight": "Hora d’estiu central d’Amèrica del Nord"
              }
            },
            "America_Eastern": {
              "long": {
                "generic": "Hora oriental d’Amèrica del Nord",
                "standard": "Hora estàndard oriental d’Amèrica del Nord",
                "daylight": "Hora d’estiu oriental d’Amèrica del Nord"
              }
            },
            "America_Mountain": {
              "long": {
                "generic": "Hora de muntanya d’Amèrica del Nord",
                "standard": "Hora estàndard de muntanya d’Amèrica del Nord",
                "daylight": "Hora d’estiu de muntanya d’Amèrica del Nord"
              }
            },
            "America_Pacific": {
              "long": {
                "generic": "Hora del Pacífic d’Amèrica del Nord",
                "standard": "Hora estàndard del Pacífic d’Amèrica del Nord",
                "daylight": "Hora d’estiu del Pacífic d’Amèrica del Nord"
              }
            },
            "Anadyr": {
              "long": {
                "generic": "Hora d’Anadyr",
                "standard": "Hora estàndard d’Anadyr",
                "daylight": "Horari d’estiu d’Anadyr"
              }
            },
            "Apia": {
              "long": {
                "generic": "Hora d’Apia",
                "standard": "Hora estàndard d’Apia",
                "daylight": "Hora d’estiu d’Apia"
              }
            },
            "Arabian": {
              "long": {
                "generic": "Hora àrab",
                "standard": "Hora estàndard àrab",
                "daylight": "Hora d’estiu àrab"
              }
            },
            "Argentina": {
              "long": {
                "generic": "Hora de l’Argentina",
                "standard": "Hora estàndard de l’Argentina",
                "daylight": "Hora d’estiu de l’Argentina"
              }
            },
            "Argentina_Western": {
              "long": {
                "generic": "Hora de l’oest de l’Argentina",
                "standard": "Hora estàndard de l’oest de l’Argentina",
                "daylight": "Hora d’estiu de l’oest de l’Argentina"
              }
            },
            "Armenia": {
              "long": {
                "generic": "Hora d’Armènia",
                "standard": "Hora estàndard d’Armènia",
                "daylight": "Hora d’estiu d’Armènia"
              }
            },
            "Atlantic": {
              "long": {
                "generic": "Hora de l’Atlàntic",
                "standard": "Hora estàndard de l’Atlàntic",
                "daylight": "Hora d’estiu de l’Atlàntic"
              }
            },
            "Australia_Central": {
              "long": {
                "generic": "Hora d’Austràlia Central",
                "standard": "Hora estàndard d’Austràlia Central",
                "daylight": "Hora d’estiu d’Austràlia Central"
              }
            },
            "Australia_CentralWestern": {
              "long": {
                "generic": "Hora d’Austràlia centre-occidental",
                "standard": "Hora estàndard d’Austràlia centre-occidental",
                "daylight": "Hora d’estiu d’Austràlia centre-occidental"
              }
            },
            "Australia_Eastern": {
              "long": {
                "generic": "Hora d’Austràlia Oriental",
                "standard": "Hora estàndard d’Austràlia Oriental",
                "daylight": "Hora d’estiu d’Austràlia Oriental"
              }
            },
            "Australia_Western": {
              "long": {
                "generic": "Hora d’Austràlia Occidental",
                "standard": "Hora estàndard d’Austràlia Occidental",
                "daylight": "Hora d’estiu d’Austràlia Occidental"
              }
            },
            "Azerbaijan": {
              "long": {
                "generic": "Hora de l’Azerbaidjan",
                "standard": "Hora estàndard de l’Azerbaidjan",
                "daylight": "Hora d’estiu de l’Azerbaidjan"
              }
            },
            "Azores": {
              "long": {
                "generic": "Hora de les Açores",
                "standard": "Hora estàndard de les Açores",
                "daylight": "Hora d’estiu de les Açores"
              }
            },
            "Bangladesh": {
              "long": {
                "generic": "Hora de Bangladesh",
                "standard": "Hora estàndard de Bangladesh",
                "daylight": "Hora d’estiu de Bangladesh"
              }
            },
            "Bhutan": {
              "long": {
                "standard": "Hora de Bhutan"
              }
            },
            "Bolivia": {
              "long": {
                "standard": "Hora de Bolívia"
              }
            },
            "Brasilia": {
              "long": {
                "generic": "Hora de Brasília",
                "standard": "Hora estàndard de Brasília",
                "daylight": "Hora d’estiu de Brasília"
              }
            },
            "Brunei": {
              "long": {
                "standard": "Hora de Brunei Darussalam"
              }
            },
            "Cape_Verde": {
              "long": {
                "generic": "Hora de Cap Verd",
                "standard": "Hora estàndard de Cap Verd",
                "daylight": "Hora d’estiu de Cap Verd"
              }
            },
            "Chamorro": {
              "long": {
                "standard": "Hora estàndard de Chamorro"
              }
            },
            "Chatham": {
              "long": {
                "generic": "Hora de Chatham",
                "standard": "Hora estàndard de Chatham",
                "daylight": "Hora d’estiu de Chatham"
              }
            },
            "Chile": {
              "long": {
                "generic": "Hora de Xile",
                "standard": "Hora estàndard de Xile",
                "daylight": "Hora d’estiu de Xile"
              }
            },
            "China": {
              "long": {
                "generic": "Hora de la Xina",
                "standard": "Hora estàndard de la Xina",
                "daylight": "Hora d’estiu de la Xina"
              }
            },
            "Choibalsan": {
              "long": {
                "generic": "Hora de Choibalsan",
                "standard": "Hora estàndard de Choibalsan",
                "daylight": "Hora d’estiu de Choibalsan"
              }
            },
            "Christmas": {
              "long": {
                "standard": "Hora de Kiritimati"
              }
            },
            "Cocos": {
              "long": {
                "standard": "Hora de les illes Cocos"
              }
            },
            "Colombia": {
              "long": {
                "generic": "Hora de Colòmbia",
                "standard": "Hora estàndard de Colòmbia",
                "daylight": "Hora d’estiu de Colòmbia"
              }
            },
            "Cook": {
              "long": {
                "generic": "Hora de les illes Cook",
                "standard": "Hora estàndard de les illes Cook",
                "daylight": "Hora de mig estiu de les illes Cook"
              }
            },
            "Cuba": {
              "long": {
                "generic": "Hora de Cuba",
                "standard": "Hora estàndard de Cuba",
                "daylight": "Hora d’estiu de Cuba"
              }
            },
            "Davis": {
              "long": {
                "standard": "Hora de Davis"
              }
            },
            "DumontDUrville": {
              "long": {
                "standard": "Hora de Dumont d’Urville"
              }
            },
            "East_Timor": {
              "long": {
                "standard": "Hora de Timor Oriental"
              }
            },
            "Easter": {
              "long": {
                "generic": "Hora de l’illa de Pasqua",
                "standard": "Hora estàndard de l’illa de Pasqua",
                "daylight": "Hora d’estiu de l’illa de Pasqua"
              }
            },
            "Ecuador": {
              "long": {
                "standard": "Hora de l’Equador"
              }
            },
            "Europe_Central": {
              "long": {
                "generic": "Hora del Centre d’Europa",
                "standard": "Hora estàndard del Centre d’Europa",
                "daylight": "Hora d’estiu del Centre d’Europa"
              },
              "short": {
                "generic": "CET",
                "standard": "CET",
                "daylight": "CEST"
              }
            },
            "Europe_Eastern": {
              "long": {
                "generic": "Hora de l’Est d’Europa",
                "standard": "Hora estàndard de l’Est d’Europa",
                "daylight": "Hora d’estiu de l’Est d’Europa"
              },
              "short": {
                "generic": "EET",
                "standard": "EET",
                "daylight": "EEST"
              }
            },
            "Europe_Further_Eastern": {
              "long": {
                "standard": "Hora de l’Extrem Orient Europeu"
              }
            },
            "Europe_Western": {
              "long": {
                "generic": "Hora de l’Oest d’Europa",
                "standard": "Hora estàndard de l’Oest d’Europa",
                "daylight": "Hora d’estiu de l’Oest d’Europa"
              },
              "short": {
                "generic": "WET",
                "standard": "WET",
                "daylight": "WEST"
              }
            },
            "Falkland": {
              "long": {
                "generic": "Hora de les illes Malvines",
                "standard": "Hora estàndard de les illes Malvines",
                "daylight": "Hora d’estiu de les illes Malvines"
              }
            },
            "Fiji": {
              "long": {
                "generic": "Hora de Fiji",
                "standard": "Hora estàndard de Fiji",
                "daylight": "Hora d’estiu de Fiji"
              }
            },
            "French_Guiana": {
              "long": {
                "standard": "Hora de la Guaiana Francesa"
              }
            },
            "French_Southern": {
              "long": {
                "standard": "Hora d’Antàrtida i França del Sud"
              }
            },
            "Galapagos": {
              "long": {
                "standard": "Hora de Galápagos"
              }
            },
            "Gambier": {
              "long": {
                "standard": "Hora de Gambier"
              }
            },
            "Georgia": {
              "long": {
                "generic": "Hora de Geòrgia",
                "standard": "Hora estàndard de Geòrgia",
                "daylight": "Hora d’estiu de Geòrgia"
              }
            },
            "Gilbert_Islands": {
              "long": {
                "standard": "Hora de les illes Gilbert"
              }
            },
            "GMT": {
              "long": {
                "standard": "Hora del Meridià de Greenwich"
              },
              "short": {
                "standard": "GMT"
              }
            },
            "Greenland_Eastern": {
              "long": {
                "generic": "Hora de l’Est de Groenlàndia",
                "standard": "Hora estàndard de l’Est de Groenlàndia",
                "daylight": "Hora d’estiu de l’Est de Groenlàndia"
              }
            },
            "Greenland_Western": {
              "long": {
                "generic": "Hora de l’Oest de Groenlàndia",
                "standard": "Hora estàndard de l’Oest de Groenlàndia",
                "daylight": "Hora d’estiu de l’Oest de Groenlàndia"
              }
            },
            "Gulf": {
              "long": {
                "standard": "Hora estàndard del Golf"
              }
            },
            "Guyana": {
              "long": {
                "standard": "Hora de Guyana"
              }
            },
            "Hawaii_Aleutian": {
              "long": {
                "generic": "Hora de Hawaii-Aleutianes",
                "standard": "Hora estàndard de Hawaii-Aleutianes",
                "daylight": "Hora d’estiu de Hawaii-Aleutianes"
              }
            },
            "Hong_Kong": {
              "long": {
                "generic": "Hora de Hong Kong",
                "standard": "Hora estàndard de Hong Kong",
                "daylight": "Hora d’estiu de Hong Kong"
              }
            },
            "Hovd": {
              "long": {
                "generic": "Hora de Khovd",
                "standard": "Hora estàndard de Khovd",
                "daylight": "Hora d’estiu de Khovd"
              }
            },
            "India": {
              "long": {
                "standard": "Hora de l’Índia"
              }
            },
            "Indian_Ocean": {
              "long": {
                "standard": "Hora de l’oceà Índic"
              }
            },
            "Indochina": {
              "long": {
                "standard": "Hora de l’Indoxina"
              }
            },
            "Indonesia_Central": {
              "long": {
                "standard": "Hora central d’Indonèsia"
              }
            },
            "Indonesia_Eastern": {
              "long": {
                "standard": "Hora de l’est d’Indonèsia"
              }
            },
            "Indonesia_Western": {
              "long": {
                "standard": "Hora de l’oest d’Indonèsia"
              }
            },
            "Iran": {
              "long": {
                "generic": "Hora de l’Iran",
                "standard": "Hora estàndard de l’Iran",
                "daylight": "Hora d’estiu de l’Iran"
              }
            },
            "Irkutsk": {
              "long": {
                "generic": "Hora d’Irkutsk",
                "standard": "Hora estàndard d’Irkutsk",
                "daylight": "Hora d’estiu d’Irkutsk"
              }
            },
            "Israel": {
              "long": {
                "generic": "Hora d’Israel",
                "standard": "Hora estàndard d’Israel",
                "daylight": "Hora d’estiu d’Israel"
              }
            },
            "Japan": {
              "long": {
                "generic": "Hora del Japó",
                "standard": "Hora estàndard del Japó",
                "daylight": "Hora d’estiu del Japó"
              }
            },
            "Kamchatka": {
              "long": {
                "generic": "Hora de Kamtxatka",
                "standard": "Hora estàndard de Petropavlovsk de Kamtxatka",
                "daylight": "Horari d’estiu de Petropavlovsk de Kamtxatka"
              }
            },
            "Kazakhstan_Eastern": {
              "long": {
                "standard": "Hora de l’est del Kazakhstan"
              }
            },
            "Kazakhstan_Western": {
              "long": {
                "standard": "Hora de l’oest del Kazakhstan"
              }
            },
            "Korea": {
              "long": {
                "generic": "Hora de Corea",
                "standard": "Hora estàndard de Corea",
                "daylight": "Hora d’estiu de Corea"
              }
            },
            "Kosrae": {
              "long": {
                "standard": "Hora de Kosrae"
              }
            },
            "Krasnoyarsk": {
              "long": {
                "generic": "Hora de Krasnoiarsk",
                "standard": "Hora estàndard de Krasnoiarsk",
                "daylight": "Hora d’estiu de Krasnoiarsk"
              }
            },
            "Kyrgystan": {
              "long": {
                "standard": "Hora del Kirguizstan"
              }
            },
            "Line_Islands": {
              "long": {
                "standard": "Hora de les illes Line"
              }
            },
            "Lord_Howe": {
              "long": {
                "generic": "Hora de Lord Howe",
                "standard": "Hora estàndard de Lord Howe",
                "daylight": "Horari d’estiu de Lord Howe"
              }
            },
            "Macau": {
              "long": {
                "generic": "Hora de Macau",
                "standard": "Hora estàndard de Macau",
                "daylight": "Hora d’estiu de Macau"
              }
            },
            "Macquarie": {
              "long": {
                "standard": "Hora de Macquarie"
              }
            },
            "Magadan": {
              "long": {
                "generic": "Hora de Magadan",
                "standard": "Hora estàndard de Magadan",
                "daylight": "Hora d’estiu de Magadan"
              }
            },
            "Malaysia": {
              "long": {
                "standard": "Hora de Malàisia"
              }
            },
            "Maldives": {
              "long": {
                "standard": "Hora de les Maldives"
              }
            },
            "Marquesas": {
              "long": {
                "standard": "Hora de les Marqueses"
              }
            },
            "Marshall_Islands": {
              "long": {
                "standard": "Hora de les illes Marshall"
              }
            },
            "Mauritius": {
              "long": {
                "generic": "Hora de Maurici",
                "standard": "Hora estàndard de Maurici",
                "daylight": "Hora d’estiu de Maurici"
              }
            },
            "Mawson": {
              "long": {
                "standard": "Hora de Mawson"
              }
            },
            "Mexico_Northwest": {
              "long": {
                "generic": "Hora del nord-oest de Mèxic",
                "standard": "Hora estàndard del nord-oest de Mèxic",
                "daylight": "Hora d’estiu del nord-oest de Mèxic"
              }
            },
            "Mexico_Pacific": {
              "long": {
                "generic": "Hora del Pacífic de Mèxic",
                "standard": "Hora estàndard del Pacífic de Mèxic",
                "daylight": "Hora d’estiu del Pacífic de Mèxic"
              }
            },
            "Mongolia": {
              "long": {
                "generic": "Hora d’Ulaanbaatar",
                "standard": "Hora estàndard d’Ulaanbaatar",
                "daylight": "Hora d’estiu d’Ulaanbaatar"
              }
            },
            "Moscow": {
              "long": {
                "generic": "Hora de Moscou",
                "standard": "Hora estàndard de Moscou",
                "daylight": "Hora d’estiu de Moscou"
              }
            },
            "Myanmar": {
              "long": {
                "standard": "Hora de Myanmar"
              }
            },
            "Nauru": {
              "long": {
                "standard": "Hora de Nauru"
              }
            },
            "Nepal": {
              "long": {
                "standard": "Hora del Nepal"
              }
            },
            "New_Caledonia": {
              "long": {
                "generic": "Hora de Nova Caledònia",
                "standard": "Hora estàndard de Nova Caledònia",
                "daylight": "Hora d’estiu de Nova Caledònia"
              }
            },
            "New_Zealand": {
              "long": {
                "generic": "Hora de Nova Zelanda",
                "standard": "Hora estàndard de Nova Zelanda",
                "daylight": "Hora d’estiu de Nova Zelanda"
              }
            },
            "Newfoundland": {
              "long": {
                "generic": "Hora de Terranova",
                "standard": "Hora estàndard de Terranova",
                "daylight": "Hora d’estiu de Terranova"
              }
            },
            "Niue": {
              "long": {
                "standard": "Hora de Niue"
              }
            },
            "Norfolk": {
              "long": {
                "generic": "Hora de l’illa Norfolk",
                "standard": "Hora estàndard de l’illa Norfolk",
                "daylight": "Hora d’estiu de l’illa Norfolk"
              }
            },
            "Noronha": {
              "long": {
                "generic": "Hora de Fernando de Noronha",
                "standard": "Hora estàndard de Fernando de Noronha",
                "daylight": "Hora d’estiu de Fernando de Noronha"
              }
            },
            "Novosibirsk": {
              "long": {
                "generic": "Hora de Novossibirsk",
                "standard": "Hora estàndard de Novossibirsk",
                "daylight": "Hora d’estiu de Novossibirsk"
              }
            },
            "Omsk": {
              "long": {
                "generic": "Hora d’Omsk",
                "standard": "Hora estàndard d’Omsk",
                "daylight": "Hora d’estiu d’Omsk"
              }
            },
            "Pakistan": {
              "long": {
                "generic": "Hora del Pakistan",
                "standard": "Hora estàndard del Pakistan",
                "daylight": "Hora d’estiu del Pakistan"
              }
            },
            "Palau": {
              "long": {
                "standard": "Hora de Palau"
              }
            },
            "Papua_New_Guinea": {
              "long": {
                "standard": "Hora de Papua Nova Guinea"
              }
            },
            "Paraguay": {
              "long": {
                "generic": "Hora del Paraguai",
                "standard": "Hora estàndard del Paraguai",
                "daylight": "Hora d’estiu del Paraguai"
              }
            },
            "Peru": {
              "long": {
                "generic": "Hora del Perú",
                "standard": "Hora estàndard del Perú",
                "daylight": "Hora d’estiu del Perú"
              }
            },
            "Philippines": {
              "long": {
                "generic": "Hora de les Filipines",
                "standard": "Hora estàndard de les Filipines",
                "daylight": "Hora d’estiu de les Filipines"
              }
            },
            "Phoenix_Islands": {
              "long": {
                "standard": "Hora de les illes Phoenix"
              }
            },
            "Pierre_Miquelon": {
              "long": {
                "generic": "Hora de Saint-Pierre-et-Miquelon",
                "standard": "Hora estàndard de Saint-Pierre-et-Miquelon",
                "daylight": "Hora d’estiu de Saint-Pierre-et-Miquelon"
              }
            },
            "Pitcairn": {
              "long": {
                "standard": "Hora de Pitcairn"
              }
            },
            "Ponape": {
              "long": {
                "standard": "Hora de Ponape"
              }
            },
            "Pyongyang": {
              "long": {
                "standard": "Hora de Pyongyang"
              }
            },
            "Reunion": {
              "long": {
                "standard": "Hora de Reunió"
              }
            },
            "Rothera": {
              "long": {
                "standard": "Hora de Rothera"
              }
            },
            "Sakhalin": {
              "long": {
                "generic": "Hora de Sakhalín",
                "standard": "Hora estàndard de Sakhalín",
                "daylight": "Hora d’estiu de Sakhalín"
              }
            },
            "Samara": {
              "long": {
                "generic": "Hora de Samara",
                "standard": "Hora estàndard de Samara",
                "daylight": "Hora d’estiu de Samara"
              }
            },
            "Samoa": {
              "long": {
                "generic": "Hora de Samoa",
                "standard": "Hora estàndard de Samoa",
                "daylight": "Hora d’estiu de Samoa"
              }
            },
            "Seychelles": {
              "long": {
                "standard": "Hora de les Seychelles"
              }
            },
            "Singapore": {
              "long": {
                "standard": "Hora de Singapur"
              }
            },
            "Solomon": {
              "long": {
                "standard": "Hora de les illes Salomó"
              }
            },
            "South_Georgia": {
              "long": {
                "standard": "Hora de Geòrgia del Sud"
              }
            },
            "Suriname": {
              "long": {
                "standard": "Hora de Surinam"
              }
            },
            "Syowa": {
              "long": {
                "standard": "Hora de Syowa"
              }
            },
            "Tahiti": {
              "long": {
                "standard": "Hora de Tahití"
              }
            },
            "Taipei": {
              "long": {
                "generic": "Hora de Taipei",
                "standard": "Hora estàndard de Taipei",
                "daylight": "Hora d’estiu de Taipei"
              }
            },
            "Tajikistan": {
              "long": {
                "standard": "Hora del Tadjikistan"
              }
            },
            "Tokelau": {
              "long": {
                "standard": "Hora de Tokelau"
              }
            },
            "Tonga": {
              "long": {
                "generic": "Hora de Tonga",
                "standard": "Hora estàndard de Tonga",
                "daylight": "Hora d’estiu de Tonga"
              }
            },
            "Truk": {
              "long": {
                "standard": "Hora de Chuuk"
              }
            },
            "Turkmenistan": {
              "long": {
                "generic": "Hora del Turkmenistan",
                "standard": "Hora estàndard del Turkmenistan",
                "daylight": "Hora d’estiu del Turkmenistan"
              }
            },
            "Tuvalu": {
              "long": {
                "standard": "Hora de Tuvalu"
              }
            },
            "Uruguay": {
              "long": {
                "generic": "Hora de l’Uruguai",
                "standard": "Hora estàndard de l’Uruguai",
                "daylight": "Hora d’estiu de l’Uruguai"
              }
            },
            "Uzbekistan": {
              "long": {
                "generic": "Hora de l’Uzbekistan",
                "standard": "Hora estàndard de l’Uzbekistan",
                "daylight": "Hora d’estiu de l’Uzbekistan"
              }
            },
            "Vanuatu": {
              "long": {
                "generic": "Hora de Vanatu",
                "standard": "Hora estàndard de Vanatu",
                "daylight": "Hora d’estiu de Vanatu"
              }
            },
            "Venezuela": {
              "long": {
                "standard": "Hora de Veneçuela"
              }
            },
            "Vladivostok": {
              "long": {
                "generic": "Hora de Vladivostok",
                "standard": "Hora estàndard de Vladivostok",
                "daylight": "Hora d’estiu de Vladivostok"
              }
            },
            "Volgograd": {
              "long": {
                "generic": "Hora de Volgograd",
                "standard": "Hora estàndard de Volgograd",
                "daylight": "Hora d’estiu de Volgograd"
              }
            },
            "Vostok": {
              "long": {
                "standard": "Hora de Vostok"
              }
            },
            "Wake": {
              "long": {
                "standard": "Hora de les illes Wake"
              }
            },
            "Wallis": {
              "long": {
                "standard": "Hora de Wallis i Futuna"
              }
            },
            "Yakutsk": {
              "long": {
                "generic": "Hora de Iakutsk",
                "standard": "Hora estàndard de Iakutsk",
                "daylight": "Hora d’estiu de Iakutsk"
              }
            },
            "Yekaterinburg": {
              "long": {
                "generic": "Hora de Iekaterinburg",
                "standard": "Hora estàndard de Iekaterinburg",
                "daylight": "Hora d’estiu de Iekaterinburg"
              }
            },
            "Yukon": {
              "long": {
                "standard": "Hora de Yukon"
              }
            }
          }
        }
      }
    }
  }
}
