{
  "main": {
    "eu": {
      "identity": {
        "version": {
          "_cldrVersion": "42"
        },
        "language": "eu"
      },
      "dates": {
        "timeZoneNames": {
          "hourFormat": "+HH:mm;-HH:mm",
          "gmtFormat": "GMT{0}",
          "gmtZeroFormat": "GMT",
          "regionFormat": "{0} aldeko ordua",
          "regionFormat-type-daylight": "{0} (udako ordua)",
          "regionFormat-type-standard": "{0} aldeko ordu estandarra",
          "fallbackFormat": "{1} ({0})",
          "zone": {
            "America": {
              "Adak": {
                "exemplarCity": "Adak"
              },
              "Anchorage": {
                "exemplarCity": "Anchorage"
              },
              "Anguilla": {
                "exemplarCity": "Aingira"
              },
              "Antigua": {
                "exemplarCity": "Antigua"
              },
              "Araguaina": {
                "exemplarCity": "Araguaína"
              },
              "Argentina": {
                "Rio_Gallegos": {
                  "exemplarCity": "Rio Gallegos"
                },
                "San_Juan": {
                  "exemplarCity": "San Juan"
                },
                "Ushuaia": {
                  "exemplarCity": "Ushuaia"
                },
                "La_Rioja": {
                  "exemplarCity": "La Rioja"
                },
                "San_Luis": {
                  "exemplarCity": "San Luis"
                },
                "Salta": {
                  "exemplarCity": "Salta"
                },
                "Tucuman": {
                  "exemplarCity": "Tucumán"
                }
              },
              "Aruba": {
                "exemplarCity": "Aruba"
              },
              "Asuncion": {
                "exemplarCity": "Asuncion"
              },
              "Bahia": {
                "exemplarCity": "Bahia"
              },
              "Bahia_Banderas": {
                "exemplarCity": "Bahía de Banderas"
              },
              "Barbados": {
                "exemplarCity": "Barbados"
              },
              "Belem": {
                "exemplarCity": "Belem"
              },
              "Belize": {
                "exemplarCity": "Belize"
              },
              "Blanc-Sablon": {
                "exemplarCity": "Blanc-Sablon"
              },
              "Boa_Vista": {
                "exemplarCity": "Boa Vista"
              },
              "Bogota": {
                "exemplarCity": "Bogota"
              },
              "Boise": {
                "exemplarCity": "Boise"
              },
              "Buenos_Aires": {
                "exemplarCity": "Buenos Aires"
              },
              "Cambridge_Bay": {
                "exemplarCity": "Cambridge Bay"
              },
              "Campo_Grande": {
                "exemplarCity": "Campo Grande"
              },
              "Cancun": {
                "exemplarCity": "Cancún"
              },
              "Caracas": {
                "exemplarCity": "Caracas"
              },
              "Catamarca": {
                "exemplarCity": "Catamarca"
              },
              "Cayenne": {
                "exemplarCity": "Cayenne"
              },
              "Cayman": {
                "exemplarCity": "Kaiman"
              },
              "Chicago": {
                "exemplarCity": "Chicago"
              },
              "Chihuahua": {
                "exemplarCity": "Chihuahua"
              },
              "Coral_Harbour": {
                "exemplarCity": "Atikokan"
              },
              "Cordoba": {
                "exemplarCity": "Córdoba"
              },
              "Costa_Rica": {
                "exemplarCity": "Costa Rica"
              },
              "Creston": {
                "exemplarCity": "Creston"
              },
              "Cuiaba": {
                "exemplarCity": "Cuiabá"
              },
              "Curacao": {
                "exemplarCity": "Curaçao"
              },
              "Danmarkshavn": {
                "exemplarCity": "Danmarkshavn"
              },
              "Dawson": {
                "exemplarCity": "Dawson"
              },
              "Dawson_Creek": {
                "exemplarCity": "Dawson Creek"
              },
              "Denver": {
                "exemplarCity": "Denver"
              },
              "Detroit": {
                "exemplarCity": "Detroit"
              },
              "Dominica": {
                "exemplarCity": "Dominika"
              },
              "Edmonton": {
                "exemplarCity": "Edmonton"
              },
              "Eirunepe": {
                "exemplarCity": "Eirunepé"
              },
              "El_Salvador": {
                "exemplarCity": "El Salvador"
              },
              "Fort_Nelson": {
                "exemplarCity": "Fort Nelson"
              },
              "Fortaleza": {
                "exemplarCity": "Fortaleza"
              },
              "Glace_Bay": {
                "exemplarCity": "Glace Bay"
              },
              "Godthab": {
                "exemplarCity": "Nuuk"
              },
              "Goose_Bay": {
                "exemplarCity": "Goose Bay"
              },
              "Grand_Turk": {
                "exemplarCity": "Grand Turk"
              },
              "Grenada": {
                "exemplarCity": "Grenada"
              },
              "Guadeloupe": {
                "exemplarCity": "Guadalupe"
              },
              "Guatemala": {
                "exemplarCity": "Guatemala"
              },
              "Guayaquil": {
                "exemplarCity": "Guayaquil"
              },
              "Guyana": {
                "exemplarCity": "Guyana"
              },
              "Halifax": {
                "exemplarCity": "Halifax"
              },
              "Havana": {
                "exemplarCity": "Habana"
              },
              "Hermosillo": {
                "exemplarCity": "Hermosillo"
              },
              "Indiana": {
                "Vincennes": {
                  "exemplarCity": "Vincennes, Indiana"
                },
                "Petersburg": {
                  "exemplarCity": "Petersburg, Indiana"
                },
                "Tell_City": {
                  "exemplarCity": "Tell City, Indiana"
                },
                "Knox": {
                  "exemplarCity": "Knox, Indiana"
                },
                "Winamac": {
                  "exemplarCity": "Winamac, Indiana"
                },
                "Marengo": {
                  "exemplarCity": "Marengo, Indiana"
                },
                "Vevay": {
                  "exemplarCity": "Vevay, Indiana"
                }
              },
              "Indianapolis": {
                "exemplarCity": "Indianapolis"
              },
              "Inuvik": {
                "exemplarCity": "Inuvik"
              },
              "Iqaluit": {
                "exemplarCity": "Iqaluit"
              },
              "Jamaica": {
                "exemplarCity": "Jamaika"
              },
              "Jujuy": {
                "exemplarCity": "Jujuy"
              },
              "Juneau": {
                "exemplarCity": "Juneau"
              },
              "Kentucky": {
                "Monticello": {
                  "exemplarCity": "Monticello, Kentucky"
                }
              },
              "Kralendijk": {
                "exemplarCity": "Kralendijk"
              },
              "La_Paz": {
                "exemplarCity": "La Paz"
              },
              "Lima": {
                "exemplarCity": "Lima"
              },
              "Los_Angeles": {
                "exemplarCity": "Los Angeles"
              },
              "Louisville": {
                "exemplarCity": "Louisville"
              },
              "Lower_Princes": {
                "exemplarCity": "Lower Prince’s Quarter"
              },
              "Maceio": {
                "exemplarCity": "Maceió"
              },
              "Managua": {
                "exemplarCity": "Managua"
              },
              "Manaus": {
                "exemplarCity": "Manaus"
              },
              "Marigot": {
                "exemplarCity": "Marigot"
              },
              "Martinique": {
                "exemplarCity": "Martinika"
              },
              "Matamoros": {
                "exemplarCity": "Matamoros"
              },
              "Mazatlan": {
                "exemplarCity": "Mazatlán"
              },
              "Mendoza": {
                "exemplarCity": "Mendoza"
              },
              "Menominee": {
                "exemplarCity": "Menominee"
              },
              "Merida": {
                "exemplarCity": "Mérida"
              },
              "Metlakatla": {
                "exemplarCity": "Metlakatla"
              },
              "Mexico_City": {
                "exemplarCity": "Mexiko Hiria"
              },
              "Miquelon": {
                "exemplarCity": "Mikelune"
              },
              "Moncton": {
                "exemplarCity": "Moncton"
              },
              "Monterrey": {
                "exemplarCity": "Monterrey"
              },
              "Montevideo": {
                "exemplarCity": "Montevideo"
              },
              "Montserrat": {
                "exemplarCity": "Montserrat"
              },
              "Nassau": {
                "exemplarCity": "Nassau"
              },
              "New_York": {
                "exemplarCity": "New York"
              },
              "Nipigon": {
                "exemplarCity": "Nipigon"
              },
              "Nome": {
                "exemplarCity": "Nome"
              },
              "Noronha": {
                "exemplarCity": "Noronha"
              },
              "North_Dakota": {
                "Beulah": {
                  "exemplarCity": "Beulah, Ipar Dakota"
                },
                "New_Salem": {
                  "exemplarCity": "New Salem, Ipar Dakota"
                },
                "Center": {
                  "exemplarCity": "Center, Ipar Dakota"
                }
              },
              "Ojinaga": {
                "exemplarCity": "Ojinaga"
              },
              "Panama": {
                "exemplarCity": "Panama"
              },
              "Pangnirtung": {
                "exemplarCity": "Pangnirtung"
              },
              "Paramaribo": {
                "exemplarCity": "Paramaribo"
              },
              "Phoenix": {
                "exemplarCity": "Phoenix"
              },
              "Port-au-Prince": {
                "exemplarCity": "Port-au-Prince"
              },
              "Port_of_Spain": {
                "exemplarCity": "Port-of-Spain"
              },
              "Porto_Velho": {
                "exemplarCity": "Porto Velho"
              },
              "Puerto_Rico": {
                "exemplarCity": "Puerto Rico"
              },
              "Punta_Arenas": {
                "exemplarCity": "Punta Arenas"
              },
              "Rainy_River": {
                "exemplarCity": "Rainy River"
              },
              "Rankin_Inlet": {
                "exemplarCity": "Rankin Inlet"
              },
              "Recife": {
                "exemplarCity": "Recife"
              },
              "Regina": {
                "exemplarCity": "Regina"
              },
              "Resolute": {
                "exemplarCity": "Resolute"
              },
              "Rio_Branco": {
                "exemplarCity": "Rio Branco"
              },
              "Santa_Isabel": {
                "exemplarCity": "Santa Isabel"
              },
              "Santarem": {
                "exemplarCity": "Santarém"
              },
              "Santiago": {
                "exemplarCity": "Santiago"
              },
              "Santo_Domingo": {
                "exemplarCity": "Santo Domingo"
              },
              "Sao_Paulo": {
                "exemplarCity": "São Paulo"
              },
              "Scoresbysund": {
                "exemplarCity": "Ittoqqortoormiit"
              },
              "Sitka": {
                "exemplarCity": "Sitka"
              },
              "St_Barthelemy": {
                "exemplarCity": "Saint-Barthélemy"
              },
              "St_Johns": {
                "exemplarCity": "Saint John’s"
              },
              "St_Kitts": {
                "exemplarCity": "Saint Kitts"
              },
              "St_Lucia": {
                "exemplarCity": "Santa Luzia"
              },
              "St_Thomas": {
                "exemplarCity": "Saint-Thomas"
              },
              "St_Vincent": {
                "exemplarCity": "Saint Vincent"
              },
              "Swift_Current": {
                "exemplarCity": "Swift Current"
              },
              "Tegucigalpa": {
                "exemplarCity": "Tegucigalpa"
              },
              "Thule": {
                "exemplarCity": "Qaanaac"
              },
              "Thunder_Bay": {
                "exemplarCity": "Thunder Bay"
              },
              "Tijuana": {
                "exemplarCity": "Tijuana"
              },
              "Toronto": {
                "exemplarCity": "Toronto"
              },
              "Tortola": {
                "exemplarCity": "Tortola"
              },
              "Vancouver": {
                "exemplarCity": "Vancouver"
              },
              "Whitehorse": {
                "exemplarCity": "Whitehorse"
              },
              "Winnipeg": {
                "exemplarCity": "Winnipeg"
              },
              "Yakutat": {
                "exemplarCity": "Yakutat"
              },
              "Yellowknife": {
                "exemplarCity": "Yellowknife"
              }
            },
            "Atlantic": {
              "Azores": {
                "exemplarCity": "Azoreak"
              },
              "Bermuda": {
                "exemplarCity": "Bermuda"
              },
              "Canary": {
                "exemplarCity": "Kanariak"
              },
              "Cape_Verde": {
                "exemplarCity": "Cabo Verde"
              },
              "Faeroe": {
                "exemplarCity": "Faroe"
              },
              "Madeira": {
                "exemplarCity": "Madeira"
              },
              "Reykjavik": {
                "exemplarCity": "Reykjavik"
              },
              "South_Georgia": {
                "exemplarCity": "South Georgia"
              },
              "St_Helena": {
                "exemplarCity": "Santa Helena"
              },
              "Stanley": {
                "exemplarCity": "Stanley"
              }
            },
            "Europe": {
              "Amsterdam": {
                "exemplarCity": "Amsterdam"
              },
              "Andorra": {
                "exemplarCity": "Andorra"
              },
              "Astrakhan": {
                "exemplarCity": "Astrakhan"
              },
              "Athens": {
                "exemplarCity": "Atenas"
              },
              "Belgrade": {
                "exemplarCity": "Belgrad"
              },
              "Berlin": {
                "exemplarCity": "Berlin"
              },
              "Bratislava": {
                "exemplarCity": "Bratislava"
              },
              "Brussels": {
                "exemplarCity": "Brusela"
              },
              "Bucharest": {
                "exemplarCity": "Bukarest"
              },
              "Budapest": {
                "exemplarCity": "Budapest"
              },
              "Busingen": {
                "exemplarCity": "Büsingen"
              },
              "Chisinau": {
                "exemplarCity": "Chisinau"
              },
              "Copenhagen": {
                "exemplarCity": "Kopenhage"
              },
              "Dublin": {
                "long": {
                  "daylight": "Irlandako ordu estandarra"
                },
                "exemplarCity": "Dublin"
              },
              "Gibraltar": {
                "exemplarCity": "Gibraltar"
              },
              "Guernsey": {
                "exemplarCity": "Guernesey"
              },
              "Helsinki": {
                "exemplarCity": "Helsinki"
              },
              "Isle_of_Man": {
                "exemplarCity": "Man uhartea"
              },
              "Istanbul": {
                "exemplarCity": "Istanbul"
              },
              "Jersey": {
                "exemplarCity": "Jersey"
              },
              "Kaliningrad": {
                "exemplarCity": "Kaliningrad"
              },
              "Kiev": {
                "exemplarCity": "Kiev"
              },
              "Kirov": {
                "exemplarCity": "Kirov"
              },
              "Lisbon": {
                "exemplarCity": "Lisboa"
              },
              "Ljubljana": {
                "exemplarCity": "Ljubljana"
              },
              "London": {
                "long": {
                  "daylight": "Londresko udako ordua"
                },
                "exemplarCity": "Londres"
              },
              "Luxembourg": {
                "exemplarCity": "Luxenburgo"
              },
              "Madrid": {
                "exemplarCity": "Madril"
              },
              "Malta": {
                "exemplarCity": "Malta"
              },
              "Mariehamn": {
                "exemplarCity": "Mariehamn"
              },
              "Minsk": {
                "exemplarCity": "Minsk"
              },
              "Monaco": {
                "exemplarCity": "Monako"
              },
              "Moscow": {
                "exemplarCity": "Mosku"
              },
              "Oslo": {
                "exemplarCity": "Oslo"
              },
              "Paris": {
                "exemplarCity": "Paris"
              },
              "Podgorica": {
                "exemplarCity": "Podgorica"
              },
              "Prague": {
                "exemplarCity": "Praga"
              },
              "Riga": {
                "exemplarCity": "Riga"
              },
              "Rome": {
                "exemplarCity": "Erroma"
              },
              "Samara": {
                "exemplarCity": "Samara"
              },
              "San_Marino": {
                "exemplarCity": "San Marino"
              },
              "Sarajevo": {
                "exemplarCity": "Sarajevo"
              },
              "Saratov": {
                "exemplarCity": "Saratov"
              },
              "Simferopol": {
                "exemplarCity": "Simferopol"
              },
              "Skopje": {
                "exemplarCity": "Skopje"
              },
              "Sofia": {
                "exemplarCity": "Sofia"
              },
              "Stockholm": {
                "exemplarCity": "Stockholm"
              },
              "Tallinn": {
                "exemplarCity": "Tallinn"
              },
              "Tirane": {
                "exemplarCity": "Tirana"
              },
              "Ulyanovsk": {
                "exemplarCity": "Ulianovsk"
              },
              "Uzhgorod": {
                "exemplarCity": "Uzhhorod"
              },
              "Vaduz": {
                "exemplarCity": "Vaduz"
              },
              "Vatican": {
                "exemplarCity": "Vatikano Hiria"
              },
              "Vienna": {
                "exemplarCity": "Viena"
              },
              "Vilnius": {
                "exemplarCity": "Vilnius"
              },
              "Volgograd": {
                "exemplarCity": "Volgograd"
              },
              "Warsaw": {
                "exemplarCity": "Varsovia"
              },
              "Zagreb": {
                "exemplarCity": "Zagreb"
              },
              "Zaporozhye": {
                "exemplarCity": "Zaporozhye"
              },
              "Zurich": {
                "exemplarCity": "Zürich"
              }
            },
            "Africa": {
              "Abidjan": {
                "exemplarCity": "Abidjan"
              },
              "Accra": {
                "exemplarCity": "Akkra"
              },
              "Addis_Ababa": {
                "exemplarCity": "Addis Abeba"
              },
              "Algiers": {
                "exemplarCity": "Aljer"
              },
              "Asmera": {
                "exemplarCity": "Asmara"
              },
              "Bamako": {
                "exemplarCity": "Bamako"
              },
              "Bangui": {
                "exemplarCity": "Bangi"
              },
              "Banjul": {
                "exemplarCity": "Banjul"
              },
              "Bissau": {
                "exemplarCity": "Bissau"
              },
              "Blantyre": {
                "exemplarCity": "Blantyre"
              },
              "Brazzaville": {
                "exemplarCity": "Brazzaville"
              },
              "Bujumbura": {
                "exemplarCity": "Bujumbura"
              },
              "Cairo": {
                "exemplarCity": "Kairo"
              },
              "Casablanca": {
                "exemplarCity": "Casablanca"
              },
              "Ceuta": {
                "exemplarCity": "Ceuta"
              },
              "Conakry": {
                "exemplarCity": "Konakry"
              },
              "Dakar": {
                "exemplarCity": "Dakar"
              },
              "Dar_es_Salaam": {
                "exemplarCity": "Dar es Salaam"
              },
              "Djibouti": {
                "exemplarCity": "Djibuti"
              },
              "Douala": {
                "exemplarCity": "Douala"
              },
              "El_Aaiun": {
                "exemplarCity": "Aaiun"
              },
              "Freetown": {
                "exemplarCity": "Freetown"
              },
              "Gaborone": {
                "exemplarCity": "Gaborone"
              },
              "Harare": {
                "exemplarCity": "Harare"
              },
              "Johannesburg": {
                "exemplarCity": "Johannesburgo"
              },
              "Juba": {
                "exemplarCity": "Juba"
              },
              "Kampala": {
                "exemplarCity": "Kampala"
              },
              "Khartoum": {
                "exemplarCity": "Khartoum"
              },
              "Kigali": {
                "exemplarCity": "Kigali"
              },
              "Kinshasa": {
                "exemplarCity": "Kinshasa"
              },
              "Lagos": {
                "exemplarCity": "Lagos"
              },
              "Libreville": {
                "exemplarCity": "Libreville"
              },
              "Lome": {
                "exemplarCity": "Lome"
              },
              "Luanda": {
                "exemplarCity": "Luanda"
              },
              "Lubumbashi": {
                "exemplarCity": "Lubumbashi"
              },
              "Lusaka": {
                "exemplarCity": "Lusaka"
              },
              "Malabo": {
                "exemplarCity": "Malabo"
              },
              "Maputo": {
                "exemplarCity": "Maputo"
              },
              "Maseru": {
                "exemplarCity": "Maseru"
              },
              "Mbabane": {
                "exemplarCity": "Mbabane"
              },
              "Mogadishu": {
                "exemplarCity": "Muqdisho"
              },
              "Monrovia": {
                "exemplarCity": "Monrovia"
              },
              "Nairobi": {
                "exemplarCity": "Nairobi"
              },
              "Ndjamena": {
                "exemplarCity": "N’djamena"
              },
              "Niamey": {
                "exemplarCity": "Niamei"
              },
              "Nouakchott": {
                "exemplarCity": "Nuakxot"
              },
              "Ouagadougou": {
                "exemplarCity": "Uagadugu"
              },
              "Porto-Novo": {
                "exemplarCity": "Porto Novo"
              },
              "Sao_Tome": {
                "exemplarCity": "Sao Tome"
              },
              "Tripoli": {
                "exemplarCity": "Tripoli"
              },
              "Tunis": {
                "exemplarCity": "Tunis"
              },
              "Windhoek": {
                "exemplarCity": "Windhoek"
              }
            },
            "Asia": {
              "Aden": {
                "exemplarCity": "Aden"
              },
              "Almaty": {
                "exemplarCity": "Almaty"
              },
              "Amman": {
                "exemplarCity": "Amman"
              },
              "Anadyr": {
                "exemplarCity": "Anadyr"
              },
              "Aqtau": {
                "exemplarCity": "Aktau"
              },
              "Aqtobe": {
                "exemplarCity": "Aktobe"
              },
              "Ashgabat": {
                "exemplarCity": "Asgabat"
              },
              "Atyrau": {
                "exemplarCity": "Atyrau"
              },
              "Baghdad": {
                "exemplarCity": "Bagdad"
              },
              "Bahrain": {
                "exemplarCity": "Bahrain"
              },
              "Baku": {
                "exemplarCity": "Baku"
              },
              "Bangkok": {
                "exemplarCity": "Bangkok"
              },
              "Barnaul": {
                "exemplarCity": "Barnaul"
              },
              "Beirut": {
                "exemplarCity": "Beirut"
              },
              "Bishkek": {
                "exemplarCity": "Bixkek"
              },
              "Brunei": {
                "exemplarCity": "Brunei"
              },
              "Calcutta": {
                "exemplarCity": "Kalkuta"
              },
              "Chita": {
                "exemplarCity": "Chita"
              },
              "Choibalsan": {
                "exemplarCity": "Txoibalsan"
              },
              "Colombo": {
                "exemplarCity": "Kolombo"
              },
              "Damascus": {
                "exemplarCity": "Damasko"
              },
              "Dhaka": {
                "exemplarCity": "Dhaka"
              },
              "Dili": {
                "exemplarCity": "Dili"
              },
              "Dubai": {
                "exemplarCity": "Dubai"
              },
              "Dushanbe": {
                "exemplarCity": "Duxanbe"
              },
              "Famagusta": {
                "exemplarCity": "Famagusta"
              },
              "Gaza": {
                "exemplarCity": "Gaza"
              },
              "Hebron": {
                "exemplarCity": "Hebron"
              },
              "Hong_Kong": {
                "exemplarCity": "Hong Kong"
              },
              "Hovd": {
                "exemplarCity": "Khovd"
              },
              "Irkutsk": {
                "exemplarCity": "Irkutsk"
              },
              "Jakarta": {
                "exemplarCity": "Jakarta"
              },
              "Jayapura": {
                "exemplarCity": "Jayapura"
              },
              "Jerusalem": {
                "exemplarCity": "Jerusalem"
              },
              "Kabul": {
                "exemplarCity": "Kabul"
              },
              "Kamchatka": {
                "exemplarCity": "Kamtxatka"
              },
              "Karachi": {
                "exemplarCity": "Karatxi"
              },
              "Katmandu": {
                "exemplarCity": "Katmandu"
              },
              "Khandyga": {
                "exemplarCity": "Khandiga"
              },
              "Krasnoyarsk": {
                "exemplarCity": "Krasnoiarsk"
              },
              "Kuala_Lumpur": {
                "exemplarCity": "Kuala Lumpur"
              },
              "Kuching": {
                "exemplarCity": "Kuching"
              },
              "Kuwait": {
                "exemplarCity": "Kuwait"
              },
              "Macau": {
                "exemplarCity": "Macau"
              },
              "Magadan": {
                "exemplarCity": "Magadan"
              },
              "Makassar": {
                "exemplarCity": "Makassar"
              },
              "Manila": {
                "exemplarCity": "Manila"
              },
              "Muscat": {
                "exemplarCity": "Maskat"
              },
              "Nicosia": {
                "exemplarCity": "Nikosia"
              },
              "Novokuznetsk": {
                "exemplarCity": "Novokuznetsk"
              },
              "Novosibirsk": {
                "exemplarCity": "Novosibirsk"
              },
              "Omsk": {
                "exemplarCity": "Omsk"
              },
              "Oral": {
                "exemplarCity": "Oral"
              },
              "Phnom_Penh": {
                "exemplarCity": "Phnom Penh"
              },
              "Pontianak": {
                "exemplarCity": "Pontianak"
              },
              "Pyongyang": {
                "exemplarCity": "Piongiang"
              },
              "Qatar": {
                "exemplarCity": "Qatar"
              },
              "Qostanay": {
                "exemplarCity": "Kostanay"
              },
              "Qyzylorda": {
                "exemplarCity": "Kyzylorda"
              },
              "Rangoon": {
                "exemplarCity": "Yangon"
              },
              "Riyadh": {
                "exemplarCity": "Riad"
              },
              "Saigon": {
                "exemplarCity": "Ho Chi Minh"
              },
              "Sakhalin": {
                "exemplarCity": "Sakhalin"
              },
              "Samarkand": {
                "exemplarCity": "Samarkanda"
              },
              "Seoul": {
                "exemplarCity": "Seul"
              },
              "Shanghai": {
                "exemplarCity": "Shanghai"
              },
              "Singapore": {
                "exemplarCity": "Singapur"
              },
              "Srednekolymsk": {
                "exemplarCity": "Srednekolimsk"
              },
              "Taipei": {
                "exemplarCity": "Taipei"
              },
              "Tashkent": {
                "exemplarCity": "Taxkent"
              },
              "Tbilisi": {
                "exemplarCity": "Tbilisi"
              },
              "Tehran": {
                "exemplarCity": "Teheran"
              },
              "Thimphu": {
                "exemplarCity": "Thimphu"
              },
              "Tokyo": {
                "exemplarCity": "Tokio"
              },
              "Tomsk": {
                "exemplarCity": "Tomsk"
              },
              "Ulaanbaatar": {
                "exemplarCity": "Ulan Bator"
              },
              "Urumqi": {
                "exemplarCity": "Ürümqi"
              },
              "Ust-Nera": {
                "exemplarCity": "Ust-Nera"
              },
              "Vientiane": {
                "exemplarCity": "Vientian"
              },
              "Vladivostok": {
                "exemplarCity": "Vladivostok"
              },
              "Yakutsk": {
                "exemplarCity": "Jakutsk"
              },
              "Yekaterinburg": {
                "exemplarCity": "Jekaterinburg"
              },
              "Yerevan": {
                "exemplarCity": "Erevan"
              }
            },
            "Indian": {
              "Antananarivo": {
                "exemplarCity": "Antananarivo"
              },
              "Chagos": {
                "exemplarCity": "Chagos"
              },
              "Christmas": {
                "exemplarCity": "Christmas"
              },
              "Cocos": {
                "exemplarCity": "Cocos"
              },
              "Comoro": {
                "exemplarCity": "Comoro"
              },
              "Kerguelen": {
                "exemplarCity": "Kerguelen"
              },
              "Mahe": {
                "exemplarCity": "Mahé"
              },
              "Maldives": {
                "exemplarCity": "Maldivak"
              },
              "Mauritius": {
                "exemplarCity": "Maurizio"
              },
              "Mayotte": {
                "exemplarCity": "Mayotte"
              },
              "Reunion": {
                "exemplarCity": "Reunion"
              }
            },
            "Australia": {
              "Adelaide": {
                "exemplarCity": "Adelaide"
              },
              "Brisbane": {
                "exemplarCity": "Brisbane"
              },
              "Broken_Hill": {
                "exemplarCity": "Broken Hill"
              },
              "Currie": {
                "exemplarCity": "Currie"
              },
              "Darwin": {
                "exemplarCity": "Darwin"
              },
              "Eucla": {
                "exemplarCity": "Eucla"
              },
              "Hobart": {
                "exemplarCity": "Hobart"
              },
              "Lindeman": {
                "exemplarCity": "Lindeman"
              },
              "Lord_Howe": {
                "exemplarCity": "Lord Howe"
              },
              "Melbourne": {
                "exemplarCity": "Melbourne"
              },
              "Perth": {
                "exemplarCity": "Perth"
              },
              "Sydney": {
                "exemplarCity": "Sydney"
              }
            },
            "Pacific": {
              "Apia": {
                "exemplarCity": "Apia"
              },
              "Auckland": {
                "exemplarCity": "Auckland"
              },
              "Bougainville": {
                "exemplarCity": "Bougainville"
              },
              "Chatham": {
                "exemplarCity": "Chatham"
              },
              "Easter": {
                "exemplarCity": "Pazko uhartea"
              },
              "Efate": {
                "exemplarCity": "Éfaté"
              },
              "Enderbury": {
                "exemplarCity": "Enderbury"
              },
              "Fakaofo": {
                "exemplarCity": "Fakaofo"
              },
              "Fiji": {
                "exemplarCity": "Fiji"
              },
              "Funafuti": {
                "exemplarCity": "Funafuti"
              },
              "Galapagos": {
                "exemplarCity": "Galapagoak"
              },
              "Gambier": {
                "exemplarCity": "Gambier"
              },
              "Guadalcanal": {
                "exemplarCity": "Guadalcanal"
              },
              "Guam": {
                "exemplarCity": "Guam"
              },
              "Honolulu": {
                "short": {
                  "generic": "HST",
                  "standard": "HST",
                  "daylight": "HDT"
                },
                "exemplarCity": "Honolulu"
              },
              "Johnston": {
                "exemplarCity": "Johnston"
              },
              "Kanton": {
                "exemplarCity": "Kanton"
              },
              "Kiritimati": {
                "exemplarCity": "Kiritimati"
              },
              "Kosrae": {
                "exemplarCity": "Kosrae"
              },
              "Kwajalein": {
                "exemplarCity": "Kwajalein"
              },
              "Majuro": {
                "exemplarCity": "Majuro"
              },
              "Marquesas": {
                "exemplarCity": "Markesak"
              },
              "Midway": {
                "exemplarCity": "Midway"
              },
              "Nauru": {
                "exemplarCity": "Nauru"
              },
              "Niue": {
                "exemplarCity": "Niue"
              },
              "Norfolk": {
                "exemplarCity": "Norfolk"
              },
              "Noumea": {
                "exemplarCity": "Nouméa"
              },
              "Pago_Pago": {
                "exemplarCity": "Pago Pago"
              },
              "Palau": {
                "exemplarCity": "Palau"
              },
              "Pitcairn": {
                "exemplarCity": "Pitcairn"
              },
              "Ponape": {
                "exemplarCity": "Pohnpei"
              },
              "Port_Moresby": {
                "exemplarCity": "Port Moresby"
              },
              "Rarotonga": {
                "exemplarCity": "Rarotonga"
              },
              "Saipan": {
                "exemplarCity": "Saipan"
              },
              "Tahiti": {
                "exemplarCity": "Tahiti"
              },
              "Tarawa": {
                "exemplarCity": "Tarawa"
              },
              "Tongatapu": {
                "exemplarCity": "Tongatapu"
              },
              "Truk": {
                "exemplarCity": "Chuuk"
              },
              "Wake": {
                "exemplarCity": "Wake"
              },
              "Wallis": {
                "exemplarCity": "Wallis"
              }
            },
            "Arctic": {
              "Longyearbyen": {
                "exemplarCity": "Longyearbyen"
              }
            },
            "Antarctica": {
              "Casey": {
                "exemplarCity": "Casey"
              },
              "Davis": {
                "exemplarCity": "Davis"
              },
              "DumontDUrville": {
                "exemplarCity": "Dumont d’Urville"
              },
              "Macquarie": {
                "exemplarCity": "Macquarie"
              },
              "Mawson": {
                "exemplarCity": "Mawson"
              },
              "McMurdo": {
                "exemplarCity": "McMurdo"
              },
              "Palmer": {
                "exemplarCity": "Palmer"
              },
              "Rothera": {
                "exemplarCity": "Rothera"
              },
              "Syowa": {
                "exemplarCity": "Syowa"
              },
              "Troll": {
                "exemplarCity": "Troll"
              },
              "Vostok": {
                "exemplarCity": "Vostok"
              }
            },
            "Etc": {
              "UTC": {
                "long": {
                  "standard": "ordu unibertsal koordinatua"
                },
                "short": {
                  "standard": "UTC"
                }
              },
              "Unknown": {
                "exemplarCity": "Hiri ezezaguna"
              }
            }
          },
          "metazone": {
            "Acre": {
              "long": {
                "generic": "Acreko ordua",
                "standard": "Acreko ordu estandarra",
                "daylight": "Acreko udako ordua"
              }
            },
            "Afghanistan": {
              "long": {
                "standard": "Afganistango ordua"
              }
            },
            "Africa_Central": {
              "long": {
                "standard": "Afrikako erdialdeko ordua"
              }
            },
            "Africa_Eastern": {
              "long": {
                "standard": "Afrikako ekialdeko ordua"
              }
            },
            "Africa_Southern": {
              "long": {
                "standard": "Afrikako hegoaldeko ordua"
              }
            },
            "Africa_Western": {
              "long": {
                "generic": "Afrikako mendebaldeko ordua",
                "standard": "Afrikako mendebaldeko ordu estandarra",
                "daylight": "Afrikako mendebaldeko udako ordua"
              }
            },
            "Alaska": {
              "long": {
                "generic": "Alaskako ordua",
                "standard": "Alaskako ordu estandarra",
                "daylight": "Alaskako udako ordua"
              },
              "short": {
                "generic": "AKT",
                "standard": "AKST",
                "daylight": "AKDT"
              }
            },
            "Almaty": {
              "long": {
                "generic": "Almatyko ordua",
                "standard": "Almatyko ordu estandarra",
                "daylight": "Almatyko udako ordua"
              }
            },
            "Amazon": {
              "long": {
                "generic": "Amazoniako ordua",
                "standard": "Amazoniako ordu estandarra",
                "daylight": "Amazoniako udako ordua"
              }
            },
            "America_Central": {
              "long": {
                "generic": "Ipar Amerikako erdialdeko ordua",
                "standard": "Ipar Amerikako erdialdeko ordu estandarra",
                "daylight": "Ipar Amerikako erdialdeko udako ordua"
              },
              "short": {
                "generic": "CT",
                "standard": "CST",
                "daylight": "CDT"
              }
            },
            "America_Eastern": {
              "long": {
                "generic": "Ipar Amerikako ekialdeko ordua",
                "standard": "Ipar Amerikako ekialdeko ordu estandarra",
                "daylight": "Ipar Amerikako ekialdeko udako ordua"
              },
              "short": {
                "generic": "ET",
                "standard": "EST",
                "daylight": "EDT"
              }
            },
            "America_Mountain": {
              "long": {
                "generic": "Ipar Amerikako mendialdeko ordua",
                "standard": "Ipar Amerikako mendialdeko ordu estandarra",
                "daylight": "Ipar Amerikako mendialdeko udako ordua"
              },
              "short": {
                "generic": "MT",
                "standard": "MST",
                "daylight": "MDT"
              }
            },
            "America_Pacific": {
              "long": {
                "generic": "Ipar Amerikako Pazifikoko ordua",
                "standard": "Ipar Amerikako Pazifikoko ordu estandarra",
                "daylight": "Ipar Amerikako Pazifikoko udako ordua"
              },
              "short": {
                "generic": "PT",
                "standard": "PST",
                "daylight": "PDT"
              }
            },
            "Anadyr": {
              "long": {
                "generic": "Anadyrreko ordua",
                "standard": "Anadyrreko ordu estandarra",
                "daylight": "Anadyrreko udako ordua"
              }
            },
            "Apia": {
              "long": {
                "generic": "Apiako ordua",
                "standard": "Apiako ordu estandarra",
                "daylight": "Apiako udako ordua"
              }
            },
            "Aqtau": {
              "long": {
                "generic": "Aktauko ordua",
                "standard": "Aktauko ordu estandarra",
                "daylight": "Aktauko udako ordua"
              }
            },
            "Aqtobe": {
              "long": {
                "generic": "Aktobeko ordua",
                "standard": "Aktobeko ordu estandarra",
                "daylight": "Aktobeko udako ordua"
              }
            },
            "Arabian": {
              "long": {
                "generic": "Arabiako ordua",
                "standard": "Arabiako ordu estandarra",
                "daylight": "Arabiako udako ordua"
              }
            },
            "Argentina": {
              "long": {
                "generic": "Argentinako ordua",
                "standard": "Argentinako ordu estandarra",
                "daylight": "Argentinako udako ordua"
              }
            },
            "Argentina_Western": {
              "long": {
                "generic": "Argentina mendebaldeko ordua",
                "standard": "Argentina mendebaldeko ordu estandarra",
                "daylight": "Argentina mendebaldeko udako ordua"
              }
            },
            "Armenia": {
              "long": {
                "generic": "Armeniako ordua",
                "standard": "Armeniako ordu estandarra",
                "daylight": "Armeniako udako ordua"
              }
            },
            "Atlantic": {
              "long": {
                "generic": "Ipar Amerikako Atlantikoko ordua",
                "standard": "Ipar Amerikako Atlantikoko ordu estandarra",
                "daylight": "Ipar Amerikako Atlantikoko udako ordua"
              },
              "short": {
                "generic": "AT",
                "standard": "AST",
                "daylight": "ADT"
              }
            },
            "Australia_Central": {
              "long": {
                "generic": "Australiako erdialdeko ordua",
                "standard": "Australiako erdialdeko ordu estandarra",
                "daylight": "Australiako erdialdeko udako ordua"
              }
            },
            "Australia_CentralWestern": {
              "long": {
                "generic": "Australiako erdi-mendebaldeko ordua",
                "standard": "Australiako erdi-mendebaldeko ordu estandarra",
                "daylight": "Australiako erdi-mendebaldeko udako ordua"
              }
            },
            "Australia_Eastern": {
              "long": {
                "generic": "Australiako ekialdeko ordua",
                "standard": "Australiako ekialdeko ordu estandarra",
                "daylight": "Australiako ekialdeko udako ordua"
              }
            },
            "Australia_Western": {
              "long": {
                "generic": "Australiako mendebaldeko ordua",
                "standard": "Australiako mendebaldeko ordu estandarra",
                "daylight": "Australiako mendebaldeko udako ordua"
              }
            },
            "Azerbaijan": {
              "long": {
                "generic": "Azerbaijango ordua",
                "standard": "Azerbaijango ordu estandarra",
                "daylight": "Azerbaijango udako ordua"
              }
            },
            "Azores": {
              "long": {
                "generic": "Azoreetako ordua",
                "standard": "Azoreetako ordu estandarra",
                "daylight": "Azoreetako udako ordua"
              }
            },
            "Bangladesh": {
              "long": {
                "generic": "Bangladesheko ordua",
                "standard": "Bangladesheko ordu estandarra",
                "daylight": "Bangladesheko udako ordua"
              }
            },
            "Bhutan": {
              "long": {
                "standard": "Bhutango ordua"
              }
            },
            "Bolivia": {
              "long": {
                "standard": "Boliviako ordua"
              }
            },
            "Brasilia": {
              "long": {
                "generic": "Brasiliako ordua",
                "standard": "Brasiliako ordu estandarra",
                "daylight": "Brasiliako udako ordua"
              }
            },
            "Brunei": {
              "long": {
                "standard": "Brunei Darussalamgo ordua"
              }
            },
            "Cape_Verde": {
              "long": {
                "generic": "Cabo Verdeko ordua",
                "standard": "Cabo Verdeko ordu estandarra",
                "daylight": "Cabo Verdeko udako ordua"
              }
            },
            "Casey": {
              "long": {
                "standard": "Caseyko ordua"
              }
            },
            "Chamorro": {
              "long": {
                "standard": "Chamorroko ordu estandarra"
              }
            },
            "Chatham": {
              "long": {
                "generic": "Chathamgo ordua",
                "standard": "Chathamgo ordu estandarra",
                "daylight": "Chathamgo udako ordua"
              }
            },
            "Chile": {
              "long": {
                "generic": "Txileko ordua",
                "standard": "Txileko ordu estandarra",
                "daylight": "Txileko udako ordua"
              }
            },
            "China": {
              "long": {
                "generic": "Txinako ordua",
                "standard": "Txinako ordu estandarra",
                "daylight": "Txinako udako ordua"
              }
            },
            "Choibalsan": {
              "long": {
                "generic": "Txoibalsango ordua",
                "standard": "Txoibalsango ordu estandarra",
                "daylight": "Txoibalsango udako ordua"
              }
            },
            "Christmas": {
              "long": {
                "standard": "Christmas uharteko ordua"
              }
            },
            "Cocos": {
              "long": {
                "standard": "Cocos uharteetako ordua"
              }
            },
            "Colombia": {
              "long": {
                "generic": "Kolonbiako ordua",
                "standard": "Kolonbiako ordu estandarra",
                "daylight": "Kolonbiako udako ordua"
              }
            },
            "Cook": {
              "long": {
                "generic": "Cook uharteetako ordua",
                "standard": "Cook uharteetako ordu estandarra",
                "daylight": "Cook uharteetako uda erdialdeko ordua"
              }
            },
            "Cuba": {
              "long": {
                "generic": "Kubako ordua",
                "standard": "Kubako ordu estandarra",
                "daylight": "Kubako udako ordua"
              }
            },
            "Davis": {
              "long": {
                "standard": "Daviseko ordua"
              }
            },
            "DumontDUrville": {
              "long": {
                "standard": "Dumont-d’Urvilleko ordua"
              }
            },
            "East_Timor": {
              "long": {
                "standard": "Ekialdeko Timorreko ordua"
              }
            },
            "Easter": {
              "long": {
                "generic": "Pazko uharteko ordua",
                "standard": "Pazko uharteko ordu estandarra",
                "daylight": "Pazko uharteko udako ordua"
              }
            },
            "Ecuador": {
              "long": {
                "standard": "Ekuadorreko ordua"
              }
            },
            "Europe_Central": {
              "long": {
                "generic": "Europako erdialdeko ordua",
                "standard": "Europako erdialdeko ordu estandarra",
                "daylight": "Europako erdialdeko udako ordua"
              },
              "short": {
                "generic": "CET",
                "standard": "CET",
                "daylight": "CEST"
              }
            },
            "Europe_Eastern": {
              "long": {
                "generic": "Europako ekialdeko ordua",
                "standard": "Europako ekialdeko ordu estandarra",
                "daylight": "Europako ekialdeko udako ordua"
              },
              "short": {
                "generic": "EET",
                "standard": "EET",
                "daylight": "EEST"
              }
            },
            "Europe_Further_Eastern": {
              "long": {
                "standard": "Europako ekialde urruneko ordua"
              }
            },
            "Europe_Western": {
              "long": {
                "generic": "Europako mendebaldeko ordua",
                "standard": "Europako mendebaldeko ordu estandarra",
                "daylight": "Europako mendebaldeko udako ordua"
              },
              "short": {
                "generic": "WET",
                "standard": "WET",
                "daylight": "WEST"
              }
            },
            "Falkland": {
              "long": {
                "generic": "Falkland uharteetako ordua",
                "standard": "Falkland uharteetako ordu estandarra",
                "daylight": "Falkland uharteetako udako ordua"
              }
            },
            "Fiji": {
              "long": {
                "generic": "Fijiko ordua",
                "standard": "Fijiko ordu estandarra",
                "daylight": "Fijiko udako ordua"
              }
            },
            "French_Guiana": {
              "long": {
                "standard": "Guyana Frantseseko ordua"
              }
            },
            "French_Southern": {
              "long": {
                "standard": "Frantziaren lurralde austral eta antartikoetako ordutegia"
              }
            },
            "Galapagos": {
              "long": {
                "standard": "Galapagoetako ordua"
              }
            },
            "Gambier": {
              "long": {
                "standard": "Gambierretako ordua"
              }
            },
            "Georgia": {
              "long": {
                "generic": "Georgiako ordua",
                "standard": "Georgiako ordu estandarra",
                "daylight": "Georgiako udako ordua"
              }
            },
            "Gilbert_Islands": {
              "long": {
                "standard": "Gilbert uharteetako ordua"
              }
            },
            "GMT": {
              "long": {
                "standard": "Greenwichko meridianoaren ordua"
              },
              "short": {
                "standard": "GMT"
              }
            },
            "Greenland_Eastern": {
              "long": {
                "generic": "Groenlandiako ekialdeko ordua",
                "standard": "Groenlandiako ekialdeko ordu estandarra",
                "daylight": "Groenlandiako ekialdeko udako ordua"
              }
            },
            "Greenland_Western": {
              "long": {
                "generic": "Groenlandiako mendebaldeko ordua",
                "standard": "Groenlandiako mendebaldeko ordu estandarra",
                "daylight": "Groenlandiako mendebaldeko udako ordua"
              }
            },
            "Guam": {
              "long": {
                "standard": "Guameko ordu estandarra"
              }
            },
            "Gulf": {
              "long": {
                "standard": "Golkoko ordu estandarra"
              }
            },
            "Guyana": {
              "long": {
                "standard": "Guyanako ordua"
              }
            },
            "Hawaii_Aleutian": {
              "long": {
                "generic": "Hawaii-Aleutiar uharteetako ordua",
                "standard": "Hawaii-Aleutiar uharteetako ordu estandarra",
                "daylight": "Hawaii-Aleutiar uharteetako udako ordua"
              },
              "short": {
                "generic": "HAT",
                "standard": "HAST",
                "daylight": "HADT"
              }
            },
            "Hong_Kong": {
              "long": {
                "generic": "Hong Kongo ordua",
                "standard": "Hong Kongo ordu estandarra",
                "daylight": "Hong Kongo udako ordua"
              }
            },
            "Hovd": {
              "long": {
                "generic": "Khovdeko ordua",
                "standard": "Khovdeko ordu estandarra",
                "daylight": "Khovdeko udako ordua"
              }
            },
            "India": {
              "long": {
                "standard": "Indiako ordua"
              }
            },
            "Indian_Ocean": {
              "long": {
                "standard": "Indiako Ozeanoko ordua"
              }
            },
            "Indochina": {
              "long": {
                "standard": "Indotxinako ordua"
              }
            },
            "Indonesia_Central": {
              "long": {
                "standard": "Indonesiako erdialdeko ordua"
              }
            },
            "Indonesia_Eastern": {
              "long": {
                "standard": "Indonesiako ekialdeko ordua"
              }
            },
            "Indonesia_Western": {
              "long": {
                "standard": "Indonesiako mendebaldeko ordua"
              }
            },
            "Iran": {
              "long": {
                "generic": "Irango ordua",
                "standard": "Irango ordu estandarra",
                "daylight": "Irango udako ordua"
              }
            },
            "Irkutsk": {
              "long": {
                "generic": "Irkutskeko ordua",
                "standard": "Irkutskeko ordu estandarra",
                "daylight": "Irkutskeko udako ordua"
              }
            },
            "Israel": {
              "long": {
                "generic": "Israelgo ordua",
                "standard": "Israelgo ordu estandarra",
                "daylight": "Israelgo udako ordua"
              }
            },
            "Japan": {
              "long": {
                "generic": "Japoniako ordua",
                "standard": "Japoniako ordu estandarra",
                "daylight": "Japoniako udako ordua"
              }
            },
            "Kamchatka": {
              "long": {
                "generic": "Petropavlovsk-Kamchatskiko ordua",
                "standard": "Petropavlovsk-Kamchatskiko ordu estandarra",
                "daylight": "Petropavlovsk-Kamchatskiko udako ordua"
              }
            },
            "Kazakhstan_Eastern": {
              "long": {
                "standard": "Kazakhstango ekialdeko ordua"
              }
            },
            "Kazakhstan_Western": {
              "long": {
                "standard": "Kazakhstango mendebaldeko ordua"
              }
            },
            "Korea": {
              "long": {
                "generic": "Koreako ordua",
                "standard": "Koreako ordu estandarra",
                "daylight": "Koreako udako ordua"
              }
            },
            "Kosrae": {
              "long": {
                "standard": "Kosraeko ordua"
              }
            },
            "Krasnoyarsk": {
              "long": {
                "generic": "Krasnoiarskeko ordua",
                "standard": "Krasnoiarskeko ordu estandarra",
                "daylight": "Krasnoiarskeko udako ordua"
              }
            },
            "Kyrgystan": {
              "long": {
                "standard": "Kirgizistango ordua"
              }
            },
            "Lanka": {
              "long": {
                "standard": "Lankako ordua"
              }
            },
            "Line_Islands": {
              "long": {
                "standard": "Line uharteetako ordua"
              }
            },
            "Lord_Howe": {
              "long": {
                "generic": "Lord Howeko ordua",
                "standard": "Lord Howeko ordu estandarra",
                "daylight": "Lord Howeko udako ordua"
              }
            },
            "Macau": {
              "long": {
                "generic": "Macaoko ordua",
                "standard": "Macaoko ordu estandarra",
                "daylight": "Macaoko udako ordua"
              }
            },
            "Macquarie": {
              "long": {
                "standard": "Macquarie uharteko ordua"
              }
            },
            "Magadan": {
              "long": {
                "generic": "Magadango ordua",
                "standard": "Magadango ordu estandarra",
                "daylight": "Magadango udako ordua"
              }
            },
            "Malaysia": {
              "long": {
                "standard": "Malaysiako ordua"
              }
            },
            "Maldives": {
              "long": {
                "standard": "Maldivetako ordua"
              }
            },
            "Marquesas": {
              "long": {
                "standard": "Markesetako ordua"
              }
            },
            "Marshall_Islands": {
              "long": {
                "standard": "Marshall Uharteetako ordua"
              }
            },
            "Mauritius": {
              "long": {
                "generic": "Maurizioko ordua",
                "standard": "Maurizioko ordu estandarra",
                "daylight": "Maurizioko udako ordua"
              }
            },
            "Mawson": {
              "long": {
                "standard": "Mawsoneko ordua"
              }
            },
            "Mexico_Northwest": {
              "long": {
                "generic": "Mexikoko ipar-ekialdeko ordua",
                "standard": "Mexikoko ipar-ekialdeko ordu estandarra",
                "daylight": "Mexikoko ipar-ekialdeko udako ordua"
              }
            },
            "Mexico_Pacific": {
              "long": {
                "generic": "Mexikoko Pazifikoko ordua",
                "standard": "Mexikoko Pazifikoko ordu estandarra",
                "daylight": "Mexikoko Pazifikoko udako ordua"
              }
            },
            "Mongolia": {
              "long": {
                "generic": "Ulan Batorreko ordua",
                "standard": "Ulan Batorreko ordu estandarra",
                "daylight": "Ulan Batorreko udako ordua"
              }
            },
            "Moscow": {
              "long": {
                "generic": "Moskuko ordua",
                "standard": "Moskuko ordu estandarra",
                "daylight": "Moskuko udako ordua"
              }
            },
            "Myanmar": {
              "long": {
                "standard": "Myanmarreko ordua"
              }
            },
            "Nauru": {
              "long": {
                "standard": "Nauruko ordua"
              }
            },
            "Nepal": {
              "long": {
                "standard": "Nepalgo ordua"
              }
            },
            "New_Caledonia": {
              "long": {
                "generic": "Kaledonia Berriko ordua",
                "standard": "Kaledonia Berriko ordu estandarra",
                "daylight": "Kaledonia Berriko udako ordua"
              }
            },
            "New_Zealand": {
              "long": {
                "generic": "Zeelanda Berriko ordua",
                "standard": "Zeelanda Berriko ordu estandarra",
                "daylight": "Zeelanda Berriko udako ordua"
              }
            },
            "Newfoundland": {
              "long": {
                "generic": "Ternuako ordua",
                "standard": "Ternuako ordu estandarra",
                "daylight": "Ternuako udako ordua"
              }
            },
            "Niue": {
              "long": {
                "standard": "Niueko ordua"
              }
            },
            "Norfolk": {
              "long": {
                "generic": "Norfolk uharteetako ordua",
                "standard": "Norfolk uharteetako ordu estandarra",
                "daylight": "Norfolk uharteetako udako ordua"
              }
            },
            "Noronha": {
              "long": {
                "generic": "Fernando de Noronhako ordua",
                "standard": "Fernando de Noronhako ordu estandarra",
                "daylight": "Fernando de Noronhako udako ordua"
              }
            },
            "North_Mariana": {
              "long": {
                "standard": "Ipar Mariana uharteetako ordua"
              }
            },
            "Novosibirsk": {
              "long": {
                "generic": "Novosibirskeko ordua",
                "standard": "Novosibirskeko ordu estandarra",
                "daylight": "Novosibirskeko udako ordua"
              }
            },
            "Omsk": {
              "long": {
                "generic": "Omskeko ordua",
                "standard": "Omskeko ordu estandarra",
                "daylight": "Omskeko udako ordua"
              }
            },
            "Pakistan": {
              "long": {
                "generic": "Pakistango ordua",
                "standard": "Pakistango ordu estandarra",
                "daylight": "Pakistango udako ordua"
              }
            },
            "Palau": {
              "long": {
                "standard": "Palauko ordua"
              }
            },
            "Papua_New_Guinea": {
              "long": {
                "standard": "Papua Ginea Berriko ordua"
              }
            },
            "Paraguay": {
              "long": {
                "generic": "Paraguaiko ordua",
                "standard": "Paraguaiko ordu estandarra",
                "daylight": "Paraguaiko udako ordua"
              }
            },
            "Peru": {
              "long": {
                "generic": "Peruko ordua",
                "standard": "Peruko ordu estandarra",
                "daylight": "Peruko udako ordua"
              }
            },
            "Philippines": {
              "long": {
                "generic": "Filipinetako ordua",
                "standard": "Filipinetako ordu estandarra",
                "daylight": "Filipinetako udako ordua"
              }
            },
            "Phoenix_Islands": {
              "long": {
                "standard": "Phoenix uharteetako ordua"
              }
            },
            "Pierre_Miquelon": {
              "long": {
                "generic": "Saint-Pierre eta Mikeluneko ordua",
                "standard": "Saint-Pierre eta Mikeluneko ordu estandarra",
                "daylight": "Saint-Pierre eta Mikeluneko udako ordua"
              }
            },
            "Pitcairn": {
              "long": {
                "standard": "Pitcairneko ordua"
              }
            },
            "Ponape": {
              "long": {
                "standard": "Ponapeko ordua"
              }
            },
            "Pyongyang": {
              "long": {
                "standard": "Piongiangeko ordua"
              }
            },
            "Qyzylorda": {
              "long": {
                "generic": "Kyzylordako ordua",
                "standard": "Kyzylordako ordu estandarra",
                "daylight": "Kyzylordako udako ordua"
              }
            },
            "Reunion": {
              "long": {
                "standard": "Reunioneko ordua"
              }
            },
            "Rothera": {
              "long": {
                "standard": "Rotherako ordua"
              }
            },
            "Sakhalin": {
              "long": {
                "generic": "Sakhalingo ordua",
                "standard": "Sakhalingo ordu estandarra",
                "daylight": "Sakhalingo udako ordua"
              }
            },
            "Samara": {
              "long": {
                "generic": "Samarako ordua",
                "standard": "Samarako ordu estandarra",
                "daylight": "Samarako udako ordua"
              }
            },
            "Samoa": {
              "long": {
                "generic": "Samoako ordua",
                "standard": "Samoako ordu estandarra",
                "daylight": "Samoako udako ordua"
              }
            },
            "Seychelles": {
              "long": {
                "standard": "Seychelle uharteetako ordua"
              }
            },
            "Singapore": {
              "long": {
                "standard": "Singapurreko ordu estandarra"
              }
            },
            "Solomon": {
              "long": {
                "standard": "Salomon Uharteetako ordua"
              }
            },
            "South_Georgia": {
              "long": {
                "standard": "Hegoaldeko Georgietako ordua"
              }
            },
            "Suriname": {
              "long": {
                "standard": "Surinamgo ordua"
              }
            },
            "Syowa": {
              "long": {
                "standard": "Syowako ordua"
              }
            },
            "Tahiti": {
              "long": {
                "standard": "Tahitiko ordua"
              }
            },
            "Taipei": {
              "long": {
                "generic": "Taipeiko ordua",
                "standard": "Taipeiko ordu estandarra",
                "daylight": "Taipeiko udako ordua"
              }
            },
            "Tajikistan": {
              "long": {
                "standard": "Tadjikistango ordua"
              }
            },
            "Tokelau": {
              "long": {
                "standard": "Tokelauko ordua"
              }
            },
            "Tonga": {
              "long": {
                "generic": "Tongako ordua",
                "standard": "Tongako ordu estandarra",
                "daylight": "Tongako udako ordua"
              }
            },
            "Truk": {
              "long": {
                "standard": "Chuukeko ordua"
              }
            },
            "Turkmenistan": {
              "long": {
                "generic": "Turkmenistango ordua",
                "standard": "Turkmenistango ordu estandarra",
                "daylight": "Turkmenistango udako ordua"
              }
            },
            "Tuvalu": {
              "long": {
                "standard": "Tuvaluko ordua"
              }
            },
            "Uruguay": {
              "long": {
                "generic": "Uruguaiko ordua",
                "standard": "Uruguaiko ordu estandarra",
                "daylight": "Uruguaiko udako ordua"
              }
            },
            "Uzbekistan": {
              "long": {
                "generic": "Uzbekistango ordua",
                "standard": "Uzbekistango ordu estandarra",
                "daylight": "Uzbekistango udako ordua"
              }
            },
            "Vanuatu": {
              "long": {
                "generic": "Vanuatuko ordua",
                "standard": "Vanuatuko ordu estandarra",
                "daylight": "Vanuatuko udako ordua"
              }
            },
            "Venezuela": {
              "long": {
                "standard": "Venezuelako ordua"
              }
            },
            "Vladivostok": {
              "long": {
                "generic": "Vladivostokeko ordua",
                "standard": "Vladivostokeko ordu estandarra",
                "daylight": "Vladivostokeko udako ordua"
              }
            },
            "Volgograd": {
              "long": {
                "generic": "Volgogradeko ordua",
                "standard": "Volgogradeko ordu estandarra",
                "daylight": "Volgogradeko udako ordua"
              }
            },
            "Vostok": {
              "long": {
                "standard": "Vostokeko ordua"
              }
            },
            "Wake": {
              "long": {
                "standard": "Wake uharteko ordua"
              }
            },
            "Wallis": {
              "long": {
                "standard": "Wallis eta Futunako ordutegia"
              }
            },
            "Yakutsk": {
              "long": {
                "generic": "Jakutskeko ordua",
                "standard": "Jakutskeko ordu estandarra",
                "daylight": "Jakutskeko udako ordua"
              }
            },
            "Yekaterinburg": {
              "long": {
                "generic": "Jekaterinburgeko ordua",
                "standard": "Jekaterinburgeko ordu estandarra",
                "daylight": "Jekaterinburgeko udako ordua"
              }
            },
            "Yukon": {
              "long": {
                "standard": "Yukongo ordua"
              }
            }
          }
        }
      }
    }
  }
}
