{
  "main": {
    "zu": {
      "identity": {
        "version": {
          "_cldrVersion": "42"
        },
        "language": "zu"
      },
      "dates": {
        "timeZoneNames": {
          "hourFormat": "+HH:mm;-HH:mm",
          "gmtFormat": "GMT{0}",
          "gmtZeroFormat": "GMT",
          "regionFormat": "Isikhathi sase-{0}",
          "regionFormat-type-daylight": "{0} Isikhathi sasemini",
          "regionFormat-type-standard": "{0} isikhathi esivamile",
          "fallbackFormat": "{1} ({0})",
          "zone": {
            "America": {
              "Adak": {
                "exemplarCity": "i-Adak"
              },
              "Anchorage": {
                "exemplarCity": "i-Anchorage"
              },
              "Anguilla": {
                "exemplarCity": "i-Anguilla"
              },
              "Antigua": {
                "exemplarCity": "i-Antigua"
              },
              "Araguaina": {
                "exemplarCity": "i-Araguaina"
              },
              "Argentina": {
                "Rio_Gallegos": {
                  "exemplarCity": "i-Rio Gallegos"
                },
                "San_Juan": {
                  "exemplarCity": "i-San Juan"
                },
                "Ushuaia": {
                  "exemplarCity": "i-Ushuaia"
                },
                "La_Rioja": {
                  "exemplarCity": "i-La Rioja"
                },
                "San_Luis": {
                  "exemplarCity": "i-San Luis"
                },
                "Salta": {
                  "exemplarCity": "i-Salta"
                },
                "Tucuman": {
                  "exemplarCity": "i-Tucuman"
                }
              },
              "Aruba": {
                "exemplarCity": "i-Aruba"
              },
              "Asuncion": {
                "exemplarCity": "i-Asunción"
              },
              "Bahia": {
                "exemplarCity": "i-Bahia"
              },
              "Bahia_Banderas": {
                "exemplarCity": "i-Bahia Banderas"
              },
              "Barbados": {
                "exemplarCity": "i-Barbados"
              },
              "Belem": {
                "exemplarCity": "i-Belem"
              },
              "Belize": {
                "exemplarCity": "i-Belize"
              },
              "Blanc-Sablon": {
                "exemplarCity": "i-Blanc-Sablon"
              },
              "Boa_Vista": {
                "exemplarCity": "i-Boa Vista"
              },
              "Bogota": {
                "exemplarCity": "i-Bogota"
              },
              "Boise": {
                "exemplarCity": "i-Boise"
              },
              "Buenos_Aires": {
                "exemplarCity": "i-Buenos Aires"
              },
              "Cambridge_Bay": {
                "exemplarCity": "i-Cambridge Bay"
              },
              "Campo_Grande": {
                "exemplarCity": "i-Campo Grande"
              },
              "Cancun": {
                "exemplarCity": "i-Cancun"
              },
              "Caracas": {
                "exemplarCity": "i-Caracas"
              },
              "Catamarca": {
                "exemplarCity": "i-Catamarca"
              },
              "Cayenne": {
                "exemplarCity": "i-Cayenne"
              },
              "Cayman": {
                "exemplarCity": "i-Cayman"
              },
              "Chicago": {
                "exemplarCity": "i-Chicago"
              },
              "Chihuahua": {
                "exemplarCity": "i-Chihuahua"
              },
              "Coral_Harbour": {
                "exemplarCity": "i-Atikokan"
              },
              "Cordoba": {
                "exemplarCity": "i-Cordoba"
              },
              "Costa_Rica": {
                "exemplarCity": "i-Costa Rica"
              },
              "Creston": {
                "exemplarCity": "i-Creston"
              },
              "Cuiaba": {
                "exemplarCity": "i-Cuiaba"
              },
              "Curacao": {
                "exemplarCity": "i-Curaçao"
              },
              "Danmarkshavn": {
                "exemplarCity": "i-Danmarkshavn"
              },
              "Dawson": {
                "exemplarCity": "i-Dawson"
              },
              "Dawson_Creek": {
                "exemplarCity": "i-Dawson Creek"
              },
              "Denver": {
                "exemplarCity": "i-Denver"
              },
              "Detroit": {
                "exemplarCity": "i-Detroit"
              },
              "Dominica": {
                "exemplarCity": "i-Dominica"
              },
              "Edmonton": {
                "exemplarCity": "i-Edmonton"
              },
              "Eirunepe": {
                "exemplarCity": "i-Eirunepe"
              },
              "El_Salvador": {
                "exemplarCity": "i-El Salvador"
              },
              "Fort_Nelson": {
                "exemplarCity": "i-Fort Nelson"
              },
              "Fortaleza": {
                "exemplarCity": "i-Fortaleza"
              },
              "Glace_Bay": {
                "exemplarCity": "i-Glace Bay"
              },
              "Godthab": {
                "exemplarCity": "i-Nuuk"
              },
              "Goose_Bay": {
                "exemplarCity": "i-Goose Bay"
              },
              "Grand_Turk": {
                "exemplarCity": "i-Grand Turk"
              },
              "Grenada": {
                "exemplarCity": "i-Grenada"
              },
              "Guadeloupe": {
                "exemplarCity": "i-Guadeloupe"
              },
              "Guatemala": {
                "exemplarCity": "i-Guatemala"
              },
              "Guayaquil": {
                "exemplarCity": "i-Guayaquil"
              },
              "Guyana": {
                "exemplarCity": "i-Guyana"
              },
              "Halifax": {
                "exemplarCity": "i-Halifax"
              },
              "Havana": {
                "exemplarCity": "i-Havana"
              },
              "Hermosillo": {
                "exemplarCity": "i-Hermosillo"
              },
              "Indiana": {
                "Vincennes": {
                  "exemplarCity": "i-Vincennes, Indiana"
                },
                "Petersburg": {
                  "exemplarCity": "i-Petersburg, Indiana"
                },
                "Tell_City": {
                  "exemplarCity": "i-Tell City, Indiana"
                },
                "Knox": {
                  "exemplarCity": "i-Knox, Indiana"
                },
                "Winamac": {
                  "exemplarCity": "i-Winamac, Indiana"
                },
                "Marengo": {
                  "exemplarCity": "i-Marengo, Indiana"
                },
                "Vevay": {
                  "exemplarCity": "i-Vevay, Indiana"
                }
              },
              "Indianapolis": {
                "exemplarCity": "i-Indianapolis"
              },
              "Inuvik": {
                "exemplarCity": "i-Inuvik"
              },
              "Iqaluit": {
                "exemplarCity": "i-Iqaluit"
              },
              "Jamaica": {
                "exemplarCity": "i-Jamaica"
              },
              "Jujuy": {
                "exemplarCity": "i-Jujuy"
              },
              "Juneau": {
                "exemplarCity": "i-Juneau"
              },
              "Kentucky": {
                "Monticello": {
                  "exemplarCity": "i-Monticello, Kentucky"
                }
              },
              "Kralendijk": {
                "exemplarCity": "i-Kralendijk"
              },
              "La_Paz": {
                "exemplarCity": "i-La Paz"
              },
              "Lima": {
                "exemplarCity": "i-Lima"
              },
              "Los_Angeles": {
                "exemplarCity": "i-Los Angeles"
              },
              "Louisville": {
                "exemplarCity": "i-Louisville"
              },
              "Lower_Princes": {
                "exemplarCity": "i-Lower Prince’s Quarter"
              },
              "Maceio": {
                "exemplarCity": "i-Maceio"
              },
              "Managua": {
                "exemplarCity": "i-Managua"
              },
              "Manaus": {
                "exemplarCity": "i-Manaus"
              },
              "Marigot": {
                "exemplarCity": "i-Marigot"
              },
              "Martinique": {
                "exemplarCity": "i-Martinique"
              },
              "Matamoros": {
                "exemplarCity": "i-Matamoros"
              },
              "Mazatlan": {
                "exemplarCity": "i-Mazatlan"
              },
              "Mendoza": {
                "exemplarCity": "i-Mendoza"
              },
              "Menominee": {
                "exemplarCity": "i-Menominee"
              },
              "Merida": {
                "exemplarCity": "i-Merida"
              },
              "Metlakatla": {
                "exemplarCity": "i-Metlakatla"
              },
              "Mexico_City": {
                "exemplarCity": "i-Mexico City"
              },
              "Miquelon": {
                "exemplarCity": "i-Miquelon"
              },
              "Moncton": {
                "exemplarCity": "i-Moncton"
              },
              "Monterrey": {
                "exemplarCity": "i-Monterrey"
              },
              "Montevideo": {
                "exemplarCity": "i-Montevideo"
              },
              "Montserrat": {
                "exemplarCity": "i-Montserrat"
              },
              "Nassau": {
                "exemplarCity": "i-Nassau"
              },
              "New_York": {
                "exemplarCity": "i-New York"
              },
              "Nipigon": {
                "exemplarCity": "i-Nipigon"
              },
              "Nome": {
                "exemplarCity": "i-Nome"
              },
              "Noronha": {
                "exemplarCity": "i-Noronha"
              },
              "North_Dakota": {
                "Beulah": {
                  "exemplarCity": "i-Beulah, North Dakota"
                },
                "New_Salem": {
                  "exemplarCity": "i-New Salem, North Dakota"
                },
                "Center": {
                  "exemplarCity": "i-Center, North Dakota"
                }
              },
              "Ojinaga": {
                "exemplarCity": "i-Ojinaga"
              },
              "Panama": {
                "exemplarCity": "i-Panama"
              },
              "Pangnirtung": {
                "exemplarCity": "i-Pangnirtung"
              },
              "Paramaribo": {
                "exemplarCity": "i-Paramaribo"
              },
              "Phoenix": {
                "exemplarCity": "i-Phoenix"
              },
              "Port-au-Prince": {
                "exemplarCity": "i-Port-au-Prince"
              },
              "Port_of_Spain": {
                "exemplarCity": "i-Port of Spain"
              },
              "Porto_Velho": {
                "exemplarCity": "i-Porto Velho"
              },
              "Puerto_Rico": {
                "exemplarCity": "i-Puerto Rico"
              },
              "Punta_Arenas": {
                "exemplarCity": "i-Punta Arenas"
              },
              "Rainy_River": {
                "exemplarCity": "i-Rainy River"
              },
              "Rankin_Inlet": {
                "exemplarCity": "i-Rankin Inlet"
              },
              "Recife": {
                "exemplarCity": "i-Recife"
              },
              "Regina": {
                "exemplarCity": "i-Regina"
              },
              "Resolute": {
                "exemplarCity": "i-Resolute"
              },
              "Rio_Branco": {
                "exemplarCity": "i-Rio Branco"
              },
              "Santa_Isabel": {
                "exemplarCity": "i-Santa Isabel"
              },
              "Santarem": {
                "exemplarCity": "i-Santarem"
              },
              "Santiago": {
                "exemplarCity": "i-Santiago"
              },
              "Santo_Domingo": {
                "exemplarCity": "i-Santo Domingo"
              },
              "Sao_Paulo": {
                "exemplarCity": "i-Sao Paulo"
              },
              "Scoresbysund": {
                "exemplarCity": "i-Ittoqqortoormiit"
              },
              "Sitka": {
                "exemplarCity": "i-Sitka"
              },
              "St_Barthelemy": {
                "exemplarCity": "i-St. Barthélemy"
              },
              "St_Johns": {
                "exemplarCity": "i-St. John’s"
              },
              "St_Kitts": {
                "exemplarCity": "i-St. Kitts"
              },
              "St_Lucia": {
                "exemplarCity": "I-St. Lucia"
              },
              "St_Thomas": {
                "exemplarCity": "i-St. Thomas"
              },
              "St_Vincent": {
                "exemplarCity": "i-St. Vincent"
              },
              "Swift_Current": {
                "exemplarCity": "i-Swift Current"
              },
              "Tegucigalpa": {
                "exemplarCity": "i-Tegucigalpa"
              },
              "Thule": {
                "exemplarCity": "i-Thule"
              },
              "Thunder_Bay": {
                "exemplarCity": "i-Thunder Bay"
              },
              "Tijuana": {
                "exemplarCity": "i-Tijuana"
              },
              "Toronto": {
                "exemplarCity": "i-Toronto"
              },
              "Tortola": {
                "exemplarCity": "i-Tortola"
              },
              "Vancouver": {
                "exemplarCity": "i-Vancouver"
              },
              "Whitehorse": {
                "exemplarCity": "i-Whitehorse"
              },
              "Winnipeg": {
                "exemplarCity": "i-Winnipeg"
              },
              "Yakutat": {
                "exemplarCity": "i-Yakutat"
              },
              "Yellowknife": {
                "exemplarCity": "i-Yellowknife"
              }
            },
            "Atlantic": {
              "Azores": {
                "exemplarCity": "i-Azores"
              },
              "Bermuda": {
                "exemplarCity": "i-Bermuda"
              },
              "Canary": {
                "exemplarCity": "i-Canary"
              },
              "Cape_Verde": {
                "exemplarCity": "i-Cape Verde"
              },
              "Faeroe": {
                "exemplarCity": "i-Faroe"
              },
              "Madeira": {
                "exemplarCity": "i-Madeira"
              },
              "Reykjavik": {
                "exemplarCity": "i-Reykjavik"
              },
              "South_Georgia": {
                "exemplarCity": "i-South Georgia"
              },
              "St_Helena": {
                "exemplarCity": "i-St. Helena"
              },
              "Stanley": {
                "exemplarCity": "i-Stanley"
              }
            },
            "Europe": {
              "Amsterdam": {
                "exemplarCity": "i-Amsterdam"
              },
              "Andorra": {
                "exemplarCity": "i-Andorra"
              },
              "Astrakhan": {
                "exemplarCity": "i-Astrakhan"
              },
              "Athens": {
                "exemplarCity": "i-Athens"
              },
              "Belgrade": {
                "exemplarCity": "i-Belgrade"
              },
              "Berlin": {
                "exemplarCity": "i-Berlin"
              },
              "Bratislava": {
                "exemplarCity": "i-Bratislava"
              },
              "Brussels": {
                "exemplarCity": "i-Brussels"
              },
              "Bucharest": {
                "exemplarCity": "i-Bucharest"
              },
              "Budapest": {
                "exemplarCity": "i-Budapest"
              },
              "Busingen": {
                "exemplarCity": "i-Busingen"
              },
              "Chisinau": {
                "exemplarCity": "i-Chisinau"
              },
              "Copenhagen": {
                "exemplarCity": "i-Copenhagen"
              },
              "Dublin": {
                "long": {
                  "daylight": "isikhathi sase-Irish esivamile"
                },
                "exemplarCity": "i-Dublin"
              },
              "Gibraltar": {
                "exemplarCity": "i-Gibraltar"
              },
              "Guernsey": {
                "exemplarCity": "i-Guernsey"
              },
              "Helsinki": {
                "exemplarCity": "i-Helsinki"
              },
              "Isle_of_Man": {
                "exemplarCity": "i-Isle of Man"
              },
              "Istanbul": {
                "exemplarCity": "i-Istanbul"
              },
              "Jersey": {
                "exemplarCity": "i-Jersey"
              },
              "Kaliningrad": {
                "exemplarCity": "i-Kaliningrad"
              },
              "Kiev": {
                "exemplarCity": "i-Kiev"
              },
              "Kirov": {
                "exemplarCity": "i-Kirov"
              },
              "Lisbon": {
                "exemplarCity": "i-Lisbon"
              },
              "Ljubljana": {
                "exemplarCity": "i-Ljubljana"
              },
              "London": {
                "long": {
                  "daylight": "isikhathi sase-British sasehlobo"
                },
                "exemplarCity": "i-London"
              },
              "Luxembourg": {
                "exemplarCity": "i-Luxembourg"
              },
              "Madrid": {
                "exemplarCity": "i-Madrid"
              },
              "Malta": {
                "exemplarCity": "i-Malta"
              },
              "Mariehamn": {
                "exemplarCity": "i-Mariehamn"
              },
              "Minsk": {
                "exemplarCity": "i-Minsk"
              },
              "Monaco": {
                "exemplarCity": "i-Monaco"
              },
              "Moscow": {
                "exemplarCity": "i-Moscow"
              },
              "Oslo": {
                "exemplarCity": "i-Oslo"
              },
              "Paris": {
                "exemplarCity": "i-Paris"
              },
              "Podgorica": {
                "exemplarCity": "i-Podgorica"
              },
              "Prague": {
                "exemplarCity": "i-Prague"
              },
              "Riga": {
                "exemplarCity": "i-Riga"
              },
              "Rome": {
                "exemplarCity": "i-Rome"
              },
              "Samara": {
                "exemplarCity": "i-Samara"
              },
              "San_Marino": {
                "exemplarCity": "i-San Marino"
              },
              "Sarajevo": {
                "exemplarCity": "i-Sarajevo"
              },
              "Saratov": {
                "exemplarCity": "i-Saratov"
              },
              "Simferopol": {
                "exemplarCity": "i-Simferopol"
              },
              "Skopje": {
                "exemplarCity": "i-Skopje"
              },
              "Sofia": {
                "exemplarCity": "i-Sofia"
              },
              "Stockholm": {
                "exemplarCity": "i-Stockholm"
              },
              "Tallinn": {
                "exemplarCity": "i-Tallinn"
              },
              "Tirane": {
                "exemplarCity": "i-Tirane"
              },
              "Ulyanovsk": {
                "exemplarCity": "i-Ulyanovsk"
              },
              "Uzhgorod": {
                "exemplarCity": "i-Uzhhorod"
              },
              "Vaduz": {
                "exemplarCity": "i-Vaduz"
              },
              "Vatican": {
                "exemplarCity": "i-Vatican"
              },
              "Vienna": {
                "exemplarCity": "i-Vienna"
              },
              "Vilnius": {
                "exemplarCity": "i-Vilnius"
              },
              "Volgograd": {
                "exemplarCity": "i-Volgograd"
              },
              "Warsaw": {
                "exemplarCity": "i-Warsaw"
              },
              "Zagreb": {
                "exemplarCity": "i-Zagreb"
              },
              "Zaporozhye": {
                "exemplarCity": "i-Zaporozhye"
              },
              "Zurich": {
                "exemplarCity": "i-Zurich"
              }
            },
            "Africa": {
              "Abidjan": {
                "exemplarCity": "i-Abidjan"
              },
              "Accra": {
                "exemplarCity": "i-Accra"
              },
              "Addis_Ababa": {
                "exemplarCity": "i-Addis Ababa"
              },
              "Algiers": {
                "exemplarCity": "i-Algiers"
              },
              "Asmera": {
                "exemplarCity": "i-Asmara"
              },
              "Bamako": {
                "exemplarCity": "i-Bamako"
              },
              "Bangui": {
                "exemplarCity": "i-Bangui"
              },
              "Banjul": {
                "exemplarCity": "i-Banjul"
              },
              "Bissau": {
                "exemplarCity": "i-Bissau"
              },
              "Blantyre": {
                "exemplarCity": "i-Blantyre"
              },
              "Brazzaville": {
                "exemplarCity": "i-Brazzaville"
              },
              "Bujumbura": {
                "exemplarCity": "i-Bujumbura"
              },
              "Cairo": {
                "exemplarCity": "i-Cairo"
              },
              "Casablanca": {
                "exemplarCity": "i-Casablanca"
              },
              "Ceuta": {
                "exemplarCity": "i-Ceuta"
              },
              "Conakry": {
                "exemplarCity": "i-Conakry"
              },
              "Dakar": {
                "exemplarCity": "i-Dakar"
              },
              "Dar_es_Salaam": {
                "exemplarCity": "i-Dar es Salaam"
              },
              "Djibouti": {
                "exemplarCity": "i-Djibouti"
              },
              "Douala": {
                "exemplarCity": "i-Douala"
              },
              "El_Aaiun": {
                "exemplarCity": "i-El Aaiun"
              },
              "Freetown": {
                "exemplarCity": "i-Freetown"
              },
              "Gaborone": {
                "exemplarCity": "i-Gaborone"
              },
              "Harare": {
                "exemplarCity": "i-Harare"
              },
              "Johannesburg": {
                "exemplarCity": "i-Johannesburg"
              },
              "Juba": {
                "exemplarCity": "iJuba"
              },
              "Kampala": {
                "exemplarCity": "i-Kampala"
              },
              "Khartoum": {
                "exemplarCity": "i-Khartoum"
              },
              "Kigali": {
                "exemplarCity": "i-Kigali"
              },
              "Kinshasa": {
                "exemplarCity": "i-Kinshasa"
              },
              "Lagos": {
                "exemplarCity": "i-Lagos"
              },
              "Libreville": {
                "exemplarCity": "i-Libreville"
              },
              "Lome": {
                "exemplarCity": "i-Lome"
              },
              "Luanda": {
                "exemplarCity": "i-Luanda"
              },
              "Lubumbashi": {
                "exemplarCity": "i-Lubumbashi"
              },
              "Lusaka": {
                "exemplarCity": "iLusaka"
              },
              "Malabo": {
                "exemplarCity": "iMalabo"
              },
              "Maputo": {
                "exemplarCity": "iMaputo"
              },
              "Maseru": {
                "exemplarCity": "iMaseru"
              },
              "Mbabane": {
                "exemplarCity": "iMbabane"
              },
              "Mogadishu": {
                "exemplarCity": "i-Mogadishu"
              },
              "Monrovia": {
                "exemplarCity": "i-Monrovia"
              },
              "Nairobi": {
                "exemplarCity": "i-Nairobi"
              },
              "Ndjamena": {
                "exemplarCity": "i-Ndjamena"
              },
              "Niamey": {
                "exemplarCity": "i-Niamey"
              },
              "Nouakchott": {
                "exemplarCity": "i-Nouakchott"
              },
              "Ouagadougou": {
                "exemplarCity": "i-Ouagadougou"
              },
              "Porto-Novo": {
                "exemplarCity": "i-Porto-Novo"
              },
              "Sao_Tome": {
                "exemplarCity": "i-São Tomé"
              },
              "Tripoli": {
                "exemplarCity": "i-Tripoli"
              },
              "Tunis": {
                "exemplarCity": "i-Tunis"
              },
              "Windhoek": {
                "exemplarCity": "i-Windhoek"
              }
            },
            "Asia": {
              "Aden": {
                "exemplarCity": "i-Aden"
              },
              "Almaty": {
                "exemplarCity": "i-Almaty"
              },
              "Amman": {
                "exemplarCity": "i-Amman"
              },
              "Anadyr": {
                "exemplarCity": "i-Anadyr"
              },
              "Aqtau": {
                "exemplarCity": "i-Aqtau"
              },
              "Aqtobe": {
                "exemplarCity": "i-Aqtobe"
              },
              "Ashgabat": {
                "exemplarCity": "i-Ashgabat"
              },
              "Atyrau": {
                "exemplarCity": "Atyrau"
              },
              "Baghdad": {
                "exemplarCity": "i-Baghdad"
              },
              "Bahrain": {
                "exemplarCity": "i-Bahrain"
              },
              "Baku": {
                "exemplarCity": "i-Baku"
              },
              "Bangkok": {
                "exemplarCity": "i-Bangkok"
              },
              "Barnaul": {
                "exemplarCity": "i-Barnaul"
              },
              "Beirut": {
                "exemplarCity": "i-Beirut"
              },
              "Bishkek": {
                "exemplarCity": "i-Bishkek"
              },
              "Brunei": {
                "exemplarCity": "i-Brunei"
              },
              "Calcutta": {
                "exemplarCity": "i-Kolkata"
              },
              "Chita": {
                "exemplarCity": "i-Chita"
              },
              "Choibalsan": {
                "exemplarCity": "i-Choibalsan"
              },
              "Colombo": {
                "exemplarCity": "i-Colombo"
              },
              "Damascus": {
                "exemplarCity": "i-Damascus"
              },
              "Dhaka": {
                "exemplarCity": "i-Dhaka"
              },
              "Dili": {
                "exemplarCity": "i-Dili"
              },
              "Dubai": {
                "exemplarCity": "i-Dubai"
              },
              "Dushanbe": {
                "exemplarCity": "i-Dushanbe"
              },
              "Famagusta": {
                "exemplarCity": "Famagusta"
              },
              "Gaza": {
                "exemplarCity": "iGaza"
              },
              "Hebron": {
                "exemplarCity": "i-Hebron"
              },
              "Hong_Kong": {
                "exemplarCity": "i-Hong Kong"
              },
              "Hovd": {
                "exemplarCity": "i-Hovd"
              },
              "Irkutsk": {
                "exemplarCity": "i-Irkutsk"
              },
              "Jakarta": {
                "exemplarCity": "i-Jakarta"
              },
              "Jayapura": {
                "exemplarCity": "i-Jayapura"
              },
              "Jerusalem": {
                "exemplarCity": "i-Jerusalem"
              },
              "Kabul": {
                "exemplarCity": "i-Kabul"
              },
              "Kamchatka": {
                "exemplarCity": "i-Kamchatka"
              },
              "Karachi": {
                "exemplarCity": "i-Karachi"
              },
              "Katmandu": {
                "exemplarCity": "i-Kathmandu"
              },
              "Khandyga": {
                "exemplarCity": "i-Khandyga"
              },
              "Krasnoyarsk": {
                "exemplarCity": "i-Krasnoyarsk"
              },
              "Kuala_Lumpur": {
                "exemplarCity": "i-Kuala Lumpur"
              },
              "Kuching": {
                "exemplarCity": "i-Kuching"
              },
              "Kuwait": {
                "exemplarCity": "i-Kuwait"
              },
              "Macau": {
                "exemplarCity": "i-Macau"
              },
              "Magadan": {
                "exemplarCity": "i-Magadan"
              },
              "Makassar": {
                "exemplarCity": "i-Makassar"
              },
              "Manila": {
                "exemplarCity": "i-Manila"
              },
              "Muscat": {
                "exemplarCity": "i-Muscat"
              },
              "Nicosia": {
                "exemplarCity": "i-Nicosia"
              },
              "Novokuznetsk": {
                "exemplarCity": "i-Novokuznetsk"
              },
              "Novosibirsk": {
                "exemplarCity": "i-Novosibirsk"
              },
              "Omsk": {
                "exemplarCity": "i-Omsk"
              },
              "Oral": {
                "exemplarCity": "i-Oral"
              },
              "Phnom_Penh": {
                "exemplarCity": "i-Phnom Penh"
              },
              "Pontianak": {
                "exemplarCity": "i-Pontianak"
              },
              "Pyongyang": {
                "exemplarCity": "i-Pyongyang"
              },
              "Qatar": {
                "exemplarCity": "i-Qatar"
              },
              "Qostanay": {
                "exemplarCity": "I-Kostanay"
              },
              "Qyzylorda": {
                "exemplarCity": "i-Qyzylorda"
              },
              "Rangoon": {
                "exemplarCity": "i-Rangoon"
              },
              "Riyadh": {
                "exemplarCity": "i-Riyadh"
              },
              "Saigon": {
                "exemplarCity": "i-Ho Chi Minh City"
              },
              "Sakhalin": {
                "exemplarCity": "i-Sakhalin"
              },
              "Samarkand": {
                "exemplarCity": "i-Samarkand"
              },
              "Seoul": {
                "exemplarCity": "i-Seoul"
              },
              "Shanghai": {
                "exemplarCity": "i-Shanghai"
              },
              "Singapore": {
                "exemplarCity": "i-Singapore"
              },
              "Srednekolymsk": {
                "exemplarCity": "i-Srednekolymsk"
              },
              "Taipei": {
                "exemplarCity": "i-Taipei"
              },
              "Tashkent": {
                "exemplarCity": "i-Tashkent"
              },
              "Tbilisi": {
                "exemplarCity": "i-Tbilisi"
              },
              "Tehran": {
                "exemplarCity": "i-Tehran"
              },
              "Thimphu": {
                "exemplarCity": "i-Thimphu"
              },
              "Tokyo": {
                "exemplarCity": "i-Tokyo"
              },
              "Tomsk": {
                "exemplarCity": "i-Tomsk"
              },
              "Ulaanbaatar": {
                "exemplarCity": "i-Ulaanbaatar"
              },
              "Urumqi": {
                "exemplarCity": "i-Urumqi"
              },
              "Ust-Nera": {
                "exemplarCity": "i-Ust-Nera"
              },
              "Vientiane": {
                "exemplarCity": "i-Vientiane"
              },
              "Vladivostok": {
                "exemplarCity": "i-Vladivostok"
              },
              "Yakutsk": {
                "exemplarCity": "i-Yakutsk"
              },
              "Yekaterinburg": {
                "exemplarCity": "i-Yekaterinburg"
              },
              "Yerevan": {
                "exemplarCity": "i-Yerevan"
              }
            },
            "Indian": {
              "Antananarivo": {
                "exemplarCity": "i-Antananarivo"
              },
              "Chagos": {
                "exemplarCity": "i-Chagos"
              },
              "Christmas": {
                "exemplarCity": "Ukhisimusi"
              },
              "Cocos": {
                "exemplarCity": "i-Cocos"
              },
              "Comoro": {
                "exemplarCity": "i-Comoro"
              },
              "Kerguelen": {
                "exemplarCity": "i-Kerguelen"
              },
              "Mahe": {
                "exemplarCity": "iMahe"
              },
              "Maldives": {
                "exemplarCity": "i-Maldives"
              },
              "Mauritius": {
                "exemplarCity": "i-Mauritius"
              },
              "Mayotte": {
                "exemplarCity": "i-Mayotte"
              },
              "Reunion": {
                "exemplarCity": "i-Réunion"
              }
            },
            "Australia": {
              "Adelaide": {
                "exemplarCity": "i-Adelaide"
              },
              "Brisbane": {
                "exemplarCity": "i-Brisbane"
              },
              "Broken_Hill": {
                "exemplarCity": "i-Broken Hill"
              },
              "Currie": {
                "exemplarCity": "i-Currie"
              },
              "Darwin": {
                "exemplarCity": "i-Darwin"
              },
              "Eucla": {
                "exemplarCity": "i-Eucla"
              },
              "Hobart": {
                "exemplarCity": "i-Hobart"
              },
              "Lindeman": {
                "exemplarCity": "i-Lindeman"
              },
              "Lord_Howe": {
                "exemplarCity": "i-Lord Howe"
              },
              "Melbourne": {
                "exemplarCity": "i-Melbourne"
              },
              "Perth": {
                "exemplarCity": "i-Perth"
              },
              "Sydney": {
                "exemplarCity": "i-Sydney"
              }
            },
            "Pacific": {
              "Apia": {
                "exemplarCity": "i-Apia"
              },
              "Auckland": {
                "exemplarCity": "i-Auckland"
              },
              "Bougainville": {
                "exemplarCity": "i-Bougainville"
              },
              "Chatham": {
                "exemplarCity": "i-Chatham"
              },
              "Easter": {
                "exemplarCity": "i-Easter"
              },
              "Efate": {
                "exemplarCity": "i-Efate"
              },
              "Enderbury": {
                "exemplarCity": "i-Enderbury"
              },
              "Fakaofo": {
                "exemplarCity": "i-Fakaofo"
              },
              "Fiji": {
                "exemplarCity": "i-Fiji"
              },
              "Funafuti": {
                "exemplarCity": "i-Funafuti"
              },
              "Galapagos": {
                "exemplarCity": "i-Galapagos"
              },
              "Gambier": {
                "exemplarCity": "i-Gambier"
              },
              "Guadalcanal": {
                "exemplarCity": "i-Guadalcanal"
              },
              "Guam": {
                "exemplarCity": "i-Guam"
              },
              "Honolulu": {
                "exemplarCity": "i-Honolulu"
              },
              "Johnston": {
                "exemplarCity": "i-Johnston"
              },
              "Kanton": {
                "exemplarCity": "Kanton"
              },
              "Kiritimati": {
                "exemplarCity": "i-Kiritimati"
              },
              "Kosrae": {
                "exemplarCity": "i-Kosrae"
              },
              "Kwajalein": {
                "exemplarCity": "i-Kwajalein"
              },
              "Majuro": {
                "exemplarCity": "i-Majuro"
              },
              "Marquesas": {
                "exemplarCity": "i-Marquesas"
              },
              "Midway": {
                "exemplarCity": "i-Midway"
              },
              "Nauru": {
                "exemplarCity": "i-Nauru"
              },
              "Niue": {
                "exemplarCity": "i-Niue"
              },
              "Norfolk": {
                "exemplarCity": "i-Norfolk"
              },
              "Noumea": {
                "exemplarCity": "i-Noumea"
              },
              "Pago_Pago": {
                "exemplarCity": "i-Pago Pago"
              },
              "Palau": {
                "exemplarCity": "i-Palau"
              },
              "Pitcairn": {
                "exemplarCity": "i-Pitcairn"
              },
              "Ponape": {
                "exemplarCity": "i-Pohnpei"
              },
              "Port_Moresby": {
                "exemplarCity": "i-Port Moresby"
              },
              "Rarotonga": {
                "exemplarCity": "i-Rarotonga"
              },
              "Saipan": {
                "exemplarCity": "i-Saipan"
              },
              "Tahiti": {
                "exemplarCity": "i-Tahiti"
              },
              "Tarawa": {
                "exemplarCity": "i-Tarawa"
              },
              "Tongatapu": {
                "exemplarCity": "i-Tongatapu"
              },
              "Truk": {
                "exemplarCity": "i-Chuuk"
              },
              "Wake": {
                "exemplarCity": "i-Wake"
              },
              "Wallis": {
                "exemplarCity": "i-Wallis"
              }
            },
            "Arctic": {
              "Longyearbyen": {
                "exemplarCity": "i-Longyearbyen"
              }
            },
            "Antarctica": {
              "Casey": {
                "exemplarCity": "i-Casey"
              },
              "Davis": {
                "exemplarCity": "i-Davis"
              },
              "DumontDUrville": {
                "exemplarCity": "i-Dumont d’Urville"
              },
              "Macquarie": {
                "exemplarCity": "i-Macquarie"
              },
              "Mawson": {
                "exemplarCity": "i-Mawson"
              },
              "McMurdo": {
                "exemplarCity": "i-McMurdo"
              },
              "Palmer": {
                "exemplarCity": "i-Palmer"
              },
              "Rothera": {
                "exemplarCity": "i-Rothera"
              },
              "Syowa": {
                "exemplarCity": "i-Syowa"
              },
              "Troll": {
                "exemplarCity": "i-Troll"
              },
              "Vostok": {
                "exemplarCity": "i-Vostok"
              }
            },
            "Etc": {
              "UTC": {
                "long": {
                  "standard": "isikhathi somhlaba esididiyelwe"
                },
                "short": {
                  "standard": "UTC"
                }
              },
              "Unknown": {
                "exemplarCity": "idolobha elingaziwa"
              }
            }
          },
          "metazone": {
            "Afghanistan": {
              "long": {
                "standard": "Isikhathi sase-Afghanistan"
              }
            },
            "Africa_Central": {
              "long": {
                "standard": "Isikhathi sase-Central Africa"
              }
            },
            "Africa_Eastern": {
              "long": {
                "standard": "Isikhathi saseMpumalanga Afrika"
              }
            },
            "Africa_Southern": {
              "long": {
                "standard": "Isikhathi esivamile saseNingizimu Afrika"
              }
            },
            "Africa_Western": {
              "long": {
                "generic": "Isikhathi saseNtshonalanga Afrika",
                "standard": "Isikhathi esivamile saseNtshonalanga Afrika",
                "daylight": "Isikhathi sasehlobo saseNtshonalanga Afrika"
              }
            },
            "Alaska": {
              "long": {
                "generic": "Isikhathi sase-Alaska",
                "standard": "Isikhathi sase-Alaska esijwayelekile",
                "daylight": "Isikhathi sase-Alaska sasemini"
              }
            },
            "Amazon": {
              "long": {
                "generic": "Isikhathi sase-Amazon",
                "standard": "Isikhathi sase-Amazon esijwayelekile",
                "daylight": "Isikhathi sase-Amazon sasehlobo"
              }
            },
            "America_Central": {
              "long": {
                "generic": "Isikhathi sase-North American Central",
                "standard": "Isikhathi sase-North American Central esijwayelekile",
                "daylight": "Isikhathi sase-North American Central sasemini"
              }
            },
            "America_Eastern": {
              "long": {
                "generic": "Isikhathi sase-North American East",
                "standard": "Isikhathi sase-North American East esijwayelekile",
                "daylight": "Isikhathi sase-North American East sasemini"
              }
            },
            "America_Mountain": {
              "long": {
                "generic": "Isikhathi sase-North American Mountain",
                "standard": "Isikhathi sase-North American Mountain esijwayelekile",
                "daylight": "Isikhathi sase-North American Mountain sasemini"
              }
            },
            "America_Pacific": {
              "long": {
                "generic": "Isikhathi sase-North American Pacific",
                "standard": "Isikhathi sase-North American Pacific esijwayelekile",
                "daylight": "Isikhathi sase-North American Pacific sasemini"
              }
            },
            "Anadyr": {
              "long": {
                "generic": "esase-Anadyr Time",
                "standard": "esase-Anadyr Standard Time",
                "daylight": "esase-Anadyr Summer Time"
              }
            },
            "Apia": {
              "long": {
                "generic": "Isikhathi sase-Apia",
                "standard": "Isikhathi sase-Apia esivamile",
                "daylight": "Isikhathi sase-Apia sasemini"
              }
            },
            "Arabian": {
              "long": {
                "generic": "Isikhathi sase-Arabian",
                "standard": "Isikhathi esivamile sase-Arabian",
                "daylight": "Isikhathi semini sase-Arabian"
              }
            },
            "Argentina": {
              "long": {
                "generic": "Isikhathi sase-Argentina",
                "standard": "Isikhathi sase-Argentina esijwayelekile",
                "daylight": "Isikhathi sase-Argentina sasehlobo"
              }
            },
            "Argentina_Western": {
              "long": {
                "generic": "Isikhathi saseNyakatho ne-Argentina",
                "standard": "Isikhathi saseNyakatho ne-Argentina esijwayelekile",
                "daylight": "Isikhathi saseNyakatho ne-Argentina sasehlobo"
              }
            },
            "Armenia": {
              "long": {
                "generic": "Isikhathi saseArmenia",
                "standard": "Isikhathi esivamile sase-Armenia",
                "daylight": "Isikhathi sehlobo sase-Armenia"
              }
            },
            "Atlantic": {
              "long": {
                "generic": "Isikhathi sase-Atlantic",
                "standard": "Isikhathi sase-Atlantic esijwayelekile",
                "daylight": "Isikhathi sase-Atlantic sasemini"
              }
            },
            "Australia_Central": {
              "long": {
                "generic": "Isikhathi sase-Central Australia",
                "standard": "Isikhathi sase-Australian Central esivamile",
                "daylight": "Isikhathi sase-Australian Central sasemini"
              }
            },
            "Australia_CentralWestern": {
              "long": {
                "generic": "Isikhathi sase-Australian Central West",
                "standard": "Isikhathi sase-Australian Central West esivamile",
                "daylight": "Isikhathi sasemini sase-Australian Central West"
              }
            },
            "Australia_Eastern": {
              "long": {
                "generic": "Isikhathi sase-Eastern Australia",
                "standard": "Isikhathi esivamile sase-Australian East",
                "daylight": "Isikhathi sasemini sase-Australian East"
              }
            },
            "Australia_Western": {
              "long": {
                "generic": "Isikhathi sase-Western Australia",
                "standard": "Isikhathi sase-Australian Western esivamile",
                "daylight": "Isikhathi sase-Australian Western sasemini"
              }
            },
            "Azerbaijan": {
              "long": {
                "generic": "Isikhathi sase-Azerbaijan",
                "standard": "Isikhathi esivamile sase-Azerbaijan",
                "daylight": "Isikhathi sehlobo sase-Azerbaijan"
              }
            },
            "Azores": {
              "long": {
                "generic": "Isikhathi sase-Azores",
                "standard": "Isikhathi esijwayelekile sase-Azores",
                "daylight": "Isikhathi sasehlobo sase-Azores"
              }
            },
            "Bangladesh": {
              "long": {
                "generic": "Isikhathi sase-Bangladesh",
                "standard": "Isikhathi sase-Bangladesh esivamile",
                "daylight": "Isikhathi sase-Bangladesh sasehlobo"
              }
            },
            "Bhutan": {
              "long": {
                "standard": "Isikhathi sase-Bhutan"
              }
            },
            "Bolivia": {
              "long": {
                "standard": "Isikhathi sase-Bolivia"
              }
            },
            "Brasilia": {
              "long": {
                "generic": "Isikhathi sase-Brasilia",
                "standard": "Isikhathi sase-Brasilia esijwayelekile",
                "daylight": "Isikhathi sase-Brasilia sasehlobo"
              }
            },
            "Brunei": {
              "long": {
                "standard": "Isikhathi sase-Brunei Darussalam"
              }
            },
            "Cape_Verde": {
              "long": {
                "generic": "Isikhathi sase-Cape Verde",
                "standard": "Isikhathi esezingeni sase-Cape Verde",
                "daylight": "Isikhathi sehlobo sase-Cape Verde"
              }
            },
            "Chamorro": {
              "long": {
                "standard": "Isikhathi esivamile sase-Chamorro"
              }
            },
            "Chatham": {
              "long": {
                "generic": "Isikhathi sase-Chatham",
                "standard": "Isikhathi esivamile sase-Chatham",
                "daylight": "Isikhathi sasemini sase-Chatham"
              }
            },
            "Chile": {
              "long": {
                "generic": "Isikhathi sase-Chile",
                "standard": "Isikhathi sase-Chile esijwayelekile",
                "daylight": "Isikhathi sase-Chile sasehlobo"
              }
            },
            "China": {
              "long": {
                "generic": "Isikhathi sase-China",
                "standard": "Isikhathi esivamile sase-China",
                "daylight": "Isikhathi semini sase-China"
              }
            },
            "Choibalsan": {
              "long": {
                "generic": "Isikhathi sase-Choibalsan",
                "standard": "Isikhathi Esivamile sase-Choibalsan",
                "daylight": "Isikhathi sehlobo e-Choibalsan"
              }
            },
            "Christmas": {
              "long": {
                "standard": "Isikhathi sase-Christmas Island"
              }
            },
            "Cocos": {
              "long": {
                "standard": "Isikhathi sase-Cocos Islands"
              }
            },
            "Colombia": {
              "long": {
                "generic": "Isikhathi sase-Colombia",
                "standard": "Isikhathi sase-Colombia esijwayelekile",
                "daylight": "Isikhathi sase-Colombia sasehlobo"
              }
            },
            "Cook": {
              "long": {
                "generic": "Isikhathi sase-Cook Islands",
                "standard": "Isikhathi esivamile sase-Cook Islands",
                "daylight": "Isikhathi esiyingxenye yasehlobo sase-Cook Islands"
              }
            },
            "Cuba": {
              "long": {
                "generic": "Isikhathi sase-Cuba",
                "standard": "Isikhathi sase-Cuba esijwayelekile",
                "daylight": "Isikhathi sase-Cuba sasemini"
              }
            },
            "Davis": {
              "long": {
                "standard": "Isikhathi sase-Davis"
              }
            },
            "DumontDUrville": {
              "long": {
                "standard": "Isikhathi sase-Dumont-d’Urville"
              }
            },
            "East_Timor": {
              "long": {
                "standard": "Isikhathi sase-East Timor"
              }
            },
            "Easter": {
              "long": {
                "generic": "Isikhathi sase-Easter Island",
                "standard": "Isikhathi sase-Easter Island esijwayelekile",
                "daylight": "Isikhathi sase-Easter Island sasehlobo"
              }
            },
            "Ecuador": {
              "long": {
                "standard": "Isikhathi sase-Ecuador"
              }
            },
            "Europe_Central": {
              "long": {
                "generic": "Isikhathi sase-Central Europe",
                "standard": "Isikhathi esijwayelekile sase-Central Europe",
                "daylight": "Isikhathi sasehlobo sase-Central Europe"
              }
            },
            "Europe_Eastern": {
              "long": {
                "generic": "Isikhathi sase-Eastern Europe",
                "standard": "Isikhathi esijwayelekile sase-Eastern Europe",
                "daylight": "Isikhathi sasehlobo sase-Eastern Europe"
              }
            },
            "Europe_Further_Eastern": {
              "long": {
                "standard": "Isikhathi sase-Further-eastern Europe"
              }
            },
            "Europe_Western": {
              "long": {
                "generic": "Isikhathi sase-Western Europe",
                "standard": "Isikhathi esijwayelekile sase-Western Europe",
                "daylight": "Isikhathi sasehlobo sase-Western Europe"
              }
            },
            "Falkland": {
              "long": {
                "generic": "Isikhathi sase-Falkland Islands",
                "standard": "Isikhathi sase-Falkland Islands esijwayelekile",
                "daylight": "Isikhathi sase-Falkland Islands sasehlobo"
              }
            },
            "Fiji": {
              "long": {
                "generic": "Isikhathi sase-Fiji",
                "standard": "Isikhathi esivamile sase-Fiji",
                "daylight": "Isikhathi sehlobo sase-Fiji"
              }
            },
            "French_Guiana": {
              "long": {
                "standard": "Isikhathi sase-French Guiana"
              }
            },
            "French_Southern": {
              "long": {
                "standard": "Isikhathi sase-French Southern nase-Antarctic"
              }
            },
            "Galapagos": {
              "long": {
                "standard": "Isikhathi sase-Galapagos"
              }
            },
            "Gambier": {
              "long": {
                "standard": "Isikhathi sase-Gambier"
              }
            },
            "Georgia": {
              "long": {
                "generic": "Isikhathi sase-Georgia",
                "standard": "Isikhathi esivamile sase-Georgia",
                "daylight": "Isikhathi sehlobo sase-Georgia"
              }
            },
            "Gilbert_Islands": {
              "long": {
                "standard": "Isikhathi sase-Gilbert Islands"
              }
            },
            "GMT": {
              "long": {
                "standard": "Isikhathi sase-Greenwich Mean"
              }
            },
            "Greenland_Eastern": {
              "long": {
                "generic": "Isikhathi sase-East Greenland",
                "standard": "Isikhathi sase-East Greenland esijwayelekile",
                "daylight": "Isikhathi sase-East Greenland sasemini"
              }
            },
            "Greenland_Western": {
              "long": {
                "generic": "Isikhathi sase-West Greenland",
                "standard": "Isikhathi sase-West Greenland esijwayelekile",
                "daylight": "Isikhathi sase-West Greenland sasehlobo"
              }
            },
            "Gulf": {
              "long": {
                "standard": "Isikhathi esivamile sase-Gulf"
              }
            },
            "Guyana": {
              "long": {
                "standard": "Isikhathi sase-Guyana"
              }
            },
            "Hawaii_Aleutian": {
              "long": {
                "generic": "Isikhathi sase-Hawaii-Aleutia",
                "standard": "Isikhathi sase-Hawaii-Aleutia esijwayelekile",
                "daylight": "Isikhathi sase-Hawaii-Aleutia sasemini"
              }
            },
            "Hong_Kong": {
              "long": {
                "generic": "Isikhathi sase-Hong Kong",
                "standard": "Isikhathi esivamile sase-Hong Kong",
                "daylight": "Isikhathi sehlobo sase-Hong Kong"
              }
            },
            "Hovd": {
              "long": {
                "generic": "Isikhathi sase-Hovd",
                "standard": "Isikhathi Esimisiwe sase-Hovd",
                "daylight": "Isikhathi sehlobo e-Hovd"
              }
            },
            "India": {
              "long": {
                "standard": "Isikhathi sase-India esivamile"
              }
            },
            "Indian_Ocean": {
              "long": {
                "standard": "Isikhathi sase-Indian Ocean"
              }
            },
            "Indochina": {
              "long": {
                "standard": "Isikhathi sase-Indochina"
              }
            },
            "Indonesia_Central": {
              "long": {
                "standard": "Isikhathi sase-Central Indonesia"
              }
            },
            "Indonesia_Eastern": {
              "long": {
                "standard": "Isikhathi sase-Eastern Indonesia"
              }
            },
            "Indonesia_Western": {
              "long": {
                "standard": "Isikhathi sase-Western Indonesia"
              }
            },
            "Iran": {
              "long": {
                "generic": "Isikhathi sase-Iran",
                "standard": "Isikhathi sase-Iran esivamile",
                "daylight": "Isikhathi sase-Iran sasemini"
              }
            },
            "Irkutsk": {
              "long": {
                "generic": "Isikhathi sase-Irkutsk",
                "standard": "Isikhathi Esivamile sase-Irkutsk",
                "daylight": "Isikhathi sasehlobo e-Irkutsk"
              }
            },
            "Israel": {
              "long": {
                "generic": "Isikhathi sase-Israel",
                "standard": "Isikhathi esivamile sase-Israel",
                "daylight": "Isikhathi sasemini sakwa-Israel"
              }
            },
            "Japan": {
              "long": {
                "generic": "Isikhathi sase-Japan",
                "standard": "Isikhathi esivamile sase-Japan",
                "daylight": "Isikhathi semini sase-Japan"
              }
            },
            "Kamchatka": {
              "long": {
                "generic": "esase-Petropavlovsk-Kamchatski Time",
                "standard": "esase-Petropavlovsk-Kamchatski Standard Time",
                "daylight": "esase-Petropavlovsk-Kamchatski Summer Time"
              }
            },
            "Kazakhstan_Eastern": {
              "long": {
                "standard": "Isikhathi sase-Mpumalanga ne-Kazakhstan"
              }
            },
            "Kazakhstan_Western": {
              "long": {
                "standard": "Isikhathi saseNtshonalanga ne-Kazakhstan"
              }
            },
            "Korea": {
              "long": {
                "generic": "Isikhathi sase-Korea",
                "standard": "Isikhathi Esivamile sase-Korea",
                "daylight": "Isikhathi semini sase-Korea"
              }
            },
            "Kosrae": {
              "long": {
                "standard": "Isikhathi sase-Kosrae"
              }
            },
            "Krasnoyarsk": {
              "long": {
                "generic": "Isikhathi sase-Krasnoyarsk",
                "standard": "Isikhathi Esivamile sase-Krasnoyarsk",
                "daylight": "Isikhathi sasehlobo e-Krasnoyarsk"
              }
            },
            "Kyrgystan": {
              "long": {
                "standard": "Isikhathi sase-Kyrgystan"
              }
            },
            "Line_Islands": {
              "long": {
                "standard": "Isikhathi sase-Line Islands"
              }
            },
            "Lord_Howe": {
              "long": {
                "generic": "Isikhathi sase-Lord Howe",
                "standard": "Isikhathi sase-Lord Howe esivamile",
                "daylight": "Isikhathi sase-Lord Howe sasemini"
              }
            },
            "Macquarie": {
              "long": {
                "standard": "Isikhathi sase-Macquarie Island"
              }
            },
            "Magadan": {
              "long": {
                "generic": "Isikhathi sase-Magadan",
                "standard": "Isikhathi Esivamile sase-Magadan",
                "daylight": "Isikhathi sasehlobo e-Magadan"
              }
            },
            "Malaysia": {
              "long": {
                "standard": "Isikhathi sase-Malaysia"
              }
            },
            "Maldives": {
              "long": {
                "standard": "Isikhathi sase-Maldives"
              }
            },
            "Marquesas": {
              "long": {
                "standard": "Isikhathi sase-Marquesas"
              }
            },
            "Marshall_Islands": {
              "long": {
                "standard": "Isikhathi sase-Marshall Islands"
              }
            },
            "Mauritius": {
              "long": {
                "generic": "Isikhathi sase-Mauritius",
                "standard": "Isikhathi esivamile sase-Mauritius",
                "daylight": "Isikhathi sehlobo sase-Mauritius"
              }
            },
            "Mawson": {
              "long": {
                "standard": "Isikhathi sase-Mawson"
              }
            },
            "Mexico_Northwest": {
              "long": {
                "generic": "Isikhathi sase-Northwest Mexico",
                "standard": "Isikhathi sase-Northwest Mexico esijwayelekile",
                "daylight": "Isikhathi sase-Northwest Mexico sasemini"
              }
            },
            "Mexico_Pacific": {
              "long": {
                "generic": "Isikhathi sase-Mexican Pacific",
                "standard": "Isikhathi sase-Mexican Pacific esijwayelekile",
                "daylight": "Isikhathi sase-Mexican Pacific sasemini"
              }
            },
            "Mongolia": {
              "long": {
                "generic": "Isikhathi sase-Ulan Bator",
                "standard": "Isikhathi Esimisiwe sase-Ulan Bator",
                "daylight": "Isikhathi sehlobo e-Ulan Bator"
              }
            },
            "Moscow": {
              "long": {
                "generic": "Isikhathi sase-Moscow",
                "standard": "Isikhathi sase-Moscow esijwayelekile",
                "daylight": "Isikhathi sasehlobo e-Moscow"
              }
            },
            "Myanmar": {
              "long": {
                "standard": "Isikhathi sase-Myanmar"
              }
            },
            "Nauru": {
              "long": {
                "standard": "Isikhathi sase-Nauru"
              }
            },
            "Nepal": {
              "long": {
                "standard": "Isikhathi sase-Nepal"
              }
            },
            "New_Caledonia": {
              "long": {
                "generic": "Isikhathi sase-New Caledonia",
                "standard": "Isikhathi sase-New Caledonia esivamile",
                "daylight": "Isikhathi sase-New Caledonia sasehlobo"
              }
            },
            "New_Zealand": {
              "long": {
                "generic": "Isikhathi sase-New Zealand",
                "standard": "Isikhathi esivamile sase-New Zealand",
                "daylight": "Isikhathi sasemini sase-New Zealand"
              }
            },
            "Newfoundland": {
              "long": {
                "generic": "Isikhathi sase-Newfoundland",
                "standard": "Isikhathi sase-Newfoundland esijwayelekile",
                "daylight": "Isikhathi sase-Newfoundland sasemini"
              }
            },
            "Niue": {
              "long": {
                "standard": "Isikhathi sase-Niue"
              }
            },
            "Norfolk": {
              "long": {
                "generic": "Isikhathi sase-Norfolk Islands",
                "standard": "Isikhathi sase-Norfolk Islands esivamile",
                "daylight": "Isikhathi sase-Norfolk Islands sasehlobo"
              }
            },
            "Noronha": {
              "long": {
                "generic": "Isikhathi sase-Fernando de Noronha",
                "standard": "Isikhathi sase-Fernando de Noronha esivamile",
                "daylight": "Isikhathi sase-Fernando de Noronha sasehlobo"
              }
            },
            "Novosibirsk": {
              "long": {
                "generic": "Isikhathi sase-Novosibirsk",
                "standard": "Isikhathi Esivamile sase-Novosibirsk",
                "daylight": "Isikhathi sasehlobo sase-Novosibirsk"
              }
            },
            "Omsk": {
              "long": {
                "generic": "Isikhathi sase-Omsk",
                "standard": "Isikhathi Esivamile sase-Omsk",
                "daylight": "Isikhathi sasehlobo sase-Omsk"
              }
            },
            "Pakistan": {
              "long": {
                "generic": "Isikhathi sase-Pakistan",
                "standard": "Isikhathi sase-Pakistan esivamile",
                "daylight": "Isikhathi sase-Pakistan sasehlobo"
              }
            },
            "Palau": {
              "long": {
                "standard": "Isikhathi sase-Palau"
              }
            },
            "Papua_New_Guinea": {
              "long": {
                "standard": "Isikhathi sase-Papua New Guinea"
              }
            },
            "Paraguay": {
              "long": {
                "generic": "Isikhathi sase-Paraguay",
                "standard": "Isikhathi sase-Paraguay esivamile",
                "daylight": "Isikhathi sase-Paraguay sasehlobo"
              }
            },
            "Peru": {
              "long": {
                "generic": "Isikhathi sase-Peru",
                "standard": "Isikhathi sase-Peru esivamile",
                "daylight": "Isikhathi sase-Peru sasehlobo"
              }
            },
            "Philippines": {
              "long": {
                "generic": "Isikhathi sase-Philippine",
                "standard": "Isikhathi esivamile sase-Philippine",
                "daylight": "Isikhathi sehlobo sase-Philippine"
              }
            },
            "Phoenix_Islands": {
              "long": {
                "standard": "Isikhathi sase-Phoenix Islands"
              }
            },
            "Pierre_Miquelon": {
              "long": {
                "generic": "Isikhathi sase-Saint Pierre nase-Miquelon",
                "standard": "Iikhathi sase-Saint Pierre nase-Miquelon esijwayelekile",
                "daylight": "Isikhathi sase-Saint Pierre nase-Miquelon sasemini"
              }
            },
            "Pitcairn": {
              "long": {
                "standard": "Isikhathi sase-Pitcairn"
              }
            },
            "Ponape": {
              "long": {
                "standard": "Isikhathi sase-Ponape"
              }
            },
            "Pyongyang": {
              "long": {
                "standard": "Isikhathi sase-Pyongyang"
              }
            },
            "Reunion": {
              "long": {
                "standard": "Isikhathi sase-Reunion"
              }
            },
            "Rothera": {
              "long": {
                "standard": "Isikhathi sase-Rothera"
              }
            },
            "Sakhalin": {
              "long": {
                "generic": "Isikhathi sase-Sakhalin",
                "standard": "Isikhathi Esivamile sase-Sakhalin",
                "daylight": "Isikhathi sasehlobo e-Sakhalin"
              }
            },
            "Samara": {
              "long": {
                "generic": "esase-Samara Time",
                "standard": "esase-Samara Standard Time",
                "daylight": "esase-Samara Summer Time"
              }
            },
            "Samoa": {
              "long": {
                "generic": "Isikhathi sase-Samoa",
                "standard": "Isikhathi sase-Samoa esivamile",
                "daylight": "Isikhathi sase-Samoa sasemini"
              }
            },
            "Seychelles": {
              "long": {
                "standard": "Isikhathi sase-Seychelles"
              }
            },
            "Singapore": {
              "long": {
                "standard": "Isikhathi esivamile sase-Singapore"
              }
            },
            "Solomon": {
              "long": {
                "standard": "Isikhathi sase-Solomon Islands"
              }
            },
            "South_Georgia": {
              "long": {
                "standard": "Isikhathi sase-South Georgia"
              }
            },
            "Suriname": {
              "long": {
                "standard": "Isikhathi sase-Suriname"
              }
            },
            "Syowa": {
              "long": {
                "standard": "Isikhathi sase-Syowa"
              }
            },
            "Tahiti": {
              "long": {
                "standard": "Isikhathi sase-Tahiti"
              }
            },
            "Taipei": {
              "long": {
                "generic": "Isikhathi sase-Taipei",
                "standard": "Isikhathi esivamile sase-Taipei",
                "daylight": "Isikhathi semini sase-Taipei"
              }
            },
            "Tajikistan": {
              "long": {
                "standard": "Isikhathi sase-Tajikistan"
              }
            },
            "Tokelau": {
              "long": {
                "standard": "Isikhathi sase-Tokelau"
              }
            },
            "Tonga": {
              "long": {
                "generic": "Isikhathi sase-Tonga",
                "standard": "Isikhathi sase-Tonga esivamile",
                "daylight": "Isikhathi sase-Tonga sasehlobo"
              }
            },
            "Truk": {
              "long": {
                "standard": "Isikhathi sase-Chuuk"
              }
            },
            "Turkmenistan": {
              "long": {
                "generic": "Isikhathi sase-Turkmenistan",
                "standard": "Isikhathi esivamile sase-Turkmenistan",
                "daylight": "Isikhathi sehlobo sase-Turkmenistan"
              }
            },
            "Tuvalu": {
              "long": {
                "standard": "Isikhathi sase-Tuvalu"
              }
            },
            "Uruguay": {
              "long": {
                "generic": "Isikhathi sase-Uruguay",
                "standard": "Isikhathi sase-Uruguay esijwayelekile",
                "daylight": "Isikhathi sase-Uruguay sasehlobo"
              }
            },
            "Uzbekistan": {
              "long": {
                "generic": "Isikhathi sase-Uzbekistan",
                "standard": "Isikhathi esivamile sase-Uzbekistan",
                "daylight": "Isikhathi sehlobo sase-Uzbekistan"
              }
            },
            "Vanuatu": {
              "long": {
                "generic": "Isikhathi sase-Vanuatu",
                "standard": "Isikhathi sase-Vanuatu esijwayelekile",
                "daylight": "Isikhathi sase-Vanuatu sasehlobo"
              }
            },
            "Venezuela": {
              "long": {
                "standard": "Isikhathi sase-Venezuela"
              }
            },
            "Vladivostok": {
              "long": {
                "generic": "Isikhathi sase-Vladivostok",
                "standard": "Isikhathi Esivamile sase-Vladivostok",
                "daylight": "Isikhathi sasehlobo e-Vladivostok"
              }
            },
            "Volgograd": {
              "long": {
                "generic": "Isikhathi sase-Volgograd",
                "standard": "Isikhathi Esivamile sase-Volgograd",
                "daylight": "Isikhathi sase-Volgograd sasehlobo"
              }
            },
            "Vostok": {
              "long": {
                "standard": "Isikhathi sase-Vostok"
              }
            },
            "Wake": {
              "long": {
                "standard": "Isikhathi sase-Wake Island"
              }
            },
            "Wallis": {
              "long": {
                "standard": "Isikhathi sase-Wallis nase-Futuna"
              }
            },
            "Yakutsk": {
              "long": {
                "generic": "Isikhathi sase-Yakutsk",
                "standard": "Isikhathi Esivamile sase-Yakutsk",
                "daylight": "Isikhathi sasehlobo e-Yakutsk"
              }
            },
            "Yekaterinburg": {
              "long": {
                "generic": "Isikhathi sase-Yekaterinburg",
                "standard": "Isikhathi Esivamile sase-Yekaterinburg",
                "daylight": "Isikhathi sasehlobo e-Yekaterinburg"
              }
            },
            "Yukon": {
              "long": {
                "standard": "Yukon Time"
              }
            }
          }
        }
      }
    }
  }
}
