{
  "main": {
    "yue-Hans": {
      "identity": {
        "version": {
          "_cldrVersion": "42"
        },
        "language": "yue",
        "script": "Hans"
      },
      "dates": {
        "timeZoneNames": {
          "hourFormat": "+HH:mm;-HH:mm",
          "gmtFormat": "GMT{0}",
          "gmtZeroFormat": "GMT",
          "regionFormat": "{0}时间",
          "regionFormat-type-daylight": "{0} (+1)",
          "regionFormat-type-standard": "{0} (+0)",
          "fallbackFormat": "{1} ({0})",
          "zone": {
            "America": {
              "Adak": {
                "exemplarCity": "艾达克"
              },
              "Anchorage": {
                "exemplarCity": "安克拉治"
              },
              "Anguilla": {
                "exemplarCity": "安吉拉"
              },
              "Antigua": {
                "exemplarCity": "安地卡"
              },
              "Araguaina": {
                "exemplarCity": "阿拉圭那"
              },
              "Argentina": {
                "Rio_Gallegos": {
                  "exemplarCity": "里奥加耶戈斯"
                },
                "San_Juan": {
                  "exemplarCity": "圣胡安"
                },
                "Ushuaia": {
                  "exemplarCity": "乌斯怀亚"
                },
                "La_Rioja": {
                  "exemplarCity": "拉略哈"
                },
                "San_Luis": {
                  "exemplarCity": "圣路易"
                },
                "Salta": {
                  "exemplarCity": "萨尔塔"
                },
                "Tucuman": {
                  "exemplarCity": "吐库曼"
                }
              },
              "Aruba": {
                "exemplarCity": "阿路巴"
              },
              "Asuncion": {
                "exemplarCity": "亚松森"
              },
              "Bahia": {
                "exemplarCity": "巴伊阿"
              },
              "Bahia_Banderas": {
                "exemplarCity": "巴伊亚班德拉斯"
              },
              "Barbados": {
                "exemplarCity": "巴贝多"
              },
              "Belem": {
                "exemplarCity": "贝伦"
              },
              "Belize": {
                "exemplarCity": "贝里斯"
              },
              "Blanc-Sablon": {
                "exemplarCity": "白朗萨布隆"
              },
              "Boa_Vista": {
                "exemplarCity": "保维斯塔"
              },
              "Bogota": {
                "exemplarCity": "波哥大"
              },
              "Boise": {
                "exemplarCity": "波夕"
              },
              "Buenos_Aires": {
                "exemplarCity": "布宜诺斯艾利斯"
              },
              "Cambridge_Bay": {
                "exemplarCity": "剑桥湾"
              },
              "Campo_Grande": {
                "exemplarCity": "格兰场"
              },
              "Cancun": {
                "exemplarCity": "坎昆"
              },
              "Caracas": {
                "exemplarCity": "卡拉卡斯"
              },
              "Catamarca": {
                "exemplarCity": "卡塔马卡"
              },
              "Cayenne": {
                "exemplarCity": "开云"
              },
              "Cayman": {
                "exemplarCity": "开曼群岛"
              },
              "Chicago": {
                "exemplarCity": "芝加哥"
              },
              "Chihuahua": {
                "exemplarCity": "奇华华"
              },
              "Coral_Harbour": {
                "exemplarCity": "阿蒂科肯"
              },
              "Cordoba": {
                "exemplarCity": "哥多华"
              },
              "Costa_Rica": {
                "exemplarCity": "哥斯大黎加"
              },
              "Creston": {
                "exemplarCity": "克雷斯顿"
              },
              "Cuiaba": {
                "exemplarCity": "古雅巴"
              },
              "Curacao": {
                "exemplarCity": "库拉索"
              },
              "Danmarkshavn": {
                "exemplarCity": "丹马沙文"
              },
              "Dawson": {
                "exemplarCity": "道森"
              },
              "Dawson_Creek": {
                "exemplarCity": "道森克里克"
              },
              "Denver": {
                "exemplarCity": "丹佛"
              },
              "Detroit": {
                "exemplarCity": "底特律"
              },
              "Dominica": {
                "exemplarCity": "多明尼加"
              },
              "Edmonton": {
                "exemplarCity": "艾德蒙吞"
              },
              "Eirunepe": {
                "exemplarCity": "艾鲁内佩"
              },
              "El_Salvador": {
                "exemplarCity": "萨尔瓦多"
              },
              "Fort_Nelson": {
                "exemplarCity": "纳尔逊堡"
              },
              "Fortaleza": {
                "exemplarCity": "福塔力莎"
              },
              "Glace_Bay": {
                "exemplarCity": "格雷斯贝"
              },
              "Godthab": {
                "exemplarCity": "努克"
              },
              "Goose_Bay": {
                "exemplarCity": "鹅湾"
              },
              "Grand_Turk": {
                "exemplarCity": "大特克岛"
              },
              "Grenada": {
                "exemplarCity": "格瑞纳达"
              },
              "Guadeloupe": {
                "exemplarCity": "瓜地洛普"
              },
              "Guatemala": {
                "exemplarCity": "瓜地马拉"
              },
              "Guayaquil": {
                "exemplarCity": "瓜亚基尔"
              },
              "Guyana": {
                "exemplarCity": "盖亚那"
              },
              "Halifax": {
                "exemplarCity": "哈里法克斯"
              },
              "Havana": {
                "exemplarCity": "哈瓦那"
              },
              "Hermosillo": {
                "exemplarCity": "埃莫西约"
              },
              "Indiana": {
                "Vincennes": {
                  "exemplarCity": "印第安那州温森斯"
                },
                "Petersburg": {
                  "exemplarCity": "印第安那州彼得堡"
                },
                "Tell_City": {
                  "exemplarCity": "印第安那州泰尔城"
                },
                "Knox": {
                  "exemplarCity": "印第安那州诺克斯"
                },
                "Winamac": {
                  "exemplarCity": "印第安那州威纳马克"
                },
                "Marengo": {
                  "exemplarCity": "印第安那州马伦哥"
                },
                "Vevay": {
                  "exemplarCity": "印第安那州维威"
                }
              },
              "Indianapolis": {
                "exemplarCity": "印第安那波里斯"
              },
              "Inuvik": {
                "exemplarCity": "伊奴维克"
              },
              "Iqaluit": {
                "exemplarCity": "伊魁特"
              },
              "Jamaica": {
                "exemplarCity": "牙买加"
              },
              "Jujuy": {
                "exemplarCity": "胡胡伊"
              },
              "Juneau": {
                "exemplarCity": "朱诺"
              },
              "Kentucky": {
                "Monticello": {
                  "exemplarCity": "肯塔基州蒙地却罗"
                }
              },
              "Kralendijk": {
                "exemplarCity": "克拉伦代克"
              },
              "La_Paz": {
                "exemplarCity": "拉巴斯"
              },
              "Lima": {
                "exemplarCity": "利马"
              },
              "Los_Angeles": {
                "exemplarCity": "洛杉矶"
              },
              "Louisville": {
                "exemplarCity": "路易斯维尔"
              },
              "Lower_Princes": {
                "exemplarCity": "下太子区"
              },
              "Maceio": {
                "exemplarCity": "马瑟欧"
              },
              "Managua": {
                "exemplarCity": "马拿瓜"
              },
              "Manaus": {
                "exemplarCity": "玛瑙斯"
              },
              "Marigot": {
                "exemplarCity": "马里戈特"
              },
              "Martinique": {
                "exemplarCity": "马丁尼克"
              },
              "Matamoros": {
                "exemplarCity": "马塔莫罗斯"
              },
              "Mazatlan": {
                "exemplarCity": "马萨特兰"
              },
              "Mendoza": {
                "exemplarCity": "门多萨"
              },
              "Menominee": {
                "exemplarCity": "美诺米尼"
              },
              "Merida": {
                "exemplarCity": "梅里达"
              },
              "Metlakatla": {
                "exemplarCity": "梅特拉卡特拉"
              },
              "Mexico_City": {
                "exemplarCity": "墨西哥市"
              },
              "Miquelon": {
                "exemplarCity": "密启仑"
              },
              "Moncton": {
                "exemplarCity": "蒙克顿"
              },
              "Monterrey": {
                "exemplarCity": "蒙特瑞"
              },
              "Montevideo": {
                "exemplarCity": "蒙特维多"
              },
              "Montserrat": {
                "exemplarCity": "蒙哲腊"
              },
              "Nassau": {
                "exemplarCity": "拿索"
              },
              "New_York": {
                "exemplarCity": "纽约"
              },
              "Nipigon": {
                "exemplarCity": "尼皮冈"
              },
              "Nome": {
                "exemplarCity": "诺姆"
              },
              "Noronha": {
                "exemplarCity": "诺伦哈"
              },
              "North_Dakota": {
                "Beulah": {
                  "exemplarCity": "北达科他州布由拉"
                },
                "New_Salem": {
                  "exemplarCity": "北达科他州纽沙伦"
                },
                "Center": {
                  "exemplarCity": "北达科他州中心"
                }
              },
              "Ojinaga": {
                "exemplarCity": "奥希纳加"
              },
              "Panama": {
                "exemplarCity": "巴拿马"
              },
              "Pangnirtung": {
                "exemplarCity": "潘尼尔东"
              },
              "Paramaribo": {
                "exemplarCity": "巴拉马利波"
              },
              "Phoenix": {
                "exemplarCity": "凤凰城"
              },
              "Port-au-Prince": {
                "exemplarCity": "太子港"
              },
              "Port_of_Spain": {
                "exemplarCity": "西班牙港"
              },
              "Porto_Velho": {
                "exemplarCity": "维留港"
              },
              "Puerto_Rico": {
                "exemplarCity": "波多黎各"
              },
              "Punta_Arenas": {
                "exemplarCity": "蓬塔阿雷纳斯"
              },
              "Rainy_River": {
                "exemplarCity": "雨河镇"
              },
              "Rankin_Inlet": {
                "exemplarCity": "兰今湾"
              },
              "Recife": {
                "exemplarCity": "雷西非"
              },
              "Regina": {
                "exemplarCity": "里贾纳"
              },
              "Resolute": {
                "exemplarCity": "罗斯鲁特"
              },
              "Rio_Branco": {
                "exemplarCity": "里约布兰"
              },
              "Santa_Isabel": {
                "exemplarCity": "圣伊萨贝尔"
              },
              "Santarem": {
                "exemplarCity": "圣塔伦"
              },
              "Santiago": {
                "exemplarCity": "圣地牙哥"
              },
              "Santo_Domingo": {
                "exemplarCity": "圣多明哥"
              },
              "Sao_Paulo": {
                "exemplarCity": "圣保罗"
              },
              "Scoresbysund": {
                "exemplarCity": "伊托科尔托米特"
              },
              "Sitka": {
                "exemplarCity": "锡特卡"
              },
              "St_Barthelemy": {
                "exemplarCity": "圣巴托洛缪岛"
              },
              "St_Johns": {
                "exemplarCity": "圣约翰"
              },
              "St_Kitts": {
                "exemplarCity": "圣基茨"
              },
              "St_Lucia": {
                "exemplarCity": "圣露西亚"
              },
              "St_Thomas": {
                "exemplarCity": "圣托马斯"
              },
              "St_Vincent": {
                "exemplarCity": "圣文森"
              },
              "Swift_Current": {
                "exemplarCity": "斯威夫特卡伦特"
              },
              "Tegucigalpa": {
                "exemplarCity": "德古斯加巴"
              },
              "Thule": {
                "exemplarCity": "杜里"
              },
              "Thunder_Bay": {
                "exemplarCity": "珊德湾"
              },
              "Tijuana": {
                "exemplarCity": "提华纳"
              },
              "Toronto": {
                "exemplarCity": "多伦多"
              },
              "Tortola": {
                "exemplarCity": "托尔托拉"
              },
              "Vancouver": {
                "exemplarCity": "温哥华"
              },
              "Whitehorse": {
                "exemplarCity": "怀特霍斯"
              },
              "Winnipeg": {
                "exemplarCity": "温尼伯"
              },
              "Yakutat": {
                "exemplarCity": "雅库塔"
              },
              "Yellowknife": {
                "exemplarCity": "耶洛奈夫"
              }
            },
            "Atlantic": {
              "Azores": {
                "exemplarCity": "亚速尔群岛"
              },
              "Bermuda": {
                "exemplarCity": "百慕达"
              },
              "Canary": {
                "exemplarCity": "加纳利"
              },
              "Cape_Verde": {
                "exemplarCity": "维德角"
              },
              "Faeroe": {
                "exemplarCity": "法罗群岛"
              },
              "Madeira": {
                "exemplarCity": "马得拉群岛"
              },
              "Reykjavik": {
                "exemplarCity": "雷克雅维克"
              },
              "South_Georgia": {
                "exemplarCity": "南乔治亚"
              },
              "St_Helena": {
                "exemplarCity": "圣赫勒拿岛"
              },
              "Stanley": {
                "exemplarCity": "史坦利"
              }
            },
            "Europe": {
              "Amsterdam": {
                "exemplarCity": "阿姆斯特丹"
              },
              "Andorra": {
                "exemplarCity": "安道尔"
              },
              "Astrakhan": {
                "exemplarCity": "阿斯特拉罕"
              },
              "Athens": {
                "exemplarCity": "雅典"
              },
              "Belgrade": {
                "exemplarCity": "贝尔格勒"
              },
              "Berlin": {
                "exemplarCity": "柏林"
              },
              "Bratislava": {
                "exemplarCity": "布拉提斯拉瓦"
              },
              "Brussels": {
                "exemplarCity": "布鲁塞尔"
              },
              "Bucharest": {
                "exemplarCity": "布加勒斯特"
              },
              "Budapest": {
                "exemplarCity": "布达佩斯"
              },
              "Busingen": {
                "exemplarCity": "布辛根"
              },
              "Chisinau": {
                "exemplarCity": "奇西瑙"
              },
              "Copenhagen": {
                "exemplarCity": "哥本哈根"
              },
              "Dublin": {
                "long": {
                  "daylight": "爱尔兰标准时间"
                },
                "exemplarCity": "都柏林"
              },
              "Gibraltar": {
                "exemplarCity": "直布罗陀"
              },
              "Guernsey": {
                "exemplarCity": "根息岛"
              },
              "Helsinki": {
                "exemplarCity": "赫尔辛基"
              },
              "Isle_of_Man": {
                "exemplarCity": "曼岛"
              },
              "Istanbul": {
                "exemplarCity": "伊斯坦堡"
              },
              "Jersey": {
                "exemplarCity": "泽西岛"
              },
              "Kaliningrad": {
                "exemplarCity": "加里宁格勒"
              },
              "Kiev": {
                "exemplarCity": "基辅"
              },
              "Kirov": {
                "exemplarCity": "基洛夫"
              },
              "Lisbon": {
                "exemplarCity": "里斯本"
              },
              "Ljubljana": {
                "exemplarCity": "卢比安纳"
              },
              "London": {
                "long": {
                  "daylight": "英国夏令时间"
                },
                "exemplarCity": "伦敦"
              },
              "Luxembourg": {
                "exemplarCity": "卢森堡"
              },
              "Madrid": {
                "exemplarCity": "马德里"
              },
              "Malta": {
                "exemplarCity": "马尔他"
              },
              "Mariehamn": {
                "exemplarCity": "玛丽港"
              },
              "Minsk": {
                "exemplarCity": "明斯克"
              },
              "Monaco": {
                "exemplarCity": "摩纳哥"
              },
              "Moscow": {
                "exemplarCity": "莫斯科"
              },
              "Oslo": {
                "exemplarCity": "奥斯陆"
              },
              "Paris": {
                "exemplarCity": "巴黎"
              },
              "Podgorica": {
                "exemplarCity": "波多里察"
              },
              "Prague": {
                "exemplarCity": "布拉格"
              },
              "Riga": {
                "exemplarCity": "里加"
              },
              "Rome": {
                "exemplarCity": "罗马"
              },
              "Samara": {
                "exemplarCity": "沙马拉"
              },
              "San_Marino": {
                "exemplarCity": "圣马利诺"
              },
              "Sarajevo": {
                "exemplarCity": "塞拉耶佛"
              },
              "Saratov": {
                "exemplarCity": "萨拉托夫"
              },
              "Simferopol": {
                "exemplarCity": "辛非洛浦"
              },
              "Skopje": {
                "exemplarCity": "史高比耶"
              },
              "Sofia": {
                "exemplarCity": "索菲亚"
              },
              "Stockholm": {
                "exemplarCity": "斯德哥尔摩"
              },
              "Tallinn": {
                "exemplarCity": "塔林"
              },
              "Tirane": {
                "exemplarCity": "地拉那"
              },
              "Ulyanovsk": {
                "exemplarCity": "乌里扬诺夫斯克"
              },
              "Uzhgorod": {
                "exemplarCity": "乌兹哥洛"
              },
              "Vaduz": {
                "exemplarCity": "瓦都兹"
              },
              "Vatican": {
                "exemplarCity": "梵蒂冈"
              },
              "Vienna": {
                "exemplarCity": "维也纳"
              },
              "Vilnius": {
                "exemplarCity": "维尔纽斯"
              },
              "Volgograd": {
                "exemplarCity": "伏尔加格勒"
              },
              "Warsaw": {
                "exemplarCity": "华沙"
              },
              "Zagreb": {
                "exemplarCity": "札格瑞布"
              },
              "Zaporozhye": {
                "exemplarCity": "札波罗结"
              },
              "Zurich": {
                "exemplarCity": "苏黎世"
              }
            },
            "Africa": {
              "Abidjan": {
                "exemplarCity": "阿比让"
              },
              "Accra": {
                "exemplarCity": "阿克拉"
              },
              "Addis_Ababa": {
                "exemplarCity": "阿迪斯阿贝巴"
              },
              "Algiers": {
                "exemplarCity": "阿尔及尔"
              },
              "Asmera": {
                "exemplarCity": "阿斯玛拉"
              },
              "Bamako": {
                "exemplarCity": "巴马科"
              },
              "Bangui": {
                "exemplarCity": "班吉"
              },
              "Banjul": {
                "exemplarCity": "班竹"
              },
              "Bissau": {
                "exemplarCity": "比绍"
              },
              "Blantyre": {
                "exemplarCity": "布兰太尔"
              },
              "Brazzaville": {
                "exemplarCity": "布拉柴维尔"
              },
              "Bujumbura": {
                "exemplarCity": "布松布拉"
              },
              "Cairo": {
                "exemplarCity": "开罗"
              },
              "Casablanca": {
                "exemplarCity": "卡萨布兰卡"
              },
              "Ceuta": {
                "exemplarCity": "休达"
              },
              "Conakry": {
                "exemplarCity": "柯那克里"
              },
              "Dakar": {
                "exemplarCity": "达喀尔"
              },
              "Dar_es_Salaam": {
                "exemplarCity": "沙兰港"
              },
              "Djibouti": {
                "exemplarCity": "吉布地"
              },
              "Douala": {
                "exemplarCity": "杜阿拉"
              },
              "El_Aaiun": {
                "exemplarCity": "阿尤恩"
              },
              "Freetown": {
                "exemplarCity": "自由城"
              },
              "Gaborone": {
                "exemplarCity": "嘉柏隆里"
              },
              "Harare": {
                "exemplarCity": "哈拉雷"
              },
              "Johannesburg": {
                "exemplarCity": "约翰尼斯堡"
              },
              "Juba": {
                "exemplarCity": "朱巴"
              },
              "Kampala": {
                "exemplarCity": "坎帕拉"
              },
              "Khartoum": {
                "exemplarCity": "喀土穆"
              },
              "Kigali": {
                "exemplarCity": "基加利"
              },
              "Kinshasa": {
                "exemplarCity": "金夏沙"
              },
              "Lagos": {
                "exemplarCity": "拉哥斯"
              },
              "Libreville": {
                "exemplarCity": "自由市"
              },
              "Lome": {
                "exemplarCity": "洛美"
              },
              "Luanda": {
                "exemplarCity": "罗安达"
              },
              "Lubumbashi": {
                "exemplarCity": "卢本巴希"
              },
              "Lusaka": {
                "exemplarCity": "路沙卡"
              },
              "Malabo": {
                "exemplarCity": "马拉博"
              },
              "Maputo": {
                "exemplarCity": "马普托"
              },
              "Maseru": {
                "exemplarCity": "马赛鲁"
              },
              "Mbabane": {
                "exemplarCity": "墨巴本"
              },
              "Mogadishu": {
                "exemplarCity": "摩加迪休"
              },
              "Monrovia": {
                "exemplarCity": "蒙罗维亚"
              },
              "Nairobi": {
                "exemplarCity": "奈洛比"
              },
              "Ndjamena": {
                "exemplarCity": "恩贾梅纳"
              },
              "Niamey": {
                "exemplarCity": "尼亚美"
              },
              "Nouakchott": {
                "exemplarCity": "诺克少"
              },
              "Ouagadougou": {
                "exemplarCity": "瓦加杜古"
              },
              "Porto-Novo": {
                "exemplarCity": "波多诺佛"
              },
              "Sao_Tome": {
                "exemplarCity": "圣多美"
              },
              "Tripoli": {
                "exemplarCity": "的黎波里"
              },
              "Tunis": {
                "exemplarCity": "突尼斯"
              },
              "Windhoek": {
                "exemplarCity": "温得和克"
              }
            },
            "Asia": {
              "Aden": {
                "exemplarCity": "亚丁"
              },
              "Almaty": {
                "exemplarCity": "阿拉木图"
              },
              "Amman": {
                "exemplarCity": "安曼"
              },
              "Anadyr": {
                "exemplarCity": "阿那底"
              },
              "Aqtau": {
                "exemplarCity": "阿克套"
              },
              "Aqtobe": {
                "exemplarCity": "阿克托比"
              },
              "Ashgabat": {
                "exemplarCity": "阿什哈巴特"
              },
              "Atyrau": {
                "exemplarCity": "阿特劳"
              },
              "Baghdad": {
                "exemplarCity": "巴格达"
              },
              "Bahrain": {
                "exemplarCity": "巴林"
              },
              "Baku": {
                "exemplarCity": "巴库"
              },
              "Bangkok": {
                "exemplarCity": "曼谷"
              },
              "Barnaul": {
                "exemplarCity": "巴尔瑙尔"
              },
              "Beirut": {
                "exemplarCity": "贝鲁特"
              },
              "Bishkek": {
                "exemplarCity": "比什凯克"
              },
              "Brunei": {
                "exemplarCity": "汶莱"
              },
              "Calcutta": {
                "exemplarCity": "加尔各答"
              },
              "Chita": {
                "exemplarCity": "赤塔"
              },
              "Choibalsan": {
                "exemplarCity": "乔巴山"
              },
              "Colombo": {
                "exemplarCity": "可伦坡"
              },
              "Damascus": {
                "exemplarCity": "大马士革"
              },
              "Dhaka": {
                "exemplarCity": "达卡"
              },
              "Dili": {
                "exemplarCity": "帝力"
              },
              "Dubai": {
                "exemplarCity": "杜拜"
              },
              "Dushanbe": {
                "exemplarCity": "杜桑贝"
              },
              "Famagusta": {
                "exemplarCity": "法马古斯塔"
              },
              "Gaza": {
                "exemplarCity": "加萨"
              },
              "Hebron": {
                "exemplarCity": "赫布隆"
              },
              "Hong_Kong": {
                "exemplarCity": "中华人民共和国香港特别行政区"
              },
              "Hovd": {
                "exemplarCity": "科布多"
              },
              "Irkutsk": {
                "exemplarCity": "伊尔库次克"
              },
              "Jakarta": {
                "exemplarCity": "雅加达"
              },
              "Jayapura": {
                "exemplarCity": "加亚布拉"
              },
              "Jerusalem": {
                "exemplarCity": "耶路撒冷"
              },
              "Kabul": {
                "exemplarCity": "喀布尔"
              },
              "Kamchatka": {
                "exemplarCity": "堪察加"
              },
              "Karachi": {
                "exemplarCity": "喀拉蚩"
              },
              "Katmandu": {
                "exemplarCity": "加德满都"
              },
              "Khandyga": {
                "exemplarCity": "堪地加"
              },
              "Krasnoyarsk": {
                "exemplarCity": "克拉斯诺亚尔斯克"
              },
              "Kuala_Lumpur": {
                "exemplarCity": "吉隆坡"
              },
              "Kuching": {
                "exemplarCity": "古晋"
              },
              "Kuwait": {
                "exemplarCity": "科威特"
              },
              "Macau": {
                "exemplarCity": "中华人民共和国澳门特别行政区"
              },
              "Magadan": {
                "exemplarCity": "马加丹"
              },
              "Makassar": {
                "exemplarCity": "马卡沙尔"
              },
              "Manila": {
                "exemplarCity": "马尼拉"
              },
              "Muscat": {
                "exemplarCity": "马斯开特"
              },
              "Nicosia": {
                "exemplarCity": "尼古西亚"
              },
              "Novokuznetsk": {
                "exemplarCity": "新库兹涅茨克"
              },
              "Novosibirsk": {
                "exemplarCity": "新西伯利亚"
              },
              "Omsk": {
                "exemplarCity": "鄂木斯克"
              },
              "Oral": {
                "exemplarCity": "乌拉尔"
              },
              "Phnom_Penh": {
                "exemplarCity": "金边"
              },
              "Pontianak": {
                "exemplarCity": "坤甸"
              },
              "Pyongyang": {
                "exemplarCity": "平壤"
              },
              "Qatar": {
                "exemplarCity": "卡达"
              },
              "Qostanay": {
                "exemplarCity": "科斯塔奈"
              },
              "Qyzylorda": {
                "exemplarCity": "克孜勒奥尔达"
              },
              "Rangoon": {
                "exemplarCity": "仰光"
              },
              "Riyadh": {
                "exemplarCity": "利雅德"
              },
              "Saigon": {
                "exemplarCity": "胡志明市"
              },
              "Sakhalin": {
                "exemplarCity": "库页岛"
              },
              "Samarkand": {
                "exemplarCity": "撒马尔罕"
              },
              "Seoul": {
                "exemplarCity": "首尔"
              },
              "Shanghai": {
                "exemplarCity": "上海"
              },
              "Singapore": {
                "exemplarCity": "新加坡"
              },
              "Srednekolymsk": {
                "exemplarCity": "中科雷姆斯克"
              },
              "Taipei": {
                "exemplarCity": "台北"
              },
              "Tashkent": {
                "exemplarCity": "塔什干"
              },
              "Tbilisi": {
                "exemplarCity": "第比利斯"
              },
              "Tehran": {
                "exemplarCity": "德黑兰"
              },
              "Thimphu": {
                "exemplarCity": "廷布"
              },
              "Tokyo": {
                "exemplarCity": "东京"
              },
              "Tomsk": {
                "exemplarCity": "托木斯克"
              },
              "Ulaanbaatar": {
                "exemplarCity": "乌兰巴托"
              },
              "Urumqi": {
                "exemplarCity": "乌鲁木齐"
              },
              "Ust-Nera": {
                "exemplarCity": "乌斯内拉"
              },
              "Vientiane": {
                "exemplarCity": "永珍"
              },
              "Vladivostok": {
                "exemplarCity": "海参崴"
              },
              "Yakutsk": {
                "exemplarCity": "雅库次克"
              },
              "Yekaterinburg": {
                "exemplarCity": "叶卡捷林堡"
              },
              "Yerevan": {
                "exemplarCity": "叶里温"
              }
            },
            "Indian": {
              "Antananarivo": {
                "exemplarCity": "安塔那那利佛"
              },
              "Chagos": {
                "exemplarCity": "查戈斯"
              },
              "Christmas": {
                "exemplarCity": "圣诞岛"
              },
              "Cocos": {
                "exemplarCity": "科科斯群岛"
              },
              "Comoro": {
                "exemplarCity": "科摩罗群岛"
              },
              "Kerguelen": {
                "exemplarCity": "凯尔盖朗岛"
              },
              "Mahe": {
                "exemplarCity": "马埃岛"
              },
              "Maldives": {
                "exemplarCity": "马尔地夫"
              },
              "Mauritius": {
                "exemplarCity": "模里西斯"
              },
              "Mayotte": {
                "exemplarCity": "马约特岛"
              },
              "Reunion": {
                "exemplarCity": "留尼旺岛"
              }
            },
            "Australia": {
              "Adelaide": {
                "exemplarCity": "阿得雷德"
              },
              "Brisbane": {
                "exemplarCity": "布利斯班"
              },
              "Broken_Hill": {
                "exemplarCity": "布罗肯希尔"
              },
              "Currie": {
                "exemplarCity": "克黎"
              },
              "Darwin": {
                "exemplarCity": "达尔文"
              },
              "Eucla": {
                "exemplarCity": "尤克拉"
              },
              "Hobart": {
                "exemplarCity": "荷巴特"
              },
              "Lindeman": {
                "exemplarCity": "林德曼"
              },
              "Lord_Howe": {
                "exemplarCity": "豪勋爵岛"
              },
              "Melbourne": {
                "exemplarCity": "墨尔本"
              },
              "Perth": {
                "exemplarCity": "伯斯"
              },
              "Sydney": {
                "exemplarCity": "雪梨"
              }
            },
            "Pacific": {
              "Apia": {
                "exemplarCity": "阿皮亚"
              },
              "Auckland": {
                "exemplarCity": "奥克兰"
              },
              "Bougainville": {
                "exemplarCity": "布干维尔"
              },
              "Chatham": {
                "exemplarCity": "查坦"
              },
              "Easter": {
                "exemplarCity": "复活岛"
              },
              "Efate": {
                "exemplarCity": "埃法特"
              },
              "Enderbury": {
                "exemplarCity": "恩得伯理岛"
              },
              "Fakaofo": {
                "exemplarCity": "法考福"
              },
              "Fiji": {
                "exemplarCity": "斐济"
              },
              "Funafuti": {
                "exemplarCity": "富那富提"
              },
              "Galapagos": {
                "exemplarCity": "加拉巴哥群岛"
              },
              "Gambier": {
                "exemplarCity": "甘比尔群岛"
              },
              "Guadalcanal": {
                "exemplarCity": "瓜达康纳尔岛"
              },
              "Guam": {
                "exemplarCity": "关岛"
              },
              "Honolulu": {
                "exemplarCity": "檀香山"
              },
              "Johnston": {
                "exemplarCity": "强斯顿"
              },
              "Kanton": {
                "exemplarCity": "坎顿"
              },
              "Kiritimati": {
                "exemplarCity": "基里地马地岛"
              },
              "Kosrae": {
                "exemplarCity": "科斯瑞"
              },
              "Kwajalein": {
                "exemplarCity": "瓜加林岛"
              },
              "Majuro": {
                "exemplarCity": "马朱诺"
              },
              "Marquesas": {
                "exemplarCity": "马可萨斯岛"
              },
              "Midway": {
                "exemplarCity": "中途岛"
              },
              "Nauru": {
                "exemplarCity": "诺鲁"
              },
              "Niue": {
                "exemplarCity": "纽埃岛"
              },
              "Norfolk": {
                "exemplarCity": "诺福克"
              },
              "Noumea": {
                "exemplarCity": "诺美亚"
              },
              "Pago_Pago": {
                "exemplarCity": "巴哥巴哥"
              },
              "Palau": {
                "exemplarCity": "帛琉"
              },
              "Pitcairn": {
                "exemplarCity": "皮特肯群岛"
              },
              "Ponape": {
                "exemplarCity": "波纳佩"
              },
              "Port_Moresby": {
                "exemplarCity": "莫士比港"
              },
              "Rarotonga": {
                "exemplarCity": "拉罗汤加"
              },
              "Saipan": {
                "exemplarCity": "塞班"
              },
              "Tahiti": {
                "exemplarCity": "大溪地"
              },
              "Tarawa": {
                "exemplarCity": "塔拉瓦"
              },
              "Tongatapu": {
                "exemplarCity": "东加塔布岛"
              },
              "Truk": {
                "exemplarCity": "楚克"
              },
              "Wake": {
                "exemplarCity": "威克"
              },
              "Wallis": {
                "exemplarCity": "瓦利斯"
              }
            },
            "Arctic": {
              "Longyearbyen": {
                "exemplarCity": "隆意耳拜恩"
              }
            },
            "Antarctica": {
              "Casey": {
                "exemplarCity": "凯西"
              },
              "Davis": {
                "exemplarCity": "戴维斯"
              },
              "DumontDUrville": {
                "exemplarCity": "杜蒙杜比尔"
              },
              "Macquarie": {
                "exemplarCity": "麦觉理"
              },
              "Mawson": {
                "exemplarCity": "莫森"
              },
              "McMurdo": {
                "exemplarCity": "麦克默多"
              },
              "Palmer": {
                "exemplarCity": "帕麦"
              },
              "Rothera": {
                "exemplarCity": "罗瑟拉"
              },
              "Syowa": {
                "exemplarCity": "昭和基地"
              },
              "Troll": {
                "exemplarCity": "绰尔"
              },
              "Vostok": {
                "exemplarCity": "沃斯托克"
              }
            },
            "Etc": {
              "UTC": {
                "long": {
                  "standard": "协调世界时间"
                },
                "short": {
                  "standard": "UTC"
                }
              },
              "Unknown": {
                "exemplarCity": "未知城市"
              }
            }
          },
          "metazone": {
            "Acre": {
              "long": {
                "generic": "艾克时间",
                "standard": "艾克标准时间",
                "daylight": "艾克夏令时间"
              }
            },
            "Afghanistan": {
              "long": {
                "standard": "阿富汗时间"
              }
            },
            "Africa_Central": {
              "long": {
                "standard": "中非时间"
              }
            },
            "Africa_Eastern": {
              "long": {
                "standard": "东非时间"
              }
            },
            "Africa_Southern": {
              "long": {
                "standard": "南非标准时间"
              }
            },
            "Africa_Western": {
              "long": {
                "generic": "西非时间",
                "standard": "西非标准时间",
                "daylight": "西非夏令时间"
              }
            },
            "Alaska": {
              "long": {
                "generic": "阿拉斯加时间",
                "standard": "阿拉斯加标准时间",
                "daylight": "阿拉斯加夏令时间"
              }
            },
            "Almaty": {
              "long": {
                "generic": "阿拉木图时间",
                "standard": "阿拉木图标准时间",
                "daylight": "阿拉木图夏令时间"
              }
            },
            "Amazon": {
              "long": {
                "generic": "亚马逊时间",
                "standard": "亚马逊标准时间",
                "daylight": "亚马逊夏令时间"
              }
            },
            "America_Central": {
              "long": {
                "generic": "中部时间",
                "standard": "中部标准时间",
                "daylight": "中部夏令时间"
              }
            },
            "America_Eastern": {
              "long": {
                "generic": "东部时间",
                "standard": "东部标准时间",
                "daylight": "东部夏令时间"
              }
            },
            "America_Mountain": {
              "long": {
                "generic": "山区时间",
                "standard": "山区标准时间",
                "daylight": "山区夏令时间"
              }
            },
            "America_Pacific": {
              "long": {
                "generic": "太平洋时间",
                "standard": "太平洋标准时间",
                "daylight": "太平洋夏令时间"
              }
            },
            "Anadyr": {
              "long": {
                "generic": "阿纳德尔时间",
                "standard": "阿那底河标准时间",
                "daylight": "阿那底河夏令时间"
              }
            },
            "Apia": {
              "long": {
                "generic": "阿皮亚时间",
                "standard": "阿皮亚标准时间",
                "daylight": "阿皮亚夏令时间"
              }
            },
            "Aqtau": {
              "long": {
                "generic": "阿克陶时间",
                "standard": "阿克陶标准时间",
                "daylight": "阿克陶夏令时间"
              }
            },
            "Aqtobe": {
              "long": {
                "generic": "阿克托比时间",
                "standard": "阿克托比标准时间",
                "daylight": "阿克托比夏令时间"
              }
            },
            "Arabian": {
              "long": {
                "generic": "阿拉伯时间",
                "standard": "阿拉伯标准时间",
                "daylight": "阿拉伯夏令时间"
              }
            },
            "Argentina": {
              "long": {
                "generic": "阿根廷时间",
                "standard": "阿根廷标准时间",
                "daylight": "阿根廷夏令时间"
              }
            },
            "Argentina_Western": {
              "long": {
                "generic": "阿根廷西部时间",
                "standard": "阿根廷西部标准时间",
                "daylight": "阿根廷西部夏令时间"
              }
            },
            "Armenia": {
              "long": {
                "generic": "亚美尼亚时间",
                "standard": "亚美尼亚标准时间",
                "daylight": "亚美尼亚夏令时间"
              }
            },
            "Atlantic": {
              "long": {
                "generic": "大西洋时间",
                "standard": "大西洋标准时间",
                "daylight": "大西洋夏令时间"
              }
            },
            "Australia_Central": {
              "long": {
                "generic": "澳洲中部时间",
                "standard": "澳洲中部标准时间",
                "daylight": "澳洲中部夏令时间"
              }
            },
            "Australia_CentralWestern": {
              "long": {
                "generic": "澳洲中西部时间",
                "standard": "澳洲中西部标准时间",
                "daylight": "澳洲中西部夏令时间"
              }
            },
            "Australia_Eastern": {
              "long": {
                "generic": "澳洲东部时间",
                "standard": "澳洲东部标准时间",
                "daylight": "澳洲东部夏令时间"
              }
            },
            "Australia_Western": {
              "long": {
                "generic": "澳洲西部时间",
                "standard": "澳洲西部标准时间",
                "daylight": "澳洲西部夏令时间"
              }
            },
            "Azerbaijan": {
              "long": {
                "generic": "亚塞拜然时间",
                "standard": "亚塞拜然标准时间",
                "daylight": "亚塞拜然夏令时间"
              }
            },
            "Azores": {
              "long": {
                "generic": "亚速尔群岛时间",
                "standard": "亚速尔群岛标准时间",
                "daylight": "亚速尔群岛夏令时间"
              }
            },
            "Bangladesh": {
              "long": {
                "generic": "孟加拉时间",
                "standard": "孟加拉标准时间",
                "daylight": "孟加拉夏令时间"
              }
            },
            "Bhutan": {
              "long": {
                "standard": "不丹时间"
              }
            },
            "Bolivia": {
              "long": {
                "standard": "玻利维亚时间"
              }
            },
            "Brasilia": {
              "long": {
                "generic": "巴西利亚时间",
                "standard": "巴西利亚标准时间",
                "daylight": "巴西利亚夏令时间"
              }
            },
            "Brunei": {
              "long": {
                "standard": "汶莱时间"
              }
            },
            "Cape_Verde": {
              "long": {
                "generic": "维德角时间",
                "standard": "维德角标准时间",
                "daylight": "维德角夏令时间"
              }
            },
            "Casey": {
              "long": {
                "standard": "凯西站时间"
              }
            },
            "Chamorro": {
              "long": {
                "standard": "查莫洛时间"
              }
            },
            "Chatham": {
              "long": {
                "generic": "查坦群岛时间",
                "standard": "查坦群岛标准时间",
                "daylight": "查坦群岛夏令时间"
              }
            },
            "Chile": {
              "long": {
                "generic": "智利时间",
                "standard": "智利标准时间",
                "daylight": "智利夏令时间"
              }
            },
            "China": {
              "long": {
                "generic": "中国时间",
                "standard": "中国标准时间",
                "daylight": "中国夏令时间"
              }
            },
            "Choibalsan": {
              "long": {
                "generic": "乔巴山时间",
                "standard": "乔巴山标准时间",
                "daylight": "乔巴山夏令时间"
              }
            },
            "Christmas": {
              "long": {
                "standard": "圣诞岛时间"
              }
            },
            "Cocos": {
              "long": {
                "standard": "科科斯群岛时间"
              }
            },
            "Colombia": {
              "long": {
                "generic": "哥伦比亚时间",
                "standard": "哥伦比亚标准时间",
                "daylight": "哥伦比亚夏令时间"
              }
            },
            "Cook": {
              "long": {
                "generic": "库克群岛时间",
                "standard": "库克群岛标准时间",
                "daylight": "库克群岛半夏令时间"
              }
            },
            "Cuba": {
              "long": {
                "generic": "古巴时间",
                "standard": "古巴标准时间",
                "daylight": "古巴夏令时间"
              }
            },
            "Davis": {
              "long": {
                "standard": "戴维斯时间"
              }
            },
            "DumontDUrville": {
              "long": {
                "standard": "杜蒙杜比尔时间"
              }
            },
            "East_Timor": {
              "long": {
                "standard": "东帝汶时间"
              }
            },
            "Easter": {
              "long": {
                "generic": "复活节岛时间",
                "standard": "复活节岛标准时间",
                "daylight": "复活节岛夏令时间"
              }
            },
            "Ecuador": {
              "long": {
                "standard": "厄瓜多时间"
              }
            },
            "Europe_Central": {
              "long": {
                "generic": "中欧时间",
                "standard": "中欧标准时间",
                "daylight": "中欧夏令时间"
              }
            },
            "Europe_Eastern": {
              "long": {
                "generic": "东欧时间",
                "standard": "东欧标准时间",
                "daylight": "东欧夏令时间"
              }
            },
            "Europe_Further_Eastern": {
              "long": {
                "standard": "欧洲远东时间"
              }
            },
            "Europe_Western": {
              "long": {
                "generic": "西欧时间",
                "standard": "西欧标准时间",
                "daylight": "西欧夏令时间"
              }
            },
            "Falkland": {
              "long": {
                "generic": "福克兰群岛时间",
                "standard": "福克兰群岛标准时间",
                "daylight": "福克兰群岛夏令时间"
              }
            },
            "Fiji": {
              "long": {
                "generic": "斐济时间",
                "standard": "斐济标准时间",
                "daylight": "斐济夏令时间"
              }
            },
            "French_Guiana": {
              "long": {
                "standard": "法属圭亚那时间"
              }
            },
            "French_Southern": {
              "long": {
                "standard": "法国南方及南极时间"
              }
            },
            "Galapagos": {
              "long": {
                "standard": "加拉巴哥群岛时间"
              }
            },
            "Gambier": {
              "long": {
                "standard": "甘比尔群岛时间"
              }
            },
            "Georgia": {
              "long": {
                "generic": "乔治亚时间",
                "standard": "乔治亚标准时间",
                "daylight": "乔治亚夏令时间"
              }
            },
            "Gilbert_Islands": {
              "long": {
                "standard": "吉尔伯特群岛时间"
              }
            },
            "GMT": {
              "long": {
                "standard": "格林威治标准时间"
              }
            },
            "Greenland_Eastern": {
              "long": {
                "generic": "格陵兰东部时间",
                "standard": "格陵兰东部标准时间",
                "daylight": "格陵兰东部夏令时间"
              }
            },
            "Greenland_Western": {
              "long": {
                "generic": "格陵兰西部时间",
                "standard": "格陵兰西部标准时间",
                "daylight": "格陵兰西部夏令时间"
              }
            },
            "Guam": {
              "long": {
                "standard": "关岛标准时间"
              }
            },
            "Gulf": {
              "long": {
                "standard": "波斯湾海域标准时间"
              }
            },
            "Guyana": {
              "long": {
                "standard": "盖亚那时间"
              }
            },
            "Hawaii_Aleutian": {
              "long": {
                "generic": "夏威夷-阿留申时间",
                "standard": "夏威夷-阿留申标准时间",
                "daylight": "夏威夷-阿留申夏令时间"
              }
            },
            "Hong_Kong": {
              "long": {
                "generic": "香港时间",
                "standard": "香港标准时间",
                "daylight": "香港夏令时间"
              }
            },
            "Hovd": {
              "long": {
                "generic": "科布多时间",
                "standard": "科布多标准时间",
                "daylight": "科布多夏令时间"
              }
            },
            "India": {
              "long": {
                "standard": "印度标准时间"
              }
            },
            "Indian_Ocean": {
              "long": {
                "standard": "印度洋时间"
              }
            },
            "Indochina": {
              "long": {
                "standard": "印度支那时间"
              }
            },
            "Indonesia_Central": {
              "long": {
                "standard": "印尼中部时间"
              }
            },
            "Indonesia_Eastern": {
              "long": {
                "standard": "印尼东部时间"
              }
            },
            "Indonesia_Western": {
              "long": {
                "standard": "印尼西部时间"
              }
            },
            "Iran": {
              "long": {
                "generic": "伊朗时间",
                "standard": "伊朗标准时间",
                "daylight": "伊朗夏令时间"
              }
            },
            "Irkutsk": {
              "long": {
                "generic": "伊尔库次克时间",
                "standard": "伊尔库次克标准时间",
                "daylight": "伊尔库次克夏令时间"
              }
            },
            "Israel": {
              "long": {
                "generic": "以色列时间",
                "standard": "以色列标准时间",
                "daylight": "以色列夏令时间"
              }
            },
            "Japan": {
              "long": {
                "generic": "日本时间",
                "standard": "日本标准时间",
                "daylight": "日本夏令时间"
              }
            },
            "Kamchatka": {
              "long": {
                "generic": "彼得罗巴甫洛夫斯克时间",
                "standard": "彼得罗巴甫洛夫斯克标准时间",
                "daylight": "彼得罗巴甫洛夫斯克日光节约时间"
              }
            },
            "Kazakhstan_Eastern": {
              "long": {
                "standard": "东哈萨克时间"
              }
            },
            "Kazakhstan_Western": {
              "long": {
                "standard": "西哈萨克时间"
              }
            },
            "Korea": {
              "long": {
                "generic": "韩国时间",
                "standard": "韩国标准时间",
                "daylight": "韩国夏令时间"
              }
            },
            "Kosrae": {
              "long": {
                "standard": "科斯瑞时间"
              }
            },
            "Krasnoyarsk": {
              "long": {
                "generic": "克拉斯诺亚尔斯克时间",
                "standard": "克拉斯诺亚尔斯克标准时间",
                "daylight": "克拉斯诺亚尔斯克夏令时间"
              }
            },
            "Kyrgystan": {
              "long": {
                "standard": "吉尔吉斯时间"
              }
            },
            "Lanka": {
              "long": {
                "standard": "兰卡时间"
              }
            },
            "Line_Islands": {
              "long": {
                "standard": "莱恩群岛时间"
              }
            },
            "Lord_Howe": {
              "long": {
                "generic": "豪勋爵岛时间",
                "standard": "豪勋爵岛标准时间",
                "daylight": "豪勋爵岛夏令时间"
              }
            },
            "Macau": {
              "long": {
                "generic": "澳门时间",
                "standard": "澳门标准时间",
                "daylight": "澳门夏令时间"
              }
            },
            "Macquarie": {
              "long": {
                "standard": "麦觉理时间"
              }
            },
            "Magadan": {
              "long": {
                "generic": "马加丹时间",
                "standard": "马加丹标准时间",
                "daylight": "马加丹夏令时间"
              }
            },
            "Malaysia": {
              "long": {
                "standard": "马来西亚时间"
              }
            },
            "Maldives": {
              "long": {
                "standard": "马尔地夫时间"
              }
            },
            "Marquesas": {
              "long": {
                "standard": "马可萨斯时间"
              }
            },
            "Marshall_Islands": {
              "long": {
                "standard": "马绍尔群岛时间"
              }
            },
            "Mauritius": {
              "long": {
                "generic": "模里西斯时间",
                "standard": "模里西斯标准时间",
                "daylight": "模里西斯夏令时间"
              }
            },
            "Mawson": {
              "long": {
                "standard": "莫森时间"
              }
            },
            "Mexico_Northwest": {
              "long": {
                "generic": "墨西哥西北部时间",
                "standard": "墨西哥西北部标准时间",
                "daylight": "墨西哥西北部夏令时间"
              }
            },
            "Mexico_Pacific": {
              "long": {
                "generic": "墨西哥太平洋时间",
                "standard": "墨西哥太平洋标准时间",
                "daylight": "墨西哥太平洋夏令时间"
              }
            },
            "Mongolia": {
              "long": {
                "generic": "乌兰巴托时间",
                "standard": "乌兰巴托标准时间",
                "daylight": "乌兰巴托夏令时间"
              }
            },
            "Moscow": {
              "long": {
                "generic": "莫斯科时间",
                "standard": "莫斯科标准时间",
                "daylight": "莫斯科夏令时间"
              }
            },
            "Myanmar": {
              "long": {
                "standard": "缅甸时间"
              }
            },
            "Nauru": {
              "long": {
                "standard": "诺鲁时间"
              }
            },
            "Nepal": {
              "long": {
                "standard": "尼泊尔时间"
              }
            },
            "New_Caledonia": {
              "long": {
                "generic": "新喀里多尼亚时间",
                "standard": "新喀里多尼亚标准时间",
                "daylight": "新喀里多尼亚群岛夏令时间"
              }
            },
            "New_Zealand": {
              "long": {
                "generic": "纽西兰时间",
                "standard": "纽西兰标准时间",
                "daylight": "纽西兰夏令时间"
              }
            },
            "Newfoundland": {
              "long": {
                "generic": "纽芬兰时间",
                "standard": "纽芬兰标准时间",
                "daylight": "纽芬兰夏令时间"
              }
            },
            "Niue": {
              "long": {
                "standard": "纽埃岛时间"
              }
            },
            "Norfolk": {
              "long": {
                "generic": "诺福克岛时间",
                "standard": "诺福克岛标准时间",
                "daylight": "诺福克岛夏令时间"
              }
            },
            "Noronha": {
              "long": {
                "generic": "费尔南多 - 迪诺罗尼亚时间",
                "standard": "费尔南多 - 迪诺罗尼亚标准时间",
                "daylight": "费尔南多 - 迪诺罗尼亚夏令时间"
              }
            },
            "North_Mariana": {
              "long": {
                "standard": "北马里亚纳群岛时间"
              }
            },
            "Novosibirsk": {
              "long": {
                "generic": "新西伯利亚时间",
                "standard": "新西伯利亚标准时间",
                "daylight": "新西伯利亚夏令时间"
              }
            },
            "Omsk": {
              "long": {
                "generic": "鄂木斯克时间",
                "standard": "鄂木斯克标准时间",
                "daylight": "鄂木斯克夏令时间"
              }
            },
            "Pakistan": {
              "long": {
                "generic": "巴基斯坦时间",
                "standard": "巴基斯坦标准时间",
                "daylight": "巴基斯坦夏令时间"
              }
            },
            "Palau": {
              "long": {
                "standard": "帛琉时间"
              }
            },
            "Papua_New_Guinea": {
              "long": {
                "standard": "巴布亚纽几内亚时间"
              }
            },
            "Paraguay": {
              "long": {
                "generic": "巴拉圭时间",
                "standard": "巴拉圭标准时间",
                "daylight": "巴拉圭夏令时间"
              }
            },
            "Peru": {
              "long": {
                "generic": "秘鲁时间",
                "standard": "秘鲁标准时间",
                "daylight": "秘鲁夏令时间"
              }
            },
            "Philippines": {
              "long": {
                "generic": "菲律宾时间",
                "standard": "菲律宾标准时间",
                "daylight": "菲律宾夏令时间"
              }
            },
            "Phoenix_Islands": {
              "long": {
                "standard": "凤凰群岛时间"
              }
            },
            "Pierre_Miquelon": {
              "long": {
                "generic": "圣皮埃尔和密克隆群岛时间",
                "standard": "圣皮埃尔和密克隆群岛标准时间",
                "daylight": "圣皮埃尔和密克隆群岛夏令时间"
              }
            },
            "Pitcairn": {
              "long": {
                "standard": "皮特肯时间"
              }
            },
            "Ponape": {
              "long": {
                "standard": "波纳佩时间"
              }
            },
            "Pyongyang": {
              "long": {
                "standard": "平壤时间"
              }
            },
            "Qyzylorda": {
              "long": {
                "generic": "克孜勒奥尔达时间",
                "standard": "克孜勒奥尔达标准时间",
                "daylight": "克孜勒奥尔达夏令时间"
              }
            },
            "Reunion": {
              "long": {
                "standard": "留尼旺时间"
              }
            },
            "Rothera": {
              "long": {
                "standard": "罗瑟拉时间"
              }
            },
            "Sakhalin": {
              "long": {
                "generic": "库页岛时间",
                "standard": "库页岛标准时间",
                "daylight": "库页岛夏令时间"
              }
            },
            "Samara": {
              "long": {
                "generic": "萨马拉时间",
                "standard": "萨马拉标准时间",
                "daylight": "萨马拉夏令时间"
              }
            },
            "Samoa": {
              "long": {
                "generic": "萨摩亚时间",
                "standard": "萨摩亚标准时间",
                "daylight": "萨摩亚夏令时间"
              }
            },
            "Seychelles": {
              "long": {
                "standard": "塞席尔时间"
              }
            },
            "Singapore": {
              "long": {
                "standard": "新加坡标准时间"
              }
            },
            "Solomon": {
              "long": {
                "standard": "索罗门群岛时间"
              }
            },
            "South_Georgia": {
              "long": {
                "standard": "南乔治亚时间"
              }
            },
            "Suriname": {
              "long": {
                "standard": "苏利南时间"
              }
            },
            "Syowa": {
              "long": {
                "standard": "昭和基地时间"
              }
            },
            "Tahiti": {
              "long": {
                "standard": "大溪地时间"
              }
            },
            "Taipei": {
              "long": {
                "generic": "台北时间",
                "standard": "台北标准时间",
                "daylight": "台北夏令时间"
              }
            },
            "Tajikistan": {
              "long": {
                "standard": "塔吉克时间"
              }
            },
            "Tokelau": {
              "long": {
                "standard": "托克劳群岛时间"
              }
            },
            "Tonga": {
              "long": {
                "generic": "东加时间",
                "standard": "东加标准时间",
                "daylight": "东加夏令时间"
              }
            },
            "Truk": {
              "long": {
                "standard": "楚克岛时间"
              }
            },
            "Turkmenistan": {
              "long": {
                "generic": "土库曼时间",
                "standard": "土库曼标准时间",
                "daylight": "土库曼夏令时间"
              }
            },
            "Tuvalu": {
              "long": {
                "standard": "吐瓦鲁时间"
              }
            },
            "Uruguay": {
              "long": {
                "generic": "乌拉圭时间",
                "standard": "乌拉圭标准时间",
                "daylight": "乌拉圭夏令时间"
              }
            },
            "Uzbekistan": {
              "long": {
                "generic": "乌兹别克时间",
                "standard": "乌兹别克标准时间",
                "daylight": "乌兹别克夏令时间"
              }
            },
            "Vanuatu": {
              "long": {
                "generic": "万那杜时间",
                "standard": "万那杜标准时间",
                "daylight": "万那杜夏令时间"
              }
            },
            "Venezuela": {
              "long": {
                "standard": "委内瑞拉时间"
              }
            },
            "Vladivostok": {
              "long": {
                "generic": "海参崴时间",
                "standard": "海参崴标准时间",
                "daylight": "海参崴夏令时间"
              }
            },
            "Volgograd": {
              "long": {
                "generic": "伏尔加格勒时间",
                "standard": "伏尔加格勒标准时间",
                "daylight": "伏尔加格勒夏令时间"
              }
            },
            "Vostok": {
              "long": {
                "standard": "沃斯托克时间"
              }
            },
            "Wake": {
              "long": {
                "standard": "威克岛时间"
              }
            },
            "Wallis": {
              "long": {
                "standard": "瓦利斯和富图纳群岛时间"
              }
            },
            "Yakutsk": {
              "long": {
                "generic": "雅库次克时间",
                "standard": "雅库次克标准时间",
                "daylight": "雅库次克夏令时间"
              }
            },
            "Yekaterinburg": {
              "long": {
                "generic": "叶卡捷琳堡时间",
                "standard": "叶卡捷琳堡标准时间",
                "daylight": "叶卡捷琳堡夏令时间"
              }
            },
            "Yukon": {
              "long": {
                "standard": "育空时间"
              }
            }
          }
        }
      }
    }
  }
}
