{
  "main": {
    "br": {
      "identity": {
        "version": {
          "_cldrVersion": "42"
        },
        "language": "br"
      },
      "dates": {
        "timeZoneNames": {
          "hourFormat": "+HH:mm;-HH:mm",
          "gmtFormat": "GMT{0}",
          "gmtZeroFormat": "GMT",
          "regionFormat": "eur {0}",
          "regionFormat-type-daylight": "eur hañv {0}",
          "regionFormat-type-standard": "eur cʼhoañv {0}",
          "fallbackFormat": "{1} ({0})",
          "zone": {
            "America": {
              "Adak": {
                "exemplarCity": "Adak"
              },
              "Anchorage": {
                "exemplarCity": "Anchorage"
              },
              "Anguilla": {
                "exemplarCity": "Anguilla"
              },
              "Antigua": {
                "exemplarCity": "Antigua"
              },
              "Araguaina": {
                "exemplarCity": "Araguaina"
              },
              "Argentina": {
                "Rio_Gallegos": {
                  "exemplarCity": "Rio Gallegos"
                },
                "San_Juan": {
                  "exemplarCity": "San Juan"
                },
                "Ushuaia": {
                  "exemplarCity": "Ushuaia"
                },
                "La_Rioja": {
                  "exemplarCity": "La Rioja"
                },
                "San_Luis": {
                  "exemplarCity": "San Luis"
                },
                "Salta": {
                  "exemplarCity": "Salta"
                },
                "Tucuman": {
                  "exemplarCity": "Tucuman"
                }
              },
              "Aruba": {
                "exemplarCity": "Aruba"
              },
              "Asuncion": {
                "exemplarCity": "Asunción"
              },
              "Bahia": {
                "exemplarCity": "Bahia"
              },
              "Bahia_Banderas": {
                "exemplarCity": "Bahia Banderas"
              },
              "Barbados": {
                "exemplarCity": "Barbados"
              },
              "Belem": {
                "exemplarCity": "Belém"
              },
              "Belize": {
                "exemplarCity": "Belize"
              },
              "Blanc-Sablon": {
                "exemplarCity": "Blanc-Sablon"
              },
              "Boa_Vista": {
                "exemplarCity": "Boa Vista"
              },
              "Bogota": {
                "exemplarCity": "Bogotá"
              },
              "Boise": {
                "exemplarCity": "Boise"
              },
              "Buenos_Aires": {
                "exemplarCity": "Buenos Aires"
              },
              "Cambridge_Bay": {
                "exemplarCity": "Cambridge Bay"
              },
              "Campo_Grande": {
                "exemplarCity": "Campo Grande"
              },
              "Cancun": {
                "exemplarCity": "Cancun"
              },
              "Caracas": {
                "exemplarCity": "Caracas"
              },
              "Catamarca": {
                "exemplarCity": "Catamarca"
              },
              "Cayenne": {
                "exemplarCity": "Cayenne"
              },
              "Cayman": {
                "exemplarCity": "Cayman"
              },
              "Chicago": {
                "exemplarCity": "Chicago"
              },
              "Chihuahua": {
                "exemplarCity": "Chihuahua"
              },
              "Coral_Harbour": {
                "exemplarCity": "Atikokan"
              },
              "Cordoba": {
                "exemplarCity": "Cordoba"
              },
              "Costa_Rica": {
                "exemplarCity": "Costa Rica"
              },
              "Creston": {
                "exemplarCity": "Creston"
              },
              "Cuiaba": {
                "exemplarCity": "Cuiaba"
              },
              "Curacao": {
                "exemplarCity": "Curacao"
              },
              "Danmarkshavn": {
                "exemplarCity": "Danmarkshavn"
              },
              "Dawson": {
                "exemplarCity": "Dawson"
              },
              "Dawson_Creek": {
                "exemplarCity": "Dawson Creek"
              },
              "Denver": {
                "exemplarCity": "Denver"
              },
              "Detroit": {
                "exemplarCity": "Detroit"
              },
              "Dominica": {
                "exemplarCity": "Dominica"
              },
              "Edmonton": {
                "exemplarCity": "Edmonton"
              },
              "Eirunepe": {
                "exemplarCity": "Eirunepe"
              },
              "El_Salvador": {
                "exemplarCity": "Salvador"
              },
              "Fort_Nelson": {
                "exemplarCity": "Fort Nelson"
              },
              "Fortaleza": {
                "exemplarCity": "Fortaleza"
              },
              "Glace_Bay": {
                "exemplarCity": "Glace Bay"
              },
              "Godthab": {
                "exemplarCity": "Nuuk (Godthåb)"
              },
              "Goose_Bay": {
                "exemplarCity": "Goose Bay"
              },
              "Grand_Turk": {
                "exemplarCity": "Grand Turk"
              },
              "Grenada": {
                "exemplarCity": "Grenada"
              },
              "Guadeloupe": {
                "exemplarCity": "Gwadeloup"
              },
              "Guatemala": {
                "exemplarCity": "Guatemala"
              },
              "Guayaquil": {
                "exemplarCity": "Guayaquil"
              },
              "Guyana": {
                "exemplarCity": "Guyana"
              },
              "Halifax": {
                "exemplarCity": "Halifax"
              },
              "Havana": {
                "exemplarCity": "La Habana"
              },
              "Hermosillo": {
                "exemplarCity": "Hermosillo"
              },
              "Indiana": {
                "Vincennes": {
                  "exemplarCity": "Vincennes, Indiana"
                },
                "Petersburg": {
                  "exemplarCity": "Petersburg, Indiana"
                },
                "Tell_City": {
                  "exemplarCity": "Tell City, Indiana"
                },
                "Knox": {
                  "exemplarCity": "Knox, Indiana"
                },
                "Winamac": {
                  "exemplarCity": "Winamac, Indiana"
                },
                "Marengo": {
                  "exemplarCity": "Marengo, Indiana"
                },
                "Vevay": {
                  "exemplarCity": "Vevay, Indiana"
                }
              },
              "Indianapolis": {
                "exemplarCity": "Indianapolis"
              },
              "Inuvik": {
                "exemplarCity": "Inuvik"
              },
              "Iqaluit": {
                "exemplarCity": "Iqaluit"
              },
              "Jamaica": {
                "exemplarCity": "Jamaika"
              },
              "Jujuy": {
                "exemplarCity": "Jujuy"
              },
              "Juneau": {
                "exemplarCity": "Juneau"
              },
              "Kentucky": {
                "Monticello": {
                  "exemplarCity": "Monticello, Kentucky"
                }
              },
              "Kralendijk": {
                "exemplarCity": "Kralendijk"
              },
              "La_Paz": {
                "exemplarCity": "La Paz"
              },
              "Lima": {
                "exemplarCity": "Lima"
              },
              "Los_Angeles": {
                "exemplarCity": "Los Angeles"
              },
              "Louisville": {
                "exemplarCity": "Louisville"
              },
              "Lower_Princes": {
                "exemplarCity": "Lower Prince’s Quarter"
              },
              "Maceio": {
                "exemplarCity": "Maceio"
              },
              "Managua": {
                "exemplarCity": "Managua"
              },
              "Manaus": {
                "exemplarCity": "Manaus"
              },
              "Marigot": {
                "exemplarCity": "Marigot"
              },
              "Martinique": {
                "exemplarCity": "Martinik"
              },
              "Matamoros": {
                "exemplarCity": "Matamoros"
              },
              "Mazatlan": {
                "exemplarCity": "Mazatlan"
              },
              "Mendoza": {
                "exemplarCity": "Mendoza"
              },
              "Menominee": {
                "exemplarCity": "Menominee"
              },
              "Merida": {
                "exemplarCity": "Merida"
              },
              "Metlakatla": {
                "exemplarCity": "Metlakatla"
              },
              "Mexico_City": {
                "exemplarCity": "Kêr Vecʼhiko"
              },
              "Miquelon": {
                "exemplarCity": "Mikelon"
              },
              "Moncton": {
                "exemplarCity": "Moncton"
              },
              "Monterrey": {
                "exemplarCity": "Monterrey"
              },
              "Montevideo": {
                "exemplarCity": "Montevideo"
              },
              "Montserrat": {
                "exemplarCity": "Montserrat"
              },
              "Nassau": {
                "exemplarCity": "Nassau"
              },
              "New_York": {
                "exemplarCity": "New York"
              },
              "Nipigon": {
                "exemplarCity": "Nipigon"
              },
              "Nome": {
                "exemplarCity": "Nome"
              },
              "Noronha": {
                "exemplarCity": "Noronha"
              },
              "North_Dakota": {
                "Beulah": {
                  "exemplarCity": "Beulah, North Dakota"
                },
                "New_Salem": {
                  "exemplarCity": "New Salem, North Dakota"
                },
                "Center": {
                  "exemplarCity": "Center, North Dakota"
                }
              },
              "Ojinaga": {
                "exemplarCity": "Ojinaga"
              },
              "Panama": {
                "exemplarCity": "Panamá"
              },
              "Pangnirtung": {
                "exemplarCity": "Pangnirtung"
              },
              "Paramaribo": {
                "exemplarCity": "Paramaribo"
              },
              "Phoenix": {
                "exemplarCity": "Phoenix"
              },
              "Port-au-Prince": {
                "exemplarCity": "Port-au-Prince"
              },
              "Port_of_Spain": {
                "exemplarCity": "Port of Spain"
              },
              "Porto_Velho": {
                "exemplarCity": "Porto Velho"
              },
              "Puerto_Rico": {
                "exemplarCity": "Puerto Rico"
              },
              "Punta_Arenas": {
                "exemplarCity": "Punta Arenas"
              },
              "Rainy_River": {
                "exemplarCity": "Rainy River"
              },
              "Rankin_Inlet": {
                "exemplarCity": "Rankin Inlet"
              },
              "Recife": {
                "exemplarCity": "Recife"
              },
              "Regina": {
                "exemplarCity": "Regina"
              },
              "Resolute": {
                "exemplarCity": "Resolute"
              },
              "Rio_Branco": {
                "exemplarCity": "Rio Branco"
              },
              "Santarem": {
                "exemplarCity": "Santarem"
              },
              "Santiago": {
                "exemplarCity": "Santiago"
              },
              "Santo_Domingo": {
                "exemplarCity": "Santo Domingo"
              },
              "Sao_Paulo": {
                "exemplarCity": "São Paulo"
              },
              "Scoresbysund": {
                "exemplarCity": "Ittoqqortoormiit"
              },
              "Sitka": {
                "exemplarCity": "Sitka"
              },
              "St_Barthelemy": {
                "exemplarCity": "Saint Barthélemy"
              },
              "St_Johns": {
                "exemplarCity": "Saint Johnʼs"
              },
              "St_Kitts": {
                "exemplarCity": "Saint Kitts"
              },
              "St_Lucia": {
                "exemplarCity": "Saint Lucia"
              },
              "St_Thomas": {
                "exemplarCity": "St. Thomas"
              },
              "St_Vincent": {
                "exemplarCity": "Sant Visant"
              },
              "Swift_Current": {
                "exemplarCity": "Swift Current"
              },
              "Tegucigalpa": {
                "exemplarCity": "Tegucigalpa"
              },
              "Thule": {
                "exemplarCity": "Qânâq"
              },
              "Thunder_Bay": {
                "exemplarCity": "Thunder Bay"
              },
              "Tijuana": {
                "exemplarCity": "Tijuana"
              },
              "Toronto": {
                "exemplarCity": "Toronto"
              },
              "Tortola": {
                "exemplarCity": "Tortola"
              },
              "Vancouver": {
                "exemplarCity": "Vancouver"
              },
              "Whitehorse": {
                "exemplarCity": "Whitehorse"
              },
              "Winnipeg": {
                "exemplarCity": "Winnipeg"
              },
              "Yakutat": {
                "exemplarCity": "Yakutat"
              },
              "Yellowknife": {
                "exemplarCity": "Yellowknife"
              }
            },
            "Atlantic": {
              "Azores": {
                "exemplarCity": "Azorez"
              },
              "Bermuda": {
                "exemplarCity": "Bermudez"
              },
              "Canary": {
                "exemplarCity": "Kanariez"
              },
              "Cape_Verde": {
                "exemplarCity": "Kab Glas"
              },
              "Faeroe": {
                "exemplarCity": "Faero"
              },
              "Madeira": {
                "exemplarCity": "Madeira"
              },
              "Reykjavik": {
                "exemplarCity": "Reykjavík"
              },
              "South_Georgia": {
                "exemplarCity": "Georgia ar Su"
              },
              "St_Helena": {
                "exemplarCity": "Saint Helena"
              },
              "Stanley": {
                "exemplarCity": "Stanley"
              }
            },
            "Europe": {
              "Amsterdam": {
                "exemplarCity": "Amsterdam"
              },
              "Andorra": {
                "exemplarCity": "Andorra"
              },
              "Astrakhan": {
                "exemplarCity": "Astrakhan"
              },
              "Athens": {
                "exemplarCity": "Aten"
              },
              "Belgrade": {
                "exemplarCity": "Beograd"
              },
              "Berlin": {
                "exemplarCity": "Berlin"
              },
              "Bratislava": {
                "exemplarCity": "Bratislava"
              },
              "Brussels": {
                "exemplarCity": "Brusel"
              },
              "Bucharest": {
                "exemplarCity": "Bukarest"
              },
              "Budapest": {
                "exemplarCity": "Budapest"
              },
              "Busingen": {
                "exemplarCity": "Busingen"
              },
              "Chisinau": {
                "exemplarCity": "Chisinau"
              },
              "Copenhagen": {
                "exemplarCity": "Kopenhagen"
              },
              "Dublin": {
                "long": {
                  "daylight": "eur cʼhoañv Iwerzhon"
                },
                "exemplarCity": "Dulenn"
              },
              "Gibraltar": {
                "exemplarCity": "Jibraltar"
              },
              "Guernsey": {
                "exemplarCity": "Gwernenez"
              },
              "Helsinki": {
                "exemplarCity": "Helsinki"
              },
              "Isle_of_Man": {
                "exemplarCity": "Manav"
              },
              "Istanbul": {
                "exemplarCity": "Istanbul"
              },
              "Jersey": {
                "exemplarCity": "Jerzenez"
              },
              "Kaliningrad": {
                "exemplarCity": "Kaliningrad"
              },
              "Kiev": {
                "exemplarCity": "Kiev"
              },
              "Kirov": {
                "exemplarCity": "Kirov"
              },
              "Lisbon": {
                "exemplarCity": "Lisboa"
              },
              "Ljubljana": {
                "exemplarCity": "Ljubljana"
              },
              "London": {
                "long": {
                  "daylight": "eur hañv Breizh-Veur"
                },
                "exemplarCity": "Londrez"
              },
              "Luxembourg": {
                "exemplarCity": "Luksembourg"
              },
              "Madrid": {
                "exemplarCity": "Madrid"
              },
              "Malta": {
                "exemplarCity": "Malta"
              },
              "Mariehamn": {
                "exemplarCity": "Marjehamn"
              },
              "Minsk": {
                "exemplarCity": "Mensk"
              },
              "Monaco": {
                "exemplarCity": "Monaco"
              },
              "Moscow": {
                "exemplarCity": "Moskov"
              },
              "Oslo": {
                "exemplarCity": "Oslo"
              },
              "Paris": {
                "exemplarCity": "Pariz"
              },
              "Podgorica": {
                "exemplarCity": "Podgorica"
              },
              "Prague": {
                "exemplarCity": "Praha"
              },
              "Riga": {
                "exemplarCity": "Riga"
              },
              "Rome": {
                "exemplarCity": "Roma"
              },
              "Samara": {
                "exemplarCity": "Samara"
              },
              "San_Marino": {
                "exemplarCity": "San Marino"
              },
              "Sarajevo": {
                "exemplarCity": "Sarajevo"
              },
              "Saratov": {
                "exemplarCity": "Saratov"
              },
              "Simferopol": {
                "exemplarCity": "Simferopol"
              },
              "Skopje": {
                "exemplarCity": "Skopje"
              },
              "Sofia": {
                "exemplarCity": "Sofia"
              },
              "Stockholm": {
                "exemplarCity": "Stockholm"
              },
              "Tallinn": {
                "exemplarCity": "Tallinn"
              },
              "Tirane": {
                "exemplarCity": "Tiranë"
              },
              "Ulyanovsk": {
                "exemplarCity": "Ulyanovsk"
              },
              "Uzhgorod": {
                "exemplarCity": "Uzhgorod"
              },
              "Vaduz": {
                "exemplarCity": "Vaduz"
              },
              "Vatican": {
                "exemplarCity": "Vatikan"
              },
              "Vienna": {
                "exemplarCity": "Vienna"
              },
              "Vilnius": {
                "exemplarCity": "Vilnius"
              },
              "Volgograd": {
                "exemplarCity": "Volgograd"
              },
              "Warsaw": {
                "exemplarCity": "Varsovia"
              },
              "Zagreb": {
                "exemplarCity": "Zagreb"
              },
              "Zaporozhye": {
                "exemplarCity": "Zaporozhye"
              },
              "Zurich": {
                "exemplarCity": "Zurich"
              }
            },
            "Africa": {
              "Abidjan": {
                "exemplarCity": "Abidjan"
              },
              "Accra": {
                "exemplarCity": "Accra"
              },
              "Addis_Ababa": {
                "exemplarCity": "Adis Abeba"
              },
              "Algiers": {
                "exemplarCity": "Aljer"
              },
              "Asmera": {
                "exemplarCity": "Asmara"
              },
              "Bamako": {
                "exemplarCity": "Bamako"
              },
              "Bangui": {
                "exemplarCity": "Bangui"
              },
              "Banjul": {
                "exemplarCity": "Banjul"
              },
              "Bissau": {
                "exemplarCity": "Bissau"
              },
              "Blantyre": {
                "exemplarCity": "Blantyre"
              },
              "Brazzaville": {
                "exemplarCity": "Brazzaville"
              },
              "Bujumbura": {
                "exemplarCity": "Bujumbura"
              },
              "Cairo": {
                "exemplarCity": "Kaero"
              },
              "Casablanca": {
                "exemplarCity": "Dar el Beida (Casablanca)"
              },
              "Ceuta": {
                "exemplarCity": "Ceuta"
              },
              "Conakry": {
                "exemplarCity": "Conakry"
              },
              "Dakar": {
                "exemplarCity": "Dakar"
              },
              "Dar_es_Salaam": {
                "exemplarCity": "Dar es Salaam"
              },
              "Djibouti": {
                "exemplarCity": "Djibouti"
              },
              "Douala": {
                "exemplarCity": "Douala"
              },
              "El_Aaiun": {
                "exemplarCity": "LaʼYoun"
              },
              "Freetown": {
                "exemplarCity": "Freetown"
              },
              "Gaborone": {
                "exemplarCity": "Gaborone"
              },
              "Harare": {
                "exemplarCity": "Harare"
              },
              "Johannesburg": {
                "exemplarCity": "Johannesburg"
              },
              "Juba": {
                "exemplarCity": "Juba"
              },
              "Kampala": {
                "exemplarCity": "Kampala"
              },
              "Khartoum": {
                "exemplarCity": "Khartoum"
              },
              "Kigali": {
                "exemplarCity": "Kigali"
              },
              "Kinshasa": {
                "exemplarCity": "Kinshasa"
              },
              "Lagos": {
                "exemplarCity": "Lagos"
              },
              "Libreville": {
                "exemplarCity": "Libreville"
              },
              "Lome": {
                "exemplarCity": "Lomé"
              },
              "Luanda": {
                "exemplarCity": "Luanda"
              },
              "Lubumbashi": {
                "exemplarCity": "Lubumbashi"
              },
              "Lusaka": {
                "exemplarCity": "Lusaka"
              },
              "Malabo": {
                "exemplarCity": "Malabo"
              },
              "Maputo": {
                "exemplarCity": "Maputo"
              },
              "Maseru": {
                "exemplarCity": "Maseru"
              },
              "Mbabane": {
                "exemplarCity": "Mbabane"
              },
              "Mogadishu": {
                "exemplarCity": "Muqdisho"
              },
              "Monrovia": {
                "exemplarCity": "Monrovia"
              },
              "Nairobi": {
                "exemplarCity": "Nairobi"
              },
              "Ndjamena": {
                "exemplarCity": "NʼDjamena"
              },
              "Niamey": {
                "exemplarCity": "Niamey"
              },
              "Nouakchott": {
                "exemplarCity": "Nouakchott"
              },
              "Ouagadougou": {
                "exemplarCity": "Ouagadougou"
              },
              "Porto-Novo": {
                "exemplarCity": "Porto-Novo"
              },
              "Sao_Tome": {
                "exemplarCity": "São Tomé"
              },
              "Tripoli": {
                "exemplarCity": "Tarabulus (Tripoli)"
              },
              "Tunis": {
                "exemplarCity": "Tuniz"
              },
              "Windhoek": {
                "exemplarCity": "Windhoek"
              }
            },
            "Asia": {
              "Aden": {
                "exemplarCity": "Aden"
              },
              "Almaty": {
                "exemplarCity": "Almaty"
              },
              "Amman": {
                "exemplarCity": "Amman"
              },
              "Anadyr": {
                "exemplarCity": "Anadyrʼ"
              },
              "Aqtau": {
                "exemplarCity": "Aqtau"
              },
              "Aqtobe": {
                "exemplarCity": "Aqtobe"
              },
              "Ashgabat": {
                "exemplarCity": "Ashgabat"
              },
              "Atyrau": {
                "exemplarCity": "Atyrau"
              },
              "Baghdad": {
                "exemplarCity": "Baghdad"
              },
              "Bahrain": {
                "exemplarCity": "Bahrein"
              },
              "Baku": {
                "exemplarCity": "Bakou"
              },
              "Bangkok": {
                "exemplarCity": "Bangkok"
              },
              "Barnaul": {
                "exemplarCity": "Barnaul"
              },
              "Beirut": {
                "exemplarCity": "Bayrut"
              },
              "Bishkek": {
                "exemplarCity": "Bishkek"
              },
              "Brunei": {
                "exemplarCity": "Brunei"
              },
              "Calcutta": {
                "exemplarCity": "Calcutta"
              },
              "Chita": {
                "exemplarCity": "Tchita"
              },
              "Choibalsan": {
                "exemplarCity": "Choibalsan"
              },
              "Colombo": {
                "exemplarCity": "Kolamba"
              },
              "Damascus": {
                "exemplarCity": "Damask"
              },
              "Dhaka": {
                "exemplarCity": "Dhaka"
              },
              "Dili": {
                "exemplarCity": "Dili"
              },
              "Dubai": {
                "exemplarCity": "Dubai"
              },
              "Dushanbe": {
                "exemplarCity": "Dushanbe"
              },
              "Famagusta": {
                "exemplarCity": "Famagusta"
              },
              "Gaza": {
                "exemplarCity": "Gaza"
              },
              "Hebron": {
                "exemplarCity": "Hebron"
              },
              "Hong_Kong": {
                "exemplarCity": "Hong Kong"
              },
              "Hovd": {
                "exemplarCity": "Hovd"
              },
              "Irkutsk": {
                "exemplarCity": "Irkutsk"
              },
              "Jakarta": {
                "exemplarCity": "Jakarta"
              },
              "Jayapura": {
                "exemplarCity": "Jayapura"
              },
              "Jerusalem": {
                "exemplarCity": "Jeruzalem"
              },
              "Kabul": {
                "exemplarCity": "Kaboul"
              },
              "Kamchatka": {
                "exemplarCity": "Kamtchatka"
              },
              "Karachi": {
                "exemplarCity": "Karachi"
              },
              "Katmandu": {
                "exemplarCity": "Kathmandu"
              },
              "Khandyga": {
                "exemplarCity": "Khandyga"
              },
              "Krasnoyarsk": {
                "exemplarCity": "Krasnoyarsk"
              },
              "Kuala_Lumpur": {
                "exemplarCity": "Kuala Lumpur"
              },
              "Kuching": {
                "exemplarCity": "Kuching"
              },
              "Kuwait": {
                "exemplarCity": "Koweit"
              },
              "Macau": {
                "exemplarCity": "Macau"
              },
              "Magadan": {
                "exemplarCity": "Magadan"
              },
              "Makassar": {
                "exemplarCity": "Makassar"
              },
              "Manila": {
                "exemplarCity": "Manila"
              },
              "Muscat": {
                "exemplarCity": "Masqat"
              },
              "Nicosia": {
                "exemplarCity": "Levkosía"
              },
              "Novokuznetsk": {
                "exemplarCity": "Novokuznetsk"
              },
              "Novosibirsk": {
                "exemplarCity": "Novosibirsk"
              },
              "Omsk": {
                "exemplarCity": "Omsk"
              },
              "Oral": {
                "exemplarCity": "Oral"
              },
              "Phnom_Penh": {
                "exemplarCity": "Phnum Pénh"
              },
              "Pontianak": {
                "exemplarCity": "Pontianak"
              },
              "Pyongyang": {
                "exemplarCity": "Pʼyongyang"
              },
              "Qatar": {
                "exemplarCity": "Qatar"
              },
              "Qostanay": {
                "exemplarCity": "Qostanay"
              },
              "Qyzylorda": {
                "exemplarCity": "Qyzylorda"
              },
              "Rangoon": {
                "exemplarCity": "Yangon"
              },
              "Riyadh": {
                "exemplarCity": "Riyadh"
              },
              "Saigon": {
                "exemplarCity": "Kêr Hô-Chi-Minh"
              },
              "Sakhalin": {
                "exemplarCity": "Sakhalin"
              },
              "Samarkand": {
                "exemplarCity": "Samarkand"
              },
              "Seoul": {
                "exemplarCity": "Seoul"
              },
              "Shanghai": {
                "exemplarCity": "Shanghai"
              },
              "Singapore": {
                "exemplarCity": "Singapour"
              },
              "Srednekolymsk": {
                "exemplarCity": "Srednekolymsk"
              },
              "Taipei": {
                "exemplarCity": "Taipei"
              },
              "Tashkent": {
                "exemplarCity": "Toshkent"
              },
              "Tbilisi": {
                "exemplarCity": "Tbilisi"
              },
              "Tehran": {
                "exemplarCity": "Tehran"
              },
              "Thimphu": {
                "exemplarCity": "Thimphu"
              },
              "Tokyo": {
                "exemplarCity": "Tokyo"
              },
              "Tomsk": {
                "exemplarCity": "Tomsk"
              },
              "Ulaanbaatar": {
                "exemplarCity": "Ulaanbaatar"
              },
              "Urumqi": {
                "exemplarCity": "Ürümqi"
              },
              "Ust-Nera": {
                "exemplarCity": "Ust-Nera"
              },
              "Vientiane": {
                "exemplarCity": "Viangchan"
              },
              "Vladivostok": {
                "exemplarCity": "Vladivostok"
              },
              "Yakutsk": {
                "exemplarCity": "Yakutsk"
              },
              "Yekaterinburg": {
                "exemplarCity": "Yekaterinbourg"
              },
              "Yerevan": {
                "exemplarCity": "Yerevan"
              }
            },
            "Indian": {
              "Antananarivo": {
                "exemplarCity": "Antananarivo"
              },
              "Chagos": {
                "exemplarCity": "Chagos"
              },
              "Christmas": {
                "exemplarCity": "Christmas"
              },
              "Cocos": {
                "exemplarCity": "Kokoz"
              },
              "Comoro": {
                "exemplarCity": "Komorez"
              },
              "Kerguelen": {
                "exemplarCity": "Kergelenn"
              },
              "Mahe": {
                "exemplarCity": "Mahe"
              },
              "Maldives": {
                "exemplarCity": "Maldivez"
              },
              "Mauritius": {
                "exemplarCity": "Moris"
              },
              "Mayotte": {
                "exemplarCity": "Mayotte"
              },
              "Reunion": {
                "exemplarCity": "Reünion"
              }
            },
            "Australia": {
              "Adelaide": {
                "exemplarCity": "Adelaide"
              },
              "Brisbane": {
                "exemplarCity": "Brisbane"
              },
              "Broken_Hill": {
                "exemplarCity": "Broken Hill"
              },
              "Darwin": {
                "exemplarCity": "Darwin"
              },
              "Eucla": {
                "exemplarCity": "Eucla"
              },
              "Hobart": {
                "exemplarCity": "Hobart"
              },
              "Lindeman": {
                "exemplarCity": "Lindeman"
              },
              "Lord_Howe": {
                "exemplarCity": "Lord Howe"
              },
              "Melbourne": {
                "exemplarCity": "Melbourne"
              },
              "Perth": {
                "exemplarCity": "Perth"
              },
              "Sydney": {
                "exemplarCity": "Sydney"
              }
            },
            "Pacific": {
              "Apia": {
                "exemplarCity": "Apia"
              },
              "Auckland": {
                "exemplarCity": "Auckland"
              },
              "Bougainville": {
                "exemplarCity": "Bougainville"
              },
              "Chatham": {
                "exemplarCity": "Chatham"
              },
              "Easter": {
                "exemplarCity": "Enez Pask"
              },
              "Efate": {
                "exemplarCity": "Efate"
              },
              "Fakaofo": {
                "exemplarCity": "Fakaofo"
              },
              "Fiji": {
                "exemplarCity": "Fidji"
              },
              "Funafuti": {
                "exemplarCity": "Funafuti"
              },
              "Galapagos": {
                "exemplarCity": "Galápagos"
              },
              "Gambier": {
                "exemplarCity": "Gambier"
              },
              "Guadalcanal": {
                "exemplarCity": "Guadalcanal"
              },
              "Guam": {
                "exemplarCity": "Guam"
              },
              "Honolulu": {
                "exemplarCity": "Honolulu"
              },
              "Johnston": {
                "exemplarCity": "Johnston"
              },
              "Kanton": {
                "exemplarCity": "Kanton"
              },
              "Kiritimati": {
                "exemplarCity": "Kiritimati"
              },
              "Kosrae": {
                "exemplarCity": "Kosrae"
              },
              "Kwajalein": {
                "exemplarCity": "Kwajalein"
              },
              "Majuro": {
                "exemplarCity": "Majuro"
              },
              "Marquesas": {
                "exemplarCity": "Markiz"
              },
              "Midway": {
                "exemplarCity": "Midway"
              },
              "Nauru": {
                "exemplarCity": "Nauru"
              },
              "Niue": {
                "exemplarCity": "Niue"
              },
              "Norfolk": {
                "exemplarCity": "Norfolk"
              },
              "Noumea": {
                "exemplarCity": "Noumea"
              },
              "Pago_Pago": {
                "exemplarCity": "Pago Pago"
              },
              "Palau": {
                "exemplarCity": "Palau"
              },
              "Pitcairn": {
                "exemplarCity": "Pitcairn"
              },
              "Ponape": {
                "exemplarCity": "Pohnpei"
              },
              "Port_Moresby": {
                "exemplarCity": "Port Moresby"
              },
              "Rarotonga": {
                "exemplarCity": "Rarotonga"
              },
              "Saipan": {
                "exemplarCity": "Saipan"
              },
              "Tahiti": {
                "exemplarCity": "Tahiti"
              },
              "Tarawa": {
                "exemplarCity": "Tarawa"
              },
              "Tongatapu": {
                "exemplarCity": "Tongatapu"
              },
              "Truk": {
                "exemplarCity": "Chuuk"
              },
              "Wake": {
                "exemplarCity": "Wake"
              },
              "Wallis": {
                "exemplarCity": "Wallis"
              }
            },
            "Arctic": {
              "Longyearbyen": {
                "exemplarCity": "Longyearbyen"
              }
            },
            "Antarctica": {
              "Casey": {
                "exemplarCity": "Casey"
              },
              "Davis": {
                "exemplarCity": "Davis"
              },
              "DumontDUrville": {
                "exemplarCity": "Dumont d’Urville"
              },
              "Macquarie": {
                "exemplarCity": "Macquarie"
              },
              "Mawson": {
                "exemplarCity": "Mawson"
              },
              "McMurdo": {
                "exemplarCity": "McMurdo"
              },
              "Palmer": {
                "exemplarCity": "Palmer"
              },
              "Rothera": {
                "exemplarCity": "Rothera"
              },
              "Syowa": {
                "exemplarCity": "Syowa"
              },
              "Troll": {
                "exemplarCity": "Troll"
              },
              "Vostok": {
                "exemplarCity": "Vostok"
              }
            },
            "Etc": {
              "UTC": {
                "long": {
                  "standard": "amzer hollvedel kenurzhiet"
                },
                "short": {
                  "standard": "UTC"
                }
              },
              "Unknown": {
                "exemplarCity": "kêr dianav"
              }
            }
          },
          "metazone": {
            "Afghanistan": {
              "long": {
                "standard": "eur Afghanistan"
              }
            },
            "Africa_Central": {
              "long": {
                "standard": "eur Kreizafrika"
              }
            },
            "Africa_Eastern": {
              "long": {
                "standard": "eur Afrika ar Reter"
              }
            },
            "Africa_Southern": {
              "long": {
                "standard": "eur cʼhoañv Suafrika"
              }
            },
            "Africa_Western": {
              "long": {
                "generic": "eur Afrika ar Cʼhornôg",
                "standard": "eur cʼhoañv Afrika ar Cʼhornôg",
                "daylight": "eur hañv Afrika ar Cʼhornôg"
              }
            },
            "Alaska": {
              "long": {
                "generic": "eur Alaska",
                "standard": "eur cʼhoañv Alaska",
                "daylight": "eur hañv Alaska"
              }
            },
            "Almaty": {
              "long": {
                "generic": "eur Almaty",
                "standard": "eur cʼhoañv Almaty",
                "daylight": "eur hañv Almaty"
              }
            },
            "Amazon": {
              "long": {
                "generic": "eur an Amazon",
                "standard": "eur cʼhoañv an Amazon",
                "daylight": "eur hañv an Amazon"
              }
            },
            "America_Central": {
              "long": {
                "generic": "eur ar Cʼhreiz",
                "standard": "eur cʼhoañv ar Cʼhreiz",
                "daylight": "eur hañv ar Cʼhreiz"
              }
            },
            "America_Eastern": {
              "long": {
                "generic": "eur ar Reter",
                "standard": "eur cʼhoañv ar Reter",
                "daylight": "eur hañv ar Reter"
              }
            },
            "America_Mountain": {
              "long": {
                "generic": "eur ar Menezioù",
                "standard": "eur cʼhoañv ar Menezioù",
                "daylight": "eur hañv ar Menezioù"
              }
            },
            "America_Pacific": {
              "long": {
                "generic": "eur an Habask",
                "standard": "eur cʼhoañv an Habask",
                "daylight": "eur hañv an Habask"
              }
            },
            "Anadyr": {
              "long": {
                "generic": "eur Anadyrʼ",
                "standard": "eur cʼhoañv Anadyrʼ",
                "daylight": "eur hañv Anadyrʼ"
              }
            },
            "Apia": {
              "long": {
                "generic": "eur Apia",
                "standard": "eur cʼhoañv Apia",
                "daylight": "eur hañv Apia"
              }
            },
            "Arabian": {
              "long": {
                "generic": "eur Arabia",
                "standard": "eur cʼhoañv Arabia",
                "daylight": "eur hañv Arabia"
              }
            },
            "Argentina": {
              "long": {
                "generic": "eur Arcʼhantina",
                "standard": "eur cʼhoañv Arcʼhantina",
                "daylight": "eur hañv Arcʼhantina"
              }
            },
            "Argentina_Western": {
              "long": {
                "generic": "eur Arcʼhantina ar Cʼhornôg",
                "standard": "eur cʼhoañv Arcʼhantina ar Cʼhornôg",
                "daylight": "eur hañv Arcʼhantina ar Cʼhornôg"
              }
            },
            "Armenia": {
              "long": {
                "generic": "eur Armenia",
                "standard": "eur cʼhoañv Armenia",
                "daylight": "eur hañv Armenia"
              }
            },
            "Atlantic": {
              "long": {
                "generic": "eur an Atlantel",
                "standard": "eur cʼhoañv an Atlantel",
                "daylight": "eur hañv an Atlantel"
              }
            },
            "Australia_Central": {
              "long": {
                "generic": "eur Kreizaostralia",
                "standard": "eur cʼhoañv Kreizaostralia",
                "daylight": "eur hañv Kreizaostralia"
              }
            },
            "Australia_CentralWestern": {
              "long": {
                "generic": "eur Kreizaostralia ar Cʼhornôg",
                "standard": "eur cʼhoañv Kreizaostralia ar Cʼhornôg",
                "daylight": "eur hañv Kreizaostralia ar Cʼhornôg"
              }
            },
            "Australia_Eastern": {
              "long": {
                "generic": "eur Aostralia ar Reter",
                "standard": "eur cʼhoañv Aostralia ar Reter",
                "daylight": "eur hañv Aostralia ar Reter"
              }
            },
            "Australia_Western": {
              "long": {
                "generic": "eur Aostralia ar Cʼhornôg",
                "standard": "eur cʼhoañv Aostralia ar Cʼhornôg",
                "daylight": "eur hañv Aostralia ar Cʼhornôg"
              }
            },
            "Azerbaijan": {
              "long": {
                "generic": "eur Azerbaidjan",
                "standard": "eur cʼhoañv Azerbaidjan",
                "daylight": "eur hañv Azerbaidjan"
              }
            },
            "Azores": {
              "long": {
                "generic": "eur an Azorez",
                "standard": "eur cʼhoañv an Azorez",
                "daylight": "eur hañv an Azorez"
              }
            },
            "Bangladesh": {
              "long": {
                "generic": "eur Bangladesh",
                "standard": "eur cʼhoañv Bangladesh",
                "daylight": "eur hañv Bangladesh"
              }
            },
            "Bhutan": {
              "long": {
                "standard": "eur Bhoutan"
              }
            },
            "Bolivia": {
              "long": {
                "standard": "eur Bolivia"
              }
            },
            "Brasilia": {
              "long": {
                "generic": "eur Brasília",
                "standard": "eur cʼhoañv Brasília",
                "daylight": "eur hañv Brasília"
              }
            },
            "Brunei": {
              "long": {
                "standard": "eur Brunei Darussalam"
              }
            },
            "Cape_Verde": {
              "long": {
                "generic": "eur ar Cʼhab-Glas",
                "standard": "eur cʼhoañv ar Cʼhab-Glas",
                "daylight": "eur hañv ar Cʼhab-Glas"
              }
            },
            "Chamorro": {
              "long": {
                "standard": "eur Chamorro"
              }
            },
            "Chatham": {
              "long": {
                "generic": "eur Chatham",
                "standard": "eur cʼhoañv Chatham",
                "daylight": "eur hañv Chatham"
              }
            },
            "Chile": {
              "long": {
                "generic": "eur Chile",
                "standard": "eur cʼhoañv Chile",
                "daylight": "eur hañv Chile"
              }
            },
            "China": {
              "long": {
                "generic": "eur Sina",
                "standard": "eur cʼhoañv Sina",
                "daylight": "eur hañv Sina"
              }
            },
            "Choibalsan": {
              "long": {
                "generic": "eur Choibalsan",
                "standard": "eur cʼhoañv Choibalsan",
                "daylight": "eur hañv Choibalsan"
              }
            },
            "Christmas": {
              "long": {
                "standard": "eur Enez Christmas"
              }
            },
            "Cocos": {
              "long": {
                "standard": "eur Inizi Kokoz"
              }
            },
            "Colombia": {
              "long": {
                "generic": "eur Kolombia",
                "standard": "eur cʼhoañv Kolombia",
                "daylight": "eur hañv Kolombia"
              }
            },
            "Cook": {
              "long": {
                "generic": "eur Inizi Cook",
                "standard": "eur cʼhoañv Inizi Cook",
                "daylight": "eur hañv Inizi Cook"
              }
            },
            "Cuba": {
              "long": {
                "generic": "eur Kuba",
                "standard": "eur cʼhoañv Kuba",
                "daylight": "eur hañv Kuba"
              }
            },
            "Davis": {
              "long": {
                "standard": "eur Davis"
              }
            },
            "DumontDUrville": {
              "long": {
                "standard": "eur Dumont-d’Urville"
              }
            },
            "East_Timor": {
              "long": {
                "standard": "eur Timor ar Reter"
              }
            },
            "Easter": {
              "long": {
                "generic": "eur Enez Pask",
                "standard": "eur cʼhoañv Enez Pask",
                "daylight": "eur hañv Enez Pask"
              }
            },
            "Ecuador": {
              "long": {
                "standard": "eur Ecuador"
              }
            },
            "Europe_Central": {
              "long": {
                "generic": "eur Kreizeuropa",
                "standard": "eur cʼhoañv Kreizeuropa",
                "daylight": "eur hañv Kreizeuropa"
              }
            },
            "Europe_Eastern": {
              "long": {
                "generic": "eur Europa ar Reter",
                "standard": "eur cʼhoañv Europa ar Reter",
                "daylight": "eur hañv Europa ar Reter"
              }
            },
            "Europe_Further_Eastern": {
              "long": {
                "standard": "eur Kaliningrad"
              }
            },
            "Europe_Western": {
              "long": {
                "generic": "eur Europa ar Cʼhornôg",
                "standard": "eur cʼhoañv Europa ar Cʼhornôg",
                "daylight": "eur hañv Europa ar Cʼhornôg"
              }
            },
            "Falkland": {
              "long": {
                "generic": "eur Inizi Falkland",
                "standard": "eur cʼhoañv Inizi Falkland",
                "daylight": "eur hañv Inizi Falkland"
              }
            },
            "Fiji": {
              "long": {
                "generic": "eur Fidji",
                "standard": "eur cʼhoañv Fidji",
                "daylight": "eur hañv Fidji"
              }
            },
            "French_Guiana": {
              "long": {
                "standard": "eur Gwiana cʼhall"
              }
            },
            "French_Southern": {
              "long": {
                "standard": "eur Douaroù aostral Frañs hag Antarktika"
              }
            },
            "Galapagos": {
              "long": {
                "standard": "eur Inizi Galápagos"
              }
            },
            "Gambier": {
              "long": {
                "standard": "eur Inizi Gambier"
              }
            },
            "Georgia": {
              "long": {
                "generic": "eur Jorjia",
                "standard": "eur cʼhoañv Jorjia",
                "daylight": "eur hañv Jorjia"
              }
            },
            "Gilbert_Islands": {
              "long": {
                "standard": "eur Inizi Gilbert"
              }
            },
            "GMT": {
              "long": {
                "standard": "Amzer keitat Greenwich (AKG)"
              }
            },
            "Greenland_Eastern": {
              "long": {
                "generic": "eur Greunland ar Reter",
                "standard": "eur cʼhoañv Greunland ar Reter",
                "daylight": "eur hañv Greunland ar Reter"
              }
            },
            "Greenland_Western": {
              "long": {
                "generic": "eur Greunland ar Cʼhornôg",
                "standard": "eur cʼhoañv Greunland ar Cʼhornôg",
                "daylight": "eur hañv Greunland ar Cʼhornôg"
              }
            },
            "Guam": {
              "long": {
                "standard": "eur cʼhoañv Guam"
              }
            },
            "Gulf": {
              "long": {
                "standard": "eur cʼhoañv ar Pleg-mor Arab-ha-Pers"
              }
            },
            "Guyana": {
              "long": {
                "standard": "eur Guyana"
              }
            },
            "Hawaii_Aleutian": {
              "long": {
                "generic": "eur Hawaii hag an Aleouted",
                "standard": "eur cʼhoañv Hawaii hag an Aleouted",
                "daylight": "eur hañv Hawaii hag an Aleouted"
              }
            },
            "Hong_Kong": {
              "long": {
                "generic": "eur Hong Kong",
                "standard": "eur cʼhoañv Hong Kong",
                "daylight": "eur hañv Hong Kong"
              }
            },
            "Hovd": {
              "long": {
                "generic": "eur Hovd",
                "standard": "eur cʼhoañv Hovd",
                "daylight": "eur hañv Hovd"
              }
            },
            "India": {
              "long": {
                "standard": "eur cʼhoañv India"
              }
            },
            "Indian_Ocean": {
              "long": {
                "standard": "eur Meurvor Indez"
              }
            },
            "Indochina": {
              "long": {
                "standard": "eur Indez-Sina"
              }
            },
            "Indonesia_Central": {
              "long": {
                "standard": "eur Kreiz Indonezia"
              }
            },
            "Indonesia_Eastern": {
              "long": {
                "standard": "eur Indonezia ar Reter"
              }
            },
            "Indonesia_Western": {
              "long": {
                "standard": "eur Indonezia ar Cʼhornôg"
              }
            },
            "Iran": {
              "long": {
                "generic": "eur Iran",
                "standard": "eur cʼhoañv Iran",
                "daylight": "eur hañv Iran"
              }
            },
            "Irkutsk": {
              "long": {
                "generic": "eur Irkutsk",
                "standard": "eur cʼhoañv Irkutsk",
                "daylight": "eur hañv Irkutsk"
              }
            },
            "Israel": {
              "long": {
                "generic": "eur Israel",
                "standard": "eur cʼhoañv Israel",
                "daylight": "eur hañv Israel"
              }
            },
            "Japan": {
              "long": {
                "generic": "eur Japan",
                "standard": "eur cʼhoañv Japan",
                "daylight": "eur hañv Japan"
              }
            },
            "Kazakhstan_Eastern": {
              "long": {
                "standard": "eur Kazakstan ar Reter"
              }
            },
            "Kazakhstan_Western": {
              "long": {
                "standard": "eur Kazakstan ar Cʼhornôg"
              }
            },
            "Korea": {
              "long": {
                "generic": "eur Korea",
                "standard": "eur cʼhoañv Korea",
                "daylight": "eur hañv Korea"
              }
            },
            "Kosrae": {
              "long": {
                "standard": "eur Kosrae"
              }
            },
            "Krasnoyarsk": {
              "long": {
                "generic": "eur Krasnoyarsk",
                "standard": "eur cʼhoañv Krasnoyarsk",
                "daylight": "eur hañv Krasnoyarsk"
              }
            },
            "Kyrgystan": {
              "long": {
                "standard": "eur Kyrgyzstan"
              }
            },
            "Lanka": {
              "long": {
                "standard": "eur Sri Lanka"
              }
            },
            "Line_Islands": {
              "long": {
                "standard": "eur Line Islands"
              }
            },
            "Lord_Howe": {
              "long": {
                "generic": "eur Lord Howe",
                "standard": "eur cʼhoañv Lord Howe",
                "daylight": "eur hañv Lord Howe"
              }
            },
            "Macau": {
              "long": {
                "generic": "eur Macau",
                "standard": "eur cʼhoañv Macau",
                "daylight": "eur hañv Macau"
              }
            },
            "Macquarie": {
              "long": {
                "standard": "eur Enez Macquarie"
              }
            },
            "Magadan": {
              "long": {
                "generic": "eur Magadan",
                "standard": "eur cʼhoañv Magadan",
                "daylight": "eur hañv Magadan"
              }
            },
            "Malaysia": {
              "long": {
                "standard": "eur Malaysia"
              }
            },
            "Maldives": {
              "long": {
                "standard": "eur ar Maldivez"
              }
            },
            "Marquesas": {
              "long": {
                "standard": "eur Inizi Markiz"
              }
            },
            "Marshall_Islands": {
              "long": {
                "standard": "eur Inizi Marshall"
              }
            },
            "Mauritius": {
              "long": {
                "generic": "eur Moris",
                "standard": "eur cʼhoañv Moris",
                "daylight": "eur hañv Moris"
              }
            },
            "Mawson": {
              "long": {
                "standard": "eur Mawson"
              }
            },
            "Mexico_Northwest": {
              "long": {
                "generic": "eur Gwalarn Mecʼhiko",
                "standard": "eur cʼhoañv Gwalarn Mecʼhiko",
                "daylight": "eur hañv Gwalarn Mecʼhiko"
              }
            },
            "Mexico_Pacific": {
              "long": {
                "generic": "eur an Habask mecʼhikan",
                "standard": "eur cʼhoañv an Habask mecʼhikan",
                "daylight": "eur hañv an Habask mecʼhikan"
              }
            },
            "Mongolia": {
              "long": {
                "generic": "eur Ulaanbaatar",
                "standard": "eur cʼhoañv Ulaanbaatar",
                "daylight": "eur hañv Ulaanbaatar"
              }
            },
            "Moscow": {
              "long": {
                "generic": "eur Moskov",
                "standard": "eur cʼhoañv Moskov",
                "daylight": "eur hañv Moskov"
              }
            },
            "Myanmar": {
              "long": {
                "standard": "eur Myanmar"
              }
            },
            "Nauru": {
              "long": {
                "standard": "eur Nauru"
              }
            },
            "Nepal": {
              "long": {
                "standard": "eur Nepal"
              }
            },
            "New_Caledonia": {
              "long": {
                "generic": "eur Kaledonia Nevez",
                "standard": "eur cʼhoañv Kaledonia Nevez",
                "daylight": "eur hañv Kaledonia Nevez"
              }
            },
            "New_Zealand": {
              "long": {
                "generic": "eur Zeland-Nevez",
                "standard": "eur cʼhoañv Zeland-Nevez",
                "daylight": "eur hañv Zeland-Nevez"
              }
            },
            "Newfoundland": {
              "long": {
                "generic": "eur Newfoundland",
                "standard": "eur cʼhoañv Newfoundland",
                "daylight": "eur hañv Newfoundland"
              }
            },
            "Niue": {
              "long": {
                "standard": "eur Niue"
              }
            },
            "Norfolk": {
              "long": {
                "generic": "eur Enez Norfolk",
                "standard": "eur cʼhoañv Enez Norfolk",
                "daylight": "eur hañv Enez Norfolk"
              }
            },
            "Noronha": {
              "long": {
                "generic": "eur Fernando de Noronha",
                "standard": "eur cʼhoañv Fernando de Noronha",
                "daylight": "eur hañv Fernando de Noronha"
              }
            },
            "North_Mariana": {
              "long": {
                "standard": "eur Mariana an Norzh"
              }
            },
            "Novosibirsk": {
              "long": {
                "generic": "eur Novosibirsk",
                "standard": "eur cʼhoañv Novosibirsk",
                "daylight": "eur hañv Novosibirsk"
              }
            },
            "Omsk": {
              "long": {
                "generic": "eur Omsk",
                "standard": "eur cʼhoañv Omsk",
                "daylight": "eur hañv Omsk"
              }
            },
            "Pakistan": {
              "long": {
                "generic": "eur Pakistan",
                "standard": "eur cʼhoañv Pakistan",
                "daylight": "eur hañv Pakistan"
              }
            },
            "Palau": {
              "long": {
                "standard": "eur Palau"
              }
            },
            "Papua_New_Guinea": {
              "long": {
                "standard": "eur Papoua-Ginea-Nevez"
              }
            },
            "Paraguay": {
              "long": {
                "generic": "eur Paraguay",
                "standard": "eur cʼhoañv Paraguay",
                "daylight": "eur hañv Paraguay"
              }
            },
            "Peru": {
              "long": {
                "generic": "eur Perou",
                "standard": "eur cʼhoañv Perou",
                "daylight": "eur hañv Perou"
              }
            },
            "Philippines": {
              "long": {
                "generic": "eur ar Filipinez",
                "standard": "eur cʼhoañv ar Filipinez",
                "daylight": "eur hañv ar Filipinez"
              }
            },
            "Phoenix_Islands": {
              "long": {
                "standard": "eur Inizi Phoenix"
              }
            },
            "Pierre_Miquelon": {
              "long": {
                "generic": "eur Sant-Pêr-ha-Mikelon",
                "standard": "eur cʼhoañv Sant-Pêr-ha-Mikelon",
                "daylight": "eur hañv Sant-Pêr-ha-Mikelon"
              }
            },
            "Pitcairn": {
              "long": {
                "standard": "eur Pitcairn"
              }
            },
            "Ponape": {
              "long": {
                "standard": "eur Pohnpei"
              }
            },
            "Pyongyang": {
              "long": {
                "standard": "eur Pʼyongyang"
              }
            },
            "Reunion": {
              "long": {
                "standard": "eur ar Reünion"
              }
            },
            "Rothera": {
              "long": {
                "standard": "eur Rothera"
              }
            },
            "Sakhalin": {
              "long": {
                "generic": "eur Sakhalin",
                "standard": "eur cʼhoañv Sakhalin",
                "daylight": "eur hañv Sakhalin"
              }
            },
            "Samoa": {
              "long": {
                "generic": "eur Samoa",
                "standard": "eur cʼhoañv Samoa",
                "daylight": "eur hañv Samoa"
              }
            },
            "Seychelles": {
              "long": {
                "standard": "eur Sechelez"
              }
            },
            "Singapore": {
              "long": {
                "standard": "eur cʼhoañv Singapour"
              }
            },
            "Solomon": {
              "long": {
                "standard": "eur Inizi Salomon"
              }
            },
            "South_Georgia": {
              "long": {
                "standard": "eur Georgia ar Su"
              }
            },
            "Suriname": {
              "long": {
                "standard": "eur Surinam"
              }
            },
            "Syowa": {
              "long": {
                "standard": "eur Syowa"
              }
            },
            "Tahiti": {
              "long": {
                "standard": "eur Tahiti"
              }
            },
            "Taipei": {
              "long": {
                "generic": "eur Taipei",
                "standard": "eur cʼhoañv Taipei",
                "daylight": "eur hañv Taipei"
              }
            },
            "Tajikistan": {
              "long": {
                "standard": "eur Tadjikistan"
              }
            },
            "Tokelau": {
              "long": {
                "standard": "eur Tokelau"
              }
            },
            "Tonga": {
              "long": {
                "generic": "eur Tonga",
                "standard": "eur cʼhoañv Tonga",
                "daylight": "eur hañv Tonga"
              }
            },
            "Truk": {
              "long": {
                "standard": "eur Chuuk"
              }
            },
            "Turkmenistan": {
              "long": {
                "generic": "eur Turkmenistan",
                "standard": "eur cʼhoañv Turkmenistan",
                "daylight": "eur hañv Turkmenistan"
              }
            },
            "Tuvalu": {
              "long": {
                "standard": "eur Tuvalu"
              }
            },
            "Uruguay": {
              "long": {
                "generic": "eur Uruguay",
                "standard": "eur cʼhoañv Uruguay",
                "daylight": "eur hañv Uruguay"
              }
            },
            "Uzbekistan": {
              "long": {
                "generic": "eur Ouzbekistan",
                "standard": "eur cʼhoañv Ouzbekistan",
                "daylight": "eur hañv Ouzbekistan"
              }
            },
            "Vanuatu": {
              "long": {
                "generic": "eur Vanuatu",
                "standard": "eur cʼhoañv Vanuatu",
                "daylight": "eur hañv Vanuatu"
              }
            },
            "Venezuela": {
              "long": {
                "standard": "eur Venezuela"
              }
            },
            "Vladivostok": {
              "long": {
                "generic": "eur Vladivostok",
                "standard": "eur cʼhoañv Vladivostok",
                "daylight": "eur hañv Vladivostok"
              }
            },
            "Volgograd": {
              "long": {
                "generic": "eur Volgograd",
                "standard": "eur cʼhoañv Volgograd",
                "daylight": "eur hañv Volgograd"
              }
            },
            "Vostok": {
              "long": {
                "standard": "eur Vostok"
              }
            },
            "Wake": {
              "long": {
                "standard": "eur Wake Island"
              }
            },
            "Wallis": {
              "long": {
                "standard": "eur Wallis ha Futuna"
              }
            },
            "Yakutsk": {
              "long": {
                "generic": "eur Yakutsk",
                "standard": "eur cʼhoañv Yakutsk",
                "daylight": "eur hañv Yakutsk"
              }
            },
            "Yekaterinburg": {
              "long": {
                "generic": "eur Yekaterinbourg",
                "standard": "eur cʼhoañv Yekaterinbourg",
                "daylight": "eur hañv Yekaterinbourg"
              }
            }
          }
        }
      }
    }
  }
}
