{
  "main": {
    "pt-MO": {
      "identity": {
        "language": "pt",
        "territory": "MO"
      },
      "dates": {
        "timeZoneNames": {
          "hourFormat": "+HH:mm;-HH:mm",
          "gmtFormat": "GMT{0}",
          "gmtZeroFormat": "GMT",
          "regionFormat": "Hora de {0}",
          "regionFormat-type-daylight": "Hora padrão de {0}",
          "regionFormat-type-standard": "Hora padrão de {0}",
          "fallbackFormat": "{1} ({0})",
          "zone": {
            "America": {
              "Anguilla": {
                "exemplarCity": "Anguila"
              },
              "Antigua": {
                "exemplarCity": "Antígua"
              },
              "Araguaina": {
                "exemplarCity": "Araguaina"
              },
              "Argentina": {
                "Tucuman": {
                  "exemplarCity": "Tucumán"
                }
              },
              "Asuncion": {
                "exemplarCity": "Assunção"
              },
              "Bahia": {
                "exemplarCity": "Baía"
              },
              "Bahia_Banderas": {
                "exemplarCity": "Bahia Banderas"
              },
              "Belem": {
                "exemplarCity": "Belém"
              },
              "Bogota": {
                "exemplarCity": "Bogotá"
              },
              "Cancun": {
                "exemplarCity": "Cancun"
              },
              "Cayenne": {
                "exemplarCity": "Caiena"
              },
              "Cayman": {
                "exemplarCity": "Caimão"
              },
              "Ciudad_Juarez": {
                "exemplarCity": "Ciudad Juárez"
              },
              "Coral_Harbour": {
                "exemplarCity": "Atikokan"
              },
              "Cordoba": {
                "exemplarCity": "Córdoba"
              },
              "Cuiaba": {
                "exemplarCity": "Cuiabá"
              },
              "Curacao": {
                "exemplarCity": "Curaçau"
              },
              "Dominica": {
                "exemplarCity": "Domínica"
              },
              "Eirunepe": {
                "exemplarCity": "Eirunepé"
              },
              "El_Salvador": {
                "exemplarCity": "Salvador"
              },
              "Godthab": {
                "exemplarCity": "Nuuk"
              },
              "Grenada": {
                "exemplarCity": "Granada"
              },
              "Guadeloupe": {
                "exemplarCity": "Guadalupe"
              },
              "Guayaquil": {
                "exemplarCity": "Guaiaquil"
              },
              "Guyana": {
                "exemplarCity": "Guiana"
              },
              "Indiana": {
                "Vincennes": {
                  "exemplarCity": "Vincennes, Indiana"
                },
                "Petersburg": {
                  "exemplarCity": "Petersburg, Indiana"
                },
                "Tell_City": {
                  "exemplarCity": "Tell City, Indiana"
                },
                "Knox": {
                  "exemplarCity": "Knox, Indiana"
                },
                "Winamac": {
                  "exemplarCity": "Winamac, Indiana"
                },
                "Marengo": {
                  "exemplarCity": "Marengo, Indiana"
                },
                "Vevay": {
                  "exemplarCity": "Vevay, Indiana"
                }
              },
              "Indianapolis": {
                "exemplarCity": "Indianápolis"
              },
              "Kentucky": {
                "Monticello": {
                  "exemplarCity": "Monticello, Kentucky"
                }
              },
              "Lower_Princes": {
                "exemplarCity": "Lower Prince’s Quarter"
              },
              "Maceio": {
                "exemplarCity": "Maceió"
              },
              "Managua": {
                "exemplarCity": "Manágua"
              },
              "Martinique": {
                "exemplarCity": "Martinica"
              },
              "Merida": {
                "exemplarCity": "Mérida"
              },
              "Mexico_City": {
                "exemplarCity": "Cidade do México"
              },
              "Montevideo": {
                "exemplarCity": "Montevideu"
              },
              "Montserrat": {
                "exemplarCity": "Monserrate"
              },
              "New_York": {
                "exemplarCity": "Nova Iorque"
              },
              "Noronha": {
                "exemplarCity": "Fernando de Noronha"
              },
              "North_Dakota": {
                "Beulah": {
                  "exemplarCity": "Beulah, Dakota do Norte"
                },
                "New_Salem": {
                  "exemplarCity": "New Salen, Dakota do Norte"
                },
                "Center": {
                  "exemplarCity": "Center, Dakota do Norte"
                }
              },
              "Panama": {
                "exemplarCity": "Panamá"
              },
              "Port-au-Prince": {
                "exemplarCity": "Port-au-Prince"
              },
              "Port_of_Spain": {
                "exemplarCity": "Porto de Espanha"
              },
              "Puerto_Rico": {
                "exemplarCity": "Porto Rico"
              },
              "Santarem": {
                "exemplarCity": "Santarém"
              },
              "Sao_Paulo": {
                "exemplarCity": "São Paulo"
              },
              "Scoresbysund": {
                "exemplarCity": "Ittoqqortoormiit"
              },
              "St_Barthelemy": {
                "exemplarCity": "São Bartolomeu"
              },
              "St_Johns": {
                "exemplarCity": "St. John’s"
              },
              "St_Kitts": {
                "exemplarCity": "São Cristóvão"
              },
              "St_Lucia": {
                "exemplarCity": "Santa Lúcia"
              },
              "St_Thomas": {
                "exemplarCity": "St. Thomas"
              },
              "St_Vincent": {
                "exemplarCity": "São Vicente"
              }
            },
            "Atlantic": {
              "Azores": {
                "exemplarCity": "Açores"
              },
              "Bermuda": {
                "exemplarCity": "Bermudas"
              },
              "Canary": {
                "exemplarCity": "Canárias"
              },
              "Cape_Verde": {
                "exemplarCity": "Cabo Verde"
              },
              "Faeroe": {
                "exemplarCity": "Faroé"
              },
              "Reykjavik": {
                "exemplarCity": "Reiquiavique"
              },
              "South_Georgia": {
                "exemplarCity": "Geórgia do Sul"
              },
              "St_Helena": {
                "exemplarCity": "Santa Helena"
              }
            },
            "Europe": {
              "Amsterdam": {
                "exemplarCity": "Amesterdão"
              },
              "Astrakhan": {
                "exemplarCity": "Astracã"
              },
              "Athens": {
                "exemplarCity": "Atenas"
              },
              "Belgrade": {
                "exemplarCity": "Belgrado"
              },
              "Berlin": {
                "exemplarCity": "Berlim"
              },
              "Brussels": {
                "exemplarCity": "Bruxelas"
              },
              "Bucharest": {
                "exemplarCity": "Bucareste"
              },
              "Budapest": {
                "exemplarCity": "Budapeste"
              },
              "Busingen": {
                "exemplarCity": "Busingen"
              },
              "Copenhagen": {
                "exemplarCity": "Copenhaga"
              },
              "Dublin": {
                "long": {
                  "daylight": "Hora de verão da Irlanda"
                }
              },
              "Helsinki": {
                "exemplarCity": "Helsínquia"
              },
              "Isle_of_Man": {
                "exemplarCity": "Ilha de Man"
              },
              "Istanbul": {
                "exemplarCity": "Istambul"
              },
              "Kaliningrad": {
                "exemplarCity": "Caliningrado"
              },
              "Kiev": {
                "exemplarCity": "Kiev"
              },
              "Lisbon": {
                "exemplarCity": "Lisboa"
              },
              "Ljubljana": {
                "exemplarCity": "Liubliana"
              },
              "London": {
                "long": {
                  "daylight": "Hora de verão Britânica"
                },
                "exemplarCity": "Londres"
              },
              "Luxembourg": {
                "exemplarCity": "Luxemburgo"
              },
              "Madrid": {
                "exemplarCity": "Madrid"
              },
              "Monaco": {
                "exemplarCity": "Mónaco"
              },
              "Moscow": {
                "exemplarCity": "Moscovo"
              },
              "Prague": {
                "exemplarCity": "Praga"
              },
              "Rome": {
                "exemplarCity": "Roma"
              },
              "San_Marino": {
                "exemplarCity": "São Marinho"
              },
              "Sofia": {
                "exemplarCity": "Sófia"
              },
              "Stockholm": {
                "exemplarCity": "Estocolmo"
              },
              "Tallinn": {
                "exemplarCity": "Talim"
              },
              "Tirane": {
                "exemplarCity": "Tirana"
              },
              "Ulyanovsk": {
                "exemplarCity": "Ulianovsk"
              },
              "Vatican": {
                "exemplarCity": "Vaticano"
              },
              "Vienna": {
                "exemplarCity": "Viena"
              },
              "Volgograd": {
                "exemplarCity": "Volgogrado"
              },
              "Warsaw": {
                "exemplarCity": "Varsóvia"
              },
              "Zurich": {
                "exemplarCity": "Zurique"
              }
            },
            "Africa": {
              "Accra": {
                "exemplarCity": "Acra"
              },
              "Addis_Ababa": {
                "exemplarCity": "Adis-Abeba"
              },
              "Algiers": {
                "exemplarCity": "Argel"
              },
              "Asmera": {
                "exemplarCity": "Asmara"
              },
              "Bamako": {
                "exemplarCity": "Bamaco"
              },
              "Conakry": {
                "exemplarCity": "Conacri"
              },
              "Dakar": {
                "exemplarCity": "Dacar"
              },
              "Djibouti": {
                "exemplarCity": "Jibuti"
              },
              "El_Aaiun": {
                "exemplarCity": "El Aaiún"
              },
              "Johannesburg": {
                "exemplarCity": "Joanesburgo"
              },
              "Kampala": {
                "exemplarCity": "Campala"
              },
              "Khartoum": {
                "exemplarCity": "Cartum"
              },
              "Lome": {
                "exemplarCity": "Lomé"
              },
              "Lusaka": {
                "exemplarCity": "Lusaca"
              },
              "Mogadishu": {
                "exemplarCity": "Mogadíscio"
              },
              "Monrovia": {
                "exemplarCity": "Monróvia"
              },
              "Nairobi": {
                "exemplarCity": "Nairobi"
              },
              "Ndjamena": {
                "exemplarCity": "Ndjamena"
              },
              "Niamey": {
                "exemplarCity": "Niamei"
              },
              "Porto-Novo": {
                "exemplarCity": "Porto-Novo"
              },
              "Sao_Tome": {
                "exemplarCity": "São Tomé"
              },
              "Tripoli": {
                "exemplarCity": "Tripoli"
              },
              "Tunis": {
                "exemplarCity": "Tunes"
              }
            },
            "Asia": {
              "Aden": {
                "exemplarCity": "Adem"
              },
              "Amman": {
                "exemplarCity": "Amã"
              },
              "Aqtau": {
                "exemplarCity": "Aqtau"
              },
              "Aqtobe": {
                "exemplarCity": "Aqtobe"
              },
              "Ashgabat": {
                "exemplarCity": "Asgabate"
              },
              "Baghdad": {
                "exemplarCity": "Bagdade"
              },
              "Bahrain": {
                "exemplarCity": "Barém"
              },
              "Bangkok": {
                "exemplarCity": "Banguecoque"
              },
              "Beirut": {
                "exemplarCity": "Beirute"
              },
              "Calcutta": {
                "exemplarCity": "Calcutá"
              },
              "Damascus": {
                "exemplarCity": "Damasco"
              },
              "Dhaka": {
                "exemplarCity": "Daca"
              },
              "Dushanbe": {
                "exemplarCity": "Duchambe"
              },
              "Jakarta": {
                "exemplarCity": "Jacarta"
              },
              "Jerusalem": {
                "exemplarCity": "Jerusalém"
              },
              "Kabul": {
                "exemplarCity": "Cabul"
              },
              "Karachi": {
                "exemplarCity": "Carachi"
              },
              "Katmandu": {
                "exemplarCity": "Catmandu"
              },
              "Kuwait": {
                "exemplarCity": "Koweit"
              },
              "Macau": {
                "exemplarCity": "Macau"
              },
              "Makassar": {
                "exemplarCity": "Macassar"
              },
              "Muscat": {
                "exemplarCity": "Mascate"
              },
              "Nicosia": {
                "exemplarCity": "Nicósia"
              },
              "Qatar": {
                "exemplarCity": "Catar"
              },
              "Qostanay": {
                "exemplarCity": "Kostanay"
              },
              "Rangoon": {
                "exemplarCity": "Yangon"
              },
              "Riyadh": {
                "exemplarCity": "Riade"
              },
              "Saigon": {
                "exemplarCity": "Cidade de Ho Chi Minh"
              },
              "Sakhalin": {
                "exemplarCity": "Sacalina"
              },
              "Samarkand": {
                "exemplarCity": "Samarcanda"
              },
              "Seoul": {
                "exemplarCity": "Seul"
              },
              "Shanghai": {
                "exemplarCity": "Xangai"
              },
              "Singapore": {
                "exemplarCity": "Singapura"
              },
              "Taipei": {
                "exemplarCity": "Taipé"
              },
              "Tehran": {
                "exemplarCity": "Teerão"
              },
              "Thimphu": {
                "exemplarCity": "Timphu"
              },
              "Tokyo": {
                "exemplarCity": "Tóquio"
              },
              "Ulaanbaatar": {
                "exemplarCity": "Ulan Bator"
              },
              "Yekaterinburg": {
                "exemplarCity": "Ecaterimburgo"
              },
              "Yerevan": {
                "exemplarCity": "Erevan"
              }
            },
            "Indian": {
              "Christmas": {
                "exemplarCity": "Ilha do Natal"
              },
              "Cocos": {
                "exemplarCity": "Ilhas Cocos"
              },
              "Comoro": {
                "exemplarCity": "Comores"
              },
              "Mahe": {
                "exemplarCity": "Mahe"
              },
              "Maldives": {
                "exemplarCity": "Maldivas"
              },
              "Mauritius": {
                "exemplarCity": "Maurícia"
              },
              "Reunion": {
                "exemplarCity": "Reunião"
              }
            },
            "Australia": {
              "Lord_Howe": {
                "exemplarCity": "Ilha de Lord Howe"
              }
            },
            "Pacific": {
              "Chatham": {
                "exemplarCity": "Chatham"
              },
              "Easter": {
                "exemplarCity": "Ilha da Páscoa"
              },
              "Efate": {
                "exemplarCity": "Efate"
              },
              "Enderbury": {
                "exemplarCity": "Enderbury"
              },
              "Galapagos": {
                "exemplarCity": "Galápagos"
              },
              "Honolulu": {
                "exemplarCity": "Honolulu"
              },
              "Noumea": {
                "exemplarCity": "Nouméa"
              },
              "Pitcairn": {
                "exemplarCity": "Ilhas Pitcairn"
              },
              "Ponape": {
                "exemplarCity": "Pohnpei"
              },
              "Tahiti": {
                "exemplarCity": "Taiti"
              },
              "Tarawa": {
                "exemplarCity": "Tarawa"
              },
              "Truk": {
                "exemplarCity": "Chuuk"
              }
            },
            "Antarctica": {
              "DumontDUrville": {
                "exemplarCity": "Dumont-d’Urville"
              }
            },
            "Etc": {
              "UTC": {
                "long": {
                  "standard": "Hora Coordenada Universal"
                },
                "short": {
                  "standard": "UTC"
                }
              },
              "Unknown": {
                "exemplarCity": "Cidade desconhecida"
              }
            }
          },
          "metazone": {
            "Acre": {
              "long": {
                "generic": "Hora do Acre",
                "standard": "Hora padrão do Acre",
                "daylight": "Hora de verão do Acre"
              }
            },
            "Afghanistan": {
              "long": {
                "standard": "Hora do Afeganistão"
              }
            },
            "Africa_Central": {
              "long": {
                "standard": "Hora da África Central"
              }
            },
            "Africa_Eastern": {
              "long": {
                "standard": "Hora da África Oriental"
              }
            },
            "Africa_Southern": {
              "long": {
                "standard": "Hora da África do Sul"
              }
            },
            "Africa_Western": {
              "long": {
                "generic": "Hora da África Ocidental",
                "standard": "Hora padrão da África Ocidental",
                "daylight": "Hora de verão da África Ocidental"
              }
            },
            "Alaska": {
              "long": {
                "generic": "Hora do Alasca",
                "standard": "Hora padrão do Alasca",
                "daylight": "Hora de verão do Alasca"
              }
            },
            "Almaty": {
              "long": {
                "generic": "Hora de Almaty",
                "standard": "Hora padrão de Almaty",
                "daylight": "Hora de verão de Almaty"
              }
            },
            "Amazon": {
              "long": {
                "generic": "Hora do Amazonas",
                "standard": "Hora padrão do Amazonas",
                "daylight": "Hora de verão do Amazonas"
              }
            },
            "America_Central": {
              "long": {
                "generic": "Hora central norte-americana",
                "standard": "Hora padrão central norte-americana",
                "daylight": "Hora de verão central norte-americana"
              }
            },
            "America_Eastern": {
              "long": {
                "generic": "Hora oriental norte-americana",
                "standard": "Hora padrão oriental norte-americana",
                "daylight": "Hora de verão oriental norte-americana"
              }
            },
            "America_Mountain": {
              "long": {
                "generic": "Hora de montanha norte-americana",
                "standard": "Hora padrão de montanha norte-americana",
                "daylight": "Hora de verão de montanha norte-americana"
              }
            },
            "America_Pacific": {
              "long": {
                "generic": "Hora do Pacífico norte-americana",
                "standard": "Hora padrão do Pacífico norte-americana",
                "daylight": "Hora de verão do Pacífico norte-americana"
              }
            },
            "Anadyr": {
              "long": {
                "generic": "Hora de Anadyr",
                "standard": "Hora padrão de Anadyr",
                "daylight": "Hora de verão de Anadyr"
              }
            },
            "Apia": {
              "long": {
                "generic": "Hora de Apia",
                "standard": "Hora padrão de Apia",
                "daylight": "Hora de verão de Apia"
              }
            },
            "Aqtau": {
              "long": {
                "generic": "Hora de Aqtau",
                "standard": "Hora padrão de Aqtau",
                "daylight": "Hora de verão de Aqtau"
              }
            },
            "Aqtobe": {
              "long": {
                "generic": "Hora de Aqtobe",
                "standard": "Hora padrão de Aqtobe",
                "daylight": "Hora de verão de Aqtobe"
              }
            },
            "Arabian": {
              "long": {
                "generic": "Hora da Arábia",
                "standard": "Hora padrão da Arábia",
                "daylight": "Hora de verão da Arábia"
              }
            },
            "Argentina": {
              "long": {
                "generic": "Hora da Argentina",
                "standard": "Hora padrão da Argentina",
                "daylight": "Hora de verão da Argentina"
              }
            },
            "Argentina_Western": {
              "long": {
                "generic": "Hora da Argentina Ocidental",
                "standard": "Hora padrão da Argentina Ocidental",
                "daylight": "Hora de verão da Argentina Ocidental"
              }
            },
            "Armenia": {
              "long": {
                "generic": "Hora da Arménia",
                "standard": "Hora padrão da Arménia",
                "daylight": "Hora de verão da Arménia"
              }
            },
            "Atlantic": {
              "long": {
                "generic": "Hora do Atlântico",
                "standard": "Hora padrão do Atlântico",
                "daylight": "Hora de verão do Atlântico"
              }
            },
            "Australia_Central": {
              "long": {
                "generic": "Hora da Austrália Central",
                "standard": "Hora padrão da Austrália Central",
                "daylight": "Hora de verão da Austrália Central"
              }
            },
            "Australia_CentralWestern": {
              "long": {
                "generic": "Hora da Austrália Central Ocidental",
                "standard": "Hora padrão da Austrália Central Ocidental",
                "daylight": "Hora de verão da Austrália Central Ocidental"
              }
            },
            "Australia_Eastern": {
              "long": {
                "generic": "Hora da Austrália Oriental",
                "standard": "Hora padrão da Austrália Oriental",
                "daylight": "Hora de verão da Austrália Oriental"
              }
            },
            "Australia_Western": {
              "long": {
                "generic": "Hora da Austrália Ocidental",
                "standard": "Hora padrão da Austrália Ocidental",
                "daylight": "Hora de verão da Austrália Ocidental"
              }
            },
            "Azerbaijan": {
              "long": {
                "generic": "Hora do Azerbaijão",
                "standard": "Hora padrão do Azerbaijão",
                "daylight": "Hora de verão do Azerbaijão"
              }
            },
            "Azores": {
              "long": {
                "generic": "Hora dos Açores",
                "standard": "Hora padrão dos Açores",
                "daylight": "Hora de verão dos Açores"
              }
            },
            "Bangladesh": {
              "long": {
                "generic": "Hora do Bangladeche",
                "standard": "Hora padrão do Bangladeche",
                "daylight": "Hora de verão do Bangladeche"
              }
            },
            "Bhutan": {
              "long": {
                "standard": "Hora do Butão"
              }
            },
            "Bolivia": {
              "long": {
                "standard": "Hora da Bolívia"
              }
            },
            "Brasilia": {
              "long": {
                "generic": "Hora de Brasília",
                "standard": "Hora padrão de Brasília",
                "daylight": "Hora de verão de Brasília"
              }
            },
            "Brunei": {
              "long": {
                "standard": "Hora do Brunei Darussalam"
              }
            },
            "Cape_Verde": {
              "long": {
                "generic": "Hora de Cabo Verde",
                "standard": "Hora padrão de Cabo Verde",
                "daylight": "Hora de verão de Cabo Verde"
              }
            },
            "Chamorro": {
              "long": {
                "standard": "Hora padrão de Chamorro"
              }
            },
            "Chatham": {
              "long": {
                "generic": "Hora de Chatham",
                "standard": "Hora padrão de Chatham",
                "daylight": "Hora de verão de Chatham"
              }
            },
            "Chile": {
              "long": {
                "generic": "Hora do Chile",
                "standard": "Hora padrão do Chile",
                "daylight": "Hora de verão do Chile"
              }
            },
            "China": {
              "long": {
                "generic": "Hora da China",
                "standard": "Hora padrão da China",
                "daylight": "Hora de verão da China"
              }
            },
            "Christmas": {
              "long": {
                "standard": "Hora da Ilha do Natal"
              }
            },
            "Cocos": {
              "long": {
                "standard": "Hora das Ilhas Cocos"
              }
            },
            "Colombia": {
              "long": {
                "generic": "Hora da Colômbia",
                "standard": "Hora padrão da Colômbia",
                "daylight": "Hora de verão da Colômbia"
              }
            },
            "Cook": {
              "long": {
                "generic": "Hora das Ilhas Cook",
                "standard": "Hora padrão das Ilhas Cook",
                "daylight": "Hora de verão das Ilhas Cook"
              }
            },
            "Cuba": {
              "long": {
                "generic": "Hora de Cuba",
                "standard": "Hora padrão de Cuba",
                "daylight": "Hora de verão de Cuba"
              }
            },
            "Davis": {
              "long": {
                "standard": "Hora de Davis"
              }
            },
            "DumontDUrville": {
              "long": {
                "standard": "Hora de Dumont-d’Urville"
              }
            },
            "East_Timor": {
              "long": {
                "standard": "Hora de Timor Leste"
              }
            },
            "Easter": {
              "long": {
                "generic": "Hora da Ilha da Páscoa",
                "standard": "Hora padrão da Ilha da Páscoa",
                "daylight": "Hora de verão da Ilha da Páscoa"
              }
            },
            "Ecuador": {
              "long": {
                "standard": "Hora do Equador"
              }
            },
            "Europe_Central": {
              "long": {
                "generic": "Hora da Europa Central",
                "standard": "Hora padrão da Europa Central",
                "daylight": "Hora de verão da Europa Central"
              }
            },
            "Europe_Eastern": {
              "long": {
                "generic": "Hora da Europa Oriental",
                "standard": "Hora padrão da Europa Oriental",
                "daylight": "Hora de verão da Europa Oriental"
              }
            },
            "Europe_Further_Eastern": {
              "long": {
                "standard": "Hora do Extremo Leste da Europa"
              }
            },
            "Europe_Western": {
              "long": {
                "generic": "Hora da Europa Ocidental",
                "standard": "Hora padrão da Europa Ocidental",
                "daylight": "Hora de verão da Europa Ocidental"
              }
            },
            "Falkland": {
              "long": {
                "generic": "Hora das Ilhas Falkland",
                "standard": "Hora padrão das Ilhas Falkland",
                "daylight": "Hora de verão das Ilhas Falkland"
              }
            },
            "Fiji": {
              "long": {
                "generic": "Hora de Fiji",
                "standard": "Hora padrão de Fiji",
                "daylight": "Hora de verão de Fiji"
              }
            },
            "French_Guiana": {
              "long": {
                "standard": "Hora da Guiana Francesa"
              }
            },
            "French_Southern": {
              "long": {
                "standard": "Hora das Terras Austrais e Antárcticas Francesas"
              }
            },
            "Galapagos": {
              "long": {
                "standard": "Hora das Galápagos"
              }
            },
            "Gambier": {
              "long": {
                "standard": "Hora de Gambier"
              }
            },
            "Georgia": {
              "long": {
                "generic": "Hora da Geórgia",
                "standard": "Hora padrão da Geórgia",
                "daylight": "Hora de verão da Geórgia"
              }
            },
            "Gilbert_Islands": {
              "long": {
                "standard": "Hora das Ilhas Gilbert"
              }
            },
            "GMT": {
              "long": {
                "standard": "Hora de Greenwich"
              }
            },
            "Greenland_Eastern": {
              "long": {
                "generic": "Hora da Gronelândia Oriental",
                "standard": "Hora padrão da Gronelândia Oriental",
                "daylight": "Hora de verão da Gronelândia Oriental"
              }
            },
            "Greenland_Western": {
              "long": {
                "generic": "Hora da Gronelândia Ocidental",
                "standard": "Hora padrão da Gronelândia Ocidental",
                "daylight": "Hora de verão da Gronelândia Ocidental"
              }
            },
            "Guam": {
              "long": {
                "standard": "Hora padrão de Guam"
              }
            },
            "Gulf": {
              "long": {
                "standard": "Hora padrão do Golfo"
              }
            },
            "Guyana": {
              "long": {
                "standard": "Hora da Guiana"
              }
            },
            "Hawaii_Aleutian": {
              "long": {
                "generic": "Hora do Havai e Aleutas",
                "standard": "Hora padrão do Havai e Aleutas",
                "daylight": "Hora de verão do Havai e Aleutas"
              }
            },
            "Hong_Kong": {
              "long": {
                "generic": "Hora de Hong Kong",
                "standard": "Hora padrão de Hong Kong",
                "daylight": "Hora de verão de Hong Kong"
              }
            },
            "Hovd": {
              "long": {
                "generic": "Hora de Hovd",
                "standard": "Hora padrão de Hovd",
                "daylight": "Hora de verão de Hovd"
              }
            },
            "India": {
              "long": {
                "standard": "Hora padrão da Índia"
              }
            },
            "Indian_Ocean": {
              "long": {
                "standard": "Hora do Oceano Índico"
              }
            },
            "Indochina": {
              "long": {
                "standard": "Hora da Indochina"
              }
            },
            "Indonesia_Central": {
              "long": {
                "standard": "Hora da Indonésia Central"
              }
            },
            "Indonesia_Eastern": {
              "long": {
                "standard": "Hora da Indonésia Oriental"
              }
            },
            "Indonesia_Western": {
              "long": {
                "standard": "Hora da Indonésia Ocidental"
              }
            },
            "Iran": {
              "long": {
                "generic": "Hora do Irão",
                "standard": "Hora padrão do Irão",
                "daylight": "Hora de verão do Irão"
              }
            },
            "Irkutsk": {
              "long": {
                "generic": "Hora de Irkutsk",
                "standard": "Hora padrão de Irkutsk",
                "daylight": "Hora de verão de Irkutsk"
              }
            },
            "Israel": {
              "long": {
                "generic": "Hora de Israel",
                "standard": "Hora padrão de Israel",
                "daylight": "Hora de verão de Israel"
              }
            },
            "Japan": {
              "long": {
                "generic": "Hora do Japão",
                "standard": "Hora padrão do Japão",
                "daylight": "Hora de verão do Japão"
              }
            },
            "Kamchatka": {
              "long": {
                "generic": "Hora de Petropavlovsk-Kamchatski",
                "standard": "Hora padrão de Petropavlovsk-Kamchatski",
                "daylight": "Hora de verão de Petropavlovsk-Kamchatski"
              }
            },
            "Kazakhstan": {
              "long": {
                "standard": "Hora do Cazaquistão"
              }
            },
            "Kazakhstan_Eastern": {
              "long": {
                "standard": "Hora do Cazaquistão Oriental"
              }
            },
            "Kazakhstan_Western": {
              "long": {
                "standard": "Hora do Cazaquistão Ocidental"
              }
            },
            "Korea": {
              "long": {
                "generic": "Hora da Coreia",
                "standard": "Hora padrão da Coreia",
                "daylight": "Hora de verão da Coreia"
              }
            },
            "Kosrae": {
              "long": {
                "standard": "Hora de Kosrae"
              }
            },
            "Krasnoyarsk": {
              "long": {
                "generic": "Hora de Krasnoyarsk",
                "standard": "Hora padrão de Krasnoyarsk",
                "daylight": "Hora de verão de Krasnoyarsk"
              }
            },
            "Kyrgystan": {
              "long": {
                "standard": "Hora do Quirguistão"
              }
            },
            "Lanka": {
              "long": {
                "standard": "Hora do Sri Lanka"
              }
            },
            "Line_Islands": {
              "long": {
                "standard": "Hora das Ilhas Line"
              }
            },
            "Lord_Howe": {
              "long": {
                "generic": "Hora de Lord Howe",
                "standard": "Hora padrão de Lord Howe",
                "daylight": "Hora de verão de Lord Howe"
              }
            },
            "Macau": {
              "long": {
                "generic": "Hora de Macau",
                "standard": "Hora padrão de Macau",
                "daylight": "Hora de verão de Macau"
              }
            },
            "Magadan": {
              "long": {
                "generic": "Hora de Magadan",
                "standard": "Hora padrão de Magadan",
                "daylight": "Hora de verão de Magadan"
              }
            },
            "Malaysia": {
              "long": {
                "standard": "Hora da Malásia"
              }
            },
            "Maldives": {
              "long": {
                "standard": "Hora das Maldivas"
              }
            },
            "Marquesas": {
              "long": {
                "standard": "Hora das Ilhas Marquesas"
              }
            },
            "Marshall_Islands": {
              "long": {
                "standard": "Hora das Ilhas Marshall"
              }
            },
            "Mauritius": {
              "long": {
                "generic": "Hora da Maurícia",
                "standard": "Hora padrão da Maurícia",
                "daylight": "Hora de verão da Maurícia"
              }
            },
            "Mawson": {
              "long": {
                "standard": "Hora de Mawson"
              }
            },
            "Mexico_Pacific": {
              "long": {
                "generic": "Hora do Pacífico Mexicano",
                "standard": "Hora padrão do Pacífico Mexicano",
                "daylight": "Hora de verão do Pacífico Mexicano"
              }
            },
            "Mongolia": {
              "long": {
                "generic": "Hora de Ulan Bator",
                "standard": "Hora padrão de Ulan Bator",
                "daylight": "Hora de verão de Ulan Bator"
              }
            },
            "Moscow": {
              "long": {
                "generic": "Hora de Moscovo",
                "standard": "Hora padrão de Moscovo",
                "daylight": "Hora de verão de Moscovo"
              }
            },
            "Myanmar": {
              "long": {
                "standard": "Hora de Mianmar"
              }
            },
            "Nauru": {
              "long": {
                "standard": "Hora de Nauru"
              }
            },
            "Nepal": {
              "long": {
                "standard": "Hora do Nepal"
              }
            },
            "New_Caledonia": {
              "long": {
                "generic": "Hora da Nova Caledónia",
                "standard": "Hora padrão da Nova Caledónia",
                "daylight": "Hora de verão da Nova Caledónia"
              }
            },
            "New_Zealand": {
              "long": {
                "generic": "Hora da Nova Zelândia",
                "standard": "Hora padrão da Nova Zelândia",
                "daylight": "Hora de verão da Nova Zelândia"
              }
            },
            "Newfoundland": {
              "long": {
                "generic": "Hora da Terra Nova",
                "standard": "Hora padrão da Terra Nova",
                "daylight": "Hora de verão da Terra Nova"
              }
            },
            "Niue": {
              "long": {
                "standard": "Hora de Niuê"
              }
            },
            "Norfolk": {
              "long": {
                "generic": "Hora da Ilha Norfolk",
                "standard": "Hora padrão da Ilha Norfolk",
                "daylight": "Hora de verão da Ilha Norfolk"
              }
            },
            "Noronha": {
              "long": {
                "generic": "Hora de Fernando de Noronha",
                "standard": "Hora padrão de Fernando de Noronha",
                "daylight": "Hora de verão de Fernando de Noronha"
              }
            },
            "North_Mariana": {
              "long": {
                "standard": "Hora das Ilhas Mariana do Norte"
              }
            },
            "Novosibirsk": {
              "long": {
                "generic": "Hora de Novosibirsk",
                "standard": "Hora padrão de Novosibirsk",
                "daylight": "Hora de verão de Novosibirsk"
              }
            },
            "Omsk": {
              "long": {
                "generic": "Hora de Omsk",
                "standard": "Hora padrão de Omsk",
                "daylight": "Hora de verão de Omsk"
              }
            },
            "Pakistan": {
              "long": {
                "generic": "Hora do Paquistão",
                "standard": "Hora padrão do Paquistão",
                "daylight": "Hora de verão do Paquistão"
              }
            },
            "Palau": {
              "long": {
                "standard": "Hora de Palau"
              }
            },
            "Papua_New_Guinea": {
              "long": {
                "standard": "Hora de Papua Nova Guiné"
              }
            },
            "Paraguay": {
              "long": {
                "generic": "Hora do Paraguai",
                "standard": "Hora padrão do Paraguai",
                "daylight": "Hora de verão do Paraguai"
              }
            },
            "Peru": {
              "long": {
                "generic": "Hora do Peru",
                "standard": "Hora padrão do Peru",
                "daylight": "Hora de verão do Peru"
              }
            },
            "Philippines": {
              "long": {
                "generic": "Hora das Filipinas",
                "standard": "Hora padrão das Filipinas",
                "daylight": "Hora de verão das Filipinas"
              }
            },
            "Phoenix_Islands": {
              "long": {
                "standard": "Hora das Ilhas Fénix"
              }
            },
            "Pierre_Miquelon": {
              "long": {
                "generic": "Hora de São Pedro e Miquelão",
                "standard": "Hora padrão de São Pedro e Miquelão",
                "daylight": "Hora de verão de São Pedro e Miquelão"
              }
            },
            "Pitcairn": {
              "long": {
                "standard": "Hora de Pitcairn"
              }
            },
            "Ponape": {
              "long": {
                "standard": "Hora de Ponape"
              }
            },
            "Pyongyang": {
              "long": {
                "standard": "Hora de Pyongyang"
              }
            },
            "Qyzylorda": {
              "long": {
                "generic": "Hora de Qyzylorda",
                "standard": "Hora padrão de Qyzylorda",
                "daylight": "Hora de verão de Qyzylorda"
              }
            },
            "Reunion": {
              "long": {
                "standard": "Hora de Reunião"
              }
            },
            "Rothera": {
              "long": {
                "standard": "Hora de Rothera"
              }
            },
            "Sakhalin": {
              "long": {
                "generic": "Hora de Sacalina",
                "standard": "Hora padrão de Sacalina",
                "daylight": "Hora de verão de Sacalina"
              }
            },
            "Samara": {
              "long": {
                "generic": "Hora de Samara",
                "standard": "Hora padrão de Samara",
                "daylight": "Hora de verão de Samara"
              }
            },
            "Samoa": {
              "long": {
                "generic": "Hora de Samoa",
                "standard": "Hora padrão de Samoa",
                "daylight": "Hora de verão de Samoa"
              }
            },
            "Seychelles": {
              "long": {
                "standard": "Hora das Seicheles"
              }
            },
            "Singapore": {
              "long": {
                "standard": "Hora padrão de Singapura"
              }
            },
            "Solomon": {
              "long": {
                "standard": "Hora das Ilhas Salomão"
              }
            },
            "South_Georgia": {
              "long": {
                "standard": "Hora da Geórgia do Sul"
              }
            },
            "Suriname": {
              "long": {
                "standard": "Hora do Suriname"
              }
            },
            "Syowa": {
              "long": {
                "standard": "Hora de Syowa"
              }
            },
            "Tahiti": {
              "long": {
                "standard": "Hora do Taiti"
              }
            },
            "Taipei": {
              "long": {
                "generic": "Hora de Taipé",
                "standard": "Hora padrão de Taipé",
                "daylight": "Hora de verão de Taipé"
              }
            },
            "Tajikistan": {
              "long": {
                "standard": "Hora do Tajiquistão"
              }
            },
            "Tokelau": {
              "long": {
                "standard": "Hora de Tokelau"
              }
            },
            "Tonga": {
              "long": {
                "generic": "Hora de Tonga",
                "standard": "Hora padrão de Tonga",
                "daylight": "Hora de verão de Tonga"
              }
            },
            "Truk": {
              "long": {
                "standard": "Hora de Chuuk"
              }
            },
            "Turkmenistan": {
              "long": {
                "generic": "Hora do Turquemenistão",
                "standard": "Hora padrão do Turquemenistão",
                "daylight": "Hora de verão do Turquemenistão"
              }
            },
            "Tuvalu": {
              "long": {
                "standard": "Hora de Tuvalu"
              }
            },
            "Uruguay": {
              "long": {
                "generic": "Hora do Uruguai",
                "standard": "Hora padrão do Uruguai",
                "daylight": "Hora de verão do Uruguai"
              }
            },
            "Uzbekistan": {
              "long": {
                "generic": "Hora do Uzbequistão",
                "standard": "Hora padrão do Uzbequistão",
                "daylight": "Hora de verão do Uzbequistão"
              }
            },
            "Vanuatu": {
              "long": {
                "generic": "Hora do Vanuatu",
                "standard": "Hora padrão do Vanuatu",
                "daylight": "Hora de verão do Vanuatu"
              }
            },
            "Venezuela": {
              "long": {
                "standard": "Hora da Venezuela"
              }
            },
            "Vladivostok": {
              "long": {
                "generic": "Hora de Vladivostok",
                "standard": "Hora padrão de Vladivostok",
                "daylight": "Hora de verão de Vladivostok"
              }
            },
            "Volgograd": {
              "long": {
                "generic": "Hora de Volgogrado",
                "standard": "Hora padrão de Volgogrado",
                "daylight": "Hora de verão de Volgogrado"
              }
            },
            "Vostok": {
              "long": {
                "standard": "Hora de Vostok"
              }
            },
            "Wake": {
              "long": {
                "standard": "Hora da Ilha Wake"
              }
            },
            "Wallis": {
              "long": {
                "standard": "Hora de Wallis e Futuna"
              }
            },
            "Yakutsk": {
              "long": {
                "generic": "Hora de Yakutsk",
                "standard": "Hora padrão de Yakutsk",
                "daylight": "Hora de verão de Yakutsk"
              }
            },
            "Yekaterinburg": {
              "long": {
                "generic": "Hora de Ecaterimburgo",
                "standard": "Hora padrão de Ecaterimburgo",
                "daylight": "Hora de verão de Ecaterimburgo"
              }
            },
            "Yukon": {
              "long": {
                "standard": "Hora do Yukon"
              }
            }
          }
        }
      }
    }
  }
}
