{
  "main": {
    "kxv-Latn": {
      "identity": {
        "version": {
          "_cldrVersion": "44.1"
        },
        "language": "kxv",
        "script": "Latn"
      },
      "dates": {
        "timeZoneNames": {
          "hourFormat": "+HH:mm;-HH:mm",
          "gmtFormat": "GMT{0}",
          "gmtZeroFormat": "GMT",
          "regionFormat": "{0} belā",
          "regionFormat-type-daylight": "{0} ḍayliṭ belā",
          "regionFormat-type-standard": "{0} mānānka belā",
          "fallbackFormat": "{1} ({0})",
          "zone": {
            "America": {
              "Adak": {
                "exemplarCity": "aḍak"
              },
              "Anchorage": {
                "exemplarCity": "ankoraj"
              },
              "Anguilla": {
                "exemplarCity": "enguilla"
              },
              "Antigua": {
                "exemplarCity": "enṭigua"
              },
              "Araguaina": {
                "exemplarCity": "aragvaina"
              },
              "Argentina": {
                "Rio_Gallegos": {
                  "exemplarCity": "riyo gallegos"
                },
                "San_Juan": {
                  "exemplarCity": "san huan"
                },
                "Ushuaia": {
                  "exemplarCity": "usvaiya"
                },
                "La_Rioja": {
                  "exemplarCity": "la rioja"
                },
                "San_Luis": {
                  "exemplarCity": "san luis"
                },
                "Salta": {
                  "exemplarCity": "salṭa"
                },
                "Tucuman": {
                  "exemplarCity": "ṭukūmn"
                }
              },
              "Aruba": {
                "exemplarCity": "aruba"
              },
              "Asuncion": {
                "exemplarCity": "esunsion"
              },
              "Bahia": {
                "exemplarCity": "bahia"
              },
              "Bahia_Banderas": {
                "exemplarCity": "baia banḍeras"
              },
              "Barbados": {
                "exemplarCity": "barbaḍos"
              },
              "Belem": {
                "exemplarCity": "belem"
              },
              "Belize": {
                "exemplarCity": "belij"
              },
              "Blanc-Sablon": {
                "exemplarCity": "blank-sablon"
              },
              "Boa_Vista": {
                "exemplarCity": "boa vista"
              },
              "Bogota": {
                "exemplarCity": "bogoṭa"
              },
              "Boise": {
                "exemplarCity": "boisī"
              },
              "Buenos_Aires": {
                "exemplarCity": "buenous aires"
              },
              "Cambridge_Bay": {
                "exemplarCity": "kembrij be"
              },
              "Campo_Grande": {
                "exemplarCity": "kampo granḍe"
              },
              "Cancun": {
                "exemplarCity": "kankun"
              },
              "Caracas": {
                "exemplarCity": "karakas"
              },
              "Catamarca": {
                "exemplarCity": "katamarka"
              },
              "Cayenne": {
                "exemplarCity": "keyen"
              },
              "Cayman": {
                "exemplarCity": "keiman"
              },
              "Chicago": {
                "exemplarCity": "cikago"
              },
              "Chihuahua": {
                "exemplarCity": "chihuahua"
              },
              "Ciudad_Juarez": {
                "exemplarCity": "Ciudad Juárez"
              },
              "Coral_Harbour": {
                "exemplarCity": "eṭikoken"
              },
              "Cordoba": {
                "exemplarCity": "korḍaba"
              },
              "Costa_Rica": {
                "exemplarCity": "kosṭa rika"
              },
              "Creston": {
                "exemplarCity": "kresṭon"
              },
              "Cuiaba": {
                "exemplarCity": "kuaaba"
              },
              "Curacao": {
                "exemplarCity": "kyuraso"
              },
              "Danmarkshavn": {
                "exemplarCity": "ḍanmarksavn"
              },
              "Dawson": {
                "exemplarCity": "ḍaosn"
              },
              "Dawson_Creek": {
                "exemplarCity": "ḍaoson krīk"
              },
              "Denver": {
                "exemplarCity": "ḍenver"
              },
              "Detroit": {
                "exemplarCity": "ḍeṭroiṭ"
              },
              "Dominica": {
                "exemplarCity": "ḍominika"
              },
              "Edmonton": {
                "exemplarCity": "eḍmonṭon"
              },
              "Eirunepe": {
                "exemplarCity": "eirunepe"
              },
              "El_Salvador": {
                "exemplarCity": "el salvaḍor"
              },
              "Fort_Nelson": {
                "exemplarCity": "phort nelsn"
              },
              "Fortaleza": {
                "exemplarCity": "portaleja"
              },
              "Glace_Bay": {
                "exemplarCity": "glas bay"
              },
              "Godthab": {
                "exemplarCity": "nūk"
              },
              "Goose_Bay": {
                "exemplarCity": "goos be"
              },
              "Grand_Turk": {
                "exemplarCity": "granḍ ṭurk"
              },
              "Grenada": {
                "exemplarCity": "grenaḍa"
              },
              "Guadeloupe": {
                "exemplarCity": "guaḍeloupe"
              },
              "Guatemala": {
                "exemplarCity": "guatemala"
              },
              "Guayaquil": {
                "exemplarCity": "guajakil"
              },
              "Guyana": {
                "exemplarCity": "guyana"
              },
              "Halifax": {
                "exemplarCity": "helipaks"
              },
              "Havana": {
                "exemplarCity": "havana"
              },
              "Hermosillo": {
                "exemplarCity": "ermosijo"
              },
              "Indiana": {
                "Vincennes": {
                  "exemplarCity": "vincens, inḍiyana"
                },
                "Petersburg": {
                  "exemplarCity": "piṭtrsberg, inḍiyana"
                },
                "Tell_City": {
                  "exemplarCity": "ṭell sity, inḍiyana"
                },
                "Knox": {
                  "exemplarCity": "noks, inḍiyana"
                },
                "Winamac": {
                  "exemplarCity": "vinamak, inḍiyana"
                },
                "Marengo": {
                  "exemplarCity": "marengo, inḍiyana"
                },
                "Vevay": {
                  "exemplarCity": "vivi, inḍiyana"
                }
              },
              "Indianapolis": {
                "exemplarCity": "inḍianapolis"
              },
              "Inuvik": {
                "exemplarCity": "inūvik"
              },
              "Iqaluit": {
                "exemplarCity": "ikaluiṭ"
              },
              "Jamaica": {
                "exemplarCity": "jamaika"
              },
              "Jujuy": {
                "exemplarCity": "huhue"
              },
              "Juneau": {
                "exemplarCity": "junov"
              },
              "Kentucky": {
                "Monticello": {
                  "exemplarCity": "monṭisello, kenṭukī"
                }
              },
              "Kralendijk": {
                "exemplarCity": "krelenḍeik"
              },
              "La_Paz": {
                "exemplarCity": "la paj"
              },
              "Lima": {
                "exemplarCity": "lima"
              },
              "Los_Angeles": {
                "exemplarCity": "los anjeles"
              },
              "Louisville": {
                "exemplarCity": "louiville"
              },
              "Lower_Princes": {
                "exemplarCity": "lover princ’s kuvaṭar"
              },
              "Maceio": {
                "exemplarCity": "masīo"
              },
              "Managua": {
                "exemplarCity": "managua"
              },
              "Manaus": {
                "exemplarCity": "manaus"
              },
              "Marigot": {
                "exemplarCity": "marigoṭ"
              },
              "Martinique": {
                "exemplarCity": "marṭinik"
              },
              "Matamoros": {
                "exemplarCity": "maṭamoros"
              },
              "Mazatlan": {
                "exemplarCity": "masaṭlan"
              },
              "Mendoza": {
                "exemplarCity": "menḍoja"
              },
              "Menominee": {
                "exemplarCity": "menominī"
              },
              "Merida": {
                "exemplarCity": "meriḍa"
              },
              "Metlakatla": {
                "exemplarCity": "meṭlakaṭla"
              },
              "Mexico_City": {
                "exemplarCity": "meksico siṭy"
              },
              "Miquelon": {
                "exemplarCity": "mikvilõ"
              },
              "Moncton": {
                "exemplarCity": "monkṭon"
              },
              "Monterrey": {
                "exemplarCity": "monṭerre"
              },
              "Montevideo": {
                "exemplarCity": "monṭevidio"
              },
              "Montserrat": {
                "exemplarCity": "monṭserreṭ"
              },
              "Nassau": {
                "exemplarCity": "nasau"
              },
              "New_York": {
                "exemplarCity": "niyu york"
              },
              "Nipigon": {
                "exemplarCity": "nipigen"
              },
              "Nome": {
                "exemplarCity": "nom"
              },
              "Noronha": {
                "exemplarCity": "noronha"
              },
              "North_Dakota": {
                "Beulah": {
                  "exemplarCity": "biyula, uttar ḍakoṭa"
                },
                "New_Salem": {
                  "exemplarCity": "neu salem, uttar ḍakoṭa"
                },
                "Center": {
                  "exemplarCity": "maḍinī uttar ḍakoṭa"
                }
              },
              "Ojinaga": {
                "exemplarCity": "ojinaga"
              },
              "Panama": {
                "exemplarCity": "panama"
              },
              "Pangnirtung": {
                "exemplarCity": "pangnirtung"
              },
              "Paramaribo": {
                "exemplarCity": "paramaribo"
              },
              "Phoenix": {
                "exemplarCity": "piniks"
              },
              "Port-au-Prince": {
                "exemplarCity": "port-au-prinse"
              },
              "Port_of_Spain": {
                "exemplarCity": "porṭ ap spain"
              },
              "Porto_Velho": {
                "exemplarCity": "porṭp velho"
              },
              "Puerto_Rico": {
                "exemplarCity": "puerto riko"
              },
              "Punta_Arenas": {
                "exemplarCity": "puṇṭa erenas"
              },
              "Rainy_River": {
                "exemplarCity": "reni rivr"
              },
              "Rankin_Inlet": {
                "exemplarCity": "rankin inledṭ"
              },
              "Recife": {
                "exemplarCity": "resipi"
              },
              "Regina": {
                "exemplarCity": "rejina"
              },
              "Resolute": {
                "exemplarCity": "rejalyuṭ"
              },
              "Rio_Branco": {
                "exemplarCity": "rio branko"
              },
              "Santarem": {
                "exemplarCity": "satari"
              },
              "Santiago": {
                "exemplarCity": "sanṭiago"
              },
              "Santo_Domingo": {
                "exemplarCity": "sento ḍomingo"
              },
              "Sao_Paulo": {
                "exemplarCity": "sao paulo"
              },
              "Scoresbysund": {
                "exemplarCity": "iṭokoṭormiṭ"
              },
              "Sitka": {
                "exemplarCity": "sitka"
              },
              "St_Barthelemy": {
                "exemplarCity": "senṭ bartelemi"
              },
              "St_Johns": {
                "exemplarCity": "senṭ jons"
              },
              "St_Kitts": {
                "exemplarCity": "sent kiṭṭs"
              },
              "St_Lucia": {
                "exemplarCity": "sent lusia"
              },
              "St_Thomas": {
                "exemplarCity": "senṭ tomas"
              },
              "St_Vincent": {
                "exemplarCity": "senṭ vinsenṭ"
              },
              "Swift_Current": {
                "exemplarCity": "svipṭ kurrenṭ"
              },
              "Tegucigalpa": {
                "exemplarCity": "tegu"
              },
              "Thule": {
                "exemplarCity": "tule"
              },
              "Thunder_Bay": {
                "exemplarCity": "tanḍr be"
              },
              "Tijuana": {
                "exemplarCity": "tihvana"
              },
              "Toronto": {
                "exemplarCity": "ṭoronṭo"
              },
              "Tortola": {
                "exemplarCity": "ṭorṭola"
              },
              "Vancouver": {
                "exemplarCity": "vankūver"
              },
              "Whitehorse": {
                "exemplarCity": "vhaiṭhors"
              },
              "Winnipeg": {
                "exemplarCity": "vinnipeg"
              },
              "Yakutat": {
                "exemplarCity": "yakuṭaṭ"
              },
              "Yellowknife": {
                "exemplarCity": "yellonaip"
              }
            },
            "Atlantic": {
              "Azores": {
                "exemplarCity": "ajores"
              },
              "Bermuda": {
                "exemplarCity": "bermūda"
              },
              "Canary": {
                "exemplarCity": "keneri"
              },
              "Cape_Verde": {
                "exemplarCity": "kep verḍe"
              },
              "Faeroe": {
                "exemplarCity": "pero"
              },
              "Madeira": {
                "exemplarCity": "maḍiera"
              },
              "Reykjavik": {
                "exemplarCity": "reykyavik"
              },
              "South_Georgia": {
                "exemplarCity": "dkiṇ jorjia"
              },
              "St_Helena": {
                "exemplarCity": "sent helena"
              },
              "Stanley": {
                "exemplarCity": "sṭanli"
              }
            },
            "Europe": {
              "Amsterdam": {
                "exemplarCity": "amsṭerḍam"
              },
              "Andorra": {
                "exemplarCity": "aaṇḍora"
              },
              "Astrakhan": {
                "exemplarCity": "aasṭrahan"
              },
              "Athens": {
                "exemplarCity": "etens"
              },
              "Belgrade": {
                "exemplarCity": "belgraḍe"
              },
              "Berlin": {
                "exemplarCity": "berlin"
              },
              "Bratislava": {
                "exemplarCity": "braṭislava"
              },
              "Brussels": {
                "exemplarCity": "brussels"
              },
              "Bucharest": {
                "exemplarCity": "bukarest"
              },
              "Budapest": {
                "exemplarCity": "buḍapest"
              },
              "Busingen": {
                "exemplarCity": "busingen"
              },
              "Chisinau": {
                "exemplarCity": "kisinau"
              },
              "Copenhagen": {
                "exemplarCity": "kopenhagen"
              },
              "Dublin": {
                "long": {
                  "daylight": "aairis manaka belā"
                },
                "exemplarCity": "ḍblin"
              },
              "Gibraltar": {
                "exemplarCity": "jibralṭar"
              },
              "Guernsey": {
                "exemplarCity": "gernsi"
              },
              "Helsinki": {
                "exemplarCity": "helsinki"
              },
              "Isle_of_Man": {
                "exemplarCity": "aail ap man"
              },
              "Istanbul": {
                "exemplarCity": "istanbul"
              },
              "Jersey": {
                "exemplarCity": "jersi"
              },
              "Kaliningrad": {
                "exemplarCity": "kaliningraḍ"
              },
              "Kiev": {
                "exemplarCity": "kiyv"
              },
              "Kirov": {
                "exemplarCity": "kirov"
              },
              "Lisbon": {
                "exemplarCity": "lisbon"
              },
              "Ljubljana": {
                "exemplarCity": "lyublyana"
              },
              "London": {
                "long": {
                  "daylight": "briṭis karã masa belā"
                },
                "exemplarCity": "lnḍn"
              },
              "Luxembourg": {
                "exemplarCity": "lksembrg"
              },
              "Madrid": {
                "exemplarCity": "meḍriḍ"
              },
              "Malta": {
                "exemplarCity": "malṭa"
              },
              "Mariehamn": {
                "exemplarCity": "marieham"
              },
              "Minsk": {
                "exemplarCity": "minsk"
              },
              "Monaco": {
                "exemplarCity": "monako"
              },
              "Moscow": {
                "exemplarCity": "mosko"
              },
              "Oslo": {
                "exemplarCity": "oslo"
              },
              "Paris": {
                "exemplarCity": "paris"
              },
              "Podgorica": {
                "exemplarCity": "pḍgoritsa"
              },
              "Prague": {
                "exemplarCity": "prag"
              },
              "Riga": {
                "exemplarCity": "riga"
              },
              "Rome": {
                "exemplarCity": "rom"
              },
              "Samara": {
                "exemplarCity": "samara"
              },
              "San_Marino": {
                "exemplarCity": "san marino"
              },
              "Sarajevo": {
                "exemplarCity": "sarajevo"
              },
              "Saratov": {
                "exemplarCity": "saraṭov"
              },
              "Simferopol": {
                "exemplarCity": "simperopol"
              },
              "Skopje": {
                "exemplarCity": "skopi"
              },
              "Sofia": {
                "exemplarCity": "sopiya"
              },
              "Stockholm": {
                "exemplarCity": "sṭokhom"
              },
              "Tallinn": {
                "exemplarCity": "talin"
              },
              "Tirane": {
                "exemplarCity": "ṭirane"
              },
              "Ulyanovsk": {
                "exemplarCity": "ulyanovsk"
              },
              "Uzhgorod": {
                "exemplarCity": "ujhorod"
              },
              "Vaduz": {
                "exemplarCity": "vaḍuj"
              },
              "Vatican": {
                "exemplarCity": "vaṭikan"
              },
              "Vienna": {
                "exemplarCity": "vienna"
              },
              "Vilnius": {
                "exemplarCity": "vilnius"
              },
              "Volgograd": {
                "exemplarCity": "volgograḍ"
              },
              "Warsaw": {
                "exemplarCity": "varsa"
              },
              "Zagreb": {
                "exemplarCity": "tegusigalpa"
              },
              "Zaporozhye": {
                "exemplarCity": "japorjye"
              },
              "Zurich": {
                "exemplarCity": "juric"
              }
            },
            "Africa": {
              "Abidjan": {
                "exemplarCity": "abidjan"
              },
              "Accra": {
                "exemplarCity": "ecra"
              },
              "Addis_Ababa": {
                "exemplarCity": "aḍis ababa"
              },
              "Algiers": {
                "exemplarCity": "aljīyrs"
              },
              "Asmera": {
                "exemplarCity": "asmara"
              },
              "Bamako": {
                "exemplarCity": "bamako"
              },
              "Bangui": {
                "exemplarCity": "bangui"
              },
              "Banjul": {
                "exemplarCity": "banjul"
              },
              "Bissau": {
                "exemplarCity": "bissau"
              },
              "Blantyre": {
                "exemplarCity": "blanṭaer"
              },
              "Brazzaville": {
                "exemplarCity": "brajavill"
              },
              "Bujumbura": {
                "exemplarCity": "bujumbura"
              },
              "Cairo": {
                "exemplarCity": "kairo"
              },
              "Casablanca": {
                "exemplarCity": "kasablanka"
              },
              "Ceuta": {
                "exemplarCity": "seuṭa"
              },
              "Conakry": {
                "exemplarCity": "konakrī"
              },
              "Dakar": {
                "exemplarCity": "ḍkar"
              },
              "Dar_es_Salaam": {
                "exemplarCity": "dar es salaam"
              },
              "Djibouti": {
                "exemplarCity": "jibuti"
              },
              "Douala": {
                "exemplarCity": "duala"
              },
              "El_Aaiun": {
                "exemplarCity": "el aaiyun"
              },
              "Freetown": {
                "exemplarCity": "prīṭaun"
              },
              "Gaborone": {
                "exemplarCity": "gaboron"
              },
              "Harare": {
                "exemplarCity": "hrare"
              },
              "Johannesburg": {
                "exemplarCity": "johannesburg"
              },
              "Juba": {
                "exemplarCity": "juba"
              },
              "Kampala": {
                "exemplarCity": "kmpala"
              },
              "Khartoum": {
                "exemplarCity": "karṭoum"
              },
              "Kigali": {
                "exemplarCity": "kigali"
              },
              "Kinshasa": {
                "exemplarCity": "kinsasa"
              },
              "Lagos": {
                "exemplarCity": "lagos"
              },
              "Libreville": {
                "exemplarCity": "librevill"
              },
              "Lome": {
                "exemplarCity": "lom"
              },
              "Luanda": {
                "exemplarCity": "luanḍa"
              },
              "Lubumbashi": {
                "exemplarCity": "lubumbasi"
              },
              "Lusaka": {
                "exemplarCity": "lusaka"
              },
              "Malabo": {
                "exemplarCity": "malabo"
              },
              "Maputo": {
                "exemplarCity": "mapuṭu"
              },
              "Maseru": {
                "exemplarCity": "maseru"
              },
              "Mbabane": {
                "exemplarCity": "mbabane"
              },
              "Mogadishu": {
                "exemplarCity": "mogaḍisu"
              },
              "Monrovia": {
                "exemplarCity": "monrovia"
              },
              "Nairobi": {
                "exemplarCity": "nairobi"
              },
              "Ndjamena": {
                "exemplarCity": "njamena"
              },
              "Niamey": {
                "exemplarCity": "niyame"
              },
              "Nouakchott": {
                "exemplarCity": "nueksa"
              },
              "Ouagadougou": {
                "exemplarCity": "vagdugu"
              },
              "Porto-Novo": {
                "exemplarCity": "porṭo-ṇovo"
              },
              "Sao_Tome": {
                "exemplarCity": "sao ṭom"
              },
              "Tripoli": {
                "exemplarCity": "tripoli"
              },
              "Tunis": {
                "exemplarCity": "ṭunis"
              },
              "Windhoek": {
                "exemplarCity": "vindhuk"
              }
            },
            "Asia": {
              "Aden": {
                "exemplarCity": "eḍen"
              },
              "Almaty": {
                "exemplarCity": "almaṭy"
              },
              "Amman": {
                "exemplarCity": "amman"
              },
              "Anadyr": {
                "exemplarCity": "anaḍir"
              },
              "Aqtau": {
                "exemplarCity": "aktau"
              },
              "Aqtobe": {
                "exemplarCity": "aaktobe"
              },
              "Ashgabat": {
                "exemplarCity": "asgabaṭ"
              },
              "Atyrau": {
                "exemplarCity": "atarau"
              },
              "Baghdad": {
                "exemplarCity": "bagdad"
              },
              "Bahrain": {
                "exemplarCity": "bahrain"
              },
              "Baku": {
                "exemplarCity": "baku"
              },
              "Bangkok": {
                "exemplarCity": "bangkok"
              },
              "Barnaul": {
                "exemplarCity": "barnaul"
              },
              "Beirut": {
                "exemplarCity": "beirut"
              },
              "Bishkek": {
                "exemplarCity": "biskek"
              },
              "Brunei": {
                "exemplarCity": "brunei"
              },
              "Calcutta": {
                "exemplarCity": "kolkata"
              },
              "Chita": {
                "exemplarCity": "cita"
              },
              "Choibalsan": {
                "exemplarCity": "koibalsan"
              },
              "Colombo": {
                "exemplarCity": "kolombo"
              },
              "Damascus": {
                "exemplarCity": "ḍamaskus"
              },
              "Dhaka": {
                "exemplarCity": "ḍaka"
              },
              "Dili": {
                "exemplarCity": "ḍili"
              },
              "Dubai": {
                "exemplarCity": "dubai"
              },
              "Dushanbe": {
                "exemplarCity": "dusambe"
              },
              "Famagusta": {
                "exemplarCity": "pamagusta"
              },
              "Gaza": {
                "exemplarCity": "gaja"
              },
              "Hebron": {
                "exemplarCity": "hebron"
              },
              "Hong_Kong": {
                "exemplarCity": "hong kong"
              },
              "Hovd": {
                "exemplarCity": "hovd"
              },
              "Irkutsk": {
                "exemplarCity": "irkuṭsk"
              },
              "Jakarta": {
                "exemplarCity": "jakarta"
              },
              "Jayapura": {
                "exemplarCity": "jayapura"
              },
              "Jerusalem": {
                "exemplarCity": "jerusalem"
              },
              "Kabul": {
                "exemplarCity": "kabul"
              },
              "Kamchatka": {
                "exemplarCity": "kamcaṭka"
              },
              "Karachi": {
                "exemplarCity": "karacī"
              },
              "Katmandu": {
                "exemplarCity": "kaṭmanḍu"
              },
              "Khandyga": {
                "exemplarCity": "kandiga"
              },
              "Krasnoyarsk": {
                "exemplarCity": "krasneyarsk"
              },
              "Kuala_Lumpur": {
                "exemplarCity": "kuala lumpur"
              },
              "Kuching": {
                "exemplarCity": "kucing"
              },
              "Kuwait": {
                "exemplarCity": "kuvait"
              },
              "Macau": {
                "exemplarCity": "mkao"
              },
              "Magadan": {
                "exemplarCity": "megaḍan"
              },
              "Makassar": {
                "exemplarCity": "makasar"
              },
              "Manila": {
                "exemplarCity": "manīla"
              },
              "Muscat": {
                "exemplarCity": "maskat"
              },
              "Nicosia": {
                "exemplarCity": "nikosiya"
              },
              "Novokuznetsk": {
                "exemplarCity": "nevokujneṭsk"
              },
              "Novosibirsk": {
                "exemplarCity": "novosibirsk"
              },
              "Omsk": {
                "exemplarCity": "omsk"
              },
              "Oral": {
                "exemplarCity": "oral"
              },
              "Phnom_Penh": {
                "exemplarCity": "pnom penh"
              },
              "Pontianak": {
                "exemplarCity": "ponṭianak"
              },
              "Pyongyang": {
                "exemplarCity": "pyongyang"
              },
              "Qatar": {
                "exemplarCity": "katar"
              },
              "Qostanay": {
                "exemplarCity": "kosṭane"
              },
              "Qyzylorda": {
                "exemplarCity": "kijuorda"
              },
              "Rangoon": {
                "exemplarCity": "yangon"
              },
              "Riyadh": {
                "exemplarCity": "riyad"
              },
              "Saigon": {
                "exemplarCity": "ho ci minh siti"
              },
              "Sakhalin": {
                "exemplarCity": "sahalin"
              },
              "Samarkand": {
                "exemplarCity": "samarkand"
              },
              "Seoul": {
                "exemplarCity": "seol"
              },
              "Shanghai": {
                "exemplarCity": "sengai"
              },
              "Singapore": {
                "exemplarCity": "singapor"
              },
              "Srednekolymsk": {
                "exemplarCity": "sreḍnekolymsk"
              },
              "Taipei": {
                "exemplarCity": "taipei"
              },
              "Tashkent": {
                "exemplarCity": "taskenṭ"
              },
              "Tbilisi": {
                "exemplarCity": "tbilisi"
              },
              "Tehran": {
                "exemplarCity": "tehran"
              },
              "Thimphu": {
                "exemplarCity": "timphu"
              },
              "Tokyo": {
                "exemplarCity": "ṭokyo"
              },
              "Tomsk": {
                "exemplarCity": "ṭomsk"
              },
              "Ulaanbaatar": {
                "exemplarCity": "ulanbaṭar"
              },
              "Urumqi": {
                "exemplarCity": "urumci"
              },
              "Ust-Nera": {
                "exemplarCity": "yust-nera"
              },
              "Vientiane": {
                "exemplarCity": "vienṭiaan"
              },
              "Vladivostok": {
                "exemplarCity": "vlaḍivosṭok"
              },
              "Yakutsk": {
                "exemplarCity": "yakuṭsk"
              },
              "Yekaterinburg": {
                "exemplarCity": "yikaterinburg"
              },
              "Yerevan": {
                "exemplarCity": "yerevan"
              }
            },
            "Indian": {
              "Antananarivo": {
                "exemplarCity": "ṭananariv"
              },
              "Chagos": {
                "exemplarCity": "chagos"
              },
              "Christmas": {
                "exemplarCity": "krisṭmas"
              },
              "Cocos": {
                "exemplarCity": "kokos"
              },
              "Comoro": {
                "exemplarCity": "komoro"
              },
              "Kerguelen": {
                "exemplarCity": "kerguelen"
              },
              "Mahe": {
                "exemplarCity": "mahe"
              },
              "Maldives": {
                "exemplarCity": "maldives"
              },
              "Mauritius": {
                "exemplarCity": "maurisius"
              },
              "Mayotte": {
                "exemplarCity": "mayoṭ"
              },
              "Reunion": {
                "exemplarCity": "reunion"
              }
            },
            "Australia": {
              "Adelaide": {
                "exemplarCity": "aedileid"
              },
              "Brisbane": {
                "exemplarCity": "brisbane"
              },
              "Broken_Hill": {
                "exemplarCity": "broken hill"
              },
              "Darwin": {
                "exemplarCity": "ḍarvin"
              },
              "Eucla": {
                "exemplarCity": "yukla"
              },
              "Hobart": {
                "exemplarCity": "hobarṭ"
              },
              "Lindeman": {
                "exemplarCity": "linḍerman"
              },
              "Lord_Howe": {
                "exemplarCity": "lorḍ hove"
              },
              "Melbourne": {
                "exemplarCity": "melborne"
              },
              "Perth": {
                "exemplarCity": "pert"
              },
              "Sydney": {
                "exemplarCity": "syḍnī"
              }
            },
            "Pacific": {
              "Apia": {
                "exemplarCity": "apia"
              },
              "Auckland": {
                "exemplarCity": "āklanḍ"
              },
              "Bougainville": {
                "exemplarCity": "bouganvill"
              },
              "Chatham": {
                "exemplarCity": "ceṭam"
              },
              "Easter": {
                "exemplarCity": "īster"
              },
              "Efate": {
                "exemplarCity": "ipeṭe"
              },
              "Fakaofo": {
                "exemplarCity": "pakaopo"
              },
              "Fiji": {
                "exemplarCity": "piji"
              },
              "Funafuti": {
                "exemplarCity": "punaputi"
              },
              "Galapagos": {
                "exemplarCity": "galapagos"
              },
              "Gambier": {
                "exemplarCity": "gambier"
              },
              "Guadalcanal": {
                "exemplarCity": "guaḍalkenal"
              },
              "Guam": {
                "exemplarCity": "guam"
              },
              "Johnston": {
                "exemplarCity": "johnsṭon"
              },
              "Kanton": {
                "exemplarCity": "kanṭon"
              },
              "Kiritimati": {
                "exemplarCity": "kiritimati"
              },
              "Kosrae": {
                "exemplarCity": "kisrae"
              },
              "Kwajalein": {
                "exemplarCity": "kvajalein"
              },
              "Majuro": {
                "exemplarCity": "majuro"
              },
              "Marquesas": {
                "exemplarCity": "markisas"
              },
              "Midway": {
                "exemplarCity": "miḍvay"
              },
              "Nauru": {
                "exemplarCity": "nauru"
              },
              "Niue": {
                "exemplarCity": "niue"
              },
              "Norfolk": {
                "exemplarCity": "norpok"
              },
              "Noumea": {
                "exemplarCity": "numie"
              },
              "Pago_Pago": {
                "exemplarCity": "pango pango"
              },
              "Palau": {
                "exemplarCity": "palau"
              },
              "Pitcairn": {
                "exemplarCity": "piṭkern"
              },
              "Ponape": {
                "exemplarCity": "ponpei"
              },
              "Port_Moresby": {
                "exemplarCity": "porṭ moresbi"
              },
              "Rarotonga": {
                "exemplarCity": "rarotonga"
              },
              "Saipan": {
                "exemplarCity": "saipan"
              },
              "Tahiti": {
                "exemplarCity": "ṭahiṭi"
              },
              "Tarawa": {
                "exemplarCity": "tarava"
              },
              "Tongatapu": {
                "exemplarCity": "ṭongaṭapu"
              },
              "Truk": {
                "exemplarCity": "cūk"
              },
              "Wake": {
                "exemplarCity": "vek"
              },
              "Wallis": {
                "exemplarCity": "vallis"
              }
            },
            "Arctic": {
              "Longyearbyen": {
                "exemplarCity": "lngyarbyen"
              }
            },
            "Antarctica": {
              "Casey": {
                "exemplarCity": "kesee"
              },
              "Davis": {
                "exemplarCity": "ḍevis"
              },
              "DumontDUrville": {
                "exemplarCity": "ḍyumont de urvill"
              },
              "Macquarie": {
                "exemplarCity": "mekvari"
              },
              "Mawson": {
                "exemplarCity": "mavson"
              },
              "McMurdo": {
                "exemplarCity": "mek murḍo"
              },
              "Palmer": {
                "exemplarCity": "palmer"
              },
              "Rothera": {
                "exemplarCity": "rotera"
              },
              "Syowa": {
                "exemplarCity": "syova"
              },
              "Troll": {
                "exemplarCity": "ṭroll"
              },
              "Vostok": {
                "exemplarCity": "vosṭok"
              }
            },
            "Etc": {
              "UTC": {
                "long": {
                  "standard": "smani jaga pruti belā"
                },
                "short": {
                  "standard": "UTC"
                }
              },
              "Unknown": {
                "exemplarCity": "puṇaã ti gaḍa"
              }
            }
          },
          "metazone": {
            "Afghanistan": {
              "long": {
                "standard": "aapganistan belā"
              }
            },
            "Africa_Central": {
              "long": {
                "standard": "madini aaprika belā"
              }
            },
            "Africa_Eastern": {
              "long": {
                "standard": "veḍa hpu aaprika belā"
              }
            },
            "Africa_Southern": {
              "long": {
                "standard": "dkiṇ aaprika belā"
              }
            },
            "Africa_Western": {
              "long": {
                "generic": "veḍakuṇpu aaprika belā",
                "standard": "veḍa kuṇpu aaprika mananka belā",
                "daylight": "veḍa kuṇpu aaprika karã belā"
              }
            },
            "Alaska": {
              "long": {
                "generic": "alaska belā",
                "standard": "alaska mananka belā",
                "daylight": "alaska ḍelaaiṭ belā"
              }
            },
            "Amazon": {
              "long": {
                "generic": "āmajon belā",
                "standard": "āmajon mananka belā",
                "daylight": "āmajon karã masa belā"
              }
            },
            "America_Central": {
              "long": {
                "generic": "madinī belā",
                "standard": "madinī mananka belā",
                "daylight": "madinī ḍelaaiṭ belā"
              }
            },
            "America_Eastern": {
              "long": {
                "generic": "veḍahapu belā",
                "standard": "veḍahapu mananka belā",
                "daylight": "veḍahapu ḍelaaiṭ belā"
              }
            },
            "America_Mountain": {
              "long": {
                "generic": "harka belā",
                "standard": "harka mananka belā",
                "daylight": "harka ḍelaaiṭ belā"
              }
            },
            "America_Pacific": {
              "long": {
                "generic": "pesipik belā",
                "standard": "pesipik mananka belā",
                "daylight": "pesipik ḍelaaiṭ belā"
              }
            },
            "Apia": {
              "long": {
                "generic": "epiā belā",
                "standard": "epiā mānānka belā",
                "daylight": "epiā delāit belā"
              }
            },
            "Arabian": {
              "long": {
                "generic": "ārbiāti belā",
                "standard": "ārbiāti mānānka belā",
                "daylight": "ārbiāti delāit belā"
              }
            },
            "Argentina": {
              "long": {
                "generic": "ārjenṭinā belā",
                "standard": "ārjenṭinā mānānka belā",
                "daylight": "ārjenṭinā kār~ā belā belā"
              }
            },
            "Argentina_Western": {
              "long": {
                "generic": "weḍākuṇupu ārjenṭinā belā",
                "standard": "weḍākuṇupu ārjenṭinā mānānka belā",
                "daylight": "weḍākuṇupu ārjenṭinā kār~ā belā"
              }
            },
            "Armenia": {
              "long": {
                "generic": "ārmeniā belā",
                "standard": "ārmeniā mānānka belā",
                "daylight": "ārmeniā kār~ā belā"
              }
            },
            "Atlantic": {
              "long": {
                "generic": "āṭlānṭik belā",
                "standard": "āṭlānṭik mānānka belā",
                "daylight": "āṭlānṭik delāiṭ belā"
              }
            },
            "Australia_Central": {
              "long": {
                "generic": "mādinā āstreliā belā",
                "standard": "āstreliāti mādinā mānānka belā",
                "daylight": "āstreliāti mādinā delāiṭ belā"
              }
            },
            "Australia_CentralWestern": {
              "long": {
                "generic": "āstreliāti mādinā weḍākuṇupu belā",
                "standard": "āstreliāti mādinā weḍākuṇupu mānānka belā",
                "daylight": "āstreliāti mādinā weḍākuṇupu delāiṭ belā"
              }
            },
            "Australia_Eastern": {
              "long": {
                "generic": "weḍāhapu āstraliā belā",
                "standard": "āstreliāti weḍāhapū mānānka belā",
                "daylight": "āstreliāti weḍāhapū delāiti belā"
              }
            },
            "Australia_Western": {
              "long": {
                "generic": "weḍākuṇupū āstreliā belā",
                "standard": "āstreliāti weḍākuṇupū mānānka belā",
                "daylight": "āstreliāti weḍākuṇupū delāiṭ belā"
              }
            },
            "Azerbaijan": {
              "long": {
                "generic": "ājerbāijān belā",
                "standard": "ājerbāijān mānānka belā",
                "daylight": "ājerbāijān kār~ā belā"
              }
            },
            "Azores": {
              "long": {
                "generic": "ajores belā",
                "standard": "ajores mānānka belā",
                "daylight": "ajores kār~ā belā"
              }
            },
            "Bangladesh": {
              "long": {
                "generic": "bānglādes belā",
                "standard": "bānglādes mānānka belā",
                "daylight": "bānglādes kār~ā belā"
              }
            },
            "Bhutan": {
              "long": {
                "standard": "butān belā"
              }
            },
            "Bolivia": {
              "long": {
                "standard": "bolwiā belā"
              }
            },
            "Brasilia": {
              "long": {
                "generic": "brājiliā belā",
                "standard": "brājiliā mānānka belā",
                "daylight": "brājiliā kār~ā belā"
              }
            },
            "Brunei": {
              "long": {
                "standard": "bruneti dārusālām belā"
              }
            },
            "Cape_Verde": {
              "long": {
                "generic": "kep bḍ belā",
                "standard": "kep bḍ mānānka belā",
                "daylight": "kep bḍ kār~ā belā"
              }
            },
            "Chamorro": {
              "long": {
                "standard": "cāmor mānānka belā"
              }
            },
            "Chatham": {
              "long": {
                "generic": "cyātām belā",
                "standard": "cyātām mānānka belā",
                "daylight": "cyātām delāit belā"
              }
            },
            "Chile": {
              "long": {
                "generic": "cini belā",
                "standard": "cili mānānka belā",
                "daylight": "cili kār~ā belā"
              }
            },
            "China": {
              "long": {
                "generic": "cin belā",
                "standard": "cin mānānka belā",
                "daylight": "cin delāiṭ belā"
              }
            },
            "Choibalsan": {
              "long": {
                "generic": "koibālsn belā",
                "standard": "koibālsn mānānka belā",
                "daylight": "koibālsn kār~ā belā"
              }
            },
            "Christmas": {
              "long": {
                "standard": "krismās dīp belā"
              }
            },
            "Cocos": {
              "long": {
                "standard": "kokos dīp belā"
              }
            },
            "Colombia": {
              "long": {
                "generic": "kolombiā belā",
                "standard": "kolombiā mānānka belā",
                "daylight": "kolombiā kār~ā belā"
              }
            },
            "Cook": {
              "long": {
                "generic": "kuk dīp belā",
                "standard": "kuk dīp mānānka belā",
                "daylight": "kuk dīp ādā kār~ā belā"
              }
            },
            "Cuba": {
              "long": {
                "generic": "kubā belā",
                "standard": "kubā mānānka belā",
                "daylight": "kubā delāiṭ belā"
              }
            },
            "Davis": {
              "long": {
                "standard": "debis belā"
              }
            },
            "DumontDUrville": {
              "long": {
                "standard": "ḍumonṭ ḍi arwilē belā"
              }
            },
            "East_Timor": {
              "long": {
                "standard": "weḍāhapu timor belā"
              }
            },
            "Easter": {
              "long": {
                "generic": "isṭr dīp belā",
                "standard": "isṭr dīp mānānka belā",
                "daylight": "isṭr dīp kār~ā belā"
              }
            },
            "Ecuador": {
              "long": {
                "standard": "iquāḍor belā"
              }
            },
            "Europe_Central": {
              "long": {
                "generic": "mādinā yuropiāti belā",
                "standard": "mādinā yuropiāti mānānka belā",
                "daylight": "mādinā yuropiāti kār~ā belā"
              }
            },
            "Europe_Eastern": {
              "long": {
                "generic": "weḍāhpu yuropiāti belā",
                "standard": "weḍāhpu yuropiāti mānānka belā",
                "daylight": "weḍāhpu yuropiāti kār~ā belā"
              }
            },
            "Europe_Further_Eastern": {
              "long": {
                "standard": "ar weḍāhpu yuropati belā"
              }
            },
            "Europe_Western": {
              "long": {
                "generic": "weḍākūṇūpu yuropiāti belā",
                "standard": "weḍākūṇūpu yuropiāti mānānka belā",
                "daylight": "weḍākūṇūpu yuropiāti kār~ā belā"
              }
            },
            "Falkland": {
              "long": {
                "generic": "paklyānḍ dīpati belā",
                "standard": "paklyānḍ dīpati mānānka belā",
                "daylight": "paklyānḍ dīpati kār~ā belā"
              }
            },
            "Fiji": {
              "long": {
                "generic": "piji belā",
                "standard": "piji mānānka belā",
                "daylight": "piji kār~ā belā"
              }
            },
            "French_Guiana": {
              "long": {
                "standard": "prench guyān belā"
              }
            },
            "French_Southern": {
              "long": {
                "standard": "prenc dakiṇ aḍe aanṭārkṭik belā"
              }
            },
            "Galapagos": {
              "long": {
                "standard": "gālāpogs belā"
              }
            },
            "Gambier": {
              "long": {
                "standard": "gambiyr belā"
              }
            },
            "Georgia": {
              "long": {
                "generic": "jarjīā belā",
                "standard": "jarjiā mānānka belā",
                "daylight": "jarjiā kār~ā belā"
              }
            },
            "Gilbert_Islands": {
              "long": {
                "standard": "gīlbrṭ dīp belā"
              }
            },
            "GMT": {
              "long": {
                "standard": "grinwic mīn belā"
              }
            },
            "Greenland_Eastern": {
              "long": {
                "generic": "weḍāhpu grinlānd belā",
                "standard": "weḍāhpu grinlānd mānānka belā",
                "daylight": "weḍāhpu grinlānd kār~ā belā"
              }
            },
            "Greenland_Western": {
              "long": {
                "generic": "weḍakūṇūp grinlānḍ belā",
                "standard": "weḍakūṇūp grinlānḍ mānānka belā",
                "daylight": "weḍakūṇūp grinlānḍ kār~ā belā"
              }
            },
            "Gulf": {
              "long": {
                "standard": "galp mānānka belā"
              }
            },
            "Guyana": {
              "long": {
                "standard": "guyān belā"
              }
            },
            "Hawaii_Aleutian": {
              "long": {
                "generic": "hāwāe- aalūsān belā",
                "standard": "hāwāe- aalūsān mānānka belā",
                "daylight": "hāwāe- aalūsān ḍelāiṭ belā"
              }
            },
            "Hong_Kong": {
              "long": {
                "generic": "hang kang belā",
                "standard": "hang kang mānānka belā",
                "daylight": "hang kang kār~ā belā"
              }
            },
            "Hovd": {
              "long": {
                "generic": "hwoḍ belā",
                "standard": "hwoḍ mānānka belā",
                "daylight": "hwoḍ kār~ā belā"
              }
            },
            "India": {
              "long": {
                "standard": "bārat mānānka belā"
              }
            },
            "Indian_Ocean": {
              "long": {
                "standard": "bārat kājā belā"
              }
            },
            "Indochina": {
              "long": {
                "standard": "inḍocinā belā"
              }
            },
            "Indonesia_Central": {
              "long": {
                "standard": "mādini inḍnesiā belā"
              }
            },
            "Indonesia_Eastern": {
              "long": {
                "standard": "weḍāhpu inḍnesiā belā"
              }
            },
            "Indonesia_Western": {
              "long": {
                "standard": "weḍākūṇpū inḍnesiā belā"
              }
            },
            "Iran": {
              "long": {
                "generic": "irān belā",
                "standard": "irān mānānka belā",
                "daylight": "irān ḍelāiṭ belā"
              }
            },
            "Irkutsk": {
              "long": {
                "generic": "īrkustak belā",
                "standard": "īrkustak mānānka belā",
                "daylight": "īrkustak kār~ā belā"
              }
            },
            "Israel": {
              "long": {
                "generic": "ijarāīl belā",
                "standard": "ijarāīl mānānka belā",
                "daylight": "ijarāīl ḍelāiṭ belā"
              }
            },
            "Japan": {
              "long": {
                "generic": "jāpān belā",
                "standard": "jāpān mānānka belā",
                "daylight": "jāpān ḍelāiṭ belā"
              }
            },
            "Kazakhstan_Eastern": {
              "long": {
                "standard": "weḍāhapu kājākstān belā"
              }
            },
            "Kazakhstan_Western": {
              "long": {
                "standard": "weḍākūṇpū kājākstān belā"
              }
            },
            "Korea": {
              "long": {
                "generic": "koriān belā",
                "standard": "koriān mānānka belā",
                "daylight": "koriān ḍelāiṭ belā"
              }
            },
            "Kosrae": {
              "long": {
                "standard": "kasrāē belā"
              }
            },
            "Krasnoyarsk": {
              "long": {
                "generic": "krāsnōrska belā",
                "standard": "krāsnōrska mānānka belā",
                "daylight": "krāsnōrska kār~ā belā"
              }
            },
            "Kyrgystan": {
              "long": {
                "standard": "kirgijstān belā"
              }
            },
            "Line_Islands": {
              "long": {
                "standard": "lāin dīp belā"
              }
            },
            "Lord_Howe": {
              "long": {
                "generic": "laṛ hawe belā",
                "standard": "laṛ hawe mānānka belā",
                "daylight": "laṛ hawe ḍelāiṭ belā"
              }
            },
            "Macquarie": {
              "long": {
                "standard": "makwārī dīp belā"
              }
            },
            "Magadan": {
              "long": {
                "generic": "māgādan belā",
                "standard": "māgādan mānānka belā",
                "daylight": "māgādan ḍelāit belā"
              }
            },
            "Malaysia": {
              "long": {
                "standard": "malesiā belā"
              }
            },
            "Maldives": {
              "long": {
                "standard": "māldīp belā"
              }
            },
            "Marquesas": {
              "long": {
                "standard": "mārksas belā"
              }
            },
            "Marshall_Islands": {
              "long": {
                "standard": "mārsāl dīpa belā"
              }
            },
            "Mauritius": {
              "long": {
                "generic": "marīsas belā",
                "standard": "marīsasmānānka belā",
                "daylight": "marīsas kār~ā belā"
              }
            },
            "Mawson": {
              "long": {
                "standard": "māwosn belā"
              }
            },
            "Mexico_Northwest": {
              "long": {
                "generic": "utar weḍā kūṇpū meksik belā",
                "standard": "utar weḍā kūṇpū meksik mānānka belā",
                "daylight": "utar weḍā kūṇpū meksik ḍelāiṭ belā"
              }
            },
            "Mexico_Pacific": {
              "long": {
                "generic": "meksikān pesipic belā",
                "standard": "meksikān pesipic mānānka belā",
                "daylight": "meksikān pesipic ḍelāiṭ belā"
              }
            },
            "Mongolia": {
              "long": {
                "generic": "ūlānbator belā",
                "standard": "ūlānbator mānānka belā",
                "daylight": "ūlānbator kār~ā belā"
              }
            },
            "Moscow": {
              "long": {
                "generic": "mosko belā",
                "standard": "mosko mānānka belā",
                "daylight": "mosko kār~ā belā"
              }
            },
            "Myanmar": {
              "long": {
                "standard": "miñyāmār belā"
              }
            },
            "Nauru": {
              "long": {
                "standard": "nāurū belā"
              }
            },
            "Nepal": {
              "long": {
                "standard": "nepāl belā"
              }
            },
            "New_Caledonia": {
              "long": {
                "generic": "niū keleḍoniā belā",
                "standard": "niū keleḍoniā mānānka belā",
                "daylight": "niū keleḍoniā kār~ā belā"
              }
            },
            "New_Zealand": {
              "long": {
                "generic": "niūjilānḍ belā",
                "standard": "niūjilānḍ mānānka belā",
                "daylight": "niūjilānḍ ḍelāiṭ belā"
              }
            },
            "Newfoundland": {
              "long": {
                "generic": "niūpaunḍlyānḍ belā",
                "standard": "niūpaunḍlyānḍ mānānka belā",
                "daylight": "niūpaunḍlyānḍ ḍelāiṭ belā"
              }
            },
            "Niue": {
              "long": {
                "standard": "niū belā"
              }
            },
            "Norfolk": {
              "long": {
                "generic": "norpok dīp belā",
                "standard": "norpok dīp mānānka belā",
                "daylight": "norpok dīp ḍelāiṭ belā"
              }
            },
            "Noronha": {
              "long": {
                "generic": "parn~ḍo ḍe norohā~ belā",
                "standard": "parn~ḍo ḍe norohā~ mānānka belā",
                "daylight": "parn~ḍo ḍe norohā~ kār~ā belā"
              }
            },
            "Novosibirsk": {
              "long": {
                "generic": "nawosibisrk belā",
                "standard": "nawosibisrk mānānka belā",
                "daylight": "nawosibisrk kār~ā belā"
              }
            },
            "Omsk": {
              "long": {
                "generic": "amska belā",
                "standard": "amska mānānka belā",
                "daylight": "amska kār~ā belā"
              }
            },
            "Pakistan": {
              "long": {
                "generic": "pākistān belā",
                "standard": "pākistān mānānka belā",
                "daylight": "pākistān kār~ā belā"
              }
            },
            "Palau": {
              "long": {
                "standard": "pālāu belā"
              }
            },
            "Papua_New_Guinea": {
              "long": {
                "standard": "pāpuā niu gunīā belā"
              }
            },
            "Paraguay": {
              "long": {
                "generic": "pārāguyē belā",
                "standard": "pārāguyē mānānka belā",
                "daylight": "pārāguyē kār~ā belā"
              }
            },
            "Peru": {
              "long": {
                "generic": "peru belā",
                "standard": "peru mānānka belā",
                "daylight": "peru kār~ā belā"
              }
            },
            "Philippines": {
              "long": {
                "generic": "pilipin belā",
                "standard": "pilipin mānānka belā",
                "daylight": "pilipin kār~ā belā"
              }
            },
            "Phoenix_Islands": {
              "long": {
                "standard": "piniksa dīpati belā"
              }
            },
            "Pierre_Miquelon": {
              "long": {
                "generic": "sēnṭ pierē aḍē mekwēlān belā",
                "standard": "sēnṭ pierē aḍē mekwēlān mānānka belā",
                "daylight": "sēnṭ pierē aḍē mekwēlān ḍelāiṭ belā"
              }
            },
            "Pitcairn": {
              "long": {
                "standard": "piṭkēran belā"
              }
            },
            "Ponape": {
              "long": {
                "standard": "ponāpe belā"
              }
            },
            "Pyongyang": {
              "long": {
                "standard": "pyongayāng belā"
              }
            },
            "Reunion": {
              "long": {
                "standard": "rīūnīan belā"
              }
            },
            "Rothera": {
              "long": {
                "standard": "rotērā belā"
              }
            },
            "Sakhalin": {
              "long": {
                "generic": "sakālin belā",
                "standard": "sakālin mānānka belā",
                "daylight": "sakālin kār~ā belā"
              }
            },
            "Samoa": {
              "long": {
                "generic": "saāmoa belā",
                "standard": "saāmoa mānānka belā",
                "daylight": "saāmoa ḍelāiṭ"
              }
            },
            "Seychelles": {
              "long": {
                "standard": "sēsels belā"
              }
            },
            "Singapore": {
              "long": {
                "standard": "singāpur mānānka belā"
              }
            },
            "Solomon": {
              "long": {
                "standard": "soloman dīpati belā"
              }
            },
            "South_Georgia": {
              "long": {
                "standard": "dkīṇa jarjīā belā"
              }
            },
            "Suriname": {
              "long": {
                "standard": "surīnām belā"
              }
            },
            "Syowa": {
              "long": {
                "standard": "sawā belā"
              }
            },
            "Tahiti": {
              "long": {
                "standard": "tāhiti belā"
              }
            },
            "Taipei": {
              "long": {
                "generic": "tāipē belā",
                "standard": "tāipē mānānka belā",
                "daylight": "tāipē ḍelāiṭ"
              }
            },
            "Tajikistan": {
              "long": {
                "standard": "tājikistān belā"
              }
            },
            "Tokelau": {
              "long": {
                "standard": "ṭokelāu belā"
              }
            },
            "Tonga": {
              "long": {
                "generic": "ṭangā belā",
                "standard": "ṭangā mānānka belā",
                "daylight": "ṭangā kār~ā belā"
              }
            },
            "Truk": {
              "long": {
                "standard": "cuk belā"
              }
            },
            "Turkmenistan": {
              "long": {
                "generic": "turkmenistān belā",
                "standard": "turkmenistān manaka belā",
                "daylight": "turkmenistān kār~ā belā"
              }
            },
            "Tuvalu": {
              "long": {
                "standard": "tuwalū belā"
              }
            },
            "Uruguay": {
              "long": {
                "generic": "urguwē belā",
                "standard": "urguwē manaka belā",
                "daylight": "urguwē kār~ā belā"
              }
            },
            "Uzbekistan": {
              "long": {
                "generic": "uzwēkistān belā",
                "standard": "uzwēkistān mānānka belā",
                "daylight": "uzwēkistān kārã belā"
              }
            },
            "Vanuatu": {
              "long": {
                "generic": "wanuātū belā",
                "standard": "wanuātū mānānka belā",
                "daylight": "wanuātū kār~ā belā"
              }
            },
            "Venezuela": {
              "long": {
                "standard": "wenēzuelā belā"
              }
            },
            "Vladivostok": {
              "long": {
                "generic": "wlādiwostak belā",
                "standard": "wlādiwostak mānānka belā",
                "daylight": "wlādiwostak kār~ā belā"
              }
            },
            "Volgograd": {
              "long": {
                "generic": "wālgogrāḍ belā",
                "standard": "wālgogrāḍ mānānka belā",
                "daylight": "wālgogrāḍ kār~ā belā"
              }
            },
            "Vostok": {
              "long": {
                "standard": "wostak belā"
              }
            },
            "Wake": {
              "long": {
                "standard": "waka dīpa belā"
              }
            },
            "Wallis": {
              "long": {
                "standard": "walis aḍē puṭunā"
              }
            },
            "Yakutsk": {
              "long": {
                "generic": "yakustuk belā",
                "standard": "yakustuk mānānka belā",
                "daylight": "yakustuk kār~ā belā"
              }
            },
            "Yekaterinburg": {
              "long": {
                "generic": "yakaterinbarg belā",
                "standard": "yakaterinbarg mānānka belā",
                "daylight": "yakaterinbarg kār~ā belā"
              }
            }
          }
        }
      }
    }
  }
}
