{
  "main": {
    "gsw-FR": {
      "identity": {
        "version": {
          "_cldrVersion": "43"
        },
        "language": "gsw",
        "territory": "FR"
      },
      "dates": {
        "timeZoneNames": {
          "hourFormat": "+HH:mm;-HH:mm",
          "gmtFormat": "GMT{0}",
          "gmtZeroFormat": "GMT",
          "regionFormat": "{0}",
          "regionFormat-type-daylight": "{0} (+1)",
          "regionFormat-type-standard": "{0} (+0)",
          "fallbackFormat": "{1} ({0})",
          "zone": {
            "America": {
              "Asuncion": {
                "exemplarCity": "Asunción"
              },
              "Bahia_Banderas": {
                "exemplarCity": "Bahía de Banderas"
              },
              "Cancun": {
                "exemplarCity": "Cancún"
              },
              "Cayman": {
                "exemplarCity": "Kaimaninsle"
              },
              "Ciudad_Juarez": {
                "exemplarCity": "Ciudad Juárez"
              },
              "Coral_Harbour": {
                "exemplarCity": "Atikokan"
              },
              "Curacao": {
                "exemplarCity": "Curaçao"
              },
              "El_Salvador": {
                "exemplarCity": "Salvador"
              },
              "Godthab": {
                "exemplarCity": "Nuuk"
              },
              "Havana": {
                "exemplarCity": "Havanna"
              },
              "Indiana": {
                "Vincennes": {
                  "exemplarCity": "Vincennes, Indiana"
                },
                "Petersburg": {
                  "exemplarCity": "Petersburg, Indiana"
                },
                "Tell_City": {
                  "exemplarCity": "Tell City, Indiana"
                },
                "Knox": {
                  "exemplarCity": "Knox"
                },
                "Winamac": {
                  "exemplarCity": "Winamac, Indiana"
                },
                "Marengo": {
                  "exemplarCity": "Marengo, Indiana"
                },
                "Vevay": {
                  "exemplarCity": "Vevay, Indiana"
                }
              },
              "Jamaica": {
                "exemplarCity": "Jamaika"
              },
              "Kentucky": {
                "Monticello": {
                  "exemplarCity": "Monticello, Kentucky"
                }
              },
              "Lower_Princes": {
                "exemplarCity": "Lower Prince’s Quarter"
              },
              "Merida": {
                "exemplarCity": "Mérida"
              },
              "Mexico_City": {
                "exemplarCity": "Mexiko-Schtadt"
              },
              "North_Dakota": {
                "Beulah": {
                  "exemplarCity": "Beulah, North Dakota"
                },
                "New_Salem": {
                  "exemplarCity": "New Salem, North Dakota"
                },
                "Center": {
                  "exemplarCity": "Center, North Dakota"
                }
              },
              "Port_of_Spain": {
                "exemplarCity": "Port-of-Spain"
              },
              "Scoresbysund": {
                "exemplarCity": "Ittoqqortoormiit"
              },
              "St_Barthelemy": {
                "exemplarCity": "St. Barthelemy"
              },
              "St_Johns": {
                "exemplarCity": "St. John’s"
              },
              "St_Kitts": {
                "exemplarCity": "St. Kitts"
              },
              "St_Lucia": {
                "exemplarCity": "St. Lucia"
              },
              "St_Thomas": {
                "exemplarCity": "St. Thomas"
              },
              "St_Vincent": {
                "exemplarCity": "St. Vincent"
              }
            },
            "Atlantic": {
              "Azores": {
                "exemplarCity": "Azore"
              },
              "Bermuda": {
                "exemplarCity": "Bermudas"
              },
              "Canary": {
                "exemplarCity": "Kanare"
              },
              "Cape_Verde": {
                "exemplarCity": "Kap Verde"
              },
              "Faeroe": {
                "exemplarCity": "Färöer"
              },
              "South_Georgia": {
                "exemplarCity": "Süüd-Georgie"
              },
              "St_Helena": {
                "exemplarCity": "St. Helena"
              }
            },
            "Europe": {
              "Athens": {
                "exemplarCity": "Athen"
              },
              "Brussels": {
                "exemplarCity": "Brüssel"
              },
              "Bucharest": {
                "exemplarCity": "Bukarescht"
              },
              "Chisinau": {
                "exemplarCity": "Kischinau"
              },
              "Copenhagen": {
                "exemplarCity": "Kopehage"
              },
              "Kiev": {
                "exemplarCity": "Kiew"
              },
              "Lisbon": {
                "exemplarCity": "Lissabon"
              },
              "Luxembourg": {
                "exemplarCity": "Luxemburg"
              },
              "Moscow": {
                "exemplarCity": "Moskau"
              },
              "Rome": {
                "exemplarCity": "Rom"
              },
              "Tirane": {
                "exemplarCity": "Tirana"
              },
              "Uzhgorod": {
                "exemplarCity": "Uschgorod"
              },
              "Vienna": {
                "exemplarCity": "Wien"
              },
              "Vilnius": {
                "exemplarCity": "Wilna"
              },
              "Warsaw": {
                "exemplarCity": "Warschau"
              },
              "Zaporozhye": {
                "exemplarCity": "Saporischja"
              },
              "Zurich": {
                "exemplarCity": "Züri"
              }
            },
            "Africa": {
              "Accra": {
                "exemplarCity": "Akkra"
              },
              "Addis_Ababa": {
                "exemplarCity": "Addis Abeba"
              },
              "Algiers": {
                "exemplarCity": "Algier"
              },
              "Asmera": {
                "exemplarCity": "Asmara"
              },
              "Cairo": {
                "exemplarCity": "Kairo"
              },
              "Dar_es_Salaam": {
                "exemplarCity": "Daressalam"
              },
              "Djibouti": {
                "exemplarCity": "Dschibuti"
              },
              "El_Aaiun": {
                "exemplarCity": "El Aaiún"
              },
              "Khartoum": {
                "exemplarCity": "Khartum"
              },
              "Mogadishu": {
                "exemplarCity": "Mogadischu"
              },
              "Ouagadougou": {
                "exemplarCity": "Wagadugu"
              },
              "Sao_Tome": {
                "exemplarCity": "São Tomé"
              }
            },
            "Asia": {
              "Aqtobe": {
                "exemplarCity": "Aktobe"
              },
              "Baghdad": {
                "exemplarCity": "Bagdad"
              },
              "Bishkek": {
                "exemplarCity": "Bischkek"
              },
              "Calcutta": {
                "exemplarCity": "Kolkata"
              },
              "Damascus": {
                "exemplarCity": "Damaskus"
              },
              "Dushanbe": {
                "exemplarCity": "Duschanbe"
              },
              "Hong_Kong": {
                "exemplarCity": "Hongkong"
              },
              "Kamchatka": {
                "exemplarCity": "Kamtschatka"
              },
              "Katmandu": {
                "exemplarCity": "Kathmandu"
              },
              "Krasnoyarsk": {
                "exemplarCity": "Krasnojarsk"
              },
              "Macau": {
                "exemplarCity": "Macao"
              },
              "Muscat": {
                "exemplarCity": "Muschkat"
              },
              "Nicosia": {
                "exemplarCity": "Nikosia"
              },
              "Novosibirsk": {
                "exemplarCity": "Nowosibirsk"
              },
              "Pyongyang": {
                "exemplarCity": "Pjöngjang"
              },
              "Qatar": {
                "exemplarCity": "Katar"
              },
              "Rangoon": {
                "exemplarCity": "Yangon"
              },
              "Riyadh": {
                "exemplarCity": "Riad"
              },
              "Saigon": {
                "exemplarCity": "Ho Chi Minh"
              },
              "Sakhalin": {
                "exemplarCity": "Sachalin"
              },
              "Singapore": {
                "exemplarCity": "Singapur"
              },
              "Taipei": {
                "exemplarCity": "Taipeh"
              },
              "Tashkent": {
                "exemplarCity": "Taschkent"
              },
              "Tbilisi": {
                "exemplarCity": "Tiflis"
              },
              "Tehran": {
                "exemplarCity": "Teheran"
              },
              "Tokyo": {
                "exemplarCity": "Tokio"
              },
              "Ulaanbaatar": {
                "exemplarCity": "Ulan-Baator"
              },
              "Vladivostok": {
                "exemplarCity": "Wladiwostok"
              },
              "Yakutsk": {
                "exemplarCity": "Jakutsk"
              },
              "Yekaterinburg": {
                "exemplarCity": "Jekaterinburg"
              },
              "Yerevan": {
                "exemplarCity": "Erivan"
              }
            },
            "Indian": {
              "Christmas": {
                "exemplarCity": "Wienachts-Insle"
              },
              "Comoro": {
                "exemplarCity": "Komore"
              },
              "Maldives": {
                "exemplarCity": "Maledive"
              },
              "Reunion": {
                "exemplarCity": "Réunion"
              }
            },
            "Pacific": {
              "Easter": {
                "exemplarCity": "Oschterinsle"
              },
              "Fiji": {
                "exemplarCity": "Fidschi"
              },
              "Ponape": {
                "exemplarCity": "Pohnpei"
              },
              "Truk": {
                "exemplarCity": "Chuuk"
              }
            },
            "Antarctica": {
              "DumontDUrville": {
                "exemplarCity": "Dumont D’Urville"
              },
              "Vostok": {
                "exemplarCity": "Woschtok"
              }
            },
            "Etc": {
              "UTC": {
                "short": {
                  "standard": "UTC"
                }
              },
              "Unknown": {
                "exemplarCity": "Unbekannt"
              }
            }
          },
          "metazone": {
            "Acre": {
              "long": {
                "generic": "Acre-Ziit",
                "standard": "Acre-Schtandardziit",
                "daylight": "Acre-Summerziit"
              }
            },
            "Afghanistan": {
              "long": {
                "standard": "Afghanischtan-Ziit"
              }
            },
            "Africa_Central": {
              "long": {
                "standard": "Zentralafrikanischi Ziit"
              }
            },
            "Africa_Eastern": {
              "long": {
                "standard": "Oschtafrikanischi Ziit"
              }
            },
            "Africa_Southern": {
              "long": {
                "standard": "Süüdafrikanischi ziit"
              }
            },
            "Africa_Western": {
              "long": {
                "generic": "Weschtafrikanischi Ziit",
                "standard": "Weschtafrikanischi Schtandardziit",
                "daylight": "Weschtafrikanischi Summerziit"
              }
            },
            "Alaska": {
              "long": {
                "generic": "Alaska-Ziit",
                "standard": "Alaska-Schtandardziit",
                "daylight": "Alaska-Summerziit"
              }
            },
            "Almaty": {
              "long": {
                "generic": "Almaty-Ziit",
                "standard": "Almaty-Schtandardziit",
                "daylight": "Almaty-Summerziit"
              }
            },
            "Amazon": {
              "long": {
                "generic": "Amazonas-Ziit",
                "standard": "Amazonas-Schtandardziit",
                "daylight": "Amazonas-Summerziit"
              }
            },
            "America_Central": {
              "long": {
                "generic": "Amerika-Zentraal Ziit",
                "standard": "Amerika-Zentraal Schtandardziit",
                "daylight": "Amerika-Zentraal Summerziit"
              }
            },
            "Europe_Central": {
              "long": {
                "generic": "Mitteleuropäischi Ziit",
                "standard": "Mitteleuropäischi Schtandardziit",
                "daylight": "Mitteleuropäischi Summerziit"
              },
              "short": {
                "generic": "MEZ",
                "standard": "MEZ",
                "daylight": "MESZ"
              }
            },
            "Europe_Eastern": {
              "long": {
                "generic": "Oschteuropäischi Ziit",
                "standard": "Oschteuropäischi Schtandardziit",
                "daylight": "Oschteuropäischi Summerziit"
              },
              "short": {
                "generic": "OEZ",
                "standard": "OEZ",
                "daylight": "OESZ"
              }
            },
            "Europe_Western": {
              "long": {
                "generic": "Weschteuropäischi Ziit",
                "standard": "Weschteuropäischi Schtandardziit",
                "daylight": "Weschteuropäischi Summerziit"
              },
              "short": {
                "generic": "WEZ",
                "standard": "WEZ",
                "daylight": "WESZ"
              }
            },
            "Moscow": {
              "long": {
                "generic": "Moskauer Ziit",
                "standard": "Moskauer Schtandardziit",
                "daylight": "Moskauer Summerziit"
              }
            }
          }
        }
      }
    }
  }
}
