{
  "main": {
    "ml": {
      "identity": {
        "version": {
          "_cldrVersion": "42"
        },
        "language": "ml"
      },
      "dates": {
        "timeZoneNames": {
          "hourFormat": "+HH:mm;-HH:mm",
          "gmtFormat": "ജിഎംടി {0}",
          "gmtZeroFormat": "ജിഎംടി",
          "regionFormat": "{0} സമയം",
          "regionFormat-type-daylight": "{0} ഡേലൈറ്റ് സമയം",
          "regionFormat-type-standard": "{0} സ്റ്റാൻഡേർഡ് സമയം",
          "fallbackFormat": "{1} ({0})",
          "zone": {
            "America": {
              "Adak": {
                "exemplarCity": "അഡാക്"
              },
              "Anchorage": {
                "exemplarCity": "ആങ്കറേജ്"
              },
              "Anguilla": {
                "exemplarCity": "ആൻഗ്വില്ല"
              },
              "Antigua": {
                "exemplarCity": "ആൻറിഗ്വ"
              },
              "Araguaina": {
                "exemplarCity": "അറഗ്വൈന"
              },
              "Argentina": {
                "Rio_Gallegos": {
                  "exemplarCity": "റിയോ ഗ്യാലഗോസ്"
                },
                "San_Juan": {
                  "exemplarCity": "സാൻ ജുവാൻ"
                },
                "Ushuaia": {
                  "exemplarCity": "ഉഷിയ"
                },
                "La_Rioja": {
                  "exemplarCity": "ലാ റിയോജ"
                },
                "San_Luis": {
                  "exemplarCity": "സാൻ ലൂയിസ്"
                },
                "Salta": {
                  "exemplarCity": "സാൽട്ട"
                },
                "Tucuman": {
                  "exemplarCity": "റ്റുകുമാൻ"
                }
              },
              "Aruba": {
                "exemplarCity": "അറൂബ"
              },
              "Asuncion": {
                "exemplarCity": "അസൻ‌ഷ്യൻ‌"
              },
              "Bahia": {
                "exemplarCity": "ബഹിയ"
              },
              "Bahia_Banderas": {
                "exemplarCity": "ബഹിയ ബൻഡാരസ്"
              },
              "Barbados": {
                "exemplarCity": "ബാർബഡോസ്"
              },
              "Belem": {
                "exemplarCity": "ബെലം"
              },
              "Belize": {
                "exemplarCity": "ബെലീസ്"
              },
              "Blanc-Sablon": {
                "exemplarCity": "ബ്ലാങ്ക് സാബ്ലോൺ"
              },
              "Boa_Vista": {
                "exemplarCity": "ബോവ വിസ്റ്റ"
              },
              "Bogota": {
                "exemplarCity": "ബൊഗോട്ട"
              },
              "Boise": {
                "exemplarCity": "ബൊയ്സി"
              },
              "Buenos_Aires": {
                "exemplarCity": "ബ്യൂണസ് ഐറിസ്"
              },
              "Cambridge_Bay": {
                "exemplarCity": "കേംബ്രിഡ്‌ജ് ബേ"
              },
              "Campo_Grande": {
                "exemplarCity": "ക്യാമ്പോ ഗ്രാൻഡെ"
              },
              "Cancun": {
                "exemplarCity": "കാൻകൂൺ"
              },
              "Caracas": {
                "exemplarCity": "കരാക്കസ്"
              },
              "Catamarca": {
                "exemplarCity": "‍ക്യാറ്റമാർക്ക"
              },
              "Cayenne": {
                "exemplarCity": "കയീൻ‌"
              },
              "Cayman": {
                "exemplarCity": "കേമാൻ"
              },
              "Chicago": {
                "exemplarCity": "ചിക്കാഗോ"
              },
              "Chihuahua": {
                "exemplarCity": "ചിഹ്വാഹ"
              },
              "Coral_Harbour": {
                "exemplarCity": "ഏറ്റികോക്കൺ"
              },
              "Cordoba": {
                "exemplarCity": "കോർഡോബ"
              },
              "Costa_Rica": {
                "exemplarCity": "കോസ്റ്റ റിക്ക"
              },
              "Creston": {
                "exemplarCity": "ക്രെസ്റ്റൺ"
              },
              "Cuiaba": {
                "exemplarCity": "കുയ്‌ബ"
              },
              "Curacao": {
                "exemplarCity": "കുറാക്കാവോ"
              },
              "Danmarkshavn": {
                "exemplarCity": "ഡാൻമാർക്ക്ഷാവ്ൻ"
              },
              "Dawson": {
                "exemplarCity": "ഡോവ്സൺ"
              },
              "Dawson_Creek": {
                "exemplarCity": "ഡോവ്സൺ ക്രീക്ക്"
              },
              "Denver": {
                "exemplarCity": "ഡെൻ‌വർ"
              },
              "Detroit": {
                "exemplarCity": "ഡെട്രോയിറ്റ്"
              },
              "Dominica": {
                "exemplarCity": "ഡൊമിനിക്ക"
              },
              "Edmonton": {
                "exemplarCity": "എഡ്മോൺടൺ"
              },
              "Eirunepe": {
                "exemplarCity": "യെറുനീപ്പെ"
              },
              "El_Salvador": {
                "exemplarCity": "എൽ സാൽ‌വദോർ"
              },
              "Fort_Nelson": {
                "exemplarCity": "ഫോർട്ട് നെൽസൺ"
              },
              "Fortaleza": {
                "exemplarCity": "ഫോർട്ടലീസ"
              },
              "Glace_Bay": {
                "exemplarCity": "ഗ്ലെയ്സ് ബേ"
              },
              "Godthab": {
                "exemplarCity": "നൂക്ക്"
              },
              "Goose_Bay": {
                "exemplarCity": "ഗൂസ് ബേ"
              },
              "Grand_Turk": {
                "exemplarCity": "ഗ്രാൻഡ് ടർക്ക്"
              },
              "Grenada": {
                "exemplarCity": "ഗ്രനേഡ"
              },
              "Guadeloupe": {
                "exemplarCity": "ഗ്വാഡലൂപ്പ്"
              },
              "Guatemala": {
                "exemplarCity": "ഗ്വാട്ടിമാല"
              },
              "Guayaquil": {
                "exemplarCity": "ഗുവായക്വിൽ"
              },
              "Guyana": {
                "exemplarCity": "ഗയാന"
              },
              "Halifax": {
                "exemplarCity": "ഹാലിഫാക്സ്"
              },
              "Havana": {
                "exemplarCity": "ഹവാന"
              },
              "Hermosillo": {
                "exemplarCity": "ഹെർമോസില്ലോ"
              },
              "Indiana": {
                "Vincennes": {
                  "exemplarCity": "വിൻസെൻസ്, ഇൻഡ്യാന"
                },
                "Petersburg": {
                  "exemplarCity": "പീറ്റേഴ്സ്ബർഗ്, ഇൻഡ്യാന"
                },
                "Tell_City": {
                  "exemplarCity": "റ്റെൽ സിറ്റി, ഇൻഡ്യാന"
                },
                "Knox": {
                  "exemplarCity": "നോക്സ്, ഇൻഡ്യാന"
                },
                "Winamac": {
                  "exemplarCity": "വിനാമാക്, ഇൻഡ്യാന"
                },
                "Marengo": {
                  "exemplarCity": "മരെങ്കോ, ഇൻഡ്യാന"
                },
                "Vevay": {
                  "exemplarCity": "വിവെയ്, ഇൻഡ്യാന"
                }
              },
              "Indianapolis": {
                "exemplarCity": "ഇൻഡ്യാനാപോലീസ്"
              },
              "Inuvik": {
                "exemplarCity": "ഇനുവിക്"
              },
              "Iqaluit": {
                "exemplarCity": "ഇഖാലിത്"
              },
              "Jamaica": {
                "exemplarCity": "ജമൈക്ക"
              },
              "Jujuy": {
                "exemplarCity": "ജുജുയ്"
              },
              "Juneau": {
                "exemplarCity": "ജൂനോ"
              },
              "Kentucky": {
                "Monticello": {
                  "exemplarCity": "മോണ്ടിസെല്ലോ, കെന്റക്കി"
                }
              },
              "Kralendijk": {
                "exemplarCity": "കാർലൻഡിജെക്ക്"
              },
              "La_Paz": {
                "exemplarCity": "ലാ പാസ്"
              },
              "Lima": {
                "exemplarCity": "ലിമ"
              },
              "Los_Angeles": {
                "exemplarCity": "ലോസ് എയ്ഞ്ചലസ്"
              },
              "Louisville": {
                "exemplarCity": "ലൂയിസ്‌വില്ലെ"
              },
              "Lower_Princes": {
                "exemplarCity": "ലോവർ പ്രിൻസസ് ക്വാർട്ടർ"
              },
              "Maceio": {
                "exemplarCity": "മാസിയോ"
              },
              "Managua": {
                "exemplarCity": "മനാഗ്വ"
              },
              "Manaus": {
                "exemplarCity": "മനൗസ്"
              },
              "Marigot": {
                "exemplarCity": "മാരിഗോ"
              },
              "Martinique": {
                "exemplarCity": "മാർട്ടിനിക്"
              },
              "Matamoros": {
                "exemplarCity": "മറ്റാമൊറോസ്"
              },
              "Mazatlan": {
                "exemplarCity": "മസറ്റ്‌ലാൻ"
              },
              "Mendoza": {
                "exemplarCity": "മെൻഡോസ"
              },
              "Menominee": {
                "exemplarCity": "മെനോമിനീ"
              },
              "Merida": {
                "exemplarCity": "മെരിഡ"
              },
              "Metlakatla": {
                "exemplarCity": "മെഡ്‌ലകട്‌ലെ"
              },
              "Mexico_City": {
                "exemplarCity": "മെക്സിക്കോ സിറ്റി"
              },
              "Miquelon": {
                "exemplarCity": "മിക്വലൻ"
              },
              "Moncton": {
                "exemplarCity": "മോംഗ്‌ടൻ"
              },
              "Monterrey": {
                "exemplarCity": "മോണ്ടെറി"
              },
              "Montevideo": {
                "exemplarCity": "മൊണ്ടെ‌വീഡിയോ"
              },
              "Montserrat": {
                "exemplarCity": "മൊണ്ടെസരത്ത്"
              },
              "Nassau": {
                "exemplarCity": "നാസൗ"
              },
              "New_York": {
                "exemplarCity": "ന്യൂയോർക്ക്"
              },
              "Nipigon": {
                "exemplarCity": "നിപ്പിഗോൺ"
              },
              "Nome": {
                "exemplarCity": "നോം"
              },
              "Noronha": {
                "exemplarCity": "നൊറോന"
              },
              "North_Dakota": {
                "Beulah": {
                  "exemplarCity": "ബ്യൂല, വടക്കൻ ഡെക്കോട്ട"
                },
                "New_Salem": {
                  "exemplarCity": "ന്യൂ സെയ്‌ലം, വടക്കൻ ഡെക്കോട്ട"
                },
                "Center": {
                  "exemplarCity": "സെന്റർ, വടക്കൻ ഡെക്കോട്ട"
                }
              },
              "Ojinaga": {
                "exemplarCity": "ഒജിൻഗ"
              },
              "Panama": {
                "exemplarCity": "പനാമ"
              },
              "Pangnirtung": {
                "exemplarCity": "പാൻഗ്‌നിറ്റംഗ്"
              },
              "Paramaribo": {
                "exemplarCity": "പരാമാരിബോ"
              },
              "Phoenix": {
                "exemplarCity": "ഫീനിക്സ്"
              },
              "Port-au-Prince": {
                "exemplarCity": "പോർട്ടോപ്രിൻസ്"
              },
              "Port_of_Spain": {
                "exemplarCity": "പോർ‌ട്ട് ഓഫ് സ്‌പെയിൻ‌"
              },
              "Porto_Velho": {
                "exemplarCity": "പോർട്ടോ വെല്ലോ"
              },
              "Puerto_Rico": {
                "exemplarCity": "പ്യൂർട്ടോ റിക്കോ"
              },
              "Punta_Arenas": {
                "exemplarCity": "പുന്റ അരീനസ്"
              },
              "Rainy_River": {
                "exemplarCity": "റെയ്നി റിവർ"
              },
              "Rankin_Inlet": {
                "exemplarCity": "റാങ്കിൻ ഇൻലെറ്റ്"
              },
              "Recife": {
                "exemplarCity": "റെസീഫെ"
              },
              "Regina": {
                "exemplarCity": "റിജീന"
              },
              "Resolute": {
                "exemplarCity": "റെസല്യൂട്ട്"
              },
              "Rio_Branco": {
                "exemplarCity": "റിയോ ബ്രാങ്കോ"
              },
              "Santa_Isabel": {
                "exemplarCity": "സാന്ത ഇസബേൽ"
              },
              "Santarem": {
                "exemplarCity": "സാന്ററെം"
              },
              "Santiago": {
                "exemplarCity": "സാന്റിയാഗോ"
              },
              "Santo_Domingo": {
                "exemplarCity": "സാന്തോ ഡോമിംഗോ"
              },
              "Sao_Paulo": {
                "exemplarCity": "സാവോപോളോ"
              },
              "Scoresbysund": {
                "exemplarCity": "ഇറ്റ്വാഖ്വാർടൂർമിറ്റ്"
              },
              "Sitka": {
                "exemplarCity": "സിറ്റ്‌കാ"
              },
              "St_Barthelemy": {
                "exemplarCity": "സെൻറ് ബർത്തലെമി"
              },
              "St_Johns": {
                "exemplarCity": "സെന്റ് ജോൺസ്"
              },
              "St_Kitts": {
                "exemplarCity": "സെന്റ് കിറ്റ്സ്"
              },
              "St_Lucia": {
                "exemplarCity": "സെൻറ് ലൂസിയ"
              },
              "St_Thomas": {
                "exemplarCity": "സെന്റ് തോമസ്"
              },
              "St_Vincent": {
                "exemplarCity": "സെന്റ് വിൻസെന്റ്"
              },
              "Swift_Current": {
                "exemplarCity": "സ്വിഫ്‌റ്റ് കറന്റ്"
              },
              "Tegucigalpa": {
                "exemplarCity": "ടെഗൂസിഗാൽപ"
              },
              "Thule": {
                "exemplarCity": "തൂളി"
              },
              "Thunder_Bay": {
                "exemplarCity": "തണ്ടർ ബേ"
              },
              "Tijuana": {
                "exemplarCity": "തിയുവാന"
              },
              "Toronto": {
                "exemplarCity": "ടൊറന്റോ"
              },
              "Tortola": {
                "exemplarCity": "ടോർ‌ട്ടോള"
              },
              "Vancouver": {
                "exemplarCity": "വാൻ‌കൂവർ"
              },
              "Whitehorse": {
                "exemplarCity": "വൈറ്റ്ഹോഴ്സ്"
              },
              "Winnipeg": {
                "exemplarCity": "വിന്നിപെഗ്"
              },
              "Yakutat": {
                "exemplarCity": "യാകുറ്റാറ്റ്"
              },
              "Yellowknife": {
                "exemplarCity": "യെല്ലോനൈഫ്"
              }
            },
            "Atlantic": {
              "Azores": {
                "exemplarCity": "അസോറസ്"
              },
              "Bermuda": {
                "exemplarCity": "ബർമുഡ"
              },
              "Canary": {
                "exemplarCity": "ക്യാനറി"
              },
              "Cape_Verde": {
                "exemplarCity": "കേപ് വെർദെ"
              },
              "Faeroe": {
                "exemplarCity": "ഫെറോ"
              },
              "Madeira": {
                "exemplarCity": "മഡെയ്റ"
              },
              "Reykjavik": {
                "exemplarCity": "റേയ്‌ജാവിക്"
              },
              "South_Georgia": {
                "exemplarCity": "ദക്ഷിണ ജോർജിയ"
              },
              "St_Helena": {
                "exemplarCity": "സെൻറ് ഹെലെന"
              },
              "Stanley": {
                "exemplarCity": "സ്റ്റാൻ‌ലി"
              }
            },
            "Europe": {
              "Amsterdam": {
                "exemplarCity": "ആം‌സ്റ്റർ‌ഡാം"
              },
              "Andorra": {
                "exemplarCity": "അണ്ടോറ"
              },
              "Astrakhan": {
                "exemplarCity": "അസ്‌ട്രഖാൻ"
              },
              "Athens": {
                "exemplarCity": "ഏതൻ‌സ്"
              },
              "Belgrade": {
                "exemplarCity": "ബെൽഗ്രേഡ്"
              },
              "Berlin": {
                "exemplarCity": "ബെർ‌ലിൻ‌"
              },
              "Bratislava": {
                "exemplarCity": "ബ്രാട്ടിസ്‍ലാവ"
              },
              "Brussels": {
                "exemplarCity": "ബ്രസ്സൽ‌സ്"
              },
              "Bucharest": {
                "exemplarCity": "ബുച്ചാറെസ്റ്റ്"
              },
              "Budapest": {
                "exemplarCity": "ബുഡാപെസ്റ്റ്"
              },
              "Busingen": {
                "exemplarCity": "ബുസിൻജൻ"
              },
              "Chisinau": {
                "exemplarCity": "ചിസിനാവു"
              },
              "Copenhagen": {
                "exemplarCity": "കോപ്പൻ‌ഹേഗൻ‌"
              },
              "Dublin": {
                "long": {
                  "daylight": "ഐറിഷ് സ്റ്റാൻഡേർഡ് സമയം"
                },
                "exemplarCity": "ഡബ്ലിൻ"
              },
              "Gibraltar": {
                "exemplarCity": "ജിബ്രാൾട്ടർ"
              },
              "Guernsey": {
                "exemplarCity": "ഗേൺസേ"
              },
              "Helsinki": {
                "exemplarCity": "ഹെൽ‌സിങ്കി"
              },
              "Isle_of_Man": {
                "exemplarCity": "ഐൽ‌ ഓഫ് മാൻ‌"
              },
              "Istanbul": {
                "exemplarCity": "ഇസ്താം‌ബുൾ‌"
              },
              "Jersey": {
                "exemplarCity": "ജേഴ്‌സി"
              },
              "Kaliningrad": {
                "exemplarCity": "കലിനിൻഗ്രാഡ്"
              },
              "Kiev": {
                "exemplarCity": "കീവ്"
              },
              "Kirov": {
                "exemplarCity": "കിറോ"
              },
              "Lisbon": {
                "exemplarCity": "ലിസ്‌ബൺ‌"
              },
              "Ljubljana": {
                "exemplarCity": "ലുബ്‍ലിയാന"
              },
              "London": {
                "long": {
                  "daylight": "ബ്രിട്ടീഷ് ഗ്രീഷ്‌മകാല സമയം"
                },
                "exemplarCity": "ലണ്ടൻ‌"
              },
              "Luxembourg": {
                "exemplarCity": "ലക്‌സംബർഗ്"
              },
              "Madrid": {
                "exemplarCity": "മാഡ്രിഡ്"
              },
              "Malta": {
                "exemplarCity": "മാൾട്ട"
              },
              "Mariehamn": {
                "exemplarCity": "മരിയാഹാമൻ"
              },
              "Minsk": {
                "exemplarCity": "മിൻ‌സ്ക്"
              },
              "Monaco": {
                "exemplarCity": "മൊണാക്കോ"
              },
              "Moscow": {
                "exemplarCity": "മോസ്കോ"
              },
              "Oslo": {
                "exemplarCity": "ഓസ്ലോ"
              },
              "Paris": {
                "exemplarCity": "പാരീസ്"
              },
              "Podgorica": {
                "exemplarCity": "പൊഡ്‍ഗൊറിസ"
              },
              "Prague": {
                "exemplarCity": "പ്രാഗ്"
              },
              "Riga": {
                "exemplarCity": "റിഗ"
              },
              "Rome": {
                "exemplarCity": "റോം"
              },
              "Samara": {
                "exemplarCity": "സമാറ"
              },
              "San_Marino": {
                "exemplarCity": "സാൻ മാരിനോ"
              },
              "Sarajevo": {
                "exemplarCity": "സരയേവോ"
              },
              "Saratov": {
                "exemplarCity": "സരാറ്റോവ്"
              },
              "Simferopol": {
                "exemplarCity": "സിംഫെറോപോൾ"
              },
              "Skopje": {
                "exemplarCity": "സ്കോപ്പിയെ"
              },
              "Sofia": {
                "exemplarCity": "സോഫിയ"
              },
              "Stockholm": {
                "exemplarCity": "സ്റ്റോക്ക്ഹോം"
              },
              "Tallinn": {
                "exemplarCity": "ടാലിൻ‌"
              },
              "Tirane": {
                "exemplarCity": "ടിരാനെ"
              },
              "Ulyanovsk": {
                "exemplarCity": "ഉല്ല്യാനോവ്‌സ്‌ക്"
              },
              "Uzhgorod": {
                "exemplarCity": "ഉസ്ഗൊറോഡ്"
              },
              "Vaduz": {
                "exemplarCity": "വാദുസ്"
              },
              "Vatican": {
                "exemplarCity": "വത്തിക്കാൻ"
              },
              "Vienna": {
                "exemplarCity": "വിയന്ന"
              },
              "Vilnius": {
                "exemplarCity": "വിൽ‌നിയസ്"
              },
              "Volgograd": {
                "exemplarCity": "വോൾഗോഗ്രാഡ്"
              },
              "Warsaw": {
                "exemplarCity": "വാർസോ"
              },
              "Zagreb": {
                "exemplarCity": "സാക്രെബ്"
              },
              "Zaporozhye": {
                "exemplarCity": "സാപ്പറോസൈ"
              },
              "Zurich": {
                "exemplarCity": "സൂറിച്ച്"
              }
            },
            "Africa": {
              "Abidjan": {
                "exemplarCity": "അബിദ്‌ജാൻ‌"
              },
              "Accra": {
                "exemplarCity": "ആക്ര"
              },
              "Addis_Ababa": {
                "exemplarCity": "അഡിസ് അബാബ"
              },
              "Algiers": {
                "exemplarCity": "അൾജിയേഴ്‌സ്"
              },
              "Asmera": {
                "exemplarCity": "അസ്‍മാര"
              },
              "Bamako": {
                "exemplarCity": "ബമാകോ"
              },
              "Bangui": {
                "exemplarCity": "ബംഗുയി"
              },
              "Banjul": {
                "exemplarCity": "ബഞ്ചുൽ"
              },
              "Bissau": {
                "exemplarCity": "ബിസ്സാവു"
              },
              "Blantyre": {
                "exemplarCity": "ബ്ലാണ്ടെയർ‌"
              },
              "Brazzaville": {
                "exemplarCity": "ബ്രാസവിൽ"
              },
              "Bujumbura": {
                "exemplarCity": "ബുജും‌ബുര"
              },
              "Cairo": {
                "exemplarCity": "കെയ്‌റോ"
              },
              "Casablanca": {
                "exemplarCity": "കാസബ്ലാങ്ക"
              },
              "Ceuta": {
                "exemplarCity": "ക്യൂട്ട"
              },
              "Conakry": {
                "exemplarCity": "കൊണാക്രി"
              },
              "Dakar": {
                "exemplarCity": "ഡാക്കർ‌"
              },
              "Dar_es_Salaam": {
                "exemplarCity": "ദാർ എസ് സലാം"
              },
              "Djibouti": {
                "exemplarCity": "ദിജിബൗട്ടി"
              },
              "Douala": {
                "exemplarCity": "ഡൗല"
              },
              "El_Aaiun": {
                "exemplarCity": "എൽ‌ ഐയുൻ‌"
              },
              "Freetown": {
                "exemplarCity": "ഫ്രീടൗൺ"
              },
              "Gaborone": {
                "exemplarCity": "ഗാബറോൺ"
              },
              "Harare": {
                "exemplarCity": "ഹരാരെ"
              },
              "Johannesburg": {
                "exemplarCity": "ജോഹന്നാസ്ബർ‌ഗ്"
              },
              "Juba": {
                "exemplarCity": "ജുബ"
              },
              "Kampala": {
                "exemplarCity": "കമ്പാല"
              },
              "Khartoum": {
                "exemplarCity": "ഖാർ‌തൌം"
              },
              "Kigali": {
                "exemplarCity": "കിഗാലി"
              },
              "Kinshasa": {
                "exemplarCity": "കിൻഷാസ"
              },
              "Lagos": {
                "exemplarCity": "ലാഗോസ്"
              },
              "Libreville": {
                "exemplarCity": "ലിബ്രെവില്ല"
              },
              "Lome": {
                "exemplarCity": "ലോം"
              },
              "Luanda": {
                "exemplarCity": "ലുവാൻഡ"
              },
              "Lubumbashi": {
                "exemplarCity": "ലൂബുംബാഷി"
              },
              "Lusaka": {
                "exemplarCity": "ലുസാക"
              },
              "Malabo": {
                "exemplarCity": "മലാബോ"
              },
              "Maputo": {
                "exemplarCity": "മാപ്യുട്ടോ"
              },
              "Maseru": {
                "exemplarCity": "മസേറു"
              },
              "Mbabane": {
                "exemplarCity": "മബാബെയ്‌ൻ‌"
              },
              "Mogadishu": {
                "exemplarCity": "മൊഗാദിഷു"
              },
              "Monrovia": {
                "exemplarCity": "മൺ‌റോവിയ"
              },
              "Nairobi": {
                "exemplarCity": "നയ്‌റോബി"
              },
              "Ndjamena": {
                "exemplarCity": "ജമെന"
              },
              "Niamey": {
                "exemplarCity": "നിയാമി"
              },
              "Nouakchott": {
                "exemplarCity": "നൗവാക്‌ഷോട്ട്"
              },
              "Ouagadougou": {
                "exemplarCity": "ഔഗാദൗഗൗ"
              },
              "Porto-Novo": {
                "exemplarCity": "പോർ‌ട്ടോ-നോവോ"
              },
              "Sao_Tome": {
                "exemplarCity": "സാവോ ടോം‌"
              },
              "Tripoli": {
                "exemplarCity": "ട്രിപൊളി"
              },
              "Tunis": {
                "exemplarCity": "ട്യൂണിസ്"
              },
              "Windhoek": {
                "exemplarCity": "വിൻഡ്‌ഹോക്"
              }
            },
            "Asia": {
              "Aden": {
                "exemplarCity": "ഏദെൻ"
              },
              "Almaty": {
                "exemplarCity": "അൽമാട്ടി"
              },
              "Amman": {
                "exemplarCity": "അമ്മാൻ‌"
              },
              "Anadyr": {
                "exemplarCity": "അനാഡിർ"
              },
              "Aqtau": {
                "exemplarCity": "അക്തൗ"
              },
              "Aqtobe": {
                "exemplarCity": "അഖ്‌തോബ്"
              },
              "Ashgabat": {
                "exemplarCity": "ആഷ്‌ഗാബട്ട്"
              },
              "Atyrau": {
                "exemplarCity": "അറ്റിറോ"
              },
              "Baghdad": {
                "exemplarCity": "ബാഗ്‌ദാദ്"
              },
              "Bahrain": {
                "exemplarCity": "ബഹ്റിൻ"
              },
              "Baku": {
                "exemplarCity": "ബാക്കു"
              },
              "Bangkok": {
                "exemplarCity": "ബാങ്കോക്ക്"
              },
              "Barnaul": {
                "exemplarCity": "ബർണോൽ"
              },
              "Beirut": {
                "exemplarCity": "ബെയ്‌റൂട്ട്"
              },
              "Bishkek": {
                "exemplarCity": "ബിഷ്‌കേക്"
              },
              "Brunei": {
                "exemplarCity": "ബ്രൂണൈ"
              },
              "Calcutta": {
                "exemplarCity": "കൊൽ‌ക്കത്ത"
              },
              "Chita": {
                "exemplarCity": "ചീറ്റ"
              },
              "Choibalsan": {
                "exemplarCity": "ചൊയ്ബൽസൻ"
              },
              "Colombo": {
                "exemplarCity": "കൊളം‌ബോ"
              },
              "Damascus": {
                "exemplarCity": "ദമാസ്കസ്"
              },
              "Dhaka": {
                "exemplarCity": "ധാക്ക"
              },
              "Dili": {
                "exemplarCity": "ദിലി"
              },
              "Dubai": {
                "exemplarCity": "ദുബായ്"
              },
              "Dushanbe": {
                "exemplarCity": "ദുഷൻ‌ബെ"
              },
              "Famagusta": {
                "exemplarCity": "ഫാമഗുസ്‌റ്റ"
              },
              "Gaza": {
                "exemplarCity": "ഗാസ"
              },
              "Hebron": {
                "exemplarCity": "ഹെബ്‌റോൺ"
              },
              "Hong_Kong": {
                "exemplarCity": "ഹോങ്കോംഗ്"
              },
              "Hovd": {
                "exemplarCity": "ഹോഡ്"
              },
              "Irkutsk": {
                "exemplarCity": "ഇർകസ്ക്"
              },
              "Jakarta": {
                "exemplarCity": "ജക്കാർത്ത"
              },
              "Jayapura": {
                "exemplarCity": "ജയപുര"
              },
              "Jerusalem": {
                "exemplarCity": "ജെറുസലേം"
              },
              "Kabul": {
                "exemplarCity": "കാബൂൾ"
              },
              "Kamchatka": {
                "exemplarCity": "കാംചട്ക"
              },
              "Karachi": {
                "exemplarCity": "കറാച്ചി"
              },
              "Katmandu": {
                "exemplarCity": "കാഠ്‌മണ്ഡു"
              },
              "Khandyga": {
                "exemplarCity": "കച്ചൻഗ"
              },
              "Krasnoyarsk": {
                "exemplarCity": "ക്രാസ്നോയാസ്ക്"
              },
              "Kuala_Lumpur": {
                "exemplarCity": "ക്വാലലം‌പൂർ‌‌"
              },
              "Kuching": {
                "exemplarCity": "കുചിങ്"
              },
              "Kuwait": {
                "exemplarCity": "കുവൈത്ത്"
              },
              "Macau": {
                "exemplarCity": "മക്കാവു"
              },
              "Magadan": {
                "exemplarCity": "മഗഡാൻ"
              },
              "Makassar": {
                "exemplarCity": "മകസ്സർ"
              },
              "Manila": {
                "exemplarCity": "മനില"
              },
              "Muscat": {
                "exemplarCity": "മസ്കറ്റ്"
              },
              "Nicosia": {
                "exemplarCity": "നിക്കോഷ്യ"
              },
              "Novokuznetsk": {
                "exemplarCity": "നോവോകുസെൻസ്‌ക്"
              },
              "Novosibirsk": {
                "exemplarCity": "നൊവോസിബിർസ്ക്"
              },
              "Omsk": {
                "exemplarCity": "ഒംസ്ക്"
              },
              "Oral": {
                "exemplarCity": "ഓറൽ"
              },
              "Phnom_Penh": {
                "exemplarCity": "ഫെനോം പെൻ"
              },
              "Pontianak": {
                "exemplarCity": "പൊന്റിയാനക്"
              },
              "Pyongyang": {
                "exemplarCity": "പ്യോംഗ്‌യാംഗ്"
              },
              "Qatar": {
                "exemplarCity": "ഖത്തർ"
              },
              "Qostanay": {
                "exemplarCity": "കോസ്റ്റനേ"
              },
              "Qyzylorda": {
                "exemplarCity": "ഖിസിലോർഡ"
              },
              "Rangoon": {
                "exemplarCity": "റങ്കൂൺ‌"
              },
              "Riyadh": {
                "exemplarCity": "റിയാദ്"
              },
              "Saigon": {
                "exemplarCity": "ഹോ ചി മിൻ സിറ്റി"
              },
              "Sakhalin": {
                "exemplarCity": "സഖാലിൻ"
              },
              "Samarkand": {
                "exemplarCity": "സമർക്കന്ദ്"
              },
              "Seoul": {
                "exemplarCity": "സോൾ"
              },
              "Shanghai": {
                "exemplarCity": "ഷാങ്‌ഹായി"
              },
              "Singapore": {
                "exemplarCity": "സിംഗപ്പൂർ"
              },
              "Srednekolymsk": {
                "exemplarCity": "സ്രിഡ്‌നികോളിംസ്ക്"
              },
              "Taipei": {
                "exemplarCity": "തായ്‌പെയ്"
              },
              "Tashkent": {
                "exemplarCity": "താഷ്‌ക്കന്റ്"
              },
              "Tbilisi": {
                "exemplarCity": "തിബിലിസി"
              },
              "Tehran": {
                "exemplarCity": "ടെഹ്‌റാൻ‌"
              },
              "Thimphu": {
                "exemplarCity": "തിംഫു"
              },
              "Tokyo": {
                "exemplarCity": "ടോക്കിയോ"
              },
              "Tomsk": {
                "exemplarCity": "ടോംസ്ക്"
              },
              "Ulaanbaatar": {
                "exemplarCity": "ഉലാൻബാത്തർ"
              },
              "Urumqi": {
                "exemplarCity": "ഉറുംഖി"
              },
              "Ust-Nera": {
                "exemplarCity": "യുസ്-നേര"
              },
              "Vientiane": {
                "exemplarCity": "വെന്റിയാൻ"
              },
              "Vladivostok": {
                "exemplarCity": "വ്ളാഡിവോസ്റ്റോക്"
              },
              "Yakutsk": {
                "exemplarCity": "യാക്കറ്റ്സ്‌ക്"
              },
              "Yekaterinburg": {
                "exemplarCity": "യാകാറ്റെറിൻബർഗ്"
              },
              "Yerevan": {
                "exemplarCity": "യേരവൻ‌"
              }
            },
            "Indian": {
              "Antananarivo": {
                "exemplarCity": "അൻറാനനറിവോ"
              },
              "Chagos": {
                "exemplarCity": "ചാഗോസ്"
              },
              "Christmas": {
                "exemplarCity": "ക്രിസ്തുമസ്"
              },
              "Cocos": {
                "exemplarCity": "കോക്കോസ്"
              },
              "Comoro": {
                "exemplarCity": "കൊമോറോ"
              },
              "Kerguelen": {
                "exemplarCity": "കെർഗുലെൻ"
              },
              "Mahe": {
                "exemplarCity": "മാഹി"
              },
              "Maldives": {
                "exemplarCity": "മാലിദ്വീപുകൾ"
              },
              "Mauritius": {
                "exemplarCity": "മൌറീഷ്യസ്"
              },
              "Mayotte": {
                "exemplarCity": "മയോട്ടി"
              },
              "Reunion": {
                "exemplarCity": "റീയൂണിയൻ"
              }
            },
            "Australia": {
              "Adelaide": {
                "exemplarCity": "അഡിലെയ്‌ഡ്"
              },
              "Brisbane": {
                "exemplarCity": "ബ്രിസ്‌ബെയിൻ"
              },
              "Broken_Hill": {
                "exemplarCity": "ബ്രോക്കൺ ഹിൽ"
              },
              "Currie": {
                "exemplarCity": "ക്യൂറി"
              },
              "Darwin": {
                "exemplarCity": "ഡാർവിൻ"
              },
              "Eucla": {
                "exemplarCity": "യൂക്ല"
              },
              "Hobart": {
                "exemplarCity": "ഹൊബാർട്ട്"
              },
              "Lindeman": {
                "exemplarCity": "ലിൻഡെമാൻ"
              },
              "Lord_Howe": {
                "exemplarCity": "ലോഡ് ഹോവ്"
              },
              "Melbourne": {
                "exemplarCity": "മെൽബൺ"
              },
              "Perth": {
                "exemplarCity": "പെർത്ത്"
              },
              "Sydney": {
                "exemplarCity": "സിഡ്നി"
              }
            },
            "Pacific": {
              "Apia": {
                "exemplarCity": "ആപിയ"
              },
              "Auckland": {
                "exemplarCity": "ഓക്ക്‌ലാന്റ്"
              },
              "Bougainville": {
                "exemplarCity": "ബോഗൺവില്ലെ"
              },
              "Chatham": {
                "exemplarCity": "ചാത്തം"
              },
              "Easter": {
                "exemplarCity": "ഈസ്റ്റർ"
              },
              "Efate": {
                "exemplarCity": "ഇഫാതെ"
              },
              "Enderbury": {
                "exemplarCity": "എൻഡബറി"
              },
              "Fakaofo": {
                "exemplarCity": "ഫക്കാവോഫോ"
              },
              "Fiji": {
                "exemplarCity": "ഫിജി"
              },
              "Funafuti": {
                "exemplarCity": "ഫുണാഫുട്ടി"
              },
              "Galapagos": {
                "exemplarCity": "ഗാലപ്പാഗോസ്"
              },
              "Gambier": {
                "exemplarCity": "ഗാമ്പിയർ"
              },
              "Guadalcanal": {
                "exemplarCity": "ഗ്വാഡൽകനാൽ"
              },
              "Guam": {
                "exemplarCity": "ഗ്വാം"
              },
              "Honolulu": {
                "exemplarCity": "ഹോണലൂലു"
              },
              "Johnston": {
                "exemplarCity": "ജോൺസ്റ്റൺ"
              },
              "Kanton": {
                "exemplarCity": "കാൻട്ടൻ"
              },
              "Kiritimati": {
                "exemplarCity": "കിരിറ്റിമാറ്റി"
              },
              "Kosrae": {
                "exemplarCity": "കൊസ്രേ"
              },
              "Kwajalein": {
                "exemplarCity": "ക്വാജലെയ്ൻ"
              },
              "Majuro": {
                "exemplarCity": "മജൂറോ"
              },
              "Marquesas": {
                "exemplarCity": "മാർക്യുസാസ്"
              },
              "Midway": {
                "exemplarCity": "മിഡ്‌വേ"
              },
              "Nauru": {
                "exemplarCity": "നൗറു"
              },
              "Niue": {
                "exemplarCity": "നിയു"
              },
              "Norfolk": {
                "exemplarCity": "നോർ‌ഫോക്ക്"
              },
              "Noumea": {
                "exemplarCity": "നോമിയ"
              },
              "Pago_Pago": {
                "exemplarCity": "പാഗോ പാഗോ"
              },
              "Palau": {
                "exemplarCity": "പലാവു"
              },
              "Pitcairn": {
                "exemplarCity": "പിറ്റ്കയിൻ‌"
              },
              "Ponape": {
                "exemplarCity": "പോൺപെ"
              },
              "Port_Moresby": {
                "exemplarCity": "പോർട്ട് മോഴ്‌സ്ബൈ"
              },
              "Rarotonga": {
                "exemplarCity": "റാരോടോംഗ"
              },
              "Saipan": {
                "exemplarCity": "സെയ്‌പ്പാൻ‌"
              },
              "Tahiti": {
                "exemplarCity": "താഹിതി"
              },
              "Tarawa": {
                "exemplarCity": "തരാവ"
              },
              "Tongatapu": {
                "exemplarCity": "ടോംഗാടാപു"
              },
              "Truk": {
                "exemplarCity": "ചക്"
              },
              "Wake": {
                "exemplarCity": "വെയ്ക്"
              },
              "Wallis": {
                "exemplarCity": "വാല്ലിസ്"
              }
            },
            "Arctic": {
              "Longyearbyen": {
                "exemplarCity": "ലംഗ്‍യെർബിൻ"
              }
            },
            "Antarctica": {
              "Casey": {
                "exemplarCity": "കാസെ"
              },
              "Davis": {
                "exemplarCity": "ഡെയ്‌വിസ്"
              },
              "DumontDUrville": {
                "exemplarCity": "ഡ്യൂമണ്ട് ഡി യുർവിൽ"
              },
              "Macquarie": {
                "exemplarCity": "മക്വയറി"
              },
              "Mawson": {
                "exemplarCity": "മാവ്സൺ"
              },
              "McMurdo": {
                "exemplarCity": "മാക്മർഡോ"
              },
              "Palmer": {
                "exemplarCity": "പാമർ"
              },
              "Rothera": {
                "exemplarCity": "റൊതീറ"
              },
              "Syowa": {
                "exemplarCity": "സ്യോവ"
              },
              "Troll": {
                "exemplarCity": "ട്രോൾ"
              },
              "Vostok": {
                "exemplarCity": "വോസ്റ്റോക്"
              }
            },
            "Etc": {
              "UTC": {
                "long": {
                  "standard": "കോർഡിനേറ്റഡ് യൂണിവേഴ്‌സൽ ടൈം"
                },
                "short": {
                  "standard": "UTC"
                }
              },
              "Unknown": {
                "exemplarCity": "അജ്ഞാത നഗരം"
              }
            }
          },
          "metazone": {
            "Acre": {
              "long": {
                "generic": "എയ്ക്കർ സമയം",
                "standard": "എയ്ക്കർ സ്റ്റാൻഡേർഡ് സമയം",
                "daylight": "എയ്ക്കർ വേനൽക്കാല സമയം"
              }
            },
            "Afghanistan": {
              "long": {
                "standard": "അഫ്‌ഗാനിസ്ഥാൻ സമയം"
              }
            },
            "Africa_Central": {
              "long": {
                "standard": "മധ്യ ആഫ്രിക്ക സമയം"
              }
            },
            "Africa_Eastern": {
              "long": {
                "standard": "കിഴക്കൻ ആഫ്രിക്ക സമയം"
              }
            },
            "Africa_Southern": {
              "long": {
                "standard": "ദക്ഷിണാഫ്രിക്ക സ്റ്റാൻഡേർഡ് സമയം"
              }
            },
            "Africa_Western": {
              "long": {
                "generic": "പടിഞ്ഞാറൻ ആഫ്രിക്ക സമയം",
                "standard": "പടിഞ്ഞാറൻ ആഫ്രിക്ക സ്റ്റാൻഡേർഡ് സമയം",
                "daylight": "പടിഞ്ഞാറൻ ആഫ്രിക്ക ഗ്രീഷ്‌മകാല സമയം"
              }
            },
            "Alaska": {
              "long": {
                "generic": "അലാസ്‌ക സമയം",
                "standard": "അലാസ്ക സ്റ്റാൻഡേർഡ് സമയം",
                "daylight": "അലാസ്‌ക ഡേലൈറ്റ് സമയം"
              }
            },
            "Almaty": {
              "long": {
                "generic": "അൽമതി സമയം",
                "standard": "അൽമതി സ്റ്റാൻഡേർഡ് സമയം",
                "daylight": "അൽമതി വേനൽക്കാല സമയം"
              }
            },
            "Amazon": {
              "long": {
                "generic": "ആമസോൺ സമയം",
                "standard": "ആമസോൺ സ്റ്റാൻഡേർഡ് സമയം",
                "daylight": "ആമസോൺ ഗ്രീഷ്‌മകാല സമയം"
              }
            },
            "America_Central": {
              "long": {
                "generic": "വടക്കെ അമേരിക്കൻ സെൻട്രൽ സമയം",
                "standard": "വടക്കെ അമേരിക്കൻ സെൻട്രൽ സ്റ്റാൻഡേർഡ് സമയം",
                "daylight": "വടക്കെ അമേരിക്കൻ സെൻട്രൽ ഡേലൈറ്റ് സമയം"
              }
            },
            "America_Eastern": {
              "long": {
                "generic": "വടക്കെ അമേരിക്കൻ കിഴക്കൻ സമയം",
                "standard": "വടക്കെ അമേരിക്കൻ കിഴക്കൻ സ്റ്റാൻഡേർഡ് സമയം",
                "daylight": "വടക്കെ അമേരിക്കൻ കിഴക്കൻ ഡേലൈറ്റ് സമയം"
              }
            },
            "America_Mountain": {
              "long": {
                "generic": "വടക്കെ അമേരിക്കൻ മൌണ്ടൻ സമയം",
                "standard": "വടക്കെ അമേരിക്കൻ മൗണ്ടൻ സ്റ്റാൻഡേർഡ് സമയം",
                "daylight": "വടക്കെ അമേരിക്കൻ മൗണ്ടൻ ഡേലൈറ്റ് സമയം"
              }
            },
            "America_Pacific": {
              "long": {
                "generic": "വടക്കെ അമേരിക്കൻ പസഫിക് സമയം",
                "standard": "വടക്കെ അമേരിക്കൻ പസഫിക് സ്റ്റാൻഡേർഡ് സമയം",
                "daylight": "വടക്കെ അമേരിക്കൻ പസഫിക് ഡേലൈറ്റ് സമയം"
              }
            },
            "Anadyr": {
              "long": {
                "generic": "അനാഡിർ സമയം",
                "standard": "അനാഡിർ സ്റ്റാൻഡേർഡ് സമയം",
                "daylight": "അനാഡിർ വേനൽക്കാല സമയം"
              }
            },
            "Apia": {
              "long": {
                "generic": "അപിയ സമയം",
                "standard": "അപിയ സ്റ്റാൻഡേർഡ് സമയം",
                "daylight": "അപിയ ഡേലൈറ്റ് സമയം"
              }
            },
            "Aqtau": {
              "long": {
                "generic": "അഖ്തൌ സമയം",
                "standard": "അഖ്തൌ സ്റ്റാൻഡേർഡ് സമയം",
                "daylight": "അഖ്തൌ വേനൽക്കാല സമയം"
              }
            },
            "Aqtobe": {
              "long": {
                "generic": "അഖ്തോബ് സമയം",
                "standard": "അഖ്തോബ് സ്റ്റാൻഡേർഡ് സമയം",
                "daylight": "അഖ്തോബ് വേനൽക്കാല സമയം"
              }
            },
            "Arabian": {
              "long": {
                "generic": "അറേബ്യൻ സമയം",
                "standard": "അറേബ്യൻ സ്റ്റാൻഡേർഡ് സമയം",
                "daylight": "അറേബ്യൻ ഡേലൈറ്റ് സമയം"
              }
            },
            "Argentina": {
              "long": {
                "generic": "അർജന്റീന സമയം",
                "standard": "അർജന്റീന സ്റ്റാൻഡേർഡ് സമയം",
                "daylight": "അർജന്റീന ഗ്രീഷ്‌മകാല സമയം"
              }
            },
            "Argentina_Western": {
              "long": {
                "generic": "പടിഞ്ഞാറൻ അർജന്റീന സമയം",
                "standard": "പടിഞ്ഞാറൻ അർജന്റീന സ്റ്റാൻഡേർഡ് സമയം",
                "daylight": "പടിഞ്ഞാറൻ അർജന്റീന ഗ്രീഷ്‌മകാല സമയം"
              }
            },
            "Armenia": {
              "long": {
                "generic": "അർമേനിയ സമയം",
                "standard": "അർമേനിയ സ്റ്റാൻഡേർഡ് സമയം",
                "daylight": "അർമേനിയ ഗ്രീഷ്‌മകാല സമയം"
              }
            },
            "Atlantic": {
              "long": {
                "generic": "അറ്റ്‌ലാന്റിക് സമയം",
                "standard": "അറ്റ്‌ലാന്റിക് സ്റ്റാൻഡേർഡ് സമയം",
                "daylight": "അറ്റ്‌ലാന്റിക് ഡേലൈറ്റ് സമയം"
              }
            },
            "Australia_Central": {
              "long": {
                "generic": "സെൻട്രൽ ഓസ്ട്രേലിയ സമയം",
                "standard": "ഓസ്ട്രേലിയൻ സെൻട്രൽ സ്റ്റാൻഡേർഡ് സമയം",
                "daylight": "ഓസ്ട്രേലിയൻ സെൻട്രൽ ഡേലൈറ്റ് സമയം"
              }
            },
            "Australia_CentralWestern": {
              "long": {
                "generic": "ഓസ്ട്രേലിയൻ സെൻട്രൽ പടിഞ്ഞാറൻ സമയം",
                "standard": "ഓസ്ട്രേലിയൻ സെൻട്രൽ പടിഞ്ഞാറൻ സ്റ്റാൻഡേർഡ് സമയം",
                "daylight": "ഓസ്ട്രേലിയൻ സെൻട്രൽ പടിഞ്ഞാറൻ ഡേലൈറ്റ് സമയം"
              }
            },
            "Australia_Eastern": {
              "long": {
                "generic": "കിഴക്കൻ ഓസ്‌ട്രേലിയ സമയം",
                "standard": "ഓസ്‌ട്രേലിയൻ കിഴക്കൻ സ്റ്റാൻഡേർഡ് സമയം",
                "daylight": "ഓസ്‌ട്രേലിയൻ കിഴക്കൻ ഡേലൈറ്റ് സമയം"
              }
            },
            "Australia_Western": {
              "long": {
                "generic": "പടിഞ്ഞാറൻ ഓസ്‌ട്രേലിയ സമയം",
                "standard": "ഓസ്‌ട്രേലിയൻ പടിഞ്ഞാറൻ സ്റ്റാൻഡേർഡ് സമയം",
                "daylight": "ഓസ്‌ട്രേലിയൻ പടിഞ്ഞാറൻ ഡേലൈറ്റ് സമയം"
              }
            },
            "Azerbaijan": {
              "long": {
                "generic": "അസർബൈജാൻ സമയം",
                "standard": "അസർബൈജാൻ സ്റ്റാൻഡേർഡ് സമയം",
                "daylight": "അസർബൈജാൻ ഗ്രീഷ്‌മകാല സമയം"
              }
            },
            "Azores": {
              "long": {
                "generic": "അസോർസ് സമയം",
                "standard": "അസോർസ് സ്റ്റാൻഡേർഡ് സമയം",
                "daylight": "അസോർസ് ഗ്രീഷ്‌മകാല സമയം"
              }
            },
            "Bangladesh": {
              "long": {
                "generic": "ബംഗ്ലാദേശ് സമയം",
                "standard": "ബംഗ്ലാദേശ് സ്റ്റാൻഡേർഡ് സമയം",
                "daylight": "ബംഗ്ലാദേശ് ഗ്രീഷ്‌മകാല സമയം"
              }
            },
            "Bhutan": {
              "long": {
                "standard": "ഭൂട്ടാൻ സമയം"
              }
            },
            "Bolivia": {
              "long": {
                "standard": "ബൊളീവിയ സമയം"
              }
            },
            "Brasilia": {
              "long": {
                "generic": "ബ്രസീലിയ സമയം",
                "standard": "ബ്രസീലിയ സ്റ്റാൻഡേർഡ് സമയം",
                "daylight": "ബ്രസീലിയ ഗ്രീഷ്‌മകാല സമയം"
              }
            },
            "Brunei": {
              "long": {
                "standard": "ബ്രൂണൈ ദാറുസ്സലാം സമയം"
              }
            },
            "Cape_Verde": {
              "long": {
                "generic": "കേപ് വെർദെ സമയം",
                "standard": "കേപ് വെർദെ സ്റ്റാൻഡേർഡ് സമയം",
                "daylight": "കേപ് വെർദെ ഗ്രീഷ്‌മകാല സമയം"
              }
            },
            "Chamorro": {
              "long": {
                "standard": "ചമോറോ സ്റ്റാൻഡേർഡ് സമയം"
              }
            },
            "Chatham": {
              "long": {
                "generic": "ചാത്തം സമയം",
                "standard": "ചാത്തം സ്റ്റാൻഡേർഡ് സമയം",
                "daylight": "ചാത്തം ഗ്രീഷ്‌മകാല സമയം"
              }
            },
            "Chile": {
              "long": {
                "generic": "ചിലി സമയം",
                "standard": "ചിലി സ്റ്റാൻഡേർഡ് സമയം",
                "daylight": "ചിലി ഗ്രീഷ്‌മകാല സമയം"
              }
            },
            "China": {
              "long": {
                "generic": "ചൈന സമയം",
                "standard": "ചൈന സ്റ്റാൻഡേർഡ് സമയം",
                "daylight": "ചൈന ഡേലൈറ്റ് സമയം"
              }
            },
            "Choibalsan": {
              "long": {
                "generic": "ചോയി‍ബൽസാൻ സമയം",
                "standard": "ചോയ്‌ബൽസാൻ സ്റ്റാൻഡേർഡ് സമയം",
                "daylight": "ചോയിബൽസാൻ ഗ്രീഷ്‌മകാല സമയം"
              }
            },
            "Christmas": {
              "long": {
                "standard": "ക്രിസ്‌മസ് ദ്വീപ് സമയം"
              }
            },
            "Cocos": {
              "long": {
                "standard": "കൊക്കോസ് ദ്വീപുകൾ സമയം"
              }
            },
            "Colombia": {
              "long": {
                "generic": "കൊളംബിയ സമയം",
                "standard": "കൊളംബിയ സ്റ്റാൻഡേർഡ് സമയം",
                "daylight": "കൊളംബിയ ഗ്രീഷ്‌മകാല സമയം"
              }
            },
            "Cook": {
              "long": {
                "generic": "കുക്ക് ദ്വീപുകൾ സമയം",
                "standard": "കുക്ക് ദ്വീപുകൾ സ്റ്റാൻഡേർഡ് സമയം",
                "daylight": "കുക്ക് ദ്വീപുകൾ അർദ്ധ ഗ്രീഷ്‌മകാല സമയം"
              }
            },
            "Cuba": {
              "long": {
                "generic": "ക്യൂബ സമയം",
                "standard": "ക്യൂബ സ്റ്റാൻഡേർഡ് സമയം",
                "daylight": "ക്യൂബ ഡേലൈറ്റ് സമയം"
              }
            },
            "Davis": {
              "long": {
                "standard": "ഡേവിസ് സമയം"
              }
            },
            "DumontDUrville": {
              "long": {
                "standard": "ഡുമോണ്ട് ഡി ഉർവില്ലെ സമയം"
              }
            },
            "East_Timor": {
              "long": {
                "standard": "കിഴക്കൻ തിമോർ സമയം"
              }
            },
            "Easter": {
              "long": {
                "generic": "ഈസ്റ്റർ ദ്വീപ് സമയം",
                "standard": "ഈസ്റ്റർ ദ്വീപ് സ്റ്റാൻഡേർഡ് സമയം",
                "daylight": "ഈസ്റ്റർ ദ്വീപ് ഗ്രീഷ്‌മകാല സമയം"
              }
            },
            "Ecuador": {
              "long": {
                "standard": "ഇക്വഡോർ സമയം"
              }
            },
            "Europe_Central": {
              "long": {
                "generic": "സെൻട്രൽ യൂറോപ്യൻ സമയം",
                "standard": "സെൻട്രൽ യൂറോപ്യൻ സ്റ്റാൻഡേർഡ് സമയം",
                "daylight": "സെൻട്രൽ യൂറോപ്യൻ ഗ്രീഷ്മകാല സമയം"
              }
            },
            "Europe_Eastern": {
              "long": {
                "generic": "കിഴക്കൻ യൂറോപ്യൻ സമയം",
                "standard": "കിഴക്കൻ യൂറോപ്യൻ സ്റ്റാൻഡേർഡ് സമയം",
                "daylight": "കിഴക്കൻ യൂറോപ്യൻ ഗ്രീഷ്മകാല സമയം"
              }
            },
            "Europe_Further_Eastern": {
              "long": {
                "standard": "കിഴക്കേയറ്റത്തെ യൂറോപ്യൻ സമയം"
              }
            },
            "Europe_Western": {
              "long": {
                "generic": "പടിഞ്ഞാറൻ യൂറോപ്യൻ സമയം",
                "standard": "പടിഞ്ഞാറൻ യൂറോപ്യൻ സ്റ്റാൻഡേർഡ് സമയം",
                "daylight": "പടിഞ്ഞാറൻ യൂറോപ്യൻ ഗ്രീഷ്‌മകാല സമയം"
              }
            },
            "Falkland": {
              "long": {
                "generic": "ഫാക്ക്‌ലാൻഡ് ദ്വീപുകൾ സമയം",
                "standard": "ഫാക്ക്‌ലാൻഡ് ദ്വീപുകൾ സ്റ്റാൻഡേർഡ് സമയം",
                "daylight": "ഫാക്ക്‌ലാൻഡ് ദ്വീപുകൾ ഗ്രീഷ്‌മകാല സമയം"
              }
            },
            "Fiji": {
              "long": {
                "generic": "ഫിജി സമയം",
                "standard": "ഫിജി സ്റ്റാൻഡേർഡ് സമയം",
                "daylight": "ഫിജി ഗ്രീഷ്‌മകാല സമയം"
              }
            },
            "French_Guiana": {
              "long": {
                "standard": "ഫ്രഞ്ച് ഗയാന സമയം"
              }
            },
            "French_Southern": {
              "long": {
                "standard": "ഫ്രഞ്ച് സതേൺ, അന്റാർട്ടിക് സമയം"
              }
            },
            "Galapagos": {
              "long": {
                "standard": "ഗാലപ്പഗോസ് സമയം"
              }
            },
            "Gambier": {
              "long": {
                "standard": "ഗാമ്പിയർ സമയം"
              }
            },
            "Georgia": {
              "long": {
                "generic": "ജോർജ്ജിയ സമയം",
                "standard": "ജോർജ്ജിയ സ്റ്റാൻഡേർഡ് സമയം",
                "daylight": "ജോർജ്ജിയ ഗ്രീഷ്‌മകാല സമയം"
              }
            },
            "Gilbert_Islands": {
              "long": {
                "standard": "ഗിൽബേർട്ട് ദ്വീപുകൾ സമയം"
              }
            },
            "GMT": {
              "long": {
                "standard": "ഗ്രീൻവിച്ച് മീൻ സമയം"
              }
            },
            "Greenland_Eastern": {
              "long": {
                "generic": "കിഴക്കൻ ഗ്രീൻലാൻഡ് സമയം",
                "standard": "കിഴക്കൻ ഗ്രീൻലാൻഡ് സ്റ്റാൻഡേർഡ് സമയം",
                "daylight": "കിഴക്കൻ ഗ്രീൻലാൻഡ് ഗ്രീഷ്‌മകാല സമയം"
              }
            },
            "Greenland_Western": {
              "long": {
                "generic": "പടിഞ്ഞാറൻ ഗ്രീൻലാൻഡ് സമയം",
                "standard": "പടിഞ്ഞാറൻ ഗ്രീൻലാൻഡ് സ്റ്റാൻഡേർഡ് സമയം",
                "daylight": "പടിഞ്ഞാറൻ ഗ്രീൻലാൻഡ് ഗ്രീഷ്‌മകാല സമയം"
              }
            },
            "Guam": {
              "long": {
                "standard": "ഗ്വാം സ്റ്റാൻഡേർഡ് സമയം"
              }
            },
            "Gulf": {
              "long": {
                "standard": "ഗൾഫ് സ്റ്റാൻഡേർഡ് സമയം"
              }
            },
            "Guyana": {
              "long": {
                "standard": "ഗയാന സമയം"
              }
            },
            "Hawaii_Aleutian": {
              "long": {
                "generic": "ഹവായ്-അലൂഷ്യൻ സമയം",
                "standard": "ഹവായ്-അലൂഷ്യൻ സ്റ്റാൻഡേർഡ് സമയം",
                "daylight": "ഹവായ്-അലൂഷ്യൻ ഡേലൈറ്റ് സമയം"
              }
            },
            "Hong_Kong": {
              "long": {
                "generic": "ഹോങ്കോങ്ങ് സമയം",
                "standard": "ഹോങ്കോങ്ങ് സ്റ്റാൻഡേർഡ് സമയം",
                "daylight": "ഹോങ്കോങ്ങ് ഗ്രീഷ്‌മകാല സമയം"
              }
            },
            "Hovd": {
              "long": {
                "generic": "ഹോഡ് സമയം",
                "standard": "ഹോഡ് സ്റ്റാൻഡേർഡ് സമയം",
                "daylight": "ഹോഡ് ഗ്രീഷ്‌മകാല സമയം"
              }
            },
            "India": {
              "long": {
                "standard": "ഇന്ത്യൻ സ്റ്റാൻഡേർഡ് സമയം"
              },
              "short": {
                "standard": "IST"
              }
            },
            "Indian_Ocean": {
              "long": {
                "standard": "ഇന്ത്യൻ മഹാസമുദ്ര സമയം"
              }
            },
            "Indochina": {
              "long": {
                "standard": "ഇൻഡോചൈന സമയം"
              }
            },
            "Indonesia_Central": {
              "long": {
                "standard": "മധ്യ ഇന്തോനേഷ്യ സമയം"
              }
            },
            "Indonesia_Eastern": {
              "long": {
                "standard": "കിഴക്കൻ ഇന്തോനേഷ്യ സമയം"
              }
            },
            "Indonesia_Western": {
              "long": {
                "standard": "പടിഞ്ഞാറൻ ഇന്തോനേഷ്യ സമയം"
              }
            },
            "Iran": {
              "long": {
                "generic": "ഇറാൻ സമയം",
                "standard": "ഇറാൻ സ്റ്റാൻഡേർഡ് സമയം",
                "daylight": "ഇറാൻ ഡേലൈറ്റ് സമയം"
              }
            },
            "Irkutsk": {
              "long": {
                "generic": "ഇർകസ്ക് സമയം",
                "standard": "ഇർകസ്ക് സ്റ്റാൻഡേർഡ് സമയം",
                "daylight": "ഇർകസ്‌ക് ഗ്രീഷ്‌മകാല സമയം"
              }
            },
            "Israel": {
              "long": {
                "generic": "ഇസ്രായേൽ സമയം",
                "standard": "ഇസ്രായേൽ സ്റ്റാൻഡേർഡ് സമയം",
                "daylight": "ഇസ്രായേൽ ഡേലൈറ്റ് സമയം"
              }
            },
            "Japan": {
              "long": {
                "generic": "ജപ്പാൻ സമയം",
                "standard": "ജപ്പാൻ സ്റ്റാൻഡേർഡ് സമയം",
                "daylight": "ജപ്പാൻ ഡേലൈറ്റ് സമയം"
              }
            },
            "Kamchatka": {
              "long": {
                "generic": "പെട്രോപാവ്‌ലോസ്ക് കംചാസ്കി സമയം",
                "standard": "പെട്രോപാവ്‌ലോസ്ക് കംചാസ്കി സ്റ്റാൻഡേർഡ് സമയം",
                "daylight": "പെട്രോപാവ്‌ലോസ്ക് കംചാസ്കി വേനൽക്കാല സമയം"
              }
            },
            "Kazakhstan_Eastern": {
              "long": {
                "standard": "കിഴക്കൻ കസാഖിസ്ഥാൻ സമയം"
              }
            },
            "Kazakhstan_Western": {
              "long": {
                "standard": "പടിഞ്ഞാറൻ കസാഖിസ്ഥാൻ സമയം"
              }
            },
            "Korea": {
              "long": {
                "generic": "കൊറിയൻ സമയം",
                "standard": "കൊറിയൻ സ്റ്റാൻഡേർഡ് സമയം",
                "daylight": "കൊറിയൻ ഡേലൈറ്റ് സമയം"
              }
            },
            "Kosrae": {
              "long": {
                "standard": "കൊസ്ര സമയം"
              }
            },
            "Krasnoyarsk": {
              "long": {
                "generic": "ക്രാസ്‌നോയാർസ്‌ക് സമയം",
                "standard": "ക്രാസ്‌നോയാർസ്‌ക് സ്റ്റാൻഡേർഡ് സമയം",
                "daylight": "ക്രാസ്‌നോയാർസ്‌ക് ഗ്രീഷ്‌മകാല സമയം"
              }
            },
            "Kyrgystan": {
              "long": {
                "standard": "കിർഗിസ്ഥാൻ സമയം"
              }
            },
            "Lanka": {
              "long": {
                "standard": "ലങ്ക സമയം"
              }
            },
            "Line_Islands": {
              "long": {
                "standard": "ലൈൻ ദ്വീപുകൾ സമയം"
              }
            },
            "Lord_Howe": {
              "long": {
                "generic": "ലോർഡ് ഹോവ് സമയം",
                "standard": "ലോർഡ് ഹോവ് സ്റ്റാൻഡേർഡ് സമയം",
                "daylight": "ലോർഡ് ഹോവ് ഡേലൈറ്റ് സമയം"
              }
            },
            "Macau": {
              "long": {
                "generic": "മകൌ സമയം",
                "standard": "മകൌ സ്റ്റാൻഡേർഡ് സമയം",
                "daylight": "മകൌ വേനൽക്കാല സമയം"
              }
            },
            "Macquarie": {
              "long": {
                "standard": "മക്വാറി ദ്വീപ് സമയം"
              }
            },
            "Magadan": {
              "long": {
                "generic": "മഗാദൻ സമയം",
                "standard": "മഗാദൻ സ്റ്റാൻഡേർഡ് സമയം",
                "daylight": "മഗാദൻ ഗ്രീഷ്‌മകാല സമയം"
              }
            },
            "Malaysia": {
              "long": {
                "standard": "മലേഷ്യ സമയം"
              }
            },
            "Maldives": {
              "long": {
                "standard": "മാലിദ്വീപുകൾ സമയം"
              }
            },
            "Marquesas": {
              "long": {
                "standard": "മർക്കസസ് സമയം"
              }
            },
            "Marshall_Islands": {
              "long": {
                "standard": "മാർഷൽ ദ്വീപുകൾ സമയം"
              }
            },
            "Mauritius": {
              "long": {
                "generic": "മൗറീഷ്യസ് സമയം",
                "standard": "മൗറീഷ്യസ് സ്റ്റാൻഡേർഡ് സമയം",
                "daylight": "മൗറീഷ്യസ് ഗ്രീഷ്‌മകാല സമയം"
              }
            },
            "Mawson": {
              "long": {
                "standard": "മാസൺ സമയം"
              }
            },
            "Mexico_Northwest": {
              "long": {
                "generic": "വടക്കുപടിഞ്ഞാറൻ മെക്സിക്കൻ സമയം",
                "standard": "വടക്കുപടിഞ്ഞാറൻ മെക്‌സിക്കൻ സ്റ്റാൻഡേർഡ് സമയം",
                "daylight": "വടക്കുപടിഞ്ഞാറൻ മെക്സിക്കൻ ഡേലൈറ്റ് സമയം"
              }
            },
            "Mexico_Pacific": {
              "long": {
                "generic": "മെക്സിക്കൻ പസഫിക് സമയം",
                "standard": "മെക്‌സിക്കൻ പസഫിക് സ്റ്റാൻഡേർഡ് സമയം",
                "daylight": "മെക്സിക്കൻ പസഫിക് ഡേലൈറ്റ് സമയം"
              }
            },
            "Mongolia": {
              "long": {
                "generic": "ഉലൻ ബറ്റർ സമയം",
                "standard": "ഉലൻ ബറ്റർ സ്റ്റാൻഡേർഡ് സമയം",
                "daylight": "ഉലൻ ബറ്റർ ഗ്രീഷ്‌മകാല സമയം"
              }
            },
            "Moscow": {
              "long": {
                "generic": "മോസ്കോ സമയം",
                "standard": "മോസ്കോ സ്റ്റാൻഡേർഡ് സമയം",
                "daylight": "മോസ്‌കോ ഗ്രീഷ്‌മകാല സമയം"
              }
            },
            "Myanmar": {
              "long": {
                "standard": "മ്യാൻമാർ സമയം"
              }
            },
            "Nauru": {
              "long": {
                "standard": "നൗറു സമയം"
              }
            },
            "Nepal": {
              "long": {
                "standard": "നേപ്പാൾ സമയം"
              }
            },
            "New_Caledonia": {
              "long": {
                "generic": "ന്യൂ കാലിഡോണിയ സമയം",
                "standard": "ന്യൂ കാലിഡോണിയ സ്റ്റാൻഡേർഡ് സമയം",
                "daylight": "ന്യൂ കാലിഡോണിയ ഗ്രീഷ്‌മകാല സമയം"
              }
            },
            "New_Zealand": {
              "long": {
                "generic": "ന്യൂസിലാൻഡ് സമയം",
                "standard": "ന്യൂസിലാൻഡ് സ്റ്റാൻഡേർഡ് സമയം",
                "daylight": "ന്യൂസിലാൻഡ് ഡേലൈറ്റ് സമയം"
              }
            },
            "Newfoundland": {
              "long": {
                "generic": "ന്യൂഫൗണ്ട്‌ലാന്റ് സമയം",
                "standard": "ന്യൂഫൗണ്ട്‌ലാന്റ് സ്റ്റാൻഡേർഡ് സമയം",
                "daylight": "ന്യൂഫൗണ്ട്‌ലാന്റ് ഡേലൈറ്റ് സമയം"
              }
            },
            "Niue": {
              "long": {
                "standard": "ന്യൂയി സമയം"
              }
            },
            "Norfolk": {
              "long": {
                "generic": "നോർഫാക്ക് ദ്വീപ് സമയം",
                "standard": "നോർഫാക്ക് ദ്വീപ് സ്റ്റാൻഡേർഡ് സമയം",
                "daylight": "നോർഫാക്ക് ദ്വീപ് ഡേലൈറ്റ് സമയം"
              }
            },
            "Noronha": {
              "long": {
                "generic": "ഫെർണാഡോ ഡി നൊറോൻഹ സമയം",
                "standard": "ഫെർണാഡോ ഡി നൊറോൻഹ സ്റ്റാൻഡേർഡ് സമയം",
                "daylight": "ഫെർണാഡോ ഡി നൊറോൻഹ ഗ്രീഷ്‌മകാല സമയം"
              }
            },
            "North_Mariana": {
              "long": {
                "standard": "നോർത്ത് മറിയാനാ ദ്വീപുകൾ സമയം"
              }
            },
            "Novosibirsk": {
              "long": {
                "generic": "നോവോസിബിർസ്‌ക് സമയം",
                "standard": "നോവോസിബിർസ്ക് സ്റ്റാൻഡേർഡ് സമയം",
                "daylight": "നോവോസിബിർസ്‌ക് ഗ്രീഷ്‌മകാല സമയം"
              }
            },
            "Omsk": {
              "long": {
                "generic": "ഓംസ്‌ക്ക് സമയം",
                "standard": "ഓംസ്‌ക്ക് സ്റ്റാൻഡേർഡ് സമയം",
                "daylight": "ഓംസ്‌ക്ക് ഗ്രീഷ്‌മകാല സമയം"
              }
            },
            "Pakistan": {
              "long": {
                "generic": "പാക്കിസ്ഥാൻ സമയം",
                "standard": "പാക്കിസ്ഥാൻ സ്റ്റാൻഡേർഡ് സമയം",
                "daylight": "പാക്കിസ്ഥാൻ ഗ്രീഷ്‌മകാല സമയം"
              }
            },
            "Palau": {
              "long": {
                "standard": "പലാവു സമയം"
              }
            },
            "Papua_New_Guinea": {
              "long": {
                "standard": "പാപ്പുവ ന്യൂ ഗിനിയ സമയം"
              }
            },
            "Paraguay": {
              "long": {
                "generic": "പരാഗ്വേ സമയം",
                "standard": "പരാഗ്വേ സ്റ്റാൻഡേർഡ് സമയം",
                "daylight": "പരാഗ്വേ ഗ്രീഷ്‌മകാല സമയം"
              }
            },
            "Peru": {
              "long": {
                "generic": "പെറു സമയം",
                "standard": "പെറു സ്റ്റാൻഡേർഡ് സമയം",
                "daylight": "പെറു ഗ്രീഷ്‌മകാല സമയം"
              }
            },
            "Philippines": {
              "long": {
                "generic": "ഫിലിപ്പൈൻ സമയം",
                "standard": "ഫിലിപ്പൈൻ സ്റ്റാൻഡേർഡ് സമയം",
                "daylight": "ഫിലിപ്പൈൻ ഗ്രീഷ്‌മകാല സമയം"
              }
            },
            "Phoenix_Islands": {
              "long": {
                "standard": "ഫിനിക്‌സ് ദ്വീപുകൾ സമയം"
              }
            },
            "Pierre_Miquelon": {
              "long": {
                "generic": "സെന്റ് പിയറി ആൻഡ് മിക്വലൻ സമയം",
                "standard": "സെന്റ് പിയറി ആൻഡ് മിക്വലൻ സ്റ്റാൻഡേർഡ് സമയം",
                "daylight": "സെന്റ് പിയറി ആൻഡ് മിക്വലൻ ഡേലൈറ്റ് സമയം"
              }
            },
            "Pitcairn": {
              "long": {
                "standard": "പിറ്റ്കേൻ സമയം"
              }
            },
            "Ponape": {
              "long": {
                "standard": "പൊനാപ്പ് സമയം"
              }
            },
            "Pyongyang": {
              "long": {
                "standard": "പ്യോംഗ്‌യാംഗ് സമയം"
              }
            },
            "Qyzylorda": {
              "long": {
                "generic": "ഖിസിലോർഡ സമയം",
                "standard": "ഖിസിലോർഡ സ്റ്റാൻഡേർഡ് സമയം",
                "daylight": "ഖിസിലോർഡ വേനൽക്കാല സമയം"
              }
            },
            "Reunion": {
              "long": {
                "standard": "റീയൂണിയൻ സമയം"
              }
            },
            "Rothera": {
              "long": {
                "standard": "റോഥെറ സമയം"
              }
            },
            "Sakhalin": {
              "long": {
                "generic": "സഖാലിൻ സമയം",
                "standard": "സഖാലിൻ സ്റ്റാൻഡേർഡ് സമയം",
                "daylight": "സഖാലിൻ ഗ്രീഷ്‌മകാല സമയം"
              }
            },
            "Samara": {
              "long": {
                "generic": "സമാര സമയം",
                "standard": "സമാറ സ്റ്റാൻഡേർഡ് സമയം",
                "daylight": "സമാറ വേനൽക്കാല സമയം"
              }
            },
            "Samoa": {
              "long": {
                "generic": "സമോവ സമയം",
                "standard": "സമോവ സ്റ്റാൻഡേർഡ് സമയം",
                "daylight": "സമോവാ ഗ്രീഷ്‌മകാല സമയം"
              }
            },
            "Seychelles": {
              "long": {
                "standard": "സീഷെൽസ് സമയം"
              }
            },
            "Singapore": {
              "long": {
                "standard": "സിംഗപ്പൂർ സ്റ്റാൻഡേർഡ് സമയം"
              }
            },
            "Solomon": {
              "long": {
                "standard": "സോളമൻ ദ്വീപുകൾ സമയം"
              }
            },
            "South_Georgia": {
              "long": {
                "standard": "ദക്ഷിണ ജോർജ്ജിയൻ സമയം"
              }
            },
            "Suriname": {
              "long": {
                "standard": "സുരിനെയിം സമയം"
              }
            },
            "Syowa": {
              "long": {
                "standard": "സയോവ സമയം"
              }
            },
            "Tahiti": {
              "long": {
                "standard": "താഹിതി സമയം"
              }
            },
            "Taipei": {
              "long": {
                "generic": "തായ്‌പെയ് സമയം",
                "standard": "തായ്‌പെയ് സ്റ്റാൻഡേർഡ് സമയം",
                "daylight": "തായ്‌പെയ് ഡേലൈറ്റ് സമയം"
              }
            },
            "Tajikistan": {
              "long": {
                "standard": "താജിക്കിസ്ഥാൻ സമയം"
              }
            },
            "Tokelau": {
              "long": {
                "standard": "ടോക്കെലൂ സമയം"
              }
            },
            "Tonga": {
              "long": {
                "generic": "ടോംഗ സമയം",
                "standard": "ടോംഗ സ്റ്റാൻഡേർഡ് സമയം",
                "daylight": "ടോംഗ ഗ്രീഷ്‌മകാല സമയം"
              }
            },
            "Truk": {
              "long": {
                "standard": "ചൂക്ക് സമയം"
              }
            },
            "Turkmenistan": {
              "long": {
                "generic": "തുർക്ക്‌മെനിസ്ഥാൻ സമയം",
                "standard": "തുർക്ക്‌മെനിസ്ഥാൻ സ്റ്റാൻഡേർഡ് സമയം",
                "daylight": "തുർക്ക്‌മെനിസ്ഥാൻ ഗ്രീഷ്‌മകാല സമയം"
              }
            },
            "Tuvalu": {
              "long": {
                "standard": "ടുവാലു സമയം"
              }
            },
            "Uruguay": {
              "long": {
                "generic": "ഉറുഗ്വേ സമയം",
                "standard": "ഉറുഗ്വേ സ്റ്റാൻഡേർഡ് സമയം",
                "daylight": "ഉറുഗ്വേ ഗ്രീഷ്‌മകാല സമയം"
              }
            },
            "Uzbekistan": {
              "long": {
                "generic": "ഉസ്‌ബെക്കിസ്ഥാൻ സമയം",
                "standard": "ഉസ്‌ബെക്കിസ്ഥാൻ സ്റ്റാൻഡേർഡ് സമയം",
                "daylight": "ഉസ്‌ബെക്കിസ്ഥാൻ ഗ്രീഷ്‌മകാല സമയം"
              }
            },
            "Vanuatu": {
              "long": {
                "generic": "വന്വാതു സമയം",
                "standard": "വന്വാതു സ്റ്റാൻഡേർഡ് സമയം",
                "daylight": "വന്വാതു ഗ്രീഷ്‌മകാല സമയം"
              }
            },
            "Venezuela": {
              "long": {
                "standard": "വെനിസ്വേല സമയം"
              }
            },
            "Vladivostok": {
              "long": {
                "generic": "വ്ലാഡിവോസ്റ്റോക് സമയം",
                "standard": "വ്ലാഡിവോസ്റ്റോക് സ്റ്റാൻഡേർഡ് സമയം",
                "daylight": "വ്ലാഡിവോസ്റ്റോക് ഗ്രീഷ്‌മകാല സമയം"
              }
            },
            "Volgograd": {
              "long": {
                "generic": "വോൾഗോഗ്രാഡ് സമയം",
                "standard": "വോൾഗോഗ്രാഡ് സ്റ്റാൻഡേർഡ് സമയം",
                "daylight": "വോൾഗോഗ്രാഡ് ഗ്രീഷ്‌മകാല സമയം"
              }
            },
            "Vostok": {
              "long": {
                "standard": "വോസ്റ്റോക് സമയം"
              }
            },
            "Wake": {
              "long": {
                "standard": "വേക്ക് ദ്വീപ് സമയം"
              }
            },
            "Wallis": {
              "long": {
                "standard": "വാലിസ് ആന്റ് ഫ്യൂച്യുന സമയം"
              }
            },
            "Yakutsk": {
              "long": {
                "generic": "യാകസ്‌ക്ക് സമയം",
                "standard": "യാകസ്‌ക്ക് സ്റ്റാൻഡേർഡ് സമയം",
                "daylight": "യാകസ്‌ക്ക് ഗ്രീഷ്‌മകാല സമയം"
              }
            },
            "Yekaterinburg": {
              "long": {
                "generic": "യെക്കാറ്റരിൻബർഗ് സമയം",
                "standard": "യെക്കാറ്റരിൻബർഗ് സ്റ്റാൻഡേർഡ് സമയം",
                "daylight": "യെക്കാറ്റരിൻബർഗ് ഗ്രീഷ്‌മകാല സമയം"
              }
            },
            "Yukon": {
              "long": {
                "standard": "യൂക്കോൺ സമയം"
              }
            }
          }
        }
      }
    }
  }
}
