{
  "main": {
    "ko-CN": {
      "identity": {
        "language": "ko",
        "territory": "CN"
      },
      "dates": {
        "timeZoneNames": {
          "hourFormat": "+HH:mm;-HH:mm",
          "gmtFormat": "GMT{0}",
          "gmtZeroFormat": "GMT",
          "gmtUnknownFormat": "GMT+?",
          "regionFormat": "{0} 시간",
          "regionFormat-type-daylight": "{0} 하계 표준시",
          "regionFormat-type-standard": "{0} 표준시",
          "fallbackFormat": "{1}({0})",
          "zone": {
            "Pacific": {
              "Honolulu": {
                "_type": "zone",
                "exemplarCity": "호놀룰루"
              },
              "Pago_Pago": {
                "_type": "zone",
                "exemplarCity": "파고파고"
              },
              "Rarotonga": {
                "_type": "zone",
                "exemplarCity": "라로통가"
              },
              "Easter": {
                "_type": "zone",
                "exemplarCity": "이스터 섬"
              },
              "Galapagos": {
                "_type": "zone",
                "exemplarCity": "갈라파고스"
              },
              "Fiji": {
                "_type": "zone",
                "exemplarCity": "피지"
              },
              "Truk": {
                "_type": "zone",
                "exemplarCity": "트루크"
              },
              "Ponape": {
                "_type": "zone",
                "exemplarCity": "포나페"
              },
              "Kosrae": {
                "_type": "zone",
                "exemplarCity": "코스레"
              },
              "Guam": {
                "_type": "zone",
                "exemplarCity": "괌"
              },
              "Enderbury": {
                "_type": "zone",
                "exemplarCity": "칸톤"
              },
              "Kiritimati": {
                "_type": "zone",
                "exemplarCity": "키리티마티"
              },
              "Tarawa": {
                "_type": "zone",
                "exemplarCity": "타라와"
              },
              "Kwajalein": {
                "_type": "zone",
                "exemplarCity": "콰잘렌"
              },
              "Majuro": {
                "_type": "zone",
                "exemplarCity": "마주로"
              },
              "Saipan": {
                "_type": "zone",
                "exemplarCity": "사이판"
              },
              "Noumea": {
                "_type": "zone",
                "exemplarCity": "누메아"
              },
              "Norfolk": {
                "_type": "zone",
                "exemplarCity": "노퍽"
              },
              "Nauru": {
                "_type": "zone",
                "exemplarCity": "나우루"
              },
              "Niue": {
                "_type": "zone",
                "exemplarCity": "니우에"
              },
              "Chatham": {
                "_type": "zone",
                "exemplarCity": "채텀"
              },
              "Auckland": {
                "_type": "zone",
                "exemplarCity": "오클랜드"
              },
              "Tahiti": {
                "_type": "zone",
                "exemplarCity": "타히티"
              },
              "Marquesas": {
                "_type": "zone",
                "exemplarCity": "마퀘사스"
              },
              "Gambier": {
                "_type": "zone",
                "exemplarCity": "감비어"
              },
              "Port_Moresby": {
                "_type": "zone",
                "exemplarCity": "포트모르즈비"
              },
              "Bougainville": {
                "_type": "zone",
                "exemplarCity": "부갱빌"
              },
              "Pitcairn": {
                "_type": "zone",
                "exemplarCity": "핏케언"
              },
              "Palau": {
                "_type": "zone",
                "exemplarCity": "팔라우"
              },
              "Guadalcanal": {
                "_type": "zone",
                "exemplarCity": "과달카날"
              },
              "Fakaofo": {
                "_type": "zone",
                "exemplarCity": "파카오푸"
              },
              "Tongatapu": {
                "_type": "zone",
                "exemplarCity": "통가타푸"
              },
              "Funafuti": {
                "_type": "zone",
                "exemplarCity": "푸나푸티"
              },
              "Midway": {
                "_type": "zone",
                "exemplarCity": "미드웨이"
              },
              "Wake": {
                "_type": "zone",
                "exemplarCity": "웨이크"
              },
              "Efate": {
                "_type": "zone",
                "exemplarCity": "에파테"
              },
              "Wallis": {
                "_type": "zone",
                "exemplarCity": "월리스"
              },
              "Apia": {
                "_type": "zone",
                "exemplarCity": "아피아"
              }
            },
            "Etc": {
              "UTC": {
                "_type": "zone",
                "long": {
                  "standard": "협정 세계시"
                },
                "short": {
                  "standard": "UTC"
                }
              },
              "Unknown": {
                "_type": "zone",
                "exemplarCity": "알 수 없는 장소"
              }
            },
            "Europe": {
              "Andorra": {
                "_type": "zone",
                "exemplarCity": "안도라"
              },
              "Tirane": {
                "_type": "zone",
                "exemplarCity": "티라나"
              },
              "Vienna": {
                "_type": "zone",
                "exemplarCity": "비엔나"
              },
              "Mariehamn": {
                "_type": "zone",
                "exemplarCity": "마리에함"
              },
              "Sarajevo": {
                "_type": "zone",
                "exemplarCity": "사라예보"
              },
              "Brussels": {
                "_type": "zone",
                "exemplarCity": "브뤼셀"
              },
              "Sofia": {
                "_type": "zone",
                "exemplarCity": "소피아"
              },
              "Minsk": {
                "_type": "zone",
                "exemplarCity": "민스크"
              },
              "Zurich": {
                "_type": "zone",
                "exemplarCity": "취리히"
              },
              "Prague": {
                "_type": "zone",
                "exemplarCity": "프라하"
              },
              "Busingen": {
                "_type": "zone",
                "exemplarCity": "뷔지겐"
              },
              "Berlin": {
                "_type": "zone",
                "exemplarCity": "베를린"
              },
              "Copenhagen": {
                "_type": "zone",
                "exemplarCity": "코펜하겐"
              },
              "Tallinn": {
                "_type": "zone",
                "exemplarCity": "탈린"
              },
              "Madrid": {
                "_type": "zone",
                "exemplarCity": "마드리드"
              },
              "Helsinki": {
                "_type": "zone",
                "exemplarCity": "헬싱키"
              },
              "Paris": {
                "_type": "zone",
                "exemplarCity": "파리"
              },
              "London": {
                "_type": "zone",
                "long": {
                  "daylight": "영국 하계 표준시"
                },
                "exemplarCity": "런던"
              },
              "Guernsey": {
                "_type": "zone",
                "exemplarCity": "건지"
              },
              "Gibraltar": {
                "_type": "zone",
                "exemplarCity": "지브롤터"
              },
              "Athens": {
                "_type": "zone",
                "exemplarCity": "아테네"
              },
              "Zagreb": {
                "_type": "zone",
                "exemplarCity": "자그레브"
              },
              "Budapest": {
                "_type": "zone",
                "exemplarCity": "부다페스트"
              },
              "Dublin": {
                "_type": "zone",
                "long": {
                  "daylight": "아일랜드 표준시"
                },
                "exemplarCity": "더블린"
              },
              "Isle_of_Man": {
                "_type": "zone",
                "exemplarCity": "맨섬"
              },
              "Rome": {
                "_type": "zone",
                "exemplarCity": "로마"
              },
              "Jersey": {
                "_type": "zone",
                "exemplarCity": "저지"
              },
              "Vaduz": {
                "_type": "zone",
                "exemplarCity": "파두츠"
              },
              "Vilnius": {
                "_type": "zone",
                "exemplarCity": "빌니우스"
              },
              "Luxembourg": {
                "_type": "zone",
                "exemplarCity": "룩셈부르크"
              },
              "Riga": {
                "_type": "zone",
                "exemplarCity": "리가"
              },
              "Monaco": {
                "_type": "zone",
                "exemplarCity": "모나코"
              },
              "Chisinau": {
                "_type": "zone",
                "exemplarCity": "키시나우"
              },
              "Podgorica": {
                "_type": "zone",
                "exemplarCity": "포드고리차"
              },
              "Skopje": {
                "_type": "zone",
                "exemplarCity": "스코페"
              },
              "Malta": {
                "_type": "zone",
                "exemplarCity": "몰타"
              },
              "Amsterdam": {
                "_type": "zone",
                "exemplarCity": "암스테르담"
              },
              "Oslo": {
                "_type": "zone",
                "exemplarCity": "오슬로"
              },
              "Warsaw": {
                "_type": "zone",
                "exemplarCity": "바르샤바"
              },
              "Lisbon": {
                "_type": "zone",
                "exemplarCity": "리스본"
              },
              "Bucharest": {
                "_type": "zone",
                "exemplarCity": "부쿠레슈티"
              },
              "Belgrade": {
                "_type": "zone",
                "exemplarCity": "베오그라드"
              },
              "Kaliningrad": {
                "_type": "zone",
                "exemplarCity": "칼리닌그라드"
              },
              "Moscow": {
                "_type": "zone",
                "exemplarCity": "모스크바"
              },
              "Volgograd": {
                "_type": "zone",
                "exemplarCity": "볼고그라트"
              },
              "Saratov": {
                "_type": "zone",
                "exemplarCity": "사라토프"
              },
              "Astrakhan": {
                "_type": "zone",
                "exemplarCity": "아스트라한"
              },
              "Ulyanovsk": {
                "_type": "zone",
                "exemplarCity": "울리야노프스크"
              },
              "Kirov": {
                "_type": "zone",
                "exemplarCity": "키로프"
              },
              "Samara": {
                "_type": "zone",
                "exemplarCity": "사마라"
              },
              "Stockholm": {
                "_type": "zone",
                "exemplarCity": "스톡홀름"
              },
              "Ljubljana": {
                "_type": "zone",
                "exemplarCity": "류블랴나"
              },
              "Bratislava": {
                "_type": "zone",
                "exemplarCity": "브라티슬라바"
              },
              "San_Marino": {
                "_type": "zone",
                "exemplarCity": "산마리노"
              },
              "Istanbul": {
                "_type": "zone",
                "exemplarCity": "이스탄불"
              },
              "Kiev": {
                "_type": "zone",
                "exemplarCity": "키예프"
              },
              "Simferopol": {
                "_type": "zone",
                "exemplarCity": "심페로폴"
              },
              "Vatican": {
                "_type": "zone",
                "exemplarCity": "바티칸"
              }
            },
            "Asia": {
              "Dubai": {
                "_type": "zone",
                "exemplarCity": "두바이"
              },
              "Kabul": {
                "_type": "zone",
                "exemplarCity": "카불"
              },
              "Yerevan": {
                "_type": "zone",
                "exemplarCity": "예레반"
              },
              "Baku": {
                "_type": "zone",
                "exemplarCity": "바쿠"
              },
              "Dhaka": {
                "_type": "zone",
                "exemplarCity": "다카"
              },
              "Bahrain": {
                "_type": "zone",
                "exemplarCity": "바레인"
              },
              "Brunei": {
                "_type": "zone",
                "exemplarCity": "브루나이"
              },
              "Thimphu": {
                "_type": "zone",
                "exemplarCity": "팀부"
              },
              "Urumqi": {
                "_type": "zone",
                "exemplarCity": "우루무치"
              },
              "Shanghai": {
                "_type": "zone",
                "exemplarCity": "상하이"
              },
              "Nicosia": {
                "_type": "zone",
                "exemplarCity": "니코시아"
              },
              "Famagusta": {
                "_type": "zone",
                "exemplarCity": "파마구스타"
              },
              "Tbilisi": {
                "_type": "zone",
                "exemplarCity": "트빌리시"
              },
              "Hong_Kong": {
                "_type": "zone",
                "exemplarCity": "홍콩"
              },
              "Jakarta": {
                "_type": "zone",
                "exemplarCity": "자카르타"
              },
              "Pontianak": {
                "_type": "zone",
                "exemplarCity": "폰티아나크"
              },
              "Makassar": {
                "_type": "zone",
                "exemplarCity": "마카사르"
              },
              "Jayapura": {
                "_type": "zone",
                "exemplarCity": "자야푸라"
              },
              "Jerusalem": {
                "_type": "zone",
                "exemplarCity": "예루살렘"
              },
              "Calcutta": {
                "_type": "zone",
                "exemplarCity": "콜카타"
              },
              "Baghdad": {
                "_type": "zone",
                "exemplarCity": "바그다드"
              },
              "Tehran": {
                "_type": "zone",
                "exemplarCity": "테헤란"
              },
              "Amman": {
                "_type": "zone",
                "exemplarCity": "암만"
              },
              "Tokyo": {
                "_type": "zone",
                "exemplarCity": "도쿄"
              },
              "Bishkek": {
                "_type": "zone",
                "exemplarCity": "비슈케크"
              },
              "Phnom_Penh": {
                "_type": "zone",
                "exemplarCity": "프놈펜"
              },
              "Pyongyang": {
                "_type": "zone",
                "exemplarCity": "평양"
              },
              "Seoul": {
                "_type": "zone",
                "exemplarCity": "서울"
              },
              "Kuwait": {
                "_type": "zone",
                "exemplarCity": "쿠웨이트"
              },
              "Aqtau": {
                "_type": "zone",
                "exemplarCity": "아크타우"
              },
              "Oral": {
                "_type": "zone",
                "exemplarCity": "오랄"
              },
              "Atyrau": {
                "_type": "zone",
                "exemplarCity": "아티라우"
              },
              "Aqtobe": {
                "_type": "zone",
                "exemplarCity": "악토브"
              },
              "Qostanay": {
                "_type": "zone",
                "exemplarCity": "코스타나이"
              },
              "Qyzylorda": {
                "_type": "zone",
                "exemplarCity": "키질로르다"
              },
              "Almaty": {
                "_type": "zone",
                "exemplarCity": "알마티"
              },
              "Vientiane": {
                "_type": "zone",
                "exemplarCity": "비엔티안"
              },
              "Beirut": {
                "_type": "zone",
                "exemplarCity": "베이루트"
              },
              "Colombo": {
                "_type": "zone",
                "exemplarCity": "콜롬보"
              },
              "Rangoon": {
                "_type": "zone",
                "exemplarCity": "랑군"
              },
              "Hovd": {
                "_type": "zone",
                "exemplarCity": "호브드"
              },
              "Ulaanbaatar": {
                "_type": "zone",
                "exemplarCity": "울란바토르"
              },
              "Macau": {
                "_type": "zone",
                "exemplarCity": "마카오"
              },
              "Kuala_Lumpur": {
                "_type": "zone",
                "exemplarCity": "쿠알라룸푸르"
              },
              "Kuching": {
                "_type": "zone",
                "exemplarCity": "쿠칭"
              },
              "Katmandu": {
                "_type": "zone",
                "exemplarCity": "카트만두"
              },
              "Muscat": {
                "_type": "zone",
                "exemplarCity": "무스카트"
              },
              "Manila": {
                "_type": "zone",
                "exemplarCity": "마닐라"
              },
              "Karachi": {
                "_type": "zone",
                "exemplarCity": "카라치"
              },
              "Gaza": {
                "_type": "zone",
                "exemplarCity": "가자"
              },
              "Hebron": {
                "_type": "zone",
                "exemplarCity": "헤브론"
              },
              "Qatar": {
                "_type": "zone",
                "exemplarCity": "카타르"
              },
              "Yekaterinburg": {
                "_type": "zone",
                "exemplarCity": "예카테린부르크"
              },
              "Omsk": {
                "_type": "zone",
                "exemplarCity": "옴스크"
              },
              "Novosibirsk": {
                "_type": "zone",
                "exemplarCity": "노보시비르스크"
              },
              "Barnaul": {
                "_type": "zone",
                "exemplarCity": "바르나울"
              },
              "Tomsk": {
                "_type": "zone",
                "exemplarCity": "톰스크"
              },
              "Novokuznetsk": {
                "_type": "zone",
                "exemplarCity": "노보쿠즈네츠크"
              },
              "Krasnoyarsk": {
                "_type": "zone",
                "exemplarCity": "크라스노야르스크"
              },
              "Irkutsk": {
                "_type": "zone",
                "exemplarCity": "이르쿠츠크"
              },
              "Chita": {
                "_type": "zone",
                "exemplarCity": "치타"
              },
              "Yakutsk": {
                "_type": "zone",
                "exemplarCity": "야쿠츠크"
              },
              "Vladivostok": {
                "_type": "zone",
                "exemplarCity": "블라디보스토크"
              },
              "Khandyga": {
                "_type": "zone",
                "exemplarCity": "한디가"
              },
              "Sakhalin": {
                "_type": "zone",
                "exemplarCity": "사할린"
              },
              "Ust-Nera": {
                "_type": "zone",
                "exemplarCity": "우스티네라"
              },
              "Magadan": {
                "_type": "zone",
                "exemplarCity": "마가단"
              },
              "Srednekolymsk": {
                "_type": "zone",
                "exemplarCity": "스레드네콜림스크"
              },
              "Kamchatka": {
                "_type": "zone",
                "exemplarCity": "캄차카"
              },
              "Anadyr": {
                "_type": "zone",
                "exemplarCity": "아나디리"
              },
              "Riyadh": {
                "_type": "zone",
                "exemplarCity": "리야드"
              },
              "Singapore": {
                "_type": "zone",
                "exemplarCity": "싱가포르"
              },
              "Damascus": {
                "_type": "zone",
                "exemplarCity": "다마스쿠스"
              },
              "Bangkok": {
                "_type": "zone",
                "exemplarCity": "방콕"
              },
              "Dushanbe": {
                "_type": "zone",
                "exemplarCity": "두샨베"
              },
              "Dili": {
                "_type": "zone",
                "exemplarCity": "딜리"
              },
              "Ashgabat": {
                "_type": "zone",
                "exemplarCity": "아슈하바트"
              },
              "Taipei": {
                "_type": "zone",
                "exemplarCity": "타이베이"
              },
              "Samarkand": {
                "_type": "zone",
                "exemplarCity": "사마르칸트"
              },
              "Tashkent": {
                "_type": "zone",
                "exemplarCity": "타슈켄트"
              },
              "Saigon": {
                "_type": "zone",
                "exemplarCity": "사이공"
              },
              "Aden": {
                "_type": "zone",
                "exemplarCity": "아덴"
              }
            },
            "America": {
              "Antigua": {
                "_type": "zone",
                "exemplarCity": "안티과"
              },
              "Anguilla": {
                "_type": "zone",
                "exemplarCity": "앙귈라"
              },
              "Argentina": {
                "Rio_Gallegos": {
                  "_type": "zone",
                  "exemplarCity": "리오 가예고스"
                },
                "San_Juan": {
                  "_type": "zone",
                  "exemplarCity": "산후안"
                },
                "Ushuaia": {
                  "_type": "zone",
                  "exemplarCity": "우수아이아"
                },
                "La_Rioja": {
                  "_type": "zone",
                  "exemplarCity": "라 리오하"
                },
                "San_Luis": {
                  "_type": "zone",
                  "exemplarCity": "산루이스"
                },
                "Salta": {
                  "_type": "zone",
                  "exemplarCity": "살타"
                },
                "Tucuman": {
                  "_type": "zone",
                  "exemplarCity": "투쿠만"
                }
              },
              "Mendoza": {
                "_type": "zone",
                "exemplarCity": "멘도사"
              },
              "Catamarca": {
                "_type": "zone",
                "exemplarCity": "카타마르카"
              },
              "Jujuy": {
                "_type": "zone",
                "exemplarCity": "후후이"
              },
              "Cordoba": {
                "_type": "zone",
                "exemplarCity": "코르도바"
              },
              "Buenos_Aires": {
                "_type": "zone",
                "exemplarCity": "부에노스 아이레스"
              },
              "Aruba": {
                "_type": "zone",
                "exemplarCity": "아루바"
              },
              "Barbados": {
                "_type": "zone",
                "exemplarCity": "바베이도스"
              },
              "St_Barthelemy": {
                "_type": "zone",
                "exemplarCity": "생바르텔레미"
              },
              "La_Paz": {
                "_type": "zone",
                "exemplarCity": "라파스"
              },
              "Kralendijk": {
                "_type": "zone",
                "exemplarCity": "크라렌디즈크"
              },
              "Eirunepe": {
                "_type": "zone",
                "exemplarCity": "아이루네페"
              },
              "Rio_Branco": {
                "_type": "zone",
                "exemplarCity": "히우 브랑쿠"
              },
              "Porto_Velho": {
                "_type": "zone",
                "exemplarCity": "포르토벨료"
              },
              "Boa_Vista": {
                "_type": "zone",
                "exemplarCity": "보아 비스타"
              },
              "Manaus": {
                "_type": "zone",
                "exemplarCity": "마나우스"
              },
              "Cuiaba": {
                "_type": "zone",
                "exemplarCity": "쿠이아바"
              },
              "Santarem": {
                "_type": "zone",
                "exemplarCity": "산타렘"
              },
              "Campo_Grande": {
                "_type": "zone",
                "exemplarCity": "캄포 그란데"
              },
              "Belem": {
                "_type": "zone",
                "exemplarCity": "벨렘"
              },
              "Araguaina": {
                "_type": "zone",
                "exemplarCity": "아라과이나"
              },
              "Sao_Paulo": {
                "_type": "zone",
                "exemplarCity": "상파울루"
              },
              "Bahia": {
                "_type": "zone",
                "exemplarCity": "바히아"
              },
              "Fortaleza": {
                "_type": "zone",
                "exemplarCity": "포르탈레자"
              },
              "Maceio": {
                "_type": "zone",
                "exemplarCity": "마세이오"
              },
              "Recife": {
                "_type": "zone",
                "exemplarCity": "레시페"
              },
              "Noronha": {
                "_type": "zone",
                "exemplarCity": "노롱야"
              },
              "Nassau": {
                "_type": "zone",
                "exemplarCity": "나소"
              },
              "Belize": {
                "_type": "zone",
                "exemplarCity": "벨리즈"
              },
              "Dawson": {
                "_type": "zone",
                "exemplarCity": "도슨"
              },
              "Whitehorse": {
                "_type": "zone",
                "exemplarCity": "화이트호스"
              },
              "Inuvik": {
                "_type": "zone",
                "exemplarCity": "이누빅"
              },
              "Vancouver": {
                "_type": "zone",
                "exemplarCity": "벤쿠버"
              },
              "Fort_Nelson": {
                "_type": "zone",
                "exemplarCity": "포트 넬슨"
              },
              "Dawson_Creek": {
                "_type": "zone",
                "exemplarCity": "도슨크릭"
              },
              "Creston": {
                "_type": "zone",
                "exemplarCity": "크레스톤"
              },
              "Edmonton": {
                "_type": "zone",
                "exemplarCity": "에드먼턴"
              },
              "Swift_Current": {
                "_type": "zone",
                "exemplarCity": "스위프트커런트"
              },
              "Cambridge_Bay": {
                "_type": "zone",
                "exemplarCity": "케임브리지 베이"
              },
              "Regina": {
                "_type": "zone",
                "exemplarCity": "리자이나"
              },
              "Winnipeg": {
                "_type": "zone",
                "exemplarCity": "위니펙"
              },
              "Resolute": {
                "_type": "zone",
                "exemplarCity": "리졸루트"
              },
              "Rankin_Inlet": {
                "_type": "zone",
                "exemplarCity": "랭킹 인렛"
              },
              "Coral_Harbour": {
                "_type": "zone",
                "exemplarCity": "코랄하버"
              },
              "Toronto": {
                "_type": "zone",
                "exemplarCity": "토론토"
              },
              "Iqaluit": {
                "_type": "zone",
                "exemplarCity": "이칼루이트"
              },
              "Moncton": {
                "_type": "zone",
                "exemplarCity": "몽턴"
              },
              "Halifax": {
                "_type": "zone",
                "exemplarCity": "핼리팩스"
              },
              "Goose_Bay": {
                "_type": "zone",
                "exemplarCity": "구즈베이"
              },
              "Glace_Bay": {
                "_type": "zone",
                "exemplarCity": "글라스베이"
              },
              "Blanc-Sablon": {
                "_type": "zone",
                "exemplarCity": "블랑 사블롱"
              },
              "St_Johns": {
                "_type": "zone",
                "exemplarCity": "세인트존스"
              },
              "Coyhaique": {
                "_type": "zone",
                "exemplarCity": "코이아이케"
              },
              "Punta_Arenas": {
                "_type": "zone",
                "exemplarCity": "푼타아레나스"
              },
              "Santiago": {
                "_type": "zone",
                "exemplarCity": "산티아고"
              },
              "Bogota": {
                "_type": "zone",
                "exemplarCity": "보고타"
              },
              "Costa_Rica": {
                "_type": "zone",
                "exemplarCity": "코스타리카"
              },
              "Havana": {
                "_type": "zone",
                "exemplarCity": "하바나"
              },
              "Curacao": {
                "_type": "zone",
                "exemplarCity": "퀴라소"
              },
              "Dominica": {
                "_type": "zone",
                "exemplarCity": "도미니카"
              },
              "Santo_Domingo": {
                "_type": "zone",
                "exemplarCity": "산토도밍고"
              },
              "Guayaquil": {
                "_type": "zone",
                "exemplarCity": "과야킬"
              },
              "Grenada": {
                "_type": "zone",
                "exemplarCity": "그레나다"
              },
              "Cayenne": {
                "_type": "zone",
                "exemplarCity": "카옌"
              },
              "Thule": {
                "_type": "zone",
                "exemplarCity": "툴레"
              },
              "Godthab": {
                "_type": "zone",
                "exemplarCity": "고드호프"
              },
              "Scoresbysund": {
                "_type": "zone",
                "exemplarCity": "스코레스바이선드"
              },
              "Danmarkshavn": {
                "_type": "zone",
                "exemplarCity": "덴마크샤븐"
              },
              "Guadeloupe": {
                "_type": "zone",
                "exemplarCity": "과들루프"
              },
              "Guatemala": {
                "_type": "zone",
                "exemplarCity": "과테말라"
              },
              "Guyana": {
                "_type": "zone",
                "exemplarCity": "가이아나"
              },
              "Tegucigalpa": {
                "_type": "zone",
                "exemplarCity": "테구시갈파"
              },
              "Port-au-Prince": {
                "_type": "zone",
                "exemplarCity": "포르토프랭스"
              },
              "Jamaica": {
                "_type": "zone",
                "exemplarCity": "자메이카"
              },
              "St_Kitts": {
                "_type": "zone",
                "exemplarCity": "세인트키츠"
              },
              "Cayman": {
                "_type": "zone",
                "exemplarCity": "케이맨"
              },
              "St_Lucia": {
                "_type": "zone",
                "exemplarCity": "세인트루시아"
              },
              "Marigot": {
                "_type": "zone",
                "exemplarCity": "마리곳"
              },
              "Martinique": {
                "_type": "zone",
                "exemplarCity": "마티니크"
              },
              "Montserrat": {
                "_type": "zone",
                "exemplarCity": "몬세라트"
              },
              "Tijuana": {
                "_type": "zone",
                "exemplarCity": "티후아나"
              },
              "Hermosillo": {
                "_type": "zone",
                "exemplarCity": "에르모시요"
              },
              "Ciudad_Juarez": {
                "_type": "zone",
                "exemplarCity": "시우다드후아레스"
              },
              "Mazatlan": {
                "_type": "zone",
                "exemplarCity": "마사틀란"
              },
              "Chihuahua": {
                "_type": "zone",
                "exemplarCity": "치와와"
              },
              "Bahia_Banderas": {
                "_type": "zone",
                "exemplarCity": "바이아 반데라스"
              },
              "Ojinaga": {
                "_type": "zone",
                "exemplarCity": "오히나가"
              },
              "Monterrey": {
                "_type": "zone",
                "exemplarCity": "몬테레이"
              },
              "Mexico_City": {
                "_type": "zone",
                "exemplarCity": "멕시코 시티"
              },
              "Matamoros": {
                "_type": "zone",
                "exemplarCity": "마타모로스"
              },
              "Merida": {
                "_type": "zone",
                "exemplarCity": "메리다"
              },
              "Cancun": {
                "_type": "zone",
                "exemplarCity": "칸쿤"
              },
              "Managua": {
                "_type": "zone",
                "exemplarCity": "마나과"
              },
              "Panama": {
                "_type": "zone",
                "exemplarCity": "파나마"
              },
              "Lima": {
                "_type": "zone",
                "exemplarCity": "리마"
              },
              "Miquelon": {
                "_type": "zone",
                "exemplarCity": "미클롱"
              },
              "Puerto_Rico": {
                "_type": "zone",
                "exemplarCity": "푸에르토리코"
              },
              "Asuncion": {
                "_type": "zone",
                "exemplarCity": "아순시온"
              },
              "Paramaribo": {
                "_type": "zone",
                "exemplarCity": "파라마리보"
              },
              "El_Salvador": {
                "_type": "zone",
                "exemplarCity": "엘살바도르"
              },
              "Lower_Princes": {
                "_type": "zone",
                "exemplarCity": "로워 프린스 쿼터"
              },
              "Grand_Turk": {
                "_type": "zone",
                "exemplarCity": "그랜드 터크"
              },
              "Port_of_Spain": {
                "_type": "zone",
                "exemplarCity": "포트오브스페인"
              },
              "Adak": {
                "_type": "zone",
                "exemplarCity": "에이닥"
              },
              "Nome": {
                "_type": "zone",
                "exemplarCity": "놈"
              },
              "Anchorage": {
                "_type": "zone",
                "exemplarCity": "앵커리지"
              },
              "Yakutat": {
                "_type": "zone",
                "exemplarCity": "야쿠타트"
              },
              "Sitka": {
                "_type": "zone",
                "exemplarCity": "싯카"
              },
              "Juneau": {
                "_type": "zone",
                "exemplarCity": "주노"
              },
              "Metlakatla": {
                "_type": "zone",
                "exemplarCity": "메틀라카틀라"
              },
              "Los_Angeles": {
                "_type": "zone",
                "exemplarCity": "로스앤젤레스"
              },
              "Boise": {
                "_type": "zone",
                "exemplarCity": "보이시"
              },
              "Phoenix": {
                "_type": "zone",
                "exemplarCity": "피닉스"
              },
              "Denver": {
                "_type": "zone",
                "exemplarCity": "덴버"
              },
              "North_Dakota": {
                "Beulah": {
                  "_type": "zone",
                  "exemplarCity": "노스다코타주, 베라"
                },
                "New_Salem": {
                  "_type": "zone",
                  "exemplarCity": "노스다코타주, 뉴살렘"
                },
                "Center": {
                  "_type": "zone",
                  "exemplarCity": "중부, 노스다코타"
                }
              },
              "Chicago": {
                "_type": "zone",
                "exemplarCity": "시카고"
              },
              "Menominee": {
                "_type": "zone",
                "exemplarCity": "메노미니"
              },
              "Indiana": {
                "Vincennes": {
                  "_type": "zone",
                  "exemplarCity": "인디애나주, 빈센스"
                },
                "Petersburg": {
                  "_type": "zone",
                  "exemplarCity": "인디애나주, 피츠버그"
                },
                "Tell_City": {
                  "_type": "zone",
                  "exemplarCity": "인디애나주, 텔시티"
                },
                "Knox": {
                  "_type": "zone",
                  "exemplarCity": "인디애나주, 녹스"
                },
                "Winamac": {
                  "_type": "zone",
                  "exemplarCity": "인디애나주, 위너맥"
                },
                "Marengo": {
                  "_type": "zone",
                  "exemplarCity": "인디애나주, 머렝고"
                },
                "Vevay": {
                  "_type": "zone",
                  "exemplarCity": "인디애나주, 비비"
                }
              },
              "Indianapolis": {
                "_type": "zone",
                "exemplarCity": "인디애나폴리스"
              },
              "Louisville": {
                "_type": "zone",
                "exemplarCity": "루이빌"
              },
              "Kentucky": {
                "Monticello": {
                  "_type": "zone",
                  "exemplarCity": "켄터키주, 몬티첼로"
                }
              },
              "Detroit": {
                "_type": "zone",
                "exemplarCity": "디트로이트"
              },
              "New_York": {
                "_type": "zone",
                "exemplarCity": "뉴욕"
              },
              "Montevideo": {
                "_type": "zone",
                "exemplarCity": "몬테비데오"
              },
              "St_Vincent": {
                "_type": "zone",
                "exemplarCity": "세인트빈센트"
              },
              "Caracas": {
                "_type": "zone",
                "exemplarCity": "카라카스"
              },
              "Tortola": {
                "_type": "zone",
                "exemplarCity": "토르톨라"
              },
              "St_Thomas": {
                "_type": "zone",
                "exemplarCity": "세인트토마스"
              }
            },
            "Africa": {
              "Luanda": {
                "_type": "zone",
                "exemplarCity": "루안다"
              },
              "Ouagadougou": {
                "_type": "zone",
                "exemplarCity": "와가두구"
              },
              "Bujumbura": {
                "_type": "zone",
                "exemplarCity": "부줌부라"
              },
              "Porto-Novo": {
                "_type": "zone",
                "exemplarCity": "포르토노보"
              },
              "Gaborone": {
                "_type": "zone",
                "exemplarCity": "가보로네"
              },
              "Kinshasa": {
                "_type": "zone",
                "exemplarCity": "킨샤사"
              },
              "Lubumbashi": {
                "_type": "zone",
                "exemplarCity": "루붐바시"
              },
              "Bangui": {
                "_type": "zone",
                "exemplarCity": "방기"
              },
              "Brazzaville": {
                "_type": "zone",
                "exemplarCity": "브라자빌"
              },
              "Abidjan": {
                "_type": "zone",
                "exemplarCity": "아비장"
              },
              "Douala": {
                "_type": "zone",
                "exemplarCity": "두알라"
              },
              "Djibouti": {
                "_type": "zone",
                "exemplarCity": "지부티"
              },
              "Algiers": {
                "_type": "zone",
                "exemplarCity": "알제"
              },
              "Cairo": {
                "_type": "zone",
                "exemplarCity": "카이로"
              },
              "El_Aaiun": {
                "_type": "zone",
                "exemplarCity": "엘아이운"
              },
              "Asmera": {
                "_type": "zone",
                "exemplarCity": "아스메라"
              },
              "Ceuta": {
                "_type": "zone",
                "exemplarCity": "세우타"
              },
              "Addis_Ababa": {
                "_type": "zone",
                "exemplarCity": "아디스아바바"
              },
              "Libreville": {
                "_type": "zone",
                "exemplarCity": "리브르빌"
              },
              "Accra": {
                "_type": "zone",
                "exemplarCity": "아크라"
              },
              "Banjul": {
                "_type": "zone",
                "exemplarCity": "반줄"
              },
              "Conakry": {
                "_type": "zone",
                "exemplarCity": "코나크리"
              },
              "Malabo": {
                "_type": "zone",
                "exemplarCity": "말라보"
              },
              "Bissau": {
                "_type": "zone",
                "exemplarCity": "비사우"
              },
              "Nairobi": {
                "_type": "zone",
                "exemplarCity": "나이로비"
              },
              "Monrovia": {
                "_type": "zone",
                "exemplarCity": "몬로비아"
              },
              "Maseru": {
                "_type": "zone",
                "exemplarCity": "마세루"
              },
              "Tripoli": {
                "_type": "zone",
                "exemplarCity": "트리폴리"
              },
              "Casablanca": {
                "_type": "zone",
                "exemplarCity": "카사블랑카"
              },
              "Bamako": {
                "_type": "zone",
                "exemplarCity": "바마코"
              },
              "Nouakchott": {
                "_type": "zone",
                "exemplarCity": "누악쇼트"
              },
              "Blantyre": {
                "_type": "zone",
                "exemplarCity": "블랜타이어"
              },
              "Maputo": {
                "_type": "zone",
                "exemplarCity": "마푸토"
              },
              "Windhoek": {
                "_type": "zone",
                "exemplarCity": "빈트후크"
              },
              "Niamey": {
                "_type": "zone",
                "exemplarCity": "니아메"
              },
              "Lagos": {
                "_type": "zone",
                "exemplarCity": "라고스"
              },
              "Kigali": {
                "_type": "zone",
                "exemplarCity": "키갈리"
              },
              "Khartoum": {
                "_type": "zone",
                "exemplarCity": "카르툼"
              },
              "Freetown": {
                "_type": "zone",
                "exemplarCity": "프리타운"
              },
              "Dakar": {
                "_type": "zone",
                "exemplarCity": "다카르"
              },
              "Mogadishu": {
                "_type": "zone",
                "exemplarCity": "모가디슈"
              },
              "Juba": {
                "_type": "zone",
                "exemplarCity": "주바"
              },
              "Sao_Tome": {
                "_type": "zone",
                "exemplarCity": "상투메"
              },
              "Mbabane": {
                "_type": "zone",
                "exemplarCity": "음바바네"
              },
              "Ndjamena": {
                "_type": "zone",
                "exemplarCity": "엔자메나"
              },
              "Lome": {
                "_type": "zone",
                "exemplarCity": "로메"
              },
              "Tunis": {
                "_type": "zone",
                "exemplarCity": "튀니스"
              },
              "Dar_es_Salaam": {
                "_type": "zone",
                "exemplarCity": "다르에스살람"
              },
              "Kampala": {
                "_type": "zone",
                "exemplarCity": "캄팔라"
              },
              "Johannesburg": {
                "_type": "zone",
                "exemplarCity": "요하네스버그"
              },
              "Lusaka": {
                "_type": "zone",
                "exemplarCity": "루사카"
              },
              "Harare": {
                "_type": "zone",
                "exemplarCity": "하라레"
              }
            },
            "Antarctica": {
              "Rothera": {
                "_type": "zone",
                "exemplarCity": "로데라"
              },
              "Palmer": {
                "_type": "zone",
                "exemplarCity": "파머"
              },
              "Troll": {
                "_type": "zone",
                "exemplarCity": "트롤"
              },
              "Syowa": {
                "_type": "zone",
                "exemplarCity": "쇼와"
              },
              "Mawson": {
                "_type": "zone",
                "exemplarCity": "모슨"
              },
              "Davis": {
                "_type": "zone",
                "exemplarCity": "데이비스"
              },
              "Vostok": {
                "_type": "zone",
                "exemplarCity": "보스토크"
              },
              "Casey": {
                "_type": "zone",
                "exemplarCity": "케이시"
              },
              "DumontDUrville": {
                "_type": "zone",
                "exemplarCity": "뒤몽 뒤르빌"
              },
              "McMurdo": {
                "_type": "zone",
                "exemplarCity": "맥머도"
              },
              "Macquarie": {
                "_type": "zone",
                "exemplarCity": "맥쿼리"
              }
            },
            "Australia": {
              "Perth": {
                "_type": "zone",
                "exemplarCity": "퍼스"
              },
              "Eucla": {
                "_type": "zone",
                "exemplarCity": "유클라"
              },
              "Darwin": {
                "_type": "zone",
                "exemplarCity": "다윈"
              },
              "Adelaide": {
                "_type": "zone",
                "exemplarCity": "애들레이드"
              },
              "Broken_Hill": {
                "_type": "zone",
                "exemplarCity": "브로컨힐"
              },
              "Melbourne": {
                "_type": "zone",
                "exemplarCity": "멜버른"
              },
              "Hobart": {
                "_type": "zone",
                "exemplarCity": "호바트"
              },
              "Lindeman": {
                "_type": "zone",
                "exemplarCity": "린데만"
              },
              "Sydney": {
                "_type": "zone",
                "exemplarCity": "시드니"
              },
              "Brisbane": {
                "_type": "zone",
                "exemplarCity": "브리스베인"
              },
              "Lord_Howe": {
                "_type": "zone",
                "exemplarCity": "로드 하우"
              }
            },
            "Atlantic": {
              "Bermuda": {
                "_type": "zone",
                "exemplarCity": "버뮤다"
              },
              "Cape_Verde": {
                "_type": "zone",
                "exemplarCity": "카보 베르데"
              },
              "Canary": {
                "_type": "zone",
                "exemplarCity": "카나리아 제도"
              },
              "Stanley": {
                "_type": "zone",
                "exemplarCity": "스탠리"
              },
              "Faeroe": {
                "_type": "zone",
                "exemplarCity": "페로 제도"
              },
              "South_Georgia": {
                "_type": "zone",
                "exemplarCity": "사우스조지아"
              },
              "Reykjavik": {
                "_type": "zone",
                "exemplarCity": "레이캬비크"
              },
              "Azores": {
                "_type": "zone",
                "exemplarCity": "아조레스"
              },
              "Madeira": {
                "_type": "zone",
                "exemplarCity": "마데이라"
              },
              "St_Helena": {
                "_type": "zone",
                "exemplarCity": "세인트 헬레나"
              }
            },
            "Indian": {
              "Cocos": {
                "_type": "zone",
                "exemplarCity": "코코스"
              },
              "Christmas": {
                "_type": "zone",
                "exemplarCity": "크리스마스"
              },
              "Chagos": {
                "_type": "zone",
                "exemplarCity": "차고스"
              },
              "Comoro": {
                "_type": "zone",
                "exemplarCity": "코모로"
              },
              "Antananarivo": {
                "_type": "zone",
                "exemplarCity": "안타나나리보"
              },
              "Mauritius": {
                "_type": "zone",
                "exemplarCity": "모리셔스"
              },
              "Maldives": {
                "_type": "zone",
                "exemplarCity": "몰디브"
              },
              "Reunion": {
                "_type": "zone",
                "exemplarCity": "레위니옹"
              },
              "Mahe": {
                "_type": "zone",
                "exemplarCity": "마헤"
              },
              "Kerguelen": {
                "_type": "zone",
                "exemplarCity": "케르켈렌"
              },
              "Mayotte": {
                "_type": "zone",
                "exemplarCity": "메요트"
              }
            },
            "Arctic": {
              "Longyearbyen": {
                "_type": "zone",
                "exemplarCity": "롱이어비엔"
              }
            }
          },
          "metazone": {
            "Acre": {
              "long": {
                "generic": "아크레 시간",
                "standard": "아크레 표준시",
                "daylight": "아크레 하계 표준시"
              }
            },
            "Afghanistan": {
              "long": {
                "standard": "아프가니스탄 시간"
              }
            },
            "Africa_Central": {
              "long": {
                "standard": "중앙아프리카 시간"
              }
            },
            "Africa_Eastern": {
              "long": {
                "standard": "동아프리카 시간"
              }
            },
            "Africa_Southern": {
              "long": {
                "standard": "남아프리카 시간"
              }
            },
            "Africa_Western": {
              "long": {
                "standard": "서아프리카 시간"
              }
            },
            "Alaska": {
              "long": {
                "generic": "알래스카 시간",
                "standard": "알래스카 표준시",
                "daylight": "알래스카 하계 표준시"
              }
            },
            "Almaty": {
              "long": {
                "generic": "알마티 표준 시간",
                "standard": "알마티 표준 표준시",
                "daylight": "알마티 하계 표준시"
              }
            },
            "Amazon": {
              "long": {
                "generic": "아마존 시간",
                "standard": "아마존 표준시",
                "daylight": "아마존 하계 표준시"
              }
            },
            "America_Central": {
              "long": {
                "generic": "미 중부 시간",
                "standard": "미 중부 표준시",
                "daylight": "미 중부 하계 표준시"
              }
            },
            "America_Eastern": {
              "long": {
                "generic": "미 동부 시간",
                "standard": "미 동부 표준시",
                "daylight": "미 동부 하계 표준시"
              }
            },
            "America_Mountain": {
              "long": {
                "generic": "미 산지 시간",
                "standard": "미 산악 표준시",
                "daylight": "미 산지 하계 표준시"
              }
            },
            "America_Pacific": {
              "long": {
                "generic": "미 태평양 시간",
                "standard": "미 태평양 표준시",
                "daylight": "미 태평양 하계 표준시"
              }
            },
            "Anadyr": {
              "long": {
                "generic": "아나디리 시간",
                "standard": "아나디리 표준시",
                "daylight": "아나디리 하계 표준시"
              }
            },
            "Apia": {
              "long": {
                "generic": "아피아 시간",
                "standard": "아피아 표준시",
                "daylight": "아피아 하계 표준시"
              }
            },
            "Aqtau": {
              "long": {
                "generic": "악타우 표준 시간",
                "standard": "악타우 표준 표준시",
                "daylight": "악타우 하계 표준시"
              }
            },
            "Aqtobe": {
              "long": {
                "generic": "악퇴베 표준 시간",
                "standard": "악퇴베 표준 표준시",
                "daylight": "악퇴베 하계 표준시"
              }
            },
            "Arabian": {
              "long": {
                "generic": "아라비아 시간",
                "standard": "아라비아 표준시",
                "daylight": "아라비아 하계 표준시"
              }
            },
            "Argentina": {
              "long": {
                "generic": "아르헨티나 시간",
                "standard": "아르헨티나 표준시",
                "daylight": "아르헨티나 하계 표준시"
              }
            },
            "Argentina_Western": {
              "long": {
                "generic": "아르헨티나 서부 시간",
                "standard": "아르헨티나 서부 표준시",
                "daylight": "아르헨티나 서부 하계 표준시"
              }
            },
            "Armenia": {
              "long": {
                "generic": "아르메니아 시간",
                "standard": "아르메니아 표준시",
                "daylight": "아르메니아 하계 표준시"
              }
            },
            "Atlantic": {
              "long": {
                "generic": "대서양 시간",
                "standard": "대서양 표준시",
                "daylight": "대서양 하계 표준시"
              }
            },
            "Australia_Central": {
              "long": {
                "generic": "호주 중부 시간",
                "standard": "호주 중부 표준시",
                "daylight": "호주 중부 하계 표준시"
              }
            },
            "Australia_CentralWestern": {
              "long": {
                "generic": "호주 중서부 시간",
                "standard": "호주 중서부 표준시",
                "daylight": "호주 중서부 하계 표준시"
              }
            },
            "Australia_Eastern": {
              "long": {
                "generic": "호주 동부 시간",
                "standard": "호주 동부 표준시",
                "daylight": "호주 동부 하계 표준시"
              }
            },
            "Australia_Western": {
              "long": {
                "generic": "호주 서부 시간",
                "standard": "호주 서부 표준시",
                "daylight": "호주 서부 하계 표준시"
              }
            },
            "Azerbaijan": {
              "long": {
                "generic": "아제르바이잔 시간",
                "standard": "아제르바이잔 표준시",
                "daylight": "아제르바이잔 하계 표준시"
              }
            },
            "Azores": {
              "long": {
                "generic": "아조레스 시간",
                "standard": "아조레스 표준시",
                "daylight": "아조레스 하계 표준시"
              }
            },
            "Bangladesh": {
              "long": {
                "generic": "방글라데시 시간",
                "standard": "방글라데시 표준시",
                "daylight": "방글라데시 하계 표준시"
              }
            },
            "Bhutan": {
              "long": {
                "standard": "부탄 시간"
              }
            },
            "Bolivia": {
              "long": {
                "standard": "볼리비아 시간"
              }
            },
            "Brasilia": {
              "long": {
                "generic": "브라질리아 시간",
                "standard": "브라질리아 표준시",
                "daylight": "브라질리아 하계 표준시"
              }
            },
            "Brunei": {
              "long": {
                "standard": "브루나이 시간"
              }
            },
            "Cape_Verde": {
              "long": {
                "generic": "카보 베르데 시간",
                "standard": "카보 베르데 표준시",
                "daylight": "카보 베르데 하계 표준시"
              }
            },
            "Casey": {
              "long": {
                "standard": "케이시 시간"
              }
            },
            "Chamorro": {
              "long": {
                "standard": "차모로 시간"
              }
            },
            "Chatham": {
              "long": {
                "generic": "채텀 시간",
                "standard": "채텀 표준시",
                "daylight": "채텀 하계 표준시"
              }
            },
            "Chile": {
              "long": {
                "generic": "칠레 시간",
                "standard": "칠레 표준시",
                "daylight": "칠레 하계 표준시"
              }
            },
            "China": {
              "long": {
                "generic": "중국 시간",
                "standard": "중국 표준시",
                "daylight": "중국 하계 표준시"
              }
            },
            "Christmas": {
              "long": {
                "standard": "크리스마스섬 시간"
              }
            },
            "Cocos": {
              "long": {
                "standard": "코코스 제도 시간"
              }
            },
            "Colombia": {
              "long": {
                "generic": "콜롬비아 시간",
                "standard": "콜롬비아 표준시",
                "daylight": "콜롬비아 하계 표준시"
              }
            },
            "Cook": {
              "long": {
                "generic": "쿡 제도 시간",
                "standard": "쿡 제도 표준시",
                "daylight": "쿡 제도 절반 하계 표준시"
              }
            },
            "Cuba": {
              "long": {
                "generic": "쿠바 시간",
                "standard": "쿠바 표준시",
                "daylight": "쿠바 하계 표준시"
              }
            },
            "Davis": {
              "long": {
                "standard": "데이비스 시간"
              }
            },
            "DumontDUrville": {
              "long": {
                "standard": "뒤몽뒤르빌 시간"
              }
            },
            "East_Timor": {
              "long": {
                "standard": "동티모르 시간"
              }
            },
            "Easter": {
              "long": {
                "generic": "이스터섬 시간",
                "standard": "이스터섬 표준시",
                "daylight": "이스터섬 하계 표준시"
              }
            },
            "Ecuador": {
              "long": {
                "standard": "에콰도르 시간"
              }
            },
            "Europe_Central": {
              "long": {
                "generic": "중부유럽 시간",
                "standard": "중부유럽 표준시",
                "daylight": "중부유럽 하계 표준시"
              }
            },
            "Europe_Eastern": {
              "long": {
                "generic": "동유럽 시간",
                "standard": "동유럽 표준시",
                "daylight": "동유럽 하계 표준시"
              }
            },
            "Europe_Further_Eastern": {
              "long": {
                "standard": "극동유럽 표준시"
              }
            },
            "Europe_Western": {
              "long": {
                "generic": "서유럽 시간",
                "standard": "서유럽 표준시",
                "daylight": "서유럽 하계 표준시"
              }
            },
            "Falkland": {
              "long": {
                "generic": "포클랜드 제도 시간",
                "standard": "포클랜드 제도 표준시",
                "daylight": "포클랜드 제도 하계 표준시"
              }
            },
            "Fiji": {
              "long": {
                "generic": "피지 시간",
                "standard": "피지 표준시",
                "daylight": "피지 하계 표준시"
              }
            },
            "French_Guiana": {
              "long": {
                "standard": "프랑스령 가이아나 시간"
              }
            },
            "French_Southern": {
              "long": {
                "standard": "프랑스령 남부 식민지 및 남극 시간"
              }
            },
            "Galapagos": {
              "long": {
                "standard": "갈라파고스 시간"
              }
            },
            "Gambier": {
              "long": {
                "standard": "감비에 시간"
              }
            },
            "Georgia": {
              "long": {
                "generic": "조지아 시간",
                "standard": "조지아 표준시",
                "daylight": "조지아 하계 표준시"
              }
            },
            "Gilbert_Islands": {
              "long": {
                "standard": "길버트 제도 시간"
              }
            },
            "GMT": {
              "long": {
                "standard": "그리니치 표준시"
              }
            },
            "Greenland_Eastern": {
              "long": {
                "generic": "그린란드 동부 시간",
                "standard": "그린란드 동부 표준시",
                "daylight": "그린란드 동부 하계 표준시"
              }
            },
            "Greenland_Western": {
              "long": {
                "generic": "그린란드 서부 시간",
                "standard": "그린란드 서부 표준시",
                "daylight": "그린란드 서부 하계 표준시"
              }
            },
            "Gulf": {
              "long": {
                "standard": "걸프만 표준시"
              }
            },
            "Guyana": {
              "long": {
                "standard": "가이아나 시간"
              }
            },
            "Hawaii": {
              "long": {
                "standard": "하와이 알류샨 표준시"
              }
            },
            "Hawaii_Aleutian": {
              "long": {
                "generic": "하와이 알류샨 시간",
                "standard": "하와이 알류샨 표준시",
                "daylight": "하와이 알류샨 하계 표준시"
              }
            },
            "Hong_Kong": {
              "long": {
                "generic": "홍콩 시간",
                "standard": "홍콩 표준시",
                "daylight": "홍콩 하계 표준시"
              }
            },
            "Hovd": {
              "long": {
                "generic": "호브드 시간",
                "standard": "호브드 표준시",
                "daylight": "호브드 하계 표준시"
              }
            },
            "India": {
              "long": {
                "standard": "인도 표준시"
              }
            },
            "Indian_Ocean": {
              "long": {
                "standard": "인도양 시간"
              }
            },
            "Indochina": {
              "long": {
                "standard": "인도차이나 시간"
              }
            },
            "Indonesia_Central": {
              "long": {
                "standard": "중부 인도네시아 시간"
              }
            },
            "Indonesia_Eastern": {
              "long": {
                "standard": "동부 인도네시아 시간"
              }
            },
            "Indonesia_Western": {
              "long": {
                "standard": "서부 인도네시아 시간"
              }
            },
            "Iran": {
              "long": {
                "generic": "이란 시간",
                "standard": "이란 표준시",
                "daylight": "이란 하계 표준시"
              }
            },
            "Irkutsk": {
              "long": {
                "generic": "이르쿠츠크 시간",
                "standard": "이르쿠츠크 표준시",
                "daylight": "이르쿠츠크 하계 표준시"
              }
            },
            "Israel": {
              "long": {
                "generic": "이스라엘 시간",
                "standard": "이스라엘 표준시",
                "daylight": "이스라엘 하계 표준시"
              }
            },
            "Japan": {
              "long": {
                "generic": "일본 시간",
                "standard": "일본 표준시",
                "daylight": "일본 하계 표준시"
              }
            },
            "Kamchatka": {
              "long": {
                "generic": "페트로파블롭스크-캄차츠키 시간",
                "standard": "페트로파블롭스크-캄차츠키 표준시",
                "daylight": "페트로파블롭스크-캄차츠키 하계 표준시"
              }
            },
            "Kazakhstan": {
              "long": {
                "standard": "카자흐스탄 시간"
              }
            },
            "Kazakhstan_Eastern": {
              "long": {
                "standard": "동부 카자흐스탄 시간"
              }
            },
            "Kazakhstan_Western": {
              "long": {
                "standard": "서부 카자흐스탄 시간"
              }
            },
            "Korea": {
              "long": {
                "generic": "한국 시간",
                "standard": "한국 표준시",
                "daylight": "한국 하계 표준시"
              }
            },
            "Kosrae": {
              "long": {
                "standard": "코스라에섬 시간"
              }
            },
            "Krasnoyarsk": {
              "long": {
                "generic": "크라스노야르스크 시간",
                "standard": "크라스노야르스크 표준시",
                "daylight": "크라스노야르스크 하계 표준시"
              }
            },
            "Kyrgystan": {
              "long": {
                "standard": "키르기스스탄 시간"
              }
            },
            "Line_Islands": {
              "long": {
                "standard": "라인 제도 시간"
              }
            },
            "Lord_Howe": {
              "long": {
                "generic": "로드 하우 시간",
                "standard": "로드 하우 표준시",
                "daylight": "로드 하우 하계 표준시"
              }
            },
            "Macau": {
              "long": {
                "generic": "마카오 시간",
                "standard": "마카오 표준 시간",
                "daylight": "마카오 하계 표준시"
              }
            },
            "Magadan": {
              "long": {
                "generic": "마가단 시간",
                "standard": "마가단 표준시",
                "daylight": "마가단 하계 표준시"
              }
            },
            "Malaysia": {
              "long": {
                "standard": "말레이시아 시간"
              }
            },
            "Maldives": {
              "long": {
                "standard": "몰디브 시간"
              }
            },
            "Marquesas": {
              "long": {
                "standard": "마르키즈 제도 시간"
              }
            },
            "Marshall_Islands": {
              "long": {
                "standard": "마셜 제도 시간"
              }
            },
            "Mauritius": {
              "long": {
                "generic": "모리셔스 시간",
                "standard": "모리셔스 표준시",
                "daylight": "모리셔스 하계 표준시"
              }
            },
            "Mawson": {
              "long": {
                "standard": "모슨 시간"
              }
            },
            "Mexico_Pacific": {
              "long": {
                "generic": "멕시코 태평양 시간",
                "standard": "멕시코 태평양 표준시",
                "daylight": "멕시코 태평양 하계 표준시"
              }
            },
            "Mongolia": {
              "long": {
                "generic": "울란바토르 시간",
                "standard": "울란바토르 표준시",
                "daylight": "울란바토르 하계 표준시"
              }
            },
            "Moscow": {
              "long": {
                "generic": "모스크바 시간",
                "standard": "모스크바 표준시",
                "daylight": "모스크바 하계 표준시"
              }
            },
            "Myanmar": {
              "long": {
                "standard": "미얀마 시간"
              }
            },
            "Nauru": {
              "long": {
                "standard": "나우루 시간"
              }
            },
            "Nepal": {
              "long": {
                "standard": "네팔 시간"
              }
            },
            "New_Caledonia": {
              "long": {
                "generic": "뉴칼레도니아 시간",
                "standard": "뉴칼레도니아 표준시",
                "daylight": "뉴칼레도니아 하계 표준시"
              }
            },
            "New_Zealand": {
              "long": {
                "generic": "뉴질랜드 시간",
                "standard": "뉴질랜드 표준시",
                "daylight": "뉴질랜드 하계 표준시"
              }
            },
            "Newfoundland": {
              "long": {
                "generic": "뉴펀들랜드 시간",
                "standard": "뉴펀들랜드 표준시",
                "daylight": "뉴펀들랜드 하계 표준시"
              }
            },
            "Niue": {
              "long": {
                "standard": "니우에 시간"
              }
            },
            "Norfolk": {
              "long": {
                "generic": "노퍽섬 시간",
                "standard": "노퍽섬 표준시",
                "daylight": "노퍽섬 하계 표준시"
              }
            },
            "Noronha": {
              "long": {
                "generic": "페르난도 데 노로냐 시간",
                "standard": "페르난도 데 노로냐 표준시",
                "daylight": "페르난도 데 노로냐 하계 표준시"
              }
            },
            "Novosibirsk": {
              "long": {
                "generic": "노보시비르스크 시간",
                "standard": "노보시비르스크 표준시",
                "daylight": "노보시비르스크 하계 표준시"
              }
            },
            "Omsk": {
              "long": {
                "generic": "옴스크 시간",
                "standard": "옴스크 표준시",
                "daylight": "옴스크 하계 표준시"
              }
            },
            "Pakistan": {
              "long": {
                "generic": "파키스탄 시간",
                "standard": "파키스탄 표준시",
                "daylight": "파키스탄 하계 표준시"
              }
            },
            "Palau": {
              "long": {
                "standard": "팔라우 시간"
              }
            },
            "Papua_New_Guinea": {
              "long": {
                "standard": "파푸아뉴기니 시간"
              }
            },
            "Paraguay": {
              "long": {
                "generic": "파라과이 시간",
                "standard": "파라과이 표준시",
                "daylight": "파라과이 하계 표준시"
              }
            },
            "Peru": {
              "long": {
                "generic": "페루 시간",
                "standard": "페루 표준시",
                "daylight": "페루 하계 표준시"
              }
            },
            "Philippines": {
              "long": {
                "generic": "필리핀 시간",
                "standard": "필리핀 표준시",
                "daylight": "필리핀 하계 표준시"
              }
            },
            "Phoenix_Islands": {
              "long": {
                "standard": "피닉스 제도 시간"
              }
            },
            "Pierre_Miquelon": {
              "long": {
                "generic": "세인트피에르 미클롱 시간",
                "standard": "세인트피에르 미클롱 표준시",
                "daylight": "세인트피에르 미클롱 하계 표준시"
              }
            },
            "Pitcairn": {
              "long": {
                "standard": "핏케언 시간"
              }
            },
            "Ponape": {
              "long": {
                "standard": "포나페 시간"
              }
            },
            "Pyongyang": {
              "long": {
                "standard": "평양 시간"
              }
            },
            "Qyzylorda": {
              "long": {
                "generic": "키질로르다 시간",
                "standard": "키질로르다 표준 시간",
                "daylight": "키질로르다 하계 표준시"
              }
            },
            "Reunion": {
              "long": {
                "standard": "레위니옹 시간"
              }
            },
            "Rothera": {
              "long": {
                "standard": "로데라 시간"
              }
            },
            "Sakhalin": {
              "long": {
                "generic": "사할린 시간",
                "standard": "사할린 표준시",
                "daylight": "사할린 하계 표준시"
              }
            },
            "Samara": {
              "long": {
                "generic": "사마라 시간",
                "standard": "사마라 표준시",
                "daylight": "사마라 하계 표준시"
              }
            },
            "Samoa": {
              "long": {
                "generic": "사모아 시간",
                "standard": "사모아 표준시",
                "daylight": "사모아 하계 표준시"
              }
            },
            "Seychelles": {
              "long": {
                "standard": "세이셸 시간"
              }
            },
            "Singapore": {
              "long": {
                "standard": "싱가포르 표준시"
              }
            },
            "Solomon": {
              "long": {
                "standard": "솔로몬 제도 시간"
              }
            },
            "South_Georgia": {
              "long": {
                "standard": "사우스 조지아 시간"
              }
            },
            "Suriname": {
              "long": {
                "standard": "수리남 시간"
              }
            },
            "Syowa": {
              "long": {
                "standard": "쇼와 시간"
              }
            },
            "Tahiti": {
              "long": {
                "standard": "타히티 시간"
              }
            },
            "Taipei": {
              "long": {
                "generic": "대만 시간",
                "standard": "대만 표준시",
                "daylight": "대만 하계 표준시"
              }
            },
            "Tajikistan": {
              "long": {
                "standard": "타지키스탄 시간"
              }
            },
            "Tokelau": {
              "long": {
                "standard": "토켈라우 시간"
              }
            },
            "Tonga": {
              "long": {
                "generic": "통가 시간",
                "standard": "통가 표준시",
                "daylight": "통가 하계 표준시"
              }
            },
            "Truk": {
              "long": {
                "standard": "추크 시간"
              }
            },
            "Turkmenistan": {
              "long": {
                "generic": "투르크메니스탄 시간",
                "standard": "투르크메니스탄 표준시",
                "daylight": "투르크메니스탄 하계 표준시"
              }
            },
            "Tuvalu": {
              "long": {
                "standard": "투발루 시간"
              }
            },
            "Uruguay": {
              "long": {
                "generic": "우루과이 시간",
                "standard": "우루과이 표준시",
                "daylight": "우루과이 하계 표준시"
              }
            },
            "Uzbekistan": {
              "long": {
                "generic": "우즈베키스탄 시간",
                "standard": "우즈베키스탄 표준시",
                "daylight": "우즈베키스탄 하계 표준시"
              }
            },
            "Vanuatu": {
              "long": {
                "generic": "바누아투 시간",
                "standard": "바누아투 표준시",
                "daylight": "바누아투 하계 표준시"
              }
            },
            "Venezuela": {
              "long": {
                "standard": "베네수엘라 시간"
              }
            },
            "Vladivostok": {
              "long": {
                "generic": "블라디보스토크 시간",
                "standard": "블라디보스토크 표준시",
                "daylight": "블라디보스토크 하계 표준시"
              }
            },
            "Volgograd": {
              "long": {
                "generic": "볼고그라드 시간",
                "standard": "볼고그라드 표준시",
                "daylight": "볼고그라드 하계 표준시"
              }
            },
            "Vostok": {
              "long": {
                "standard": "보스톡 시간"
              }
            },
            "Wake": {
              "long": {
                "standard": "웨이크섬 시간"
              }
            },
            "Wallis": {
              "long": {
                "standard": "월리스푸투나 제도 시간"
              }
            },
            "Yakutsk": {
              "long": {
                "generic": "야쿠츠크 시간",
                "standard": "야쿠츠크 표준시",
                "daylight": "야쿠츠크 하계 표준시"
              }
            },
            "Yekaterinburg": {
              "long": {
                "generic": "예카테린부르크 시간",
                "standard": "예카테린부르크 표준시",
                "daylight": "예카테린부르크 하계 표준시"
              }
            },
            "Yukon": {
              "long": {
                "standard": "유콘 시간"
              }
            }
          }
        }
      }
    }
  }
}
