{
  "main": {
    "ti-ER": {
      "identity": {
        "version": {
          "_cldrVersion": "42"
        },
        "language": "ti",
        "territory": "ER"
      },
      "dates": {
        "timeZoneNames": {
          "hourFormat": "+HH:mm;-HH:mm",
          "gmtFormat": "GMT{0}",
          "gmtZeroFormat": "GMT",
          "regionFormat": "ግዜ {0}",
          "regionFormat-type-daylight": "ግዜ ክረምቲ {0}",
          "regionFormat-type-standard": "ምዱብ ግዜ {0}",
          "fallbackFormat": "{1} ({0})",
          "zone": {
            "America": {
              "Adak": {
                "exemplarCity": "ኣዳክ"
              },
              "Anchorage": {
                "exemplarCity": "ኣንኮረጅ"
              },
              "Anguilla": {
                "exemplarCity": "ኣንጒላ"
              },
              "Antigua": {
                "exemplarCity": "ኣንቲጓ"
              },
              "Araguaina": {
                "exemplarCity": "ኣራጓይና"
              },
              "Argentina": {
                "Rio_Gallegos": {
                  "exemplarCity": "ርዮ ጋየጎስ"
                },
                "San_Juan": {
                  "exemplarCity": "ሳን ህዋን"
                },
                "Ushuaia": {
                  "exemplarCity": "ኡሽዋያ"
                },
                "La_Rioja": {
                  "exemplarCity": "ላ ርዮሃ"
                },
                "San_Luis": {
                  "exemplarCity": "ሳን ልዊስ"
                },
                "Salta": {
                  "exemplarCity": "ሳልታ"
                },
                "Tucuman": {
                  "exemplarCity": "ቱኩማን"
                }
              },
              "Aruba": {
                "exemplarCity": "ኣሩባ"
              },
              "Asuncion": {
                "exemplarCity": "ኣሱንስዮን"
              },
              "Bahia": {
                "exemplarCity": "ባህያ"
              },
              "Bahia_Banderas": {
                "exemplarCity": "ባእያ ደ ባንደራስ"
              },
              "Barbados": {
                "exemplarCity": "ባርባዶስ"
              },
              "Belem": {
                "exemplarCity": "በለም"
              },
              "Belize": {
                "exemplarCity": "በሊዝ"
              },
              "Blanc-Sablon": {
                "exemplarCity": "ብላንክ-ሳብሎን"
              },
              "Boa_Vista": {
                "exemplarCity": "ቦዋ ቪስታ"
              },
              "Bogota": {
                "exemplarCity": "ቦጎታ"
              },
              "Boise": {
                "exemplarCity": "ቦይዚ"
              },
              "Buenos_Aires": {
                "exemplarCity": "ብወኖስ ኣይረስ"
              },
              "Cambridge_Bay": {
                "exemplarCity": "ካምብሪጅ በይ"
              },
              "Campo_Grande": {
                "exemplarCity": "ካምፖ ግራንደ"
              },
              "Cancun": {
                "exemplarCity": "ካንኩን"
              },
              "Caracas": {
                "exemplarCity": "ካራካስ"
              },
              "Catamarca": {
                "exemplarCity": "ካታማርካ"
              },
              "Cayenne": {
                "exemplarCity": "ካየን"
              },
              "Cayman": {
                "exemplarCity": "ካይማን"
              },
              "Chicago": {
                "exemplarCity": "ቺካጎ"
              },
              "Chihuahua": {
                "exemplarCity": "ቺዋዋ"
              },
              "Coral_Harbour": {
                "exemplarCity": "ኣቲኮካን"
              },
              "Cordoba": {
                "exemplarCity": "ኮርዶባ"
              },
              "Costa_Rica": {
                "exemplarCity": "ኮስታ ሪካ"
              },
              "Creston": {
                "exemplarCity": "ክረስተን"
              },
              "Cuiaba": {
                "exemplarCity": "ኩያባ"
              },
              "Curacao": {
                "exemplarCity": "ኩራሳው"
              },
              "Danmarkshavn": {
                "exemplarCity": "ዳንማርክሻቭን"
              },
              "Dawson": {
                "exemplarCity": "ዳውሰን"
              },
              "Dawson_Creek": {
                "exemplarCity": "ዳውሰን ክሪክ"
              },
              "Denver": {
                "exemplarCity": "ደንቨር"
              },
              "Detroit": {
                "exemplarCity": "ዲትሮይት"
              },
              "Dominica": {
                "exemplarCity": "ዶሚኒካ"
              },
              "Edmonton": {
                "exemplarCity": "ኤድመንተን"
              },
              "Eirunepe": {
                "exemplarCity": "ኤይሩኔፒ"
              },
              "El_Salvador": {
                "exemplarCity": "ኤል ሳልቫዶር"
              },
              "Fort_Nelson": {
                "exemplarCity": "ፎርት ነልሰን"
              },
              "Fortaleza": {
                "exemplarCity": "ፎርታለዛ"
              },
              "Glace_Bay": {
                "exemplarCity": "ግሌስ በይ"
              },
              "Godthab": {
                "exemplarCity": "ኑክ"
              },
              "Goose_Bay": {
                "exemplarCity": "ጉዝ በይ"
              },
              "Grand_Turk": {
                "exemplarCity": "ግራንድ ቱርክ"
              },
              "Grenada": {
                "exemplarCity": "ግረናዳ"
              },
              "Guadeloupe": {
                "exemplarCity": "ጓደሉፕ"
              },
              "Guatemala": {
                "exemplarCity": "ጓቲማላ"
              },
              "Guayaquil": {
                "exemplarCity": "ጓያኪል"
              },
              "Guyana": {
                "exemplarCity": "ጉያና"
              },
              "Halifax": {
                "exemplarCity": "ሃሊፋክስ"
              },
              "Havana": {
                "exemplarCity": "ሃቫና"
              },
              "Hermosillo": {
                "exemplarCity": "ኤርሞስዮ"
              },
              "Indiana": {
                "Vincennes": {
                  "exemplarCity": "ቪንሰንስ፣ ኢንድያና"
                },
                "Petersburg": {
                  "exemplarCity": "ፒተርስበርግ፣ ኢንድያና"
                },
                "Tell_City": {
                  "exemplarCity": "ተል ሲቲ፣ ኢንድያና"
                },
                "Knox": {
                  "exemplarCity": "ኖክስ፣ ኢንድያና"
                },
                "Winamac": {
                  "exemplarCity": "ዊናማክ፣ ኢንድያና"
                },
                "Marengo": {
                  "exemplarCity": "ማረንጎ፣ ኢንድያና"
                },
                "Vevay": {
                  "exemplarCity": "ቪቪ፣ ኢንድያና"
                }
              },
              "Indianapolis": {
                "exemplarCity": "ኢንድያናፖሊስ"
              },
              "Inuvik": {
                "exemplarCity": "ኢኑቪክ"
              },
              "Iqaluit": {
                "exemplarCity": "ኢቃልዊት"
              },
              "Jamaica": {
                "exemplarCity": "ጃማይካ"
              },
              "Jujuy": {
                "exemplarCity": "ሁሁይ"
              },
              "Juneau": {
                "exemplarCity": "ጁነው"
              },
              "Kentucky": {
                "Monticello": {
                  "exemplarCity": "ሞንቲቸሎ፣ ከንታኪ"
                }
              },
              "Kralendijk": {
                "exemplarCity": "ክራለንዳይክ"
              },
              "La_Paz": {
                "exemplarCity": "ላ ፓዝ"
              },
              "Lima": {
                "exemplarCity": "ሊማ"
              },
              "Los_Angeles": {
                "exemplarCity": "ሎስ ኣንጀለስ"
              },
              "Louisville": {
                "exemplarCity": "ልዊቪል"
              },
              "Lower_Princes": {
                "exemplarCity": "ለወር ፕሪንሰስ ኳርተር"
              },
              "Maceio": {
                "exemplarCity": "ማሰዮ"
              },
              "Managua": {
                "exemplarCity": "ማናጓ"
              },
              "Manaus": {
                "exemplarCity": "ማናውስ"
              },
              "Marigot": {
                "exemplarCity": "ማሪጎት"
              },
              "Martinique": {
                "exemplarCity": "ማርቲኒክ"
              },
              "Matamoros": {
                "exemplarCity": "ማታሞሮስ"
              },
              "Mazatlan": {
                "exemplarCity": "ማዛትላን"
              },
              "Mendoza": {
                "exemplarCity": "መንዶዛ"
              },
              "Menominee": {
                "exemplarCity": "ሜኖሚኒ"
              },
              "Merida": {
                "exemplarCity": "መሪዳ"
              },
              "Metlakatla": {
                "exemplarCity": "መትላካትላ"
              },
              "Mexico_City": {
                "exemplarCity": "ከተማ ሜክሲኮ"
              },
              "Miquelon": {
                "exemplarCity": "ሚከሎን"
              },
              "Moncton": {
                "exemplarCity": "ሞንክተን"
              },
              "Monterrey": {
                "exemplarCity": "ሞንተረይ"
              },
              "Montevideo": {
                "exemplarCity": "ሞንተቪደዮ"
              },
              "Montserrat": {
                "exemplarCity": "ሞንትሰራት"
              },
              "Nassau": {
                "exemplarCity": "ናሳው"
              },
              "New_York": {
                "exemplarCity": "ኒው ዮርክ"
              },
              "Nipigon": {
                "exemplarCity": "ኒፒጎን"
              },
              "Nome": {
                "exemplarCity": "ነውም"
              },
              "Noronha": {
                "exemplarCity": "ኖሮንያ"
              },
              "North_Dakota": {
                "Beulah": {
                  "exemplarCity": "ብዩላ፣ ሰሜን ዳኮታ"
                },
                "New_Salem": {
                  "exemplarCity": "ኒው ሳለም፣ ሰሜን ዳኮታ"
                },
                "Center": {
                  "exemplarCity": "ሰንተር፣ ሰሜን ዳኮታ"
                }
              },
              "Ojinaga": {
                "exemplarCity": "ኦጂናጋ"
              },
              "Panama": {
                "exemplarCity": "ፓናማ"
              },
              "Pangnirtung": {
                "exemplarCity": "ፓንግኒርተንግ"
              },
              "Paramaribo": {
                "exemplarCity": "ፓራማሪቦ"
              },
              "Phoenix": {
                "exemplarCity": "ፊኒክስ"
              },
              "Port-au-Prince": {
                "exemplarCity": "ፖርት-ኦ-ፕሪንስ"
              },
              "Port_of_Spain": {
                "exemplarCity": "ፖርት ኦፍ ስፔን"
              },
              "Porto_Velho": {
                "exemplarCity": "ፖርቶ ቨልዮ"
              },
              "Puerto_Rico": {
                "exemplarCity": "ፖርቶ ሪኮ"
              },
              "Punta_Arenas": {
                "exemplarCity": "ፑንታ ኣረናስ"
              },
              "Rainy_River": {
                "exemplarCity": "ረይኒ ሪቨር"
              },
              "Rankin_Inlet": {
                "exemplarCity": "ራንኪን ኢንለት"
              },
              "Recife": {
                "exemplarCity": "ረሲፈ"
              },
              "Regina": {
                "exemplarCity": "ረጂና"
              },
              "Resolute": {
                "exemplarCity": "ረዞሉት"
              },
              "Rio_Branco": {
                "exemplarCity": "ርዮ ብራንኮ"
              },
              "Santarem": {
                "exemplarCity": "ሳንታረም"
              },
              "Santiago": {
                "exemplarCity": "ሳንትያጎ"
              },
              "Santo_Domingo": {
                "exemplarCity": "ሳንቶ ዶሚንጎ"
              },
              "Sao_Paulo": {
                "exemplarCity": "ሳኦ ፓውሎ"
              },
              "Scoresbysund": {
                "exemplarCity": "ኢቶቆርቶሚት"
              },
              "Sitka": {
                "exemplarCity": "ሲትካ"
              },
              "St_Barthelemy": {
                "exemplarCity": "ቅዱስ ባርተለሚ"
              },
              "St_Johns": {
                "exemplarCity": "ቅዱስ ዮሃንስ"
              },
              "St_Kitts": {
                "exemplarCity": "ቅዱስ ኪትስ"
              },
              "St_Lucia": {
                "exemplarCity": "ቅድስቲ ሉስያ"
              },
              "St_Thomas": {
                "exemplarCity": "ሰይንት ቶማስ"
              },
              "St_Vincent": {
                "exemplarCity": "ቅዱስ ቪንሰንት"
              },
              "Swift_Current": {
                "exemplarCity": "ስዊፍት ካረንት"
              },
              "Tegucigalpa": {
                "exemplarCity": "ተጉሲጋልፓ"
              },
              "Thule": {
                "exemplarCity": "ዙል"
              },
              "Thunder_Bay": {
                "exemplarCity": "ዛንደር በይ"
              },
              "Tijuana": {
                "exemplarCity": "ቲጅዋና"
              },
              "Toronto": {
                "exemplarCity": "ቶሮንቶ"
              },
              "Tortola": {
                "exemplarCity": "ቶርቶላ"
              },
              "Vancouver": {
                "exemplarCity": "ቫንኩቨር"
              },
              "Whitehorse": {
                "exemplarCity": "ዋይትሆዝ"
              },
              "Winnipeg": {
                "exemplarCity": "ዊኒፐግ"
              },
              "Yakutat": {
                "exemplarCity": "ያኩታት"
              },
              "Yellowknife": {
                "exemplarCity": "የለውናይፍ"
              }
            },
            "Atlantic": {
              "Azores": {
                "exemplarCity": "ኣዞረስ"
              },
              "Bermuda": {
                "exemplarCity": "በርሙዳ"
              },
              "Canary": {
                "exemplarCity": "ካናሪ"
              },
              "Cape_Verde": {
                "exemplarCity": "ኬፕ ቨርደ"
              },
              "Faeroe": {
                "exemplarCity": "ደሴታት ፋሮ"
              },
              "Madeira": {
                "exemplarCity": "ማደይራ"
              },
              "Reykjavik": {
                "exemplarCity": "ረይክያቪክ"
              },
              "South_Georgia": {
                "exemplarCity": "ደቡብ ጆርጅያ"
              },
              "St_Helena": {
                "exemplarCity": "ቅድስቲ ሄለና"
              },
              "Stanley": {
                "exemplarCity": "ስታንሊ"
              }
            },
            "Europe": {
              "Amsterdam": {
                "exemplarCity": "ኣምስተርዳም"
              },
              "Andorra": {
                "exemplarCity": "ኣንዶራ"
              },
              "Astrakhan": {
                "exemplarCity": "ኣስትራካን"
              },
              "Athens": {
                "exemplarCity": "ኣቴንስ"
              },
              "Belgrade": {
                "exemplarCity": "በልግሬድ"
              },
              "Berlin": {
                "exemplarCity": "በርሊን"
              },
              "Bratislava": {
                "exemplarCity": "ብራቲስላቫ"
              },
              "Brussels": {
                "exemplarCity": "ብራስልስ"
              },
              "Bucharest": {
                "exemplarCity": "ቡካረስት"
              },
              "Budapest": {
                "exemplarCity": "ቡዳፐስት"
              },
              "Busingen": {
                "exemplarCity": "ቡሲንገን"
              },
              "Chisinau": {
                "exemplarCity": "ኪሺናው"
              },
              "Copenhagen": {
                "exemplarCity": "ኮፐንሃገን"
              },
              "Dublin": {
                "long": {
                  "daylight": "Irish Standard Time"
                },
                "exemplarCity": "ደብሊን"
              },
              "Gibraltar": {
                "exemplarCity": "ጂብራልታር"
              },
              "Guernsey": {
                "exemplarCity": "ገርንዚ"
              },
              "Helsinki": {
                "exemplarCity": "ሄልሲንኪ"
              },
              "Isle_of_Man": {
                "exemplarCity": "ኣይል ኦፍ ማን"
              },
              "Istanbul": {
                "exemplarCity": "ኢስታንቡል"
              },
              "Jersey": {
                "exemplarCity": "ጀርዚ"
              },
              "Kaliningrad": {
                "exemplarCity": "ካሊኒንግራድ"
              },
              "Kiev": {
                "exemplarCity": "ክየቭ"
              },
              "Kirov": {
                "exemplarCity": "ኪሮቭ"
              },
              "Lisbon": {
                "exemplarCity": "ሊዝበን"
              },
              "Ljubljana": {
                "exemplarCity": "ልዩብልያና"
              },
              "London": {
                "long": {
                  "daylight": "ግዜ ክረምቲ ብሪጣንያ"
                },
                "exemplarCity": "ሎንደን"
              },
              "Luxembourg": {
                "exemplarCity": "ሉክሰምበርግ"
              },
              "Madrid": {
                "exemplarCity": "ማድሪድ"
              },
              "Malta": {
                "exemplarCity": "ማልታ"
              },
              "Mariehamn": {
                "exemplarCity": "ማሪሃምን"
              },
              "Minsk": {
                "exemplarCity": "ሚንስክ"
              },
              "Monaco": {
                "exemplarCity": "ሞናኮ"
              },
              "Moscow": {
                "exemplarCity": "ሞስኮ"
              },
              "Oslo": {
                "exemplarCity": "ኦስሎ"
              },
              "Paris": {
                "exemplarCity": "ፓሪስ"
              },
              "Podgorica": {
                "exemplarCity": "ፖድጎሪጻ"
              },
              "Prague": {
                "exemplarCity": "ፕራግ"
              },
              "Riga": {
                "exemplarCity": "ሪጋ"
              },
              "Rome": {
                "exemplarCity": "ሮማ"
              },
              "Samara": {
                "exemplarCity": "ሳማራ"
              },
              "San_Marino": {
                "exemplarCity": "ሳን ማሪኖ"
              },
              "Sarajevo": {
                "exemplarCity": "ሳራየቮ"
              },
              "Saratov": {
                "exemplarCity": "ሳራቶቭ"
              },
              "Simferopol": {
                "exemplarCity": "ሲምፈሮፖል"
              },
              "Skopje": {
                "exemplarCity": "ስኮፕየ"
              },
              "Sofia": {
                "exemplarCity": "ሶፍያ"
              },
              "Stockholm": {
                "exemplarCity": "ስቶክሆልም"
              },
              "Tallinn": {
                "exemplarCity": "ታሊን"
              },
              "Tirane": {
                "exemplarCity": "ቲራና"
              },
              "Ulyanovsk": {
                "exemplarCity": "ኡልያኖቭስክ"
              },
              "Uzhgorod": {
                "exemplarCity": "ኡዝጎሮድ"
              },
              "Vaduz": {
                "exemplarCity": "ቫዱዝ"
              },
              "Vatican": {
                "exemplarCity": "ቫቲካን"
              },
              "Vienna": {
                "exemplarCity": "ቭየና"
              },
              "Vilnius": {
                "exemplarCity": "ቪልንየስ"
              },
              "Volgograd": {
                "exemplarCity": "ቮልጎግራድ"
              },
              "Warsaw": {
                "exemplarCity": "ዋርሳው"
              },
              "Zagreb": {
                "exemplarCity": "ዛግረብ"
              },
              "Zaporozhye": {
                "exemplarCity": "ዛፖሪዥያ"
              },
              "Zurich": {
                "exemplarCity": "ዙሪክ"
              }
            },
            "Africa": {
              "Abidjan": {
                "exemplarCity": "ኣቢጃን"
              },
              "Accra": {
                "exemplarCity": "ኣክራ"
              },
              "Addis_Ababa": {
                "exemplarCity": "ኣዲስ ኣበባ"
              },
              "Algiers": {
                "exemplarCity": "ኣልጀርስ"
              },
              "Asmera": {
                "exemplarCity": "ኣስመራ"
              },
              "Bamako": {
                "exemplarCity": "ባማኮ"
              },
              "Bangui": {
                "exemplarCity": "ባንጊ"
              },
              "Banjul": {
                "exemplarCity": "ባንጁል"
              },
              "Bissau": {
                "exemplarCity": "ቢሳው"
              },
              "Blantyre": {
                "exemplarCity": "ብላንታየር"
              },
              "Brazzaville": {
                "exemplarCity": "ብራዛቪል"
              },
              "Bujumbura": {
                "exemplarCity": "ቡጁምቡራ"
              },
              "Cairo": {
                "exemplarCity": "ካይሮ"
              },
              "Casablanca": {
                "exemplarCity": "ካዛብላንካ"
              },
              "Ceuta": {
                "exemplarCity": "ሴውታ"
              },
              "Conakry": {
                "exemplarCity": "ኮናክሪ"
              },
              "Dakar": {
                "exemplarCity": "ዳካር"
              },
              "Dar_es_Salaam": {
                "exemplarCity": "ዳር ኤስ ሳላም"
              },
              "Djibouti": {
                "exemplarCity": "ጅቡቲ"
              },
              "Douala": {
                "exemplarCity": "ዱዋላ"
              },
              "El_Aaiun": {
                "exemplarCity": "ኤል ኣዩን"
              },
              "Freetown": {
                "exemplarCity": "ፍሪታውን"
              },
              "Gaborone": {
                "exemplarCity": "ጋቦሮን"
              },
              "Harare": {
                "exemplarCity": "ሃራረ"
              },
              "Johannesburg": {
                "exemplarCity": "ጆሃንስበርግ"
              },
              "Juba": {
                "exemplarCity": "ጁባ"
              },
              "Kampala": {
                "exemplarCity": "ካምፓላ"
              },
              "Khartoum": {
                "exemplarCity": "ካርቱም"
              },
              "Kigali": {
                "exemplarCity": "ኪጋሊ"
              },
              "Kinshasa": {
                "exemplarCity": "ኪንሻሳ"
              },
              "Lagos": {
                "exemplarCity": "ሌጎስ"
              },
              "Libreville": {
                "exemplarCity": "ሊብረቪል"
              },
              "Lome": {
                "exemplarCity": "ሎመ"
              },
              "Luanda": {
                "exemplarCity": "ሉዋንዳ"
              },
              "Lubumbashi": {
                "exemplarCity": "ሉቡምባሺ"
              },
              "Lusaka": {
                "exemplarCity": "ሉሳካ"
              },
              "Malabo": {
                "exemplarCity": "ማላቦ"
              },
              "Maputo": {
                "exemplarCity": "ማፑቶ"
              },
              "Maseru": {
                "exemplarCity": "ማሰሩ"
              },
              "Mbabane": {
                "exemplarCity": "ምባባነ"
              },
              "Mogadishu": {
                "exemplarCity": "ሞቓድሾ"
              },
              "Monrovia": {
                "exemplarCity": "ሞንሮቭያ"
              },
              "Nairobi": {
                "exemplarCity": "ናይሮቢ"
              },
              "Ndjamena": {
                "exemplarCity": "ንጃመና"
              },
              "Niamey": {
                "exemplarCity": "ንያመይ"
              },
              "Nouakchott": {
                "exemplarCity": "ንዋክሾት"
              },
              "Ouagadougou": {
                "exemplarCity": "ዋጋዱጉ"
              },
              "Porto-Novo": {
                "exemplarCity": "ፖርቶ ኖቮ"
              },
              "Sao_Tome": {
                "exemplarCity": "ሳኦ ቶመ"
              },
              "Tripoli": {
                "exemplarCity": "ትሪፖሊ"
              },
              "Tunis": {
                "exemplarCity": "ቱኒስ"
              },
              "Windhoek": {
                "exemplarCity": "ዊንድሆክ"
              }
            },
            "Asia": {
              "Aden": {
                "exemplarCity": "ዓደን"
              },
              "Almaty": {
                "exemplarCity": "ኣልማቲ"
              },
              "Amman": {
                "exemplarCity": "ዓማን"
              },
              "Anadyr": {
                "exemplarCity": "ኣናዲር"
              },
              "Aqtau": {
                "exemplarCity": "ኣክታው"
              },
              "Aqtobe": {
                "exemplarCity": "ኣክቶበ"
              },
              "Ashgabat": {
                "exemplarCity": "ኣሽጋባት"
              },
              "Atyrau": {
                "exemplarCity": "ኣቲራው"
              },
              "Baghdad": {
                "exemplarCity": "ባቕዳድ"
              },
              "Bahrain": {
                "exemplarCity": "ባሕሬን"
              },
              "Baku": {
                "exemplarCity": "ባኩ"
              },
              "Bangkok": {
                "exemplarCity": "ባንግኮክ"
              },
              "Barnaul": {
                "exemplarCity": "ባርናውል"
              },
              "Beirut": {
                "exemplarCity": "በይሩት"
              },
              "Bishkek": {
                "exemplarCity": "ቢሽኬክ"
              },
              "Brunei": {
                "exemplarCity": "ብሩነይ"
              },
              "Calcutta": {
                "exemplarCity": "ኮልካታ"
              },
              "Chita": {
                "exemplarCity": "ቺታ"
              },
              "Choibalsan": {
                "exemplarCity": "ቾይባልሳን"
              },
              "Colombo": {
                "exemplarCity": "ኮሎምቦ"
              },
              "Damascus": {
                "exemplarCity": "ደማስቆ"
              },
              "Dhaka": {
                "exemplarCity": "ዳካ"
              },
              "Dili": {
                "exemplarCity": "ዲሊ"
              },
              "Dubai": {
                "exemplarCity": "ዱባይ"
              },
              "Dushanbe": {
                "exemplarCity": "ዱሻንበ"
              },
              "Famagusta": {
                "exemplarCity": "ፋማጉስታ"
              },
              "Gaza": {
                "exemplarCity": "ቓዛ"
              },
              "Hebron": {
                "exemplarCity": "ኬብሮን"
              },
              "Hong_Kong": {
                "exemplarCity": "ሆንግ ኮንግ"
              },
              "Hovd": {
                "exemplarCity": "ሆቭድ"
              },
              "Irkutsk": {
                "exemplarCity": "ኢርኩትስክ"
              },
              "Jakarta": {
                "exemplarCity": "ጃካርታ"
              },
              "Jayapura": {
                "exemplarCity": "ጃያፑራ"
              },
              "Jerusalem": {
                "exemplarCity": "የሩሳሌም"
              },
              "Kabul": {
                "exemplarCity": "ካቡል"
              },
              "Kamchatka": {
                "exemplarCity": "ካምቻትካ"
              },
              "Karachi": {
                "exemplarCity": "ካራቺ"
              },
              "Katmandu": {
                "exemplarCity": "ካትማንዱ"
              },
              "Khandyga": {
                "exemplarCity": "ካንዲጋ"
              },
              "Krasnoyarsk": {
                "exemplarCity": "ክራስኖያርስክ"
              },
              "Kuala_Lumpur": {
                "exemplarCity": "ኳላ ሉምፑር"
              },
              "Kuching": {
                "exemplarCity": "ኩቺንግ"
              },
              "Kuwait": {
                "exemplarCity": "ኩዌት"
              },
              "Macau": {
                "exemplarCity": "ማካው"
              },
              "Magadan": {
                "exemplarCity": "ማጋዳን"
              },
              "Makassar": {
                "exemplarCity": "ማካሳር"
              },
              "Manila": {
                "exemplarCity": "ማኒላ"
              },
              "Muscat": {
                "exemplarCity": "ሙስካት"
              },
              "Nicosia": {
                "exemplarCity": "ኒኮስያ"
              },
              "Novokuznetsk": {
                "exemplarCity": "ኖቮኩዝነትስክ"
              },
              "Novosibirsk": {
                "exemplarCity": "ኖቮሲቢርስክ"
              },
              "Omsk": {
                "exemplarCity": "ኦምስክ"
              },
              "Oral": {
                "exemplarCity": "ኦራል"
              },
              "Phnom_Penh": {
                "exemplarCity": "ፕኖም ፐን"
              },
              "Pontianak": {
                "exemplarCity": "ፖንትያናክ"
              },
              "Pyongyang": {
                "exemplarCity": "ፕዮንግያንግ"
              },
              "Qatar": {
                "exemplarCity": "ቐጠር"
              },
              "Qostanay": {
                "exemplarCity": "ኮስታናይ"
              },
              "Qyzylorda": {
                "exemplarCity": "ኪዚሎርዳ"
              },
              "Rangoon": {
                "exemplarCity": "ያንጎን"
              },
              "Riyadh": {
                "exemplarCity": "ርያድ"
              },
              "Saigon": {
                "exemplarCity": "ከተማ ሆ ቺ ሚን"
              },
              "Sakhalin": {
                "exemplarCity": "ሳካሊን"
              },
              "Samarkand": {
                "exemplarCity": "ሳማርካንድ"
              },
              "Seoul": {
                "exemplarCity": "ሶውል"
              },
              "Shanghai": {
                "exemplarCity": "ሻንግሃይ"
              },
              "Singapore": {
                "exemplarCity": "ሲንጋፖር"
              },
              "Srednekolymsk": {
                "exemplarCity": "ስሬድነኮሊምስክ"
              },
              "Taipei": {
                "exemplarCity": "ታይፐይ"
              },
              "Tashkent": {
                "exemplarCity": "ታሽከንት"
              },
              "Tbilisi": {
                "exemplarCity": "ትቢሊሲ"
              },
              "Tehran": {
                "exemplarCity": "ተህራን"
              },
              "Thimphu": {
                "exemplarCity": "ቲምፉ"
              },
              "Tokyo": {
                "exemplarCity": "ቶክዮ"
              },
              "Tomsk": {
                "exemplarCity": "ቶምስክ"
              },
              "Ulaanbaatar": {
                "exemplarCity": "ኡላን ባቶር"
              },
              "Urumqi": {
                "exemplarCity": "ኡሩምኪ"
              },
              "Ust-Nera": {
                "exemplarCity": "ኡስት-ኔራ"
              },
              "Vientiane": {
                "exemplarCity": "ቭየንትያን"
              },
              "Vladivostok": {
                "exemplarCity": "ቭላዲቮስቶክ"
              },
              "Yakutsk": {
                "exemplarCity": "ያኩትስክ"
              },
              "Yekaterinburg": {
                "exemplarCity": "የካተሪንበርግ"
              },
              "Yerevan": {
                "exemplarCity": "የረቫን"
              }
            },
            "Indian": {
              "Antananarivo": {
                "exemplarCity": "ኣንታናናሪቮ"
              },
              "Chagos": {
                "exemplarCity": "ቻጎስ"
              },
              "Christmas": {
                "exemplarCity": "ክሪስማስ"
              },
              "Cocos": {
                "exemplarCity": "ኮኮስ"
              },
              "Comoro": {
                "exemplarCity": "ኮሞሮ"
              },
              "Kerguelen": {
                "exemplarCity": "ከርጉለን"
              },
              "Mahe": {
                "exemplarCity": "ማሄ"
              },
              "Maldives": {
                "exemplarCity": "ማልዲቭስ"
              },
              "Mauritius": {
                "exemplarCity": "ማውሪሸስ"
              },
              "Mayotte": {
                "exemplarCity": "ማዮት"
              },
              "Reunion": {
                "exemplarCity": "ርዩንየን"
              }
            },
            "Australia": {
              "Adelaide": {
                "exemplarCity": "ኣደለይድ"
              },
              "Brisbane": {
                "exemplarCity": "ብሪዝቤን"
              },
              "Broken_Hill": {
                "exemplarCity": "ብሮክን ሂል"
              },
              "Currie": {
                "exemplarCity": "ኩሪ"
              },
              "Darwin": {
                "exemplarCity": "ዳርዊን"
              },
              "Eucla": {
                "exemplarCity": "ዩክላ"
              },
              "Hobart": {
                "exemplarCity": "ሆባርት"
              },
              "Lindeman": {
                "exemplarCity": "ሊንድማን"
              },
              "Lord_Howe": {
                "exemplarCity": "ሎርድ ሃው"
              },
              "Melbourne": {
                "exemplarCity": "መልበርን"
              },
              "Perth": {
                "exemplarCity": "ፐርዝ"
              },
              "Sydney": {
                "exemplarCity": "ሲድኒ"
              }
            },
            "Pacific": {
              "Apia": {
                "exemplarCity": "ኣፕያ"
              },
              "Auckland": {
                "exemplarCity": "ኦክላንድ"
              },
              "Bougainville": {
                "exemplarCity": "ቡገንቪል"
              },
              "Chatham": {
                "exemplarCity": "ቻታም"
              },
              "Easter": {
                "exemplarCity": "ደሴት ፋሲካ"
              },
              "Efate": {
                "exemplarCity": "ኤፋቴ"
              },
              "Enderbury": {
                "exemplarCity": "ኤንደርበሪ"
              },
              "Fakaofo": {
                "exemplarCity": "ፋካኦፎ"
              },
              "Fiji": {
                "exemplarCity": "ፊጂ"
              },
              "Funafuti": {
                "exemplarCity": "ፉናፉቲ"
              },
              "Galapagos": {
                "exemplarCity": "ጋላፓጎስ"
              },
              "Gambier": {
                "exemplarCity": "ጋምብየር"
              },
              "Guadalcanal": {
                "exemplarCity": "ጓዳልካናል"
              },
              "Guam": {
                "exemplarCity": "ጓም"
              },
              "Honolulu": {
                "exemplarCity": "ሆኖሉሉ"
              },
              "Johnston": {
                "exemplarCity": "ጆንስተን"
              },
              "Kanton": {
                "exemplarCity": "ካንቶን"
              },
              "Kiritimati": {
                "exemplarCity": "ኪሪቲማቲ"
              },
              "Kosrae": {
                "exemplarCity": "ኮስሬ"
              },
              "Kwajalein": {
                "exemplarCity": "ክዋጃሊን"
              },
              "Majuro": {
                "exemplarCity": "ማጁሮ"
              },
              "Marquesas": {
                "exemplarCity": "ማርኬሳስ"
              },
              "Midway": {
                "exemplarCity": "ሚድወይ"
              },
              "Nauru": {
                "exemplarCity": "ናውሩ"
              },
              "Niue": {
                "exemplarCity": "ኒዩ"
              },
              "Norfolk": {
                "exemplarCity": "ኖርፎልክ"
              },
              "Noumea": {
                "exemplarCity": "ኑመያ"
              },
              "Pago_Pago": {
                "exemplarCity": "ፓጎ ፓጎ"
              },
              "Palau": {
                "exemplarCity": "ፓላው"
              },
              "Pitcairn": {
                "exemplarCity": "ፒትከርን"
              },
              "Ponape": {
                "exemplarCity": "ፖንፐይ"
              },
              "Port_Moresby": {
                "exemplarCity": "ፖርት ሞርስቢ"
              },
              "Rarotonga": {
                "exemplarCity": "ራሮቶንጋ"
              },
              "Saipan": {
                "exemplarCity": "ሳይፓን"
              },
              "Tahiti": {
                "exemplarCity": "ታሂቲ"
              },
              "Tarawa": {
                "exemplarCity": "ታራዋ"
              },
              "Tongatapu": {
                "exemplarCity": "ቶንጋታፑ"
              },
              "Truk": {
                "exemplarCity": "ቹክ"
              },
              "Wake": {
                "exemplarCity": "ዌክ"
              },
              "Wallis": {
                "exemplarCity": "ዋሊስ"
              }
            },
            "Arctic": {
              "Longyearbyen": {
                "exemplarCity": "ሎንግየርባየን"
              }
            },
            "Antarctica": {
              "Casey": {
                "exemplarCity": "ከይዚ"
              },
              "Davis": {
                "exemplarCity": "ደቪስ"
              },
              "DumontDUrville": {
                "exemplarCity": "ዱሞንት ዲኡርቪል"
              },
              "Macquarie": {
                "exemplarCity": "ማኳሪ"
              },
              "Mawson": {
                "exemplarCity": "ማውሰን"
              },
              "McMurdo": {
                "exemplarCity": "ማክሙርዶ"
              },
              "Palmer": {
                "exemplarCity": "ፓልመር"
              },
              "Rothera": {
                "exemplarCity": "ሮዘራ"
              },
              "Syowa": {
                "exemplarCity": "ስዮዋ"
              },
              "Troll": {
                "exemplarCity": "ትሮል"
              },
              "Vostok": {
                "exemplarCity": "ቮስቶክ"
              }
            },
            "Etc": {
              "UTC": {
                "long": {
                  "standard": "ዝተሳነየ ኣድማሳዊ ግዜ"
                },
                "short": {
                  "standard": "UTC"
                }
              },
              "Unknown": {
                "exemplarCity": "ዘይተፈልጠ ከተማ"
              }
            }
          },
          "metazone": {
            "Acre": {
              "long": {
                "generic": "ግዜ ኣክሪ",
                "standard": "ምዱብ ግዜ ኣክሪ",
                "daylight": "ግዜ ክረምቲ ኣክሪ"
              }
            },
            "Africa_Central": {
              "long": {
                "standard": "ግዜ ማእከላይ ኣፍሪቃ"
              }
            },
            "Africa_Eastern": {
              "long": {
                "standard": "ግዜ ምብራቕ ኣፍሪቃ"
              }
            },
            "Africa_Southern": {
              "long": {
                "standard": "ግዜ ደቡብ ኣፍሪቃ"
              }
            },
            "Africa_Western": {
              "long": {
                "generic": "ግዜ ምዕራብ ኣፍሪቃ",
                "standard": "ምዱብ ግዜ ምዕራብ ኣፍሪቃ",
                "daylight": "ግዜ ክረምቲ ምዕራብ ኣፍሪቃ"
              }
            },
            "Alaska": {
              "long": {
                "generic": "ግዜ ኣላስካ",
                "standard": "ምዱብ ግዜ ኣላስካ",
                "daylight": "ግዜ ክረምቲ ኣላስካ"
              }
            },
            "Amazon": {
              "long": {
                "generic": "ግዜ ኣማዞን",
                "standard": "ምዱብ ግዜ ኣማዞን",
                "daylight": "ግዜ ክረምቲ ኣማዞን"
              }
            },
            "Argentina": {
              "long": {
                "generic": "ግዜ ኣርጀንቲና",
                "standard": "ምዱብ ግዜ ኣርጀንቲና",
                "daylight": "ግዜ ክረምቲ ኣርጀንቲና"
              }
            },
            "Azores": {
              "long": {
                "generic": "ግዜ ኣዞረስ",
                "standard": "ምዱብ ግዜ ኣዞረስ",
                "daylight": "ግዜ ክረምቲ ኣዞረስ"
              }
            },
            "Bolivia": {
              "long": {
                "standard": "ግዜ ቦሊቭያ"
              }
            },
            "Brasilia": {
              "long": {
                "generic": "ግዜ ብራዚልያ",
                "standard": "ምዱብ ግዜ ብራዚልያ",
                "daylight": "ግዜ ክረምቲ ብራዚልያ"
              }
            },
            "Cape_Verde": {
              "long": {
                "generic": "ግዜ ኬፕ ቨርደ",
                "standard": "ምዱብ ግዜ ኬፕ ቨርደ",
                "daylight": "ግዜ ክረምቲ ኬፕ ቨርደ"
              }
            },
            "Chile": {
              "long": {
                "generic": "ግዜ ቺሌ",
                "standard": "ምዱብ ግዜ ቺሌ",
                "daylight": "ግዜ ክረምቲ ቺሌ"
              }
            },
            "Colombia": {
              "long": {
                "generic": "ግዜ ኮሎምብያ",
                "standard": "ምዱብ ግዜ ኮሎምብያ",
                "daylight": "ግዜ ክረምቲ ኮሎምብያ"
              }
            },
            "Easter": {
              "long": {
                "generic": "ግዜ ደሴት ፋሲካ",
                "standard": "ምዱብ ግዜ ደሴት ፋሲካ",
                "daylight": "ግዜ ክረምቲ ደሴት ፋሲካ"
              }
            },
            "Ecuador": {
              "long": {
                "standard": "ግዜ ኤኳዶር"
              }
            },
            "Europe_Central": {
              "long": {
                "generic": "ግዜ ማእከላይ ኤውሮጳ",
                "standard": "ምዱብ ግዜ ማእከላይ ኤውሮጳ",
                "daylight": "ግዜ ክረምቲ ኤውሮጳ"
              }
            },
            "Europe_Eastern": {
              "long": {
                "generic": "ግዜ ምብራቕ ኤውሮጳ",
                "standard": "ምዱብ ግዜ ምብራቕ ኤውሮጳ",
                "daylight": "ግዜ ክረምቲ ምብራቕ ኤውሮጳ"
              }
            },
            "Falkland": {
              "long": {
                "generic": "ግዜ ደሴታት ፎክላንድ",
                "standard": "ምዱብ ግዜ ደሴታት ፎክላንድ",
                "daylight": "ግዜ ከረምቲ ደሴታት ፎክላንድ"
              }
            },
            "French_Guiana": {
              "long": {
                "standard": "ግዜ ፈረንሳዊት ጊያና"
              }
            },
            "French_Southern": {
              "long": {
                "standard": "ግዜ ፈረንሳዊ ደቡባዊ ግዝኣታትን ኣንታርቲክን"
              }
            },
            "Galapagos": {
              "long": {
                "standard": "ግዜ ጋላፓጎስ"
              }
            },
            "GMT": {
              "long": {
                "standard": "GMT"
              }
            },
            "Guyana": {
              "long": {
                "standard": "ግዜ ጉያና"
              }
            },
            "Indian_Ocean": {
              "long": {
                "standard": "ግዜ ህንዳዊ ውቅያኖስ"
              }
            },
            "Indonesia_Central": {
              "long": {
                "standard": "ግዜ ማእከላይ ኢንዶነዥያ"
              }
            },
            "Indonesia_Eastern": {
              "long": {
                "standard": "ግዜ ምብራቓዊ ኢንዶነዥያ"
              }
            },
            "Indonesia_Western": {
              "long": {
                "standard": "ግዜ ምዕራባዊ ኢንዶነዥያ"
              }
            },
            "Malaysia": {
              "long": {
                "standard": "ግዜ ማለዥያ"
              }
            },
            "Mauritius": {
              "long": {
                "generic": "ግዜ ማውሪሸስ",
                "standard": "ምዱብ ግዜ ማውሪሸስ",
                "daylight": "ግዜ ክረምቲ ማውሪሸስ"
              }
            },
            "Noronha": {
              "long": {
                "generic": "ግዜ ፈርናንዶ ደ ኖሮንያ",
                "standard": "ምዱብ ግዜ ፈርናንዶ ደ ኖሮንያ",
                "daylight": "ግዜ ክረምቲ ፈርናንዶ ደ ኖሮንያ"
              }
            },
            "Paraguay": {
              "long": {
                "generic": "ግዜ ፓራጓይ",
                "standard": "ምዱብ ግዜ ፓራጓይ",
                "daylight": "ግዜ ክረምቲ ፓራጓይ"
              }
            },
            "Peru": {
              "long": {
                "generic": "ግዜ ፔሩ",
                "standard": "ምዱብ ግዜ ፔሩ",
                "daylight": "ግዜ ክረምቲ ፔሩ"
              }
            },
            "Reunion": {
              "long": {
                "standard": "ግዜ ርዩንየን"
              }
            },
            "Seychelles": {
              "long": {
                "standard": "ግዜ ሲሸልስ"
              }
            },
            "Singapore": {
              "long": {
                "standard": "ግዜ ሲንጋፖር"
              }
            },
            "South_Georgia": {
              "long": {
                "standard": "ግዜ ደቡብ ጆርጅያ"
              }
            },
            "Suriname": {
              "long": {
                "standard": "ግዜ ሱሪናም"
              }
            },
            "Uruguay": {
              "long": {
                "generic": "ግዜ ኡራጓይ",
                "standard": "ምዱብ ግዜ ኡራጓይ",
                "daylight": "ግዜ ክረምቲ ኡራጓይ"
              }
            },
            "Venezuela": {
              "long": {
                "standard": "ግዜ ቬኔዝዌላ"
              }
            }
          }
        }
      }
    }
  }
}
