{
  "main": {
    "qu-EC": {
      "identity": {
        "version": {
          "_cldrVersion": "42"
        },
        "language": "qu",
        "territory": "EC"
      },
      "dates": {
        "timeZoneNames": {
          "hourFormat": "+HH:mm;-HH:mm",
          "gmtFormat": "GMT{0}",
          "gmtZeroFormat": "GMT",
          "regionFormat": "{0}",
          "regionFormat-type-daylight": "{0} (+1)",
          "regionFormat-type-standard": "{0} (+0)",
          "fallbackFormat": "{1} ({0})",
          "zone": {
            "America": {
              "Adak": {
                "exemplarCity": "Adak"
              },
              "Anchorage": {
                "exemplarCity": "Anchorage"
              },
              "Anguilla": {
                "exemplarCity": "Anguila"
              },
              "Antigua": {
                "exemplarCity": "Antigua"
              },
              "Araguaina": {
                "exemplarCity": "Araguaina"
              },
              "Argentina": {
                "Rio_Gallegos": {
                  "exemplarCity": "Rio Gallegos"
                },
                "San_Juan": {
                  "exemplarCity": "San Juan"
                },
                "Ushuaia": {
                  "exemplarCity": "Ushuaia"
                },
                "La_Rioja": {
                  "exemplarCity": "La Rioja"
                },
                "San_Luis": {
                  "exemplarCity": "San Luis"
                },
                "Salta": {
                  "exemplarCity": "Salta"
                },
                "Tucuman": {
                  "exemplarCity": "Tucuman"
                }
              },
              "Aruba": {
                "exemplarCity": "Aruba"
              },
              "Asuncion": {
                "exemplarCity": "Asuncion"
              },
              "Bahia": {
                "exemplarCity": "Bahia"
              },
              "Bahia_Banderas": {
                "exemplarCity": "Bahia Banderas"
              },
              "Barbados": {
                "exemplarCity": "Barbados"
              },
              "Belem": {
                "exemplarCity": "Belem"
              },
              "Belize": {
                "exemplarCity": "Belice"
              },
              "Blanc-Sablon": {
                "exemplarCity": "Blanc-Sablon"
              },
              "Boa_Vista": {
                "exemplarCity": "Boa Vista"
              },
              "Bogota": {
                "exemplarCity": "Bogota"
              },
              "Boise": {
                "exemplarCity": "Boise"
              },
              "Buenos_Aires": {
                "exemplarCity": "Buenos Aires"
              },
              "Cambridge_Bay": {
                "exemplarCity": "Cambridge Bay"
              },
              "Campo_Grande": {
                "exemplarCity": "Campo Grande"
              },
              "Cancun": {
                "exemplarCity": "Cancun"
              },
              "Caracas": {
                "exemplarCity": "Caracas"
              },
              "Catamarca": {
                "exemplarCity": "Catamarca"
              },
              "Cayenne": {
                "exemplarCity": "Cayenne"
              },
              "Cayman": {
                "exemplarCity": "Cayman"
              },
              "Chicago": {
                "exemplarCity": "Chicago"
              },
              "Chihuahua": {
                "exemplarCity": "Chihuahua"
              },
              "Coral_Harbour": {
                "exemplarCity": "Atikokan"
              },
              "Cordoba": {
                "exemplarCity": "Cordoba"
              },
              "Costa_Rica": {
                "exemplarCity": "Costa Rica"
              },
              "Creston": {
                "exemplarCity": "Creston"
              },
              "Cuiaba": {
                "exemplarCity": "Cuiaba"
              },
              "Curacao": {
                "exemplarCity": "Curazao"
              },
              "Danmarkshavn": {
                "exemplarCity": "Danmarkshavn"
              },
              "Dawson": {
                "exemplarCity": "Dawson"
              },
              "Dawson_Creek": {
                "exemplarCity": "Dawson Creek"
              },
              "Denver": {
                "exemplarCity": "Denver"
              },
              "Detroit": {
                "exemplarCity": "Detroit"
              },
              "Dominica": {
                "exemplarCity": "Dominica"
              },
              "Edmonton": {
                "exemplarCity": "Edmonton"
              },
              "Eirunepe": {
                "exemplarCity": "Eirunepe"
              },
              "El_Salvador": {
                "exemplarCity": "El Salvador"
              },
              "Fort_Nelson": {
                "exemplarCity": "Fort Nelson"
              },
              "Fortaleza": {
                "exemplarCity": "Fortaleza"
              },
              "Glace_Bay": {
                "exemplarCity": "Glace Bay"
              },
              "Godthab": {
                "exemplarCity": "Nuuk"
              },
              "Goose_Bay": {
                "exemplarCity": "Goose Bay"
              },
              "Grand_Turk": {
                "exemplarCity": "Grand Turk"
              },
              "Grenada": {
                "exemplarCity": "Granada"
              },
              "Guadeloupe": {
                "exemplarCity": "Guadalupe"
              },
              "Guatemala": {
                "exemplarCity": "Guatemala"
              },
              "Guayaquil": {
                "exemplarCity": "Guayaquil"
              },
              "Guyana": {
                "exemplarCity": "Guyana"
              },
              "Halifax": {
                "exemplarCity": "Halifax"
              },
              "Havana": {
                "exemplarCity": "La Habana"
              },
              "Hermosillo": {
                "exemplarCity": "Hermosillo"
              },
              "Indiana": {
                "Vincennes": {
                  "exemplarCity": "Vincennes, Indiana"
                },
                "Petersburg": {
                  "exemplarCity": "Petersburg, Indiana"
                },
                "Tell_City": {
                  "exemplarCity": "Tell City, Indiana"
                },
                "Knox": {
                  "exemplarCity": "Knox, Indiana"
                },
                "Winamac": {
                  "exemplarCity": "Winamac, Indiana"
                },
                "Marengo": {
                  "exemplarCity": "Marengo, Indiana"
                },
                "Vevay": {
                  "exemplarCity": "Vevay, Indiana"
                }
              },
              "Indianapolis": {
                "exemplarCity": "Indianapolis"
              },
              "Inuvik": {
                "exemplarCity": "Inuvik"
              },
              "Iqaluit": {
                "exemplarCity": "Iqaluit"
              },
              "Jamaica": {
                "exemplarCity": "Jamaica"
              },
              "Jujuy": {
                "exemplarCity": "Jujuy"
              },
              "Juneau": {
                "exemplarCity": "Juneau"
              },
              "Kentucky": {
                "Monticello": {
                  "exemplarCity": "Monticello, Kentucky"
                }
              },
              "Kralendijk": {
                "exemplarCity": "Kralendijk"
              },
              "La_Paz": {
                "exemplarCity": "La Paz"
              },
              "Lima": {
                "exemplarCity": "Lima"
              },
              "Los_Angeles": {
                "exemplarCity": "Los Angeles"
              },
              "Louisville": {
                "exemplarCity": "Louisville"
              },
              "Lower_Princes": {
                "exemplarCity": "Lower Prince’s Quarter"
              },
              "Maceio": {
                "exemplarCity": "Maceio"
              },
              "Managua": {
                "exemplarCity": "Managua"
              },
              "Manaus": {
                "exemplarCity": "Manaus"
              },
              "Marigot": {
                "exemplarCity": "Marigot"
              },
              "Martinique": {
                "exemplarCity": "Martinica"
              },
              "Matamoros": {
                "exemplarCity": "Matamoros"
              },
              "Mazatlan": {
                "exemplarCity": "Mazatlan"
              },
              "Mendoza": {
                "exemplarCity": "Mendoza"
              },
              "Menominee": {
                "exemplarCity": "Menominee"
              },
              "Merida": {
                "exemplarCity": "Merida"
              },
              "Metlakatla": {
                "exemplarCity": "Metlakatla"
              },
              "Mexico_City": {
                "exemplarCity": "Ciudad de Mexico"
              },
              "Miquelon": {
                "exemplarCity": "Miquelon"
              },
              "Moncton": {
                "exemplarCity": "Moncton"
              },
              "Monterrey": {
                "exemplarCity": "Monterrey"
              },
              "Montevideo": {
                "exemplarCity": "Montevideo"
              },
              "Montserrat": {
                "exemplarCity": "Montserrat"
              },
              "Nassau": {
                "exemplarCity": "Nassau"
              },
              "New_York": {
                "exemplarCity": "New York"
              },
              "Nipigon": {
                "exemplarCity": "Nipigon"
              },
              "Nome": {
                "exemplarCity": "Nome"
              },
              "Noronha": {
                "exemplarCity": "Noronha"
              },
              "North_Dakota": {
                "Beulah": {
                  "exemplarCity": "Beulah, North Dakota"
                },
                "New_Salem": {
                  "exemplarCity": "New Salem, North Dakota"
                },
                "Center": {
                  "exemplarCity": "Center, North Dakota"
                }
              },
              "Ojinaga": {
                "exemplarCity": "Ojinaga"
              },
              "Panama": {
                "exemplarCity": "Panama"
              },
              "Pangnirtung": {
                "exemplarCity": "Pangnirtung"
              },
              "Paramaribo": {
                "exemplarCity": "Paramaribo"
              },
              "Phoenix": {
                "exemplarCity": "Phoenix"
              },
              "Port-au-Prince": {
                "exemplarCity": "Puerto Príncipe"
              },
              "Port_of_Spain": {
                "exemplarCity": "Puerto España"
              },
              "Porto_Velho": {
                "exemplarCity": "Porto Velho"
              },
              "Puerto_Rico": {
                "exemplarCity": "Puerto Rico"
              },
              "Punta_Arenas": {
                "exemplarCity": "Punta Arenas"
              },
              "Rainy_River": {
                "exemplarCity": "Rainy River"
              },
              "Rankin_Inlet": {
                "exemplarCity": "Rankin Inlet"
              },
              "Recife": {
                "exemplarCity": "Recife"
              },
              "Regina": {
                "exemplarCity": "Regina"
              },
              "Resolute": {
                "exemplarCity": "Resolute"
              },
              "Rio_Branco": {
                "exemplarCity": "Rio Branco"
              },
              "Santarem": {
                "exemplarCity": "Santarem"
              },
              "Santiago": {
                "exemplarCity": "Santiago"
              },
              "Santo_Domingo": {
                "exemplarCity": "Santo Domingo"
              },
              "Sao_Paulo": {
                "exemplarCity": "Sao Paulo"
              },
              "Scoresbysund": {
                "exemplarCity": "Ittoqqortoormiit"
              },
              "Sitka": {
                "exemplarCity": "Sitka"
              },
              "St_Barthelemy": {
                "exemplarCity": "San Bartolomé"
              },
              "St_Johns": {
                "exemplarCity": "San Juan de Terranova"
              },
              "St_Kitts": {
                "exemplarCity": "San Cristobal"
              },
              "St_Lucia": {
                "exemplarCity": "Santa Lucia"
              },
              "St_Thomas": {
                "exemplarCity": "Santo Tomas"
              },
              "St_Vincent": {
                "exemplarCity": "San Vicente"
              },
              "Swift_Current": {
                "exemplarCity": "Swift Current"
              },
              "Tegucigalpa": {
                "exemplarCity": "Tegucigalpa"
              },
              "Thule": {
                "exemplarCity": "Thule"
              },
              "Thunder_Bay": {
                "exemplarCity": "Thunder Bay"
              },
              "Tijuana": {
                "exemplarCity": "Tijuana"
              },
              "Toronto": {
                "exemplarCity": "Toronto"
              },
              "Tortola": {
                "exemplarCity": "Tortola"
              },
              "Vancouver": {
                "exemplarCity": "Vancouver"
              },
              "Whitehorse": {
                "exemplarCity": "Whitehorse"
              },
              "Winnipeg": {
                "exemplarCity": "Winnipeg"
              },
              "Yakutat": {
                "exemplarCity": "Yakutat"
              },
              "Yellowknife": {
                "exemplarCity": "Yellowknife"
              }
            },
            "Atlantic": {
              "Azores": {
                "exemplarCity": "Azores"
              },
              "Bermuda": {
                "exemplarCity": "Bermuda"
              },
              "Canary": {
                "exemplarCity": "Canarias"
              },
              "Cape_Verde": {
                "exemplarCity": "Cabo Verde"
              },
              "Faeroe": {
                "exemplarCity": "Faroe"
              },
              "Madeira": {
                "exemplarCity": "Madeira"
              },
              "Reykjavik": {
                "exemplarCity": "Reykjavik"
              },
              "South_Georgia": {
                "exemplarCity": "Georgia del Sur"
              },
              "St_Helena": {
                "exemplarCity": "Santa Elena"
              },
              "Stanley": {
                "exemplarCity": "Stanley"
              }
            },
            "Europe": {
              "Amsterdam": {
                "exemplarCity": "Amsterdam"
              },
              "Andorra": {
                "exemplarCity": "Andorra"
              },
              "Astrakhan": {
                "exemplarCity": "Astrakhan"
              },
              "Athens": {
                "exemplarCity": "Athens"
              },
              "Belgrade": {
                "exemplarCity": "Belgrade"
              },
              "Berlin": {
                "exemplarCity": "Berlin"
              },
              "Bratislava": {
                "exemplarCity": "Bratislava"
              },
              "Brussels": {
                "exemplarCity": "Bruselas"
              },
              "Bucharest": {
                "exemplarCity": "Bucarest"
              },
              "Budapest": {
                "exemplarCity": "Budapest"
              },
              "Busingen": {
                "exemplarCity": "Busingen"
              },
              "Chisinau": {
                "exemplarCity": "Chisinau"
              },
              "Copenhagen": {
                "exemplarCity": "Copenhague"
              },
              "Dublin": {
                "long": {
                  "daylight": "Hora Estandar de Irlanda"
                },
                "exemplarCity": "Dublin"
              },
              "Gibraltar": {
                "exemplarCity": "Gibraltar"
              },
              "Guernsey": {
                "exemplarCity": "Guernsey"
              },
              "Helsinki": {
                "exemplarCity": "Helsinki"
              },
              "Isle_of_Man": {
                "exemplarCity": "Isla de Man"
              },
              "Istanbul": {
                "exemplarCity": "Estambul"
              },
              "Jersey": {
                "exemplarCity": "Jersey"
              },
              "Kaliningrad": {
                "exemplarCity": "Kaliningrado"
              },
              "Kiev": {
                "exemplarCity": "Kiev"
              },
              "Kirov": {
                "exemplarCity": "Kirov"
              },
              "Lisbon": {
                "exemplarCity": "Lisboa"
              },
              "Ljubljana": {
                "exemplarCity": "Liubliana"
              },
              "London": {
                "long": {
                  "daylight": "Hora de Verano Británico"
                },
                "exemplarCity": "Londres"
              },
              "Luxembourg": {
                "exemplarCity": "Luxemburgo"
              },
              "Madrid": {
                "exemplarCity": "Madrid"
              },
              "Malta": {
                "exemplarCity": "Malta"
              },
              "Mariehamn": {
                "exemplarCity": "Mariehamn"
              },
              "Minsk": {
                "exemplarCity": "Minsk"
              },
              "Monaco": {
                "exemplarCity": "Monaco"
              },
              "Moscow": {
                "exemplarCity": "Moscú"
              },
              "Oslo": {
                "exemplarCity": "Oslo"
              },
              "Paris": {
                "exemplarCity": "Paris"
              },
              "Podgorica": {
                "exemplarCity": "Podgorica"
              },
              "Prague": {
                "exemplarCity": "Praga"
              },
              "Riga": {
                "exemplarCity": "Riga"
              },
              "Rome": {
                "exemplarCity": "Roma"
              },
              "Samara": {
                "exemplarCity": "Samara"
              },
              "San_Marino": {
                "exemplarCity": "San Marino"
              },
              "Sarajevo": {
                "exemplarCity": "Sarajevo"
              },
              "Saratov": {
                "exemplarCity": "Saratov"
              },
              "Simferopol": {
                "exemplarCity": "Simferopol"
              },
              "Skopje": {
                "exemplarCity": "Skopje"
              },
              "Sofia": {
                "exemplarCity": "Sofia"
              },
              "Stockholm": {
                "exemplarCity": "Estocolmo"
              },
              "Tallinn": {
                "exemplarCity": "Tallinn"
              },
              "Tirane": {
                "exemplarCity": "Tirana"
              },
              "Ulyanovsk": {
                "exemplarCity": "Ulyanovsk"
              },
              "Uzhgorod": {
                "exemplarCity": "Uzhgorod"
              },
              "Vaduz": {
                "exemplarCity": "Vaduz"
              },
              "Vatican": {
                "exemplarCity": "El Vaticano"
              },
              "Vienna": {
                "exemplarCity": "Viena"
              },
              "Vilnius": {
                "exemplarCity": "Vilnius"
              },
              "Volgograd": {
                "exemplarCity": "Volgogrado"
              },
              "Warsaw": {
                "exemplarCity": "Varsovia"
              },
              "Zagreb": {
                "exemplarCity": "Zagreb"
              },
              "Zaporozhye": {
                "exemplarCity": "Zaporozhye"
              },
              "Zurich": {
                "exemplarCity": "Zurich"
              }
            },
            "Africa": {
              "Abidjan": {
                "exemplarCity": "Abiyán"
              },
              "Accra": {
                "exemplarCity": "Acra"
              },
              "Addis_Ababa": {
                "exemplarCity": "Adís Abeba"
              },
              "Algiers": {
                "exemplarCity": "Argel"
              },
              "Asmera": {
                "exemplarCity": "Asmara"
              },
              "Bamako": {
                "exemplarCity": "Bamako"
              },
              "Bangui": {
                "exemplarCity": "Bangui"
              },
              "Banjul": {
                "exemplarCity": "Banjul"
              },
              "Bissau": {
                "exemplarCity": "Bissau"
              },
              "Blantyre": {
                "exemplarCity": "Blantyre"
              },
              "Brazzaville": {
                "exemplarCity": "Brazzaville"
              },
              "Bujumbura": {
                "exemplarCity": "Bujumbura"
              },
              "Cairo": {
                "exemplarCity": "El Cairo"
              },
              "Casablanca": {
                "exemplarCity": "Casablanca"
              },
              "Ceuta": {
                "exemplarCity": "Ceuta"
              },
              "Conakry": {
                "exemplarCity": "Conakry"
              },
              "Dakar": {
                "exemplarCity": "Dakar"
              },
              "Dar_es_Salaam": {
                "exemplarCity": "Dar es Salaam"
              },
              "Djibouti": {
                "exemplarCity": "Yibuti"
              },
              "Douala": {
                "exemplarCity": "Duala"
              },
              "El_Aaiun": {
                "exemplarCity": "El Aaiun"
              },
              "Freetown": {
                "exemplarCity": "Freetown"
              },
              "Gaborone": {
                "exemplarCity": "Gaborone"
              },
              "Harare": {
                "exemplarCity": "Harare"
              },
              "Johannesburg": {
                "exemplarCity": "Johannesburgo"
              },
              "Juba": {
                "exemplarCity": "Juba"
              },
              "Kampala": {
                "exemplarCity": "Kampala"
              },
              "Khartoum": {
                "exemplarCity": "Jartum"
              },
              "Kigali": {
                "exemplarCity": "Kigali"
              },
              "Kinshasa": {
                "exemplarCity": "Kinshasa"
              },
              "Lagos": {
                "exemplarCity": "Lagos"
              },
              "Libreville": {
                "exemplarCity": "Libreville"
              },
              "Lome": {
                "exemplarCity": "Lome"
              },
              "Luanda": {
                "exemplarCity": "Luanda"
              },
              "Lubumbashi": {
                "exemplarCity": "Lubumbashi"
              },
              "Lusaka": {
                "exemplarCity": "Lusaka"
              },
              "Malabo": {
                "exemplarCity": "Malabo"
              },
              "Maputo": {
                "exemplarCity": "Maputo"
              },
              "Maseru": {
                "exemplarCity": "Maseru"
              },
              "Mbabane": {
                "exemplarCity": "Mbabane"
              },
              "Mogadishu": {
                "exemplarCity": "Mogadiscio"
              },
              "Monrovia": {
                "exemplarCity": "Monrovia"
              },
              "Nairobi": {
                "exemplarCity": "Nairobi"
              },
              "Ndjamena": {
                "exemplarCity": "Ndjamena"
              },
              "Niamey": {
                "exemplarCity": "Niamey"
              },
              "Nouakchott": {
                "exemplarCity": "Nouakchott"
              },
              "Ouagadougou": {
                "exemplarCity": "Ouagadougou"
              },
              "Porto-Novo": {
                "exemplarCity": "Porto-Novo"
              },
              "Sao_Tome": {
                "exemplarCity": "Sao Tome"
              },
              "Tripoli": {
                "exemplarCity": "Tripoli"
              },
              "Tunis": {
                "exemplarCity": "Tunez"
              },
              "Windhoek": {
                "exemplarCity": "Windhoek"
              }
            },
            "Asia": {
              "Aden": {
                "exemplarCity": "Aden"
              },
              "Almaty": {
                "exemplarCity": "Almaty"
              },
              "Amman": {
                "exemplarCity": "Amán"
              },
              "Anadyr": {
                "exemplarCity": "Anadyr"
              },
              "Aqtau": {
                "exemplarCity": "Aktau"
              },
              "Aqtobe": {
                "exemplarCity": "Aktobe"
              },
              "Ashgabat": {
                "exemplarCity": "Asjabad"
              },
              "Atyrau": {
                "exemplarCity": "Atyrau"
              },
              "Baghdad": {
                "exemplarCity": "Bagdad"
              },
              "Bahrain": {
                "exemplarCity": "Baréin"
              },
              "Baku": {
                "exemplarCity": "Baku"
              },
              "Bangkok": {
                "exemplarCity": "Bangkok"
              },
              "Barnaul": {
                "exemplarCity": "Barnaul"
              },
              "Beirut": {
                "exemplarCity": "Beirut"
              },
              "Bishkek": {
                "exemplarCity": "Bishkek"
              },
              "Brunei": {
                "exemplarCity": "Brunei"
              },
              "Calcutta": {
                "exemplarCity": "Kolkata"
              },
              "Chita": {
                "exemplarCity": "Chita"
              },
              "Choibalsan": {
                "exemplarCity": "Choibalsan"
              },
              "Colombo": {
                "exemplarCity": "Colombo"
              },
              "Damascus": {
                "exemplarCity": "Damasco"
              },
              "Dhaka": {
                "exemplarCity": "Dhaka"
              },
              "Dili": {
                "exemplarCity": "Dili"
              },
              "Dubai": {
                "exemplarCity": "Dubai"
              },
              "Dushanbe": {
                "exemplarCity": "Dusambé"
              },
              "Famagusta": {
                "exemplarCity": "Famagusta"
              },
              "Gaza": {
                "exemplarCity": "Gaza"
              },
              "Hebron": {
                "exemplarCity": "Hebron"
              },
              "Hong_Kong": {
                "exemplarCity": "Hong Kong"
              },
              "Hovd": {
                "exemplarCity": "Hovd"
              },
              "Irkutsk": {
                "exemplarCity": "Irkutsk"
              },
              "Jakarta": {
                "exemplarCity": "Yakarta"
              },
              "Jayapura": {
                "exemplarCity": "Jayapura"
              },
              "Jerusalem": {
                "exemplarCity": "Jerusalem"
              },
              "Kabul": {
                "exemplarCity": "Kabul"
              },
              "Kamchatka": {
                "exemplarCity": "Kamchatka"
              },
              "Karachi": {
                "exemplarCity": "Karachi"
              },
              "Katmandu": {
                "exemplarCity": "Katmandú"
              },
              "Khandyga": {
                "exemplarCity": "Khandyga"
              },
              "Krasnoyarsk": {
                "exemplarCity": "Krasnoyarsk"
              },
              "Kuala_Lumpur": {
                "exemplarCity": "Kuala Lumpur"
              },
              "Kuching": {
                "exemplarCity": "Kuching"
              },
              "Kuwait": {
                "exemplarCity": "Kuwait"
              },
              "Macau": {
                "exemplarCity": "Macao"
              },
              "Magadan": {
                "exemplarCity": "Magadan"
              },
              "Makassar": {
                "exemplarCity": "Macasar"
              },
              "Manila": {
                "exemplarCity": "Manila"
              },
              "Muscat": {
                "exemplarCity": "Mascate"
              },
              "Nicosia": {
                "exemplarCity": "Nicosia"
              },
              "Novokuznetsk": {
                "exemplarCity": "Novokuznetsk"
              },
              "Novosibirsk": {
                "exemplarCity": "Novosibirsk"
              },
              "Omsk": {
                "exemplarCity": "Omsk"
              },
              "Oral": {
                "exemplarCity": "Oral"
              },
              "Phnom_Penh": {
                "exemplarCity": "Phnom Penh"
              },
              "Pontianak": {
                "exemplarCity": "Pontianak"
              },
              "Pyongyang": {
                "exemplarCity": "Pionyang"
              },
              "Qatar": {
                "exemplarCity": "Catar"
              },
              "Qostanay": {
                "exemplarCity": "Kostanái"
              },
              "Qyzylorda": {
                "exemplarCity": "Kyzylorda"
              },
              "Rangoon": {
                "exemplarCity": "Rangún"
              },
              "Riyadh": {
                "exemplarCity": "Riad"
              },
              "Saigon": {
                "exemplarCity": "Ho Chi Minh"
              },
              "Sakhalin": {
                "exemplarCity": "Sakhalin"
              },
              "Samarkand": {
                "exemplarCity": "Samarcanda"
              },
              "Seoul": {
                "exemplarCity": "Seúl"
              },
              "Shanghai": {
                "exemplarCity": "Shangái"
              },
              "Singapore": {
                "exemplarCity": "Singapur"
              },
              "Srednekolymsk": {
                "exemplarCity": "Srednekolymsk"
              },
              "Taipei": {
                "exemplarCity": "Taipei"
              },
              "Tashkent": {
                "exemplarCity": "Taskent"
              },
              "Tbilisi": {
                "exemplarCity": "Tiflis"
              },
              "Tehran": {
                "exemplarCity": "Teherán"
              },
              "Thimphu": {
                "exemplarCity": "Thimphu"
              },
              "Tokyo": {
                "exemplarCity": "Tokio"
              },
              "Tomsk": {
                "exemplarCity": "Tomsk"
              },
              "Ulaanbaatar": {
                "exemplarCity": "Ulan Bator"
              },
              "Urumqi": {
                "exemplarCity": "Urumqi"
              },
              "Ust-Nera": {
                "exemplarCity": "Ust-Nera"
              },
              "Vientiane": {
                "exemplarCity": "Vientiane"
              },
              "Vladivostok": {
                "exemplarCity": "Vladivostok"
              },
              "Yakutsk": {
                "exemplarCity": "Yakutsk"
              },
              "Yekaterinburg": {
                "exemplarCity": "Ekaterinburgo"
              },
              "Yerevan": {
                "exemplarCity": "Ereván"
              }
            },
            "Indian": {
              "Antananarivo": {
                "exemplarCity": "Antananarivo"
              },
              "Chagos": {
                "exemplarCity": "Chagos"
              },
              "Christmas": {
                "exemplarCity": "Christmas"
              },
              "Cocos": {
                "exemplarCity": "Cocos"
              },
              "Comoro": {
                "exemplarCity": "Comoro"
              },
              "Kerguelen": {
                "exemplarCity": "Kerguelen"
              },
              "Mahe": {
                "exemplarCity": "Mahe"
              },
              "Maldives": {
                "exemplarCity": "Maldivas"
              },
              "Mauritius": {
                "exemplarCity": "Mauritius"
              },
              "Mayotte": {
                "exemplarCity": "Mayotte"
              },
              "Reunion": {
                "exemplarCity": "Reunion"
              }
            },
            "Australia": {
              "Adelaide": {
                "exemplarCity": "Adelaida"
              },
              "Brisbane": {
                "exemplarCity": "Brisbane"
              },
              "Broken_Hill": {
                "exemplarCity": "Broken Hill"
              },
              "Currie": {
                "exemplarCity": "Currie"
              },
              "Darwin": {
                "exemplarCity": "Darwin"
              },
              "Eucla": {
                "exemplarCity": "Eucla"
              },
              "Hobart": {
                "exemplarCity": "Hobart"
              },
              "Lindeman": {
                "exemplarCity": "Lindeman"
              },
              "Lord_Howe": {
                "exemplarCity": "Lord Howe"
              },
              "Melbourne": {
                "exemplarCity": "Melbourne"
              },
              "Perth": {
                "exemplarCity": "Perth"
              },
              "Sydney": {
                "exemplarCity": "Sidney"
              }
            },
            "Pacific": {
              "Apia": {
                "exemplarCity": "Apia"
              },
              "Auckland": {
                "exemplarCity": "Auckland"
              },
              "Bougainville": {
                "exemplarCity": "Bougainville"
              },
              "Chatham": {
                "exemplarCity": "Chatham"
              },
              "Easter": {
                "exemplarCity": "Easter"
              },
              "Efate": {
                "exemplarCity": "Efate"
              },
              "Enderbury": {
                "exemplarCity": "Enderbury"
              },
              "Fakaofo": {
                "exemplarCity": "Fakaofo"
              },
              "Fiji": {
                "exemplarCity": "Fiji"
              },
              "Funafuti": {
                "exemplarCity": "Funafuti"
              },
              "Galapagos": {
                "exemplarCity": "Galapagos"
              },
              "Gambier": {
                "exemplarCity": "Gambier"
              },
              "Guadalcanal": {
                "exemplarCity": "Guadalcanal"
              },
              "Guam": {
                "exemplarCity": "Guam"
              },
              "Honolulu": {
                "exemplarCity": "Honolulu"
              },
              "Johnston": {
                "exemplarCity": "Johnston"
              },
              "Kanton": {
                "exemplarCity": "Kanton"
              },
              "Kiritimati": {
                "exemplarCity": "Kiritimati"
              },
              "Kosrae": {
                "exemplarCity": "Kosrae"
              },
              "Kwajalein": {
                "exemplarCity": "Kwajalein"
              },
              "Majuro": {
                "exemplarCity": "Majuro"
              },
              "Marquesas": {
                "exemplarCity": "Marquesas"
              },
              "Midway": {
                "exemplarCity": "Midway"
              },
              "Nauru": {
                "exemplarCity": "Nauru"
              },
              "Niue": {
                "exemplarCity": "Niue"
              },
              "Norfolk": {
                "exemplarCity": "Norfolk"
              },
              "Noumea": {
                "exemplarCity": "Noumea"
              },
              "Pago_Pago": {
                "exemplarCity": "Pago Pago"
              },
              "Palau": {
                "exemplarCity": "Palau"
              },
              "Pitcairn": {
                "exemplarCity": "Pitcairn"
              },
              "Ponape": {
                "exemplarCity": "Pohnpei"
              },
              "Port_Moresby": {
                "exemplarCity": "Port Moresby"
              },
              "Rarotonga": {
                "exemplarCity": "Rarotonga"
              },
              "Saipan": {
                "exemplarCity": "Saipan"
              },
              "Tahiti": {
                "exemplarCity": "Tahiti"
              },
              "Tarawa": {
                "exemplarCity": "Tarawa"
              },
              "Tongatapu": {
                "exemplarCity": "Tongatapu"
              },
              "Truk": {
                "exemplarCity": "Chuuk"
              },
              "Wake": {
                "exemplarCity": "Wake"
              },
              "Wallis": {
                "exemplarCity": "Wallis"
              }
            },
            "Arctic": {
              "Longyearbyen": {
                "exemplarCity": "Longyearbyen"
              }
            },
            "Antarctica": {
              "Casey": {
                "exemplarCity": "Casey"
              },
              "Davis": {
                "exemplarCity": "Davis"
              },
              "DumontDUrville": {
                "exemplarCity": "Dumont d’Urville"
              },
              "Macquarie": {
                "exemplarCity": "Macquarie"
              },
              "Mawson": {
                "exemplarCity": "Mawson"
              },
              "McMurdo": {
                "exemplarCity": "McMurdo"
              },
              "Palmer": {
                "exemplarCity": "Palmer"
              },
              "Rothera": {
                "exemplarCity": "Rothera"
              },
              "Syowa": {
                "exemplarCity": "Syowa"
              },
              "Troll": {
                "exemplarCity": "Troll"
              },
              "Vostok": {
                "exemplarCity": "Vostok"
              }
            },
            "Etc": {
              "UTC": {
                "long": {
                  "standard": "Tiqsimuyuntin Tupachisqa Hora"
                },
                "short": {
                  "standard": "UTC"
                }
              },
              "Unknown": {
                "exemplarCity": "Mana risisqa llaqta"
              }
            }
          },
          "metazone": {
            "Afghanistan": {
              "long": {
                "standard": "Hora de Afganistán"
              }
            },
            "Africa_Central": {
              "long": {
                "standard": "Hora de Africa Central"
              }
            },
            "Africa_Eastern": {
              "long": {
                "standard": "Hora de Africa Oriental"
              }
            },
            "Africa_Southern": {
              "long": {
                "standard": "Hora de Sudafrica"
              }
            },
            "Africa_Western": {
              "long": {
                "generic": "Hora de Africa Occidental",
                "standard": "Hora Estandar de Africa Occidental",
                "daylight": "Hora Estandar de Verano de Africa Occidental"
              }
            },
            "Alaska": {
              "long": {
                "generic": "Hora de Alaska",
                "standard": "Hora Estandar de Alaska",
                "daylight": "Hora de Verano de Alaska"
              }
            },
            "Amazon": {
              "long": {
                "generic": "Hora de Amazonas",
                "standard": "Hora Estandar de Amazonas",
                "daylight": "Hora de Verano de Amazonas"
              }
            },
            "America_Central": {
              "long": {
                "generic": "Hora Central",
                "standard": "Estandard Hora Central",
                "daylight": "Hora Central de Verano"
              }
            },
            "America_Eastern": {
              "long": {
                "generic": "Hora del Este",
                "standard": "Hora Estandar del Este",
                "daylight": "Hora de Verano del Este"
              }
            },
            "America_Mountain": {
              "long": {
                "generic": "Hora de la Montaña",
                "standard": "Hora Estandar de la Montaña",
                "daylight": "Hora de Verano de la Montaña"
              }
            },
            "America_Pacific": {
              "long": {
                "generic": "Hora del Pacífico",
                "standard": "Hora Estandar del Pacífico",
                "daylight": "Hora de Verano del Pacífico"
              }
            },
            "Apia": {
              "long": {
                "generic": "Hora de Apia",
                "standard": "Hora Estandar de Apia",
                "daylight": "Hora de Verano de Apia"
              }
            },
            "Arabian": {
              "long": {
                "generic": "Hora de Arabia",
                "standard": "Hora Estandar de Arabia",
                "daylight": "Hora de Verano de Arabia"
              }
            },
            "Argentina": {
              "long": {
                "generic": "Hora de Argentina",
                "standard": "Hora Estandar de Argentina",
                "daylight": "Hora de Verano de Argentina"
              }
            },
            "Argentina_Western": {
              "long": {
                "generic": "Hora del Oeste de Argentina",
                "standard": "Hora Estandar del Oeste de Argentina",
                "daylight": "Hora de Verano del Oeste de Argentina"
              }
            },
            "Armenia": {
              "long": {
                "generic": "Hora de Armenia",
                "standard": "Hora Estandar de Armenia",
                "daylight": "Hora de Verano de Armenia"
              }
            },
            "Atlantic": {
              "long": {
                "generic": "Hora del Atlántico",
                "standard": "Hora Estandar del Atlántico",
                "daylight": "Hora De Verano del Atlántico"
              }
            },
            "Australia_Central": {
              "long": {
                "generic": "Hora de Australia Central",
                "standard": "Hora Estandar de Australia Central",
                "daylight": "Hora de Verano de Australia Central"
              }
            },
            "Australia_CentralWestern": {
              "long": {
                "generic": "Hora de Australia Central Occidental",
                "standard": "Hora Estandar de Australia Central Occidental",
                "daylight": "Hora de Verano de Australia Central Occidental"
              }
            },
            "Australia_Eastern": {
              "long": {
                "generic": "Hora de Australia Oriental",
                "standard": "Hora Estandar de Australia Oriental",
                "daylight": "Hora de Verano de Australia Oriental"
              }
            },
            "Australia_Western": {
              "long": {
                "generic": "Hora de Australia Occidental",
                "standard": "Hora Estandar de Australia Occidental",
                "daylight": "Hora de Verano de Australia Occidental"
              }
            },
            "Azerbaijan": {
              "long": {
                "generic": "Hora de Azerbaiyán",
                "standard": "Hora Estandar de Azerbaiyán",
                "daylight": "Hora de Verano de Azerbaiyán"
              }
            },
            "Azores": {
              "long": {
                "generic": "Hora de las Azores",
                "standard": "Hora Estandar de las Azores",
                "daylight": "Hora de Verano de las Azores"
              }
            },
            "Bangladesh": {
              "long": {
                "generic": "Hora de Bangladesh",
                "standard": "Hora Estandar de Bangladesh",
                "daylight": "Hora de Verano de Bangladesh"
              }
            },
            "Bhutan": {
              "long": {
                "standard": "Hora de Bután"
              }
            },
            "Bolivia": {
              "long": {
                "standard": "Bolivia Time"
              }
            },
            "Brasilia": {
              "long": {
                "generic": "Hora de Brasilia",
                "standard": "Hora Estandar de Brasilia",
                "daylight": "Hora de Verano de Brasilia"
              }
            },
            "Brunei": {
              "long": {
                "standard": "Hora de Brunei Darussalam"
              }
            },
            "Cape_Verde": {
              "long": {
                "generic": "Hora de Cabo Verde",
                "standard": "Hora Estandar de Cabo Verde",
                "daylight": "Hora de Verano de Cabo Verde"
              }
            },
            "Chamorro": {
              "long": {
                "standard": "Hora Estandar de Chamorro"
              }
            },
            "Chatham": {
              "long": {
                "generic": "Hora de Chatham",
                "standard": "Hora Estandar de Chatham",
                "daylight": "Hora de Verano de Chatham"
              }
            },
            "Chile": {
              "long": {
                "generic": "Hora de Chile",
                "standard": "Hora Estandar de Chile",
                "daylight": "Hora de Verano de Chile"
              }
            },
            "China": {
              "long": {
                "generic": "Hora de China",
                "standard": "Hora Estandar de China",
                "daylight": "Hora de Verano de China"
              }
            },
            "Choibalsan": {
              "long": {
                "generic": "Hora de Choybalsan",
                "standard": "Hora Estandar de Choybalsan",
                "daylight": "Hora de Verano de Choybalsan"
              }
            },
            "Christmas": {
              "long": {
                "standard": "Hora de Isla Christmas"
              }
            },
            "Cocos": {
              "long": {
                "standard": "Hora de Islas Cocos"
              }
            },
            "Colombia": {
              "long": {
                "generic": "Hora de Colombia",
                "standard": "Hora Estandar de Colombia",
                "daylight": "Hora de Verano de Colombia"
              }
            },
            "Cook": {
              "long": {
                "generic": "Hora de Islas Cook",
                "standard": "Hora Estandar de Isla Cocos",
                "daylight": "Hora de Verano de Isla Cocos"
              }
            },
            "Cuba": {
              "long": {
                "generic": "Hora de Cuba",
                "standard": "Hora Estandar de Cuba",
                "daylight": "Hora de Verano de Cuba"
              }
            },
            "Davis": {
              "long": {
                "standard": "Hora de Davis"
              }
            },
            "DumontDUrville": {
              "long": {
                "standard": "Hora de Dumont-d’Urville"
              }
            },
            "East_Timor": {
              "long": {
                "standard": "Hora de Timor Oriental"
              }
            },
            "Easter": {
              "long": {
                "generic": "Hora de Isla de Pascua",
                "standard": "Hora Estandar de Isla de Pascua",
                "daylight": "Hora de Verano de Isla de Pascua"
              }
            },
            "Ecuador": {
              "long": {
                "standard": "Hora de Ecuador"
              },
              "short": {
                "standard": "ECT"
              }
            },
            "Europe_Central": {
              "long": {
                "generic": "Hora de Europa Central",
                "standard": "Hora Estandar de Europa Central",
                "daylight": "Hora de Verano de Europa Central"
              }
            },
            "Europe_Eastern": {
              "long": {
                "generic": "Hora de Europa Oriental",
                "standard": "Hora Estandar de Europa Oriental",
                "daylight": "Hora de Verano de Europa Oriental"
              }
            },
            "Europe_Further_Eastern": {
              "long": {
                "standard": "Hora de Verano más Oriental de Europa"
              }
            },
            "Europe_Western": {
              "long": {
                "generic": "Hora de Europa Occidental",
                "standard": "Hora Estandar de Europa Occidental",
                "daylight": "Hora de Verano de Europa Occidental"
              }
            },
            "Falkland": {
              "long": {
                "generic": "Hora de Islas Malvinas",
                "standard": "Hora Estandar de Islas Malvinas",
                "daylight": "Hora de Verano de Islas Malvinas"
              }
            },
            "Fiji": {
              "long": {
                "generic": "Hora de Fiji",
                "standard": "Hora Estandar de Fiji",
                "daylight": "Hora de Verano de Fiji"
              }
            },
            "French_Guiana": {
              "long": {
                "standard": "Hora de Guayana Francesa"
              }
            },
            "French_Southern": {
              "long": {
                "standard": "Hora Francés meridional y antártico"
              }
            },
            "Galapagos": {
              "long": {
                "standard": "Hora de Islas Galápagos"
              }
            },
            "Gambier": {
              "long": {
                "standard": "Hora de Gambier"
              }
            },
            "Georgia": {
              "long": {
                "generic": "Hora de Georgia",
                "standard": "Hora Estandar de Georgia",
                "daylight": "Hora de Verano de Georgia"
              }
            },
            "Gilbert_Islands": {
              "long": {
                "standard": "Hora de Islas Gilbert"
              }
            },
            "GMT": {
              "long": {
                "standard": "Hora del Meridiano de Greenwich"
              }
            },
            "Greenland_Eastern": {
              "long": {
                "generic": "Hora de Groenlandia",
                "standard": "Hora Estandar de Groenlandia",
                "daylight": "Hora de Verano de Groenlandia"
              }
            },
            "Greenland_Western": {
              "long": {
                "generic": "Hora de Groenlandia Occidental",
                "standard": "Hora Estandar de Groenlandia Occidental",
                "daylight": "Hora de Verano de Groenlandia Occidental"
              }
            },
            "Gulf": {
              "long": {
                "standard": "Hora Estandar del Golfo"
              }
            },
            "Guyana": {
              "long": {
                "standard": "Hora de Guyana"
              }
            },
            "Hawaii_Aleutian": {
              "long": {
                "generic": "Hora de Hawai-Aleutiano",
                "standard": "Hora Estandar de Hawai-Aleutiano",
                "daylight": "Hora de Verano de Hawai-Aleutiano"
              }
            },
            "Hong_Kong": {
              "long": {
                "generic": "Hora de Hong Kong",
                "standard": "Hora Estandar de Hong Kong",
                "daylight": "Hora de Verano de Hong Kong"
              }
            },
            "Hovd": {
              "long": {
                "generic": "Hora de Hovd",
                "standard": "Hora Estandar de Hovd",
                "daylight": "Hora de Verano de Hovd"
              }
            },
            "India": {
              "long": {
                "standard": "Hora Estandar de India"
              }
            },
            "Indian_Ocean": {
              "long": {
                "standard": "Hora del Oceano Índico"
              }
            },
            "Indochina": {
              "long": {
                "standard": "Hora de Indochina"
              }
            },
            "Indonesia_Central": {
              "long": {
                "standard": "Hora de Indonesia Central"
              }
            },
            "Indonesia_Eastern": {
              "long": {
                "standard": "Hora de Indonesia Oriental"
              }
            },
            "Indonesia_Western": {
              "long": {
                "standard": "Hora de Indonesia Occidental"
              }
            },
            "Iran": {
              "long": {
                "generic": "Hora de Irán",
                "standard": "Hora Estandar de Irán",
                "daylight": "Hora de Verano de Irán"
              }
            },
            "Irkutsk": {
              "long": {
                "generic": "Hora de Irkutsk",
                "standard": "Hora Estandar de Irkutsk",
                "daylight": "Hora de Verano de Irkutsk"
              }
            },
            "Israel": {
              "long": {
                "generic": "Hora de Israel",
                "standard": "Hora Estandar de Israel",
                "daylight": "Hora de Verano de Israel"
              }
            },
            "Japan": {
              "long": {
                "generic": "Hora de Japón",
                "standard": "Hora Estandar de Japón",
                "daylight": "Hora de Verano de Japón"
              }
            },
            "Kazakhstan_Eastern": {
              "long": {
                "standard": "Hora de Kazajistán Oriental"
              }
            },
            "Kazakhstan_Western": {
              "long": {
                "standard": "Hora de Kazajistán del Oeste"
              }
            },
            "Korea": {
              "long": {
                "generic": "Hora de Corea",
                "standard": "Hora Estandar de Corea",
                "daylight": "Hora de Verano de Corea"
              }
            },
            "Kosrae": {
              "long": {
                "standard": "Hora de Kosrae"
              }
            },
            "Krasnoyarsk": {
              "long": {
                "generic": "Hora de Krasnoyarsk",
                "standard": "Hora Estandar de Krasnoyarsk",
                "daylight": "Hora de Verano de Krasnoyarsk"
              }
            },
            "Kyrgystan": {
              "long": {
                "standard": "Hora de Kirguistán"
              }
            },
            "Line_Islands": {
              "long": {
                "standard": "Hora de Espóradas Ecuatoriales"
              }
            },
            "Lord_Howe": {
              "long": {
                "generic": "Hora de Lord Howe",
                "standard": "Hora Estandar de Lord Howe",
                "daylight": "Hora de Verano de Lord Howe"
              }
            },
            "Macquarie": {
              "long": {
                "standard": "Hora de Isla Macquarie"
              }
            },
            "Magadan": {
              "long": {
                "generic": "Hora de Magadan",
                "standard": "Hora Estandar de Magadan",
                "daylight": "Hora de Verano de Magadan"
              }
            },
            "Malaysia": {
              "long": {
                "standard": "Hora de Malasia"
              }
            },
            "Maldives": {
              "long": {
                "standard": "Hora de Maldivas"
              }
            },
            "Marquesas": {
              "long": {
                "standard": "Hora de Marquesas"
              }
            },
            "Marshall_Islands": {
              "long": {
                "standard": "Hora de Islas Marshall"
              }
            },
            "Mauritius": {
              "long": {
                "generic": "Hora de Mauricio",
                "standard": "Hora Estandar de Mauricio",
                "daylight": "Hora de Verano de Mauricio"
              }
            },
            "Mawson": {
              "long": {
                "standard": "Hora de Mawson"
              }
            },
            "Mexico_Northwest": {
              "long": {
                "generic": "Hora Estandar de Verano de México",
                "standard": "Hora Estandar del Noroeste de México",
                "daylight": "Hora de Verano del Noroeste de México"
              }
            },
            "Mexico_Pacific": {
              "long": {
                "generic": "Hora del Pacífico Mexicano",
                "standard": "Hora Estandar del Pacífico Mexicano",
                "daylight": "Hora de Verano del Pacífico Mexicano"
              }
            },
            "Mongolia": {
              "long": {
                "generic": "Hora de Ulán Bator",
                "standard": "Hora Estandar de Ulán Bator",
                "daylight": "Hora de Verano de Ulán Bator"
              }
            },
            "Moscow": {
              "long": {
                "generic": "Hora de Moscú",
                "standard": "Hora Estandar de Moscú",
                "daylight": "Hora de Verano de Moscú"
              }
            },
            "Myanmar": {
              "long": {
                "standard": "Hora de Myanmar"
              }
            },
            "Nauru": {
              "long": {
                "standard": "Hora de Nauru"
              }
            },
            "Nepal": {
              "long": {
                "standard": "Hora de Nepal"
              }
            },
            "New_Caledonia": {
              "long": {
                "generic": "Hora de Nueva Caledonia",
                "standard": "Hora Estandar de Nueva Caledonia",
                "daylight": "Hora de Verano de Nueva Caledonia"
              }
            },
            "New_Zealand": {
              "long": {
                "generic": "Hora de Nueva Zelanda",
                "standard": "Hora Estandar de Nueva Zelanda",
                "daylight": "Hora de Verano de Nueva Zelanda"
              }
            },
            "Newfoundland": {
              "long": {
                "generic": "Hora de Terranova",
                "standard": "Hora Estandar de Terranova",
                "daylight": "Hora de Verano de Terranova"
              }
            },
            "Niue": {
              "long": {
                "standard": "Hora de Niue"
              }
            },
            "Norfolk": {
              "long": {
                "generic": "Hora de la Isla Norfolk",
                "standard": "Hora Estandar de la Isla Norfolk",
                "daylight": "Hora de Verano de la Isla Norfolk"
              }
            },
            "Noronha": {
              "long": {
                "generic": "Hora de Fernando de Noronha",
                "standard": "Hora Estandar de Fernando de Noronha",
                "daylight": "Hora de Verano de Fernando de Noronha"
              }
            },
            "Novosibirsk": {
              "long": {
                "generic": "Hora de Novosibirsk",
                "standard": "Hora Estandar de Novosibirsk",
                "daylight": "Hora de Verano de Novosibirsk"
              }
            },
            "Omsk": {
              "long": {
                "generic": "Hora de Omsk",
                "standard": "Hora Estandar de Omsk",
                "daylight": "Hora de Verano de Omsk"
              }
            },
            "Pakistan": {
              "long": {
                "generic": "Hora de Pakistán",
                "standard": "Hora Estandar de Pakistán",
                "daylight": "Hora de Verano de Pakistán"
              }
            },
            "Palau": {
              "long": {
                "standard": "Hora de Palau"
              }
            },
            "Papua_New_Guinea": {
              "long": {
                "standard": "Hora de Papua Nueva Guinea"
              }
            },
            "Paraguay": {
              "long": {
                "generic": "Hora de Paraguay",
                "standard": "Hora Estandar de Paraguay",
                "daylight": "Hora de Verano de Paraguay"
              }
            },
            "Peru": {
              "long": {
                "generic": "Hora de Perú",
                "standard": "Hora Estandar de Perú",
                "daylight": "Hora de Verano de Perú"
              }
            },
            "Philippines": {
              "long": {
                "generic": "Hora de Filipinas",
                "standard": "Hora Estandar de Filipinas",
                "daylight": "Hora de Verano de Filipinas"
              }
            },
            "Phoenix_Islands": {
              "long": {
                "standard": "Hora de Islas Phoenix"
              }
            },
            "Pierre_Miquelon": {
              "long": {
                "generic": "Hora de San Pedro y Miquelón",
                "standard": "Hora Estandar de San Pedro y Miquelón",
                "daylight": "Hora de Verano de San Pedro y Miquelón"
              }
            },
            "Pitcairn": {
              "long": {
                "standard": "Hora de Pitcairn"
              }
            },
            "Ponape": {
              "long": {
                "standard": "Hora de Pohnpei"
              }
            },
            "Pyongyang": {
              "long": {
                "standard": "Hora de Pionyang"
              }
            },
            "Reunion": {
              "long": {
                "standard": "Hora de Réunion"
              }
            },
            "Rothera": {
              "long": {
                "standard": "Hora de Rothera"
              }
            },
            "Sakhalin": {
              "long": {
                "generic": "Hora de Sakhalin",
                "standard": "Hora Estandar de Sakhalin",
                "daylight": "Hora de Verano de Sakhalin"
              }
            },
            "Samoa": {
              "long": {
                "generic": "Hora de Samoa",
                "standard": "Hora Estandar de Samoa",
                "daylight": "Hora de Verano de Samoa"
              }
            },
            "Seychelles": {
              "long": {
                "standard": "Hora de Seychelles"
              }
            },
            "Singapore": {
              "long": {
                "standard": "Hora Estandar de Singapur"
              }
            },
            "Solomon": {
              "long": {
                "standard": "Hora de Islas Salomón"
              }
            },
            "South_Georgia": {
              "long": {
                "standard": "Hora de Georgia del Sur"
              }
            },
            "Suriname": {
              "long": {
                "standard": "Hora de Surinam"
              }
            },
            "Syowa": {
              "long": {
                "standard": "Hora de Syowa"
              }
            },
            "Tahiti": {
              "long": {
                "standard": "Hora de Tahiti"
              }
            },
            "Taipei": {
              "long": {
                "generic": "Hora de Taipéi",
                "standard": "Hora Estandar de Taipéi",
                "daylight": "Hora de Verano de Taipéi"
              }
            },
            "Tajikistan": {
              "long": {
                "standard": "Hora de Tayikistán"
              }
            },
            "Tokelau": {
              "long": {
                "standard": "Hora de Tokelau"
              }
            },
            "Tonga": {
              "long": {
                "generic": "Hora de Tonga",
                "standard": "Hora Estandar de Tonga",
                "daylight": "Hora de Verano de Tonga"
              }
            },
            "Truk": {
              "long": {
                "standard": "Hora de Chuuk"
              }
            },
            "Turkmenistan": {
              "long": {
                "generic": "Hora de Turkmenistán",
                "standard": "Hora Estandar de Turkmenistán",
                "daylight": "Hora de Verano de Turkmenistán"
              }
            },
            "Tuvalu": {
              "long": {
                "standard": "Hora de Tuvalu"
              }
            },
            "Uruguay": {
              "long": {
                "generic": "Hora de Uruguay",
                "standard": "Hora Estandar de Uruguay",
                "daylight": "Hora de Verano de Uruguay"
              }
            },
            "Uzbekistan": {
              "long": {
                "generic": "Hora de Uzbekistán",
                "standard": "Hora Estandar de Uzbekistán",
                "daylight": "Hora de Verano de Uzbekistán"
              }
            },
            "Vanuatu": {
              "long": {
                "generic": "Hora de Vanuatu",
                "standard": "Hora Estandar de Vanuatu",
                "daylight": "Hora de Verano de Vanuatu"
              }
            },
            "Venezuela": {
              "long": {
                "standard": "Hora de Venezuela"
              }
            },
            "Vladivostok": {
              "long": {
                "generic": "Hora de Vladivostok",
                "standard": "Hora Estandar de Vladivostok",
                "daylight": "Hora de Verano de Vladivostok"
              }
            },
            "Volgograd": {
              "long": {
                "generic": "Hora de Volgogrado",
                "standard": "Hora Estandar de Volgogrado",
                "daylight": "Hora de Verano de Volgogrado"
              }
            },
            "Vostok": {
              "long": {
                "standard": "Hora de Vostok"
              }
            },
            "Wake": {
              "long": {
                "standard": "Hora de Isla Wake"
              }
            },
            "Wallis": {
              "long": {
                "standard": "Hora de Wallis y Futuna"
              }
            },
            "Yakutsk": {
              "long": {
                "generic": "Hora de Yakutsk",
                "standard": "Hora Estandar de Yakutsk",
                "daylight": "Hora de Verano de Yakutsk"
              }
            },
            "Yekaterinburg": {
              "long": {
                "generic": "Hora de Ekaterinburgo",
                "standard": "Hora Estandar de Ekaterinburgo",
                "daylight": "Hora de Verano de Ekaterinburgo"
              }
            },
            "Yukon": {
              "long": {
                "standard": "Yukon Ura"
              }
            }
          }
        }
      }
    }
  }
}
