{
  "main": {
    "scn": {
      "identity": {
        "language": "scn"
      },
      "dates": {
        "timeZoneNames": {
          "hourFormat": "+HH:mm;-HH:mm",
          "gmtFormat": "GMT{0}",
          "gmtZeroFormat": "GMT",
          "gmtUnknownFormat": "GMT+?",
          "regionFormat": "{0}",
          "regionFormat-type-daylight": "{0} (ura ligali)",
          "regionFormat-type-standard": "{0} (ura sulari)",
          "fallbackFormat": "{1} ({0})",
          "zone": {
            "Etc": {
              "UTC": {
                "_type": "zone",
                "long": {
                  "standard": "Ura Curdinata Univirsali"
                },
                "short": {
                  "standard": "UTC"
                }
              },
              "Unknown": {
                "_type": "zone",
                "exemplarCity": "Scanusciutu"
              }
            },
            "Asia": {
              "Dubai": {
                "_type": "zone",
                "exemplarCity": "Dubbai"
              },
              "Urumqi": {
                "_type": "zone",
                "exemplarCity": "Ürümqi"
              },
              "Nicosia": {
                "_type": "zone",
                "exemplarCity": "Nicusìa"
              },
              "Jakarta": {
                "_type": "zone",
                "exemplarCity": "Giacarta"
              },
              "Jerusalem": {
                "_type": "zone",
                "exemplarCity": "Girusalemmi"
              },
              "Calcutta": {
                "_type": "zone",
                "exemplarCity": "Kurkata"
              },
              "Amman": {
                "_type": "zone",
                "exemplarCity": "Ammàn"
              },
              "Seoul": {
                "_type": "zone",
                "exemplarCity": "Siul"
              },
              "Colombo": {
                "_type": "zone",
                "exemplarCity": "Culummu"
              },
              "Rangoon": {
                "_type": "zone",
                "exemplarCity": "Yangon"
              },
              "Hovd": {
                "_type": "zone",
                "exemplarCity": "Khovd"
              },
              "Macau": {
                "_type": "zone",
                "exemplarCity": "Macau"
              },
              "Katmandu": {
                "_type": "zone",
                "exemplarCity": "Kathmandu"
              },
              "Muscat": {
                "_type": "zone",
                "exemplarCity": "Mascati"
              },
              "Gaza": {
                "_type": "zone",
                "exemplarCity": "Gazza"
              },
              "Yekaterinburg": {
                "_type": "zone",
                "exemplarCity": "Yekatirimmurgu"
              },
              "Vladivostok": {
                "_type": "zone",
                "exemplarCity": "Vladìvustok"
              },
              "Singapore": {
                "_type": "zone",
                "exemplarCity": "Singapuri"
              },
              "Damascus": {
                "_type": "zone",
                "exemplarCity": "Damascu"
              },
              "Samarkand": {
                "_type": "zone",
                "exemplarCity": "Samarcanna"
              },
              "Saigon": {
                "_type": "zone",
                "exemplarCity": "Ho Chi Minh"
              }
            },
            "Europe": {
              "Tirane": {
                "_type": "zone",
                "exemplarCity": "Tirana"
              },
              "Sarajevo": {
                "_type": "zone",
                "exemplarCity": "Sarajevu"
              },
              "Brussels": {
                "_type": "zone",
                "exemplarCity": "Bruselli"
              },
              "Zurich": {
                "_type": "zone",
                "exemplarCity": "Zurigu"
              },
              "Prague": {
                "_type": "zone",
                "exemplarCity": "Praga"
              },
              "Busingen": {
                "_type": "zone",
                "exemplarCity": "Büsingen"
              },
              "Berlin": {
                "_type": "zone",
                "exemplarCity": "Birlinu"
              },
              "Helsinki": {
                "_type": "zone",
                "exemplarCity": "Hèlsinki"
              },
              "Paris": {
                "_type": "zone",
                "exemplarCity": "Pariggi"
              },
              "London": {
                "_type": "zone",
                "long": {
                  "daylight": "Ura ligali Britànnica"
                },
                "exemplarCity": "Lònnira"
              },
              "Gibraltar": {
                "_type": "zone",
                "exemplarCity": "Gibbirterra"
              },
              "Athens": {
                "_type": "zone",
                "exemplarCity": "Ateni"
              },
              "Zagreb": {
                "_type": "zone",
                "exemplarCity": "Zagabbria"
              },
              "Dublin": {
                "_type": "zone",
                "long": {
                  "daylight": "Ura sulari Irlannisi"
                },
                "exemplarCity": "Dubblinu"
              },
              "Isle_of_Man": {
                "_type": "zone",
                "exemplarCity": "Ìsula di Man"
              },
              "Rome": {
                "_type": "zone",
                "exemplarCity": "Roma"
              },
              "Luxembourg": {
                "_type": "zone",
                "exemplarCity": "Lussimmurgu"
              },
              "Monaco": {
                "_type": "zone",
                "exemplarCity": "Mònacu"
              },
              "Chisinau": {
                "_type": "zone",
                "exemplarCity": "Chișinău"
              },
              "Malta": {
                "_type": "zone",
                "exemplarCity": "Mauta"
              },
              "Warsaw": {
                "_type": "zone",
                "exemplarCity": "Varsavia"
              },
              "Lisbon": {
                "_type": "zone",
                "exemplarCity": "Lisbona"
              },
              "Belgrade": {
                "_type": "zone",
                "exemplarCity": "Belgradu"
              },
              "Moscow": {
                "_type": "zone",
                "exemplarCity": "Mosca"
              },
              "Volgograd": {
                "_type": "zone",
                "exemplarCity": "Vòlgugrad"
              },
              "Stockholm": {
                "_type": "zone",
                "exemplarCity": "Stuccorma"
              },
              "San_Marino": {
                "_type": "zone",
                "exemplarCity": "San Marinu"
              },
              "Istanbul": {
                "_type": "zone",
                "exemplarCity": "Ìstanbul"
              },
              "Kiev": {
                "_type": "zone",
                "exemplarCity": "Kiev"
              },
              "Vatican": {
                "_type": "zone",
                "exemplarCity": "Vaticanu"
              }
            },
            "Antarctica": {
              "Rothera": {
                "_type": "zone",
                "exemplarCity": "Basi Rothera"
              },
              "Palmer": {
                "_type": "zone",
                "exemplarCity": "Terra di Palmer"
              },
              "Troll": {
                "_type": "zone",
                "exemplarCity": "Basi Troll"
              },
              "Syowa": {
                "_type": "zone",
                "exemplarCity": "Basi Showa"
              },
              "Mawson": {
                "_type": "zone",
                "exemplarCity": "Basi Mawson"
              },
              "Vostok": {
                "_type": "zone",
                "exemplarCity": "Basi Vostok"
              },
              "Casey": {
                "_type": "zone",
                "exemplarCity": "Basi Casey"
              },
              "DumontDUrville": {
                "_type": "zone",
                "exemplarCity": "Basi Dumont d’Urville"
              },
              "McMurdo": {
                "_type": "zone",
                "exemplarCity": "Basi McMurdo"
              }
            },
            "America": {
              "Argentina": {
                "Rio_Gallegos": {
                  "_type": "zone",
                  "exemplarCity": "Río Gallegos"
                },
                "Tucuman": {
                  "_type": "zone",
                  "exemplarCity": "Tucumán"
                }
              },
              "Cordoba": {
                "_type": "zone",
                "exemplarCity": "Còrduba"
              },
              "St_Barthelemy": {
                "_type": "zone",
                "exemplarCity": "St. Barthélemy"
              },
              "Eirunepe": {
                "_type": "zone",
                "exemplarCity": "Eirunepé"
              },
              "Cuiaba": {
                "_type": "zone",
                "exemplarCity": "Cuiabá"
              },
              "Santarem": {
                "_type": "zone",
                "exemplarCity": "Santarém"
              },
              "Campo_Grande": {
                "_type": "zone",
                "exemplarCity": "Campu Granni"
              },
              "Belem": {
                "_type": "zone",
                "exemplarCity": "Belém"
              },
              "Araguaina": {
                "_type": "zone",
                "exemplarCity": "Araguaína"
              },
              "Sao_Paulo": {
                "_type": "zone",
                "exemplarCity": "San Paulu"
              },
              "Maceio": {
                "_type": "zone",
                "exemplarCity": "Maceió"
              },
              "Noronha": {
                "_type": "zone",
                "exemplarCity": "Fernando de Noronha"
              },
              "Belize": {
                "_type": "zone",
                "exemplarCity": "Bilisi"
              },
              "Regina": {
                "_type": "zone",
                "exemplarCity": "Riggina"
              },
              "Coral_Harbour": {
                "_type": "zone",
                "exemplarCity": "Atikokan"
              },
              "Toronto": {
                "_type": "zone",
                "exemplarCity": "Turontu"
              },
              "St_Johns": {
                "_type": "zone",
                "exemplarCity": "St. John’s"
              },
              "Bogota": {
                "_type": "zone",
                "exemplarCity": "Bogotá"
              },
              "Costa_Rica": {
                "_type": "zone",
                "exemplarCity": "Custa Rica"
              },
              "Curacao": {
                "_type": "zone",
                "exemplarCity": "Curaçao"
              },
              "Dominica": {
                "_type": "zone",
                "exemplarCity": "Dumìnica"
              },
              "Santo_Domingo": {
                "_type": "zone",
                "exemplarCity": "Santu Dumingu"
              },
              "Godthab": {
                "_type": "zone",
                "exemplarCity": "Nuuk"
              },
              "Scoresbysund": {
                "_type": "zone",
                "exemplarCity": "Ittoqqortoormiit"
              },
              "Guadeloupe": {
                "_type": "zone",
                "exemplarCity": "Guadalupa"
              },
              "Guatemala": {
                "_type": "zone",
                "exemplarCity": "Guatimala"
              },
              "Guyana": {
                "_type": "zone",
                "exemplarCity": "Guiana"
              },
              "Jamaica": {
                "_type": "zone",
                "exemplarCity": "Giamaica"
              },
              "St_Kitts": {
                "_type": "zone",
                "exemplarCity": "St. Kitts"
              },
              "St_Lucia": {
                "_type": "zone",
                "exemplarCity": "Santa Lucìa"
              },
              "Martinique": {
                "_type": "zone",
                "exemplarCity": "Martinica"
              },
              "Montserrat": {
                "_type": "zone",
                "exemplarCity": "Munzirratu"
              },
              "Ciudad_Juarez": {
                "_type": "zone",
                "exemplarCity": "Ciudad Juárez"
              },
              "Mazatlan": {
                "_type": "zone",
                "exemplarCity": "Mazatlán"
              },
              "Bahia_Banderas": {
                "_type": "zone",
                "exemplarCity": "Bahía de Banderas"
              },
              "Monterrey": {
                "_type": "zone",
                "exemplarCity": "Muntirrei"
              },
              "Mexico_City": {
                "_type": "zone",
                "exemplarCity": "Cità dû Mèssicu"
              },
              "Merida": {
                "_type": "zone",
                "exemplarCity": "Mérida"
              },
              "Cancun": {
                "_type": "zone",
                "exemplarCity": "Cancún"
              },
              "Panama": {
                "_type": "zone",
                "exemplarCity": "Pànama"
              },
              "Miquelon": {
                "_type": "zone",
                "exemplarCity": "Saint-Pierre"
              },
              "Puerto_Rico": {
                "_type": "zone",
                "exemplarCity": "Portu Ricu"
              },
              "Asuncion": {
                "_type": "zone",
                "exemplarCity": "Asunción"
              },
              "Lower_Princes": {
                "_type": "zone",
                "exemplarCity": "Lower Prince’s Quarter"
              },
              "Port_of_Spain": {
                "_type": "zone",
                "exemplarCity": "Portu di Spagna"
              },
              "North_Dakota": {
                "Beulah": {
                  "_type": "zone",
                  "exemplarCity": "Beulah, Dakota di Tramuntana"
                },
                "New_Salem": {
                  "_type": "zone",
                  "exemplarCity": "New Salem, Dakota di Tramuntana"
                },
                "Center": {
                  "_type": "zone",
                  "exemplarCity": "Centru, Dakota di Tramuntana"
                }
              },
              "Indiana": {
                "Vincennes": {
                  "_type": "zone",
                  "exemplarCity": "Vincennes, Indiana"
                },
                "Petersburg": {
                  "_type": "zone",
                  "exemplarCity": "Petersburg, Indiana"
                },
                "Tell_City": {
                  "_type": "zone",
                  "exemplarCity": "Tell City, Indiana"
                },
                "Knox": {
                  "_type": "zone",
                  "exemplarCity": "Knox, Indiana"
                },
                "Winamac": {
                  "_type": "zone",
                  "exemplarCity": "Winamac, Indiana"
                },
                "Marengo": {
                  "_type": "zone",
                  "exemplarCity": "Marengo, Indiana"
                },
                "Vevay": {
                  "_type": "zone",
                  "exemplarCity": "Vevay, Indiana"
                }
              },
              "Kentucky": {
                "Monticello": {
                  "_type": "zone",
                  "exemplarCity": "Monticello, Kentucky"
                }
              },
              "Detroit": {
                "_type": "zone",
                "exemplarCity": "Ditroit"
              },
              "New_York": {
                "_type": "zone",
                "exemplarCity": "Nova Jorca"
              },
              "St_Vincent": {
                "_type": "zone",
                "exemplarCity": "St. Vincent"
              },
              "St_Thomas": {
                "_type": "zone",
                "exemplarCity": "St. Thomas"
              }
            },
            "Australia": {
              "Adelaide": {
                "_type": "zone",
                "exemplarCity": "Adilaidi"
              }
            },
            "Atlantic": {
              "Bermuda": {
                "_type": "zone",
                "exemplarCity": "Birmuda"
              },
              "Cape_Verde": {
                "_type": "zone",
                "exemplarCity": "Capu Virdi"
              },
              "Canary": {
                "_type": "zone",
                "exemplarCity": "Canari"
              },
              "Faeroe": {
                "_type": "zone",
                "exemplarCity": "Faroe"
              },
              "South_Georgia": {
                "_type": "zone",
                "exemplarCity": "Giorgia di sciroccu"
              },
              "Azores": {
                "_type": "zone",
                "exemplarCity": "Azzorri"
              },
              "St_Helena": {
                "_type": "zone",
                "exemplarCity": "Sant’Èlina"
              }
            },
            "Pacific": {
              "Easter": {
                "_type": "zone",
                "exemplarCity": "Ìsula di Pasca"
              },
              "Galapagos": {
                "_type": "zone",
                "exemplarCity": "Galàpagos"
              },
              "Fiji": {
                "_type": "zone",
                "exemplarCity": "Figi"
              },
              "Truk": {
                "_type": "zone",
                "exemplarCity": "Chuuk"
              },
              "Ponape": {
                "_type": "zone",
                "exemplarCity": "Pohnpei"
              },
              "Enderbury": {
                "_type": "zone",
                "exemplarCity": "Canton"
              },
              "Noumea": {
                "_type": "zone",
                "exemplarCity": "Nouméa"
              },
              "Marquesas": {
                "_type": "zone",
                "exemplarCity": "Ìsuli Marchesi"
              },
              "Pitcairn": {
                "_type": "zone",
                "exemplarCity": "Ìsuli Pitcairn"
              },
              "Midway": {
                "_type": "zone",
                "exemplarCity": "Atollu Midway"
              },
              "Wake": {
                "_type": "zone",
                "exemplarCity": "Ìsula Wake"
              },
              "Wallis": {
                "_type": "zone",
                "exemplarCity": "Wallis e Futuna"
              }
            },
            "Indian": {
              "Christmas": {
                "_type": "zone",
                "exemplarCity": "Natali"
              },
              "Comoro": {
                "_type": "zone",
                "exemplarCity": "Comores"
              },
              "Maldives": {
                "_type": "zone",
                "exemplarCity": "Mardivi"
              },
              "Reunion": {
                "_type": "zone",
                "exemplarCity": "Réunion"
              },
              "Mahe": {
                "_type": "zone",
                "exemplarCity": "Mahé"
              }
            },
            "Africa": {
              "Djibouti": {
                "_type": "zone",
                "exemplarCity": "Gibbuti"
              },
              "Algiers": {
                "_type": "zone",
                "exemplarCity": "Algeri"
              },
              "Cairo": {
                "_type": "zone",
                "exemplarCity": "Cairu"
              },
              "El_Aaiun": {
                "_type": "zone",
                "exemplarCity": "El Aaiún"
              },
              "Asmera": {
                "_type": "zone",
                "exemplarCity": "Asmara"
              },
              "Ceuta": {
                "_type": "zone",
                "exemplarCity": "Cèuta"
              },
              "Nairobi": {
                "_type": "zone",
                "exemplarCity": "Nairobbi"
              },
              "Tripoli": {
                "_type": "zone",
                "exemplarCity": "Trìpuli"
              },
              "Casablanca": {
                "_type": "zone",
                "exemplarCity": "Casabblanca"
              },
              "Mogadishu": {
                "_type": "zone",
                "exemplarCity": "Mugadisciu"
              },
              "Sao_Tome": {
                "_type": "zone",
                "exemplarCity": "São Tomé"
              },
              "Ndjamena": {
                "_type": "zone",
                "exemplarCity": "N’Djamena"
              },
              "Lome": {
                "_type": "zone",
                "exemplarCity": "Lomé"
              },
              "Tunis": {
                "_type": "zone",
                "exemplarCity": "Tùnisi"
              }
            }
          },
          "metazone": {
            "Afghanistan": {
              "long": {
                "standard": "Ura di l’Afghànistan"
              }
            },
            "Africa_Central": {
              "long": {
                "standard": "Ura di l’Àfrica Cintrali"
              }
            },
            "Africa_Eastern": {
              "long": {
                "standard": "Ura di l’Àfrica di Livanti"
              }
            },
            "Africa_Southern": {
              "long": {
                "standard": "Ura Nurmali di l’Àfrica di Sciroccu"
              }
            },
            "Africa_Western": {
              "long": {
                "standard": "Ura di l’Àfrica di Punenti"
              }
            },
            "Alaska": {
              "long": {
                "generic": "Ura di l’Alaska",
                "standard": "Ura sulari di l’Alaska",
                "daylight": "Ura ligali di l’Alaska"
              },
              "short": {
                "generic": "AKT",
                "standard": "AKST",
                "daylight": "AKDT"
              }
            },
            "Amazon": {
              "long": {
                "generic": "Ura di l’Amazzonia",
                "standard": "Ura sulari di l’Amazzonia",
                "daylight": "Ura ligali di l’Amazzonia"
              }
            },
            "America_Central": {
              "long": {
                "generic": "Ura cintrali",
                "standard": "Ura sulari cintrali",
                "daylight": "Ura ligali cintrali"
              },
              "short": {
                "generic": "CT",
                "standard": "CST",
                "daylight": "CDT"
              }
            },
            "America_Eastern": {
              "long": {
                "generic": "Ura livantina",
                "standard": "Ura sulari livantina",
                "daylight": "Ura ligali livantina"
              },
              "short": {
                "generic": "ET",
                "standard": "EST",
                "daylight": "EDT"
              }
            },
            "America_Mountain": {
              "long": {
                "generic": "Ura dî muntagni",
                "standard": "Ura sulari dî muntagni",
                "daylight": "Ura ligali dî muntagni"
              },
              "short": {
                "generic": "MT",
                "standard": "MST",
                "daylight": "MDT"
              }
            },
            "America_Pacific": {
              "long": {
                "generic": "Ura dû Pacìficu",
                "standard": "Ura sulari dû Pacìficu",
                "daylight": "Ura ligali dû Pacìficu"
              },
              "short": {
                "generic": "PT",
                "standard": "PST",
                "daylight": "PDT"
              }
            },
            "Apia": {
              "long": {
                "generic": "Ura di Samoa",
                "standard": "Ura sulari di Samoa",
                "daylight": "Ura ligali di Samoa"
              }
            },
            "Arabian": {
              "long": {
                "generic": "Ura Àrabba",
                "standard": "Ura sulari Àrabba",
                "daylight": "Ura ligali Àrabba"
              }
            },
            "Argentina": {
              "long": {
                "generic": "Ura di l’Argintina",
                "standard": "Ura sulari di l’Argintina",
                "daylight": "Ura ligali di l’Argintina"
              }
            },
            "Argentina_Western": {
              "long": {
                "generic": "Ura di l’Argintina di punenti",
                "standard": "Ura sulari di l’Argintina di punenti",
                "daylight": "Ura ligali di l’Argintina di punenti"
              }
            },
            "Armenia": {
              "long": {
                "generic": "Ura di l’Armenia",
                "standard": "Ura sulari di l’Armenia",
                "daylight": "Ura ligali di l’Armenia"
              }
            },
            "Atlantic": {
              "long": {
                "generic": "Ura di l’Atlànticu",
                "standard": "Ura sulari di l’Atlànticu",
                "daylight": "Ura ligali di l’Atlànticu"
              },
              "short": {
                "generic": "AT",
                "standard": "AST",
                "daylight": "ADT"
              }
            },
            "Australia_Central": {
              "long": {
                "generic": "Ura di l’Australia cintrali",
                "standard": "Ura sulari di l’Australia cintrali",
                "daylight": "Ura ligali di l’Australia cintrali"
              }
            },
            "Australia_CentralWestern": {
              "long": {
                "generic": "Ura di l’Australia cintrali di punenti",
                "standard": "Ura sulari di l’Australia cintrali di punenti",
                "daylight": "Ura ligali di l’Australia cintrali di punenti"
              }
            },
            "Australia_Eastern": {
              "long": {
                "generic": "Ura di l’Australia di livanti",
                "standard": "Ura sulari di l’Australia di livanti",
                "daylight": "Ura ligali di l’Australia di livanti"
              }
            },
            "Australia_Western": {
              "long": {
                "generic": "Ura di l’Australia di punenti",
                "standard": "Ura sulari di l’Australia di punenti",
                "daylight": "Ura ligali di l’Australia di punenti"
              }
            },
            "Azerbaijan": {
              "long": {
                "generic": "Ura di l’Azerbaijan",
                "standard": "Ura sulari di l’Azerbaijan",
                "daylight": "Ura ligali di l’Azerbaijan"
              }
            },
            "Azores": {
              "long": {
                "generic": "Ura di l’Azzorri",
                "standard": "Ura sulari di l’Azzorri",
                "daylight": "Ura ligali di l’Azzorri"
              }
            },
            "Bangladesh": {
              "long": {
                "generic": "Ura dû Bàngladesh",
                "standard": "Ura sulari dû Bàngladesh",
                "daylight": "Ura ligali dû Bàngladesh"
              }
            },
            "Bhutan": {
              "long": {
                "standard": "Ura dû Bhutan"
              }
            },
            "Bolivia": {
              "long": {
                "standard": "Ura dâ Bulivia"
              }
            },
            "Brasilia": {
              "long": {
                "generic": "Ura di Brasilia",
                "standard": "Ura sulari di Brasilia",
                "daylight": "Ura ligali di Brasilia"
              }
            },
            "Brunei": {
              "long": {
                "standard": "Ura dû Brunei"
              }
            },
            "Cape_Verde": {
              "long": {
                "generic": "Ura di Capu Virdi",
                "standard": "Ura sulari di Capu Virdi",
                "daylight": "Ura ligali di Capu Virdi"
              }
            },
            "Chamorro": {
              "long": {
                "standard": "Ura di Chamorro"
              }
            },
            "Chatham": {
              "long": {
                "generic": "Ura di Chatham",
                "standard": "Ura sulari di Chatham",
                "daylight": "Ura ligali di Chatham"
              }
            },
            "Chile": {
              "long": {
                "generic": "Ura dû Cili",
                "standard": "Ura sulari dû Cili",
                "daylight": "Ura ligali dû Cili"
              }
            },
            "China": {
              "long": {
                "generic": "Ura dâ Cina",
                "standard": "Ura sulari dâ Cina",
                "daylight": "Ura ligali dâ Cina"
              }
            },
            "Christmas": {
              "long": {
                "standard": "Ura di l’Ìsula di Natali"
              }
            },
            "Cocos": {
              "long": {
                "standard": "Ura di l’Ìsuli Cocos"
              }
            },
            "Colombia": {
              "long": {
                "generic": "Ura dâ Culommia",
                "standard": "Ura sulari dâ Culommia",
                "daylight": "Ura ligali dâ Culommia"
              }
            },
            "Cook": {
              "long": {
                "generic": "Ura di l’Ìsuli Cook",
                "standard": "Ura sulari di l’Ìsuli Cook",
                "daylight": "Ura ligali di l’Ìsuli Cook"
              }
            },
            "Cuba": {
              "long": {
                "generic": "Ura di Cubba",
                "standard": "Ura sulari di Cubba",
                "daylight": "Ura ligali di Cubba"
              },
              "short": {
                "generic": "CuT",
                "standard": "CuST",
                "daylight": "CuDT"
              }
            },
            "Davis": {
              "long": {
                "standard": "Ura di Davis"
              }
            },
            "DumontDUrville": {
              "long": {
                "standard": "Ura di Dumont d’Urville"
              }
            },
            "East_Timor": {
              "long": {
                "standard": "Ura di Timor di Livanti"
              }
            },
            "Easter": {
              "long": {
                "generic": "Ura di l’Ìsula di Pasca",
                "standard": "Ura sulari di l’Ìsula di Pasca",
                "daylight": "Ura ligali di l’Ìsula di Pasca"
              }
            },
            "Ecuador": {
              "long": {
                "standard": "Ura di l’Ècuador"
              }
            },
            "Europe_Central": {
              "long": {
                "generic": "Ura Cintrali Eurupea",
                "standard": "Ura sulari Cintrali Eurupea",
                "daylight": "Ura ligali Cintrali Eurupea"
              }
            },
            "Europe_Eastern": {
              "long": {
                "generic": "Ura di l’Europa di Livanti",
                "standard": "Ura sulari di l’Europa di Livanti",
                "daylight": "Ura ligali di l’Europa di Livanti"
              }
            },
            "Europe_Further_Eastern": {
              "long": {
                "standard": "Ura di l’Europa cchiù a Livanti"
              }
            },
            "Europe_Western": {
              "long": {
                "generic": "Ura di l’Europa di Punenti",
                "standard": "Ura sulari di l’Europa di Punenti",
                "daylight": "Ura ligali di l’Europa di Punenti"
              }
            },
            "Falkland": {
              "long": {
                "generic": "Ura di l’Ìsuli Falkland",
                "standard": "Ura sulari di l’Ìsuli Falkland",
                "daylight": "Ura ligali di l’Ìsuli Falkland"
              }
            },
            "Fiji": {
              "long": {
                "generic": "Ura dî Figi",
                "standard": "Ura sulari dî Figi",
                "daylight": "Ura ligali dî Figi"
              }
            },
            "French_Guiana": {
              "long": {
                "standard": "Ura dâ Guiana Francisi"
              }
            },
            "French_Southern": {
              "long": {
                "standard": "Ura Francisi di Sciroccu e di l’Antàrtidi"
              }
            },
            "Galapagos": {
              "long": {
                "standard": "Ura dî Galàpagos"
              }
            },
            "Gambier": {
              "long": {
                "standard": "Ura di Gambier"
              }
            },
            "Georgia": {
              "long": {
                "generic": "Ura dâ Giorgia",
                "standard": "Ura sulari dâ Giorgia",
                "daylight": "Ura ligali dâ Giorgia"
              }
            },
            "Gilbert_Islands": {
              "long": {
                "standard": "Ura di l’Ìsuli Gilbert"
              }
            },
            "GMT": {
              "long": {
                "standard": "Ura Minzana di Greenwich"
              }
            },
            "Greenland": {
              "long": {
                "generic": "Ura dâ Gruillannia",
                "standard": "Ura sulari dâ Gruillannia",
                "daylight": "Ura ligali dâ Gruillannia"
              }
            },
            "Greenland_Eastern": {
              "long": {
                "generic": "Ura dâ Gruillannia livantina",
                "standard": "Ura sulari dâ Gruillannia livantina",
                "daylight": "Ura livantina dâ Gruillannia livantina"
              }
            },
            "Greenland_Western": {
              "long": {
                "generic": "Ura dâ Gruillannia punintina",
                "standard": "Ura sulari dâ Gruillannia punintina",
                "daylight": "Ura ligali dâ Gruillannia punintina"
              }
            },
            "Gulf": {
              "long": {
                "standard": "Ura Nurmali dû Gurfu"
              }
            },
            "Guyana": {
              "long": {
                "standard": "Ura dâ Guiana"
              }
            },
            "Hawaii": {
              "long": {
                "standard": "Ura sulari di l’Hawaai"
              },
              "short": {
                "standard": "HAST"
              }
            },
            "Hawaii_Aleutian": {
              "long": {
                "generic": "Ura di l’Hawaai",
                "standard": "Ura sulari di l’Hawaai",
                "daylight": "Ura ligali di l’Hawaai"
              },
              "short": {
                "generic": "HAT",
                "standard": "HAST",
                "daylight": "HADT"
              }
            },
            "Hong_Kong": {
              "long": {
                "generic": "Ura di Hong Kong",
                "standard": "Ura sulari di Hong Kong",
                "daylight": "Ura ligali di Hong Kong"
              }
            },
            "Hovd": {
              "long": {
                "generic": "Ura di Khovd",
                "standard": "Ura sulari di Khovd",
                "daylight": "Ura ligali di Khovd"
              }
            },
            "India": {
              "long": {
                "standard": "Ura sulari di l’Ìnnia"
              }
            },
            "Indian_Ocean": {
              "long": {
                "standard": "Ura di l’Ucianu Innianu"
              }
            },
            "Indochina": {
              "long": {
                "standard": "Ura di l’Innucina"
              }
            },
            "Indonesia_Central": {
              "long": {
                "standard": "Ura di l’Innunesia cintrali"
              }
            },
            "Indonesia_Eastern": {
              "long": {
                "standard": "Ura di l’Innunesia di livanti"
              }
            },
            "Indonesia_Western": {
              "long": {
                "standard": "Ura di l’Innunesia di punenti"
              }
            },
            "Iran": {
              "long": {
                "generic": "Ura di l’Iran",
                "standard": "Ura sulari di l’Iran",
                "daylight": "Ura ligali di l’Iran"
              }
            },
            "Irkutsk": {
              "long": {
                "generic": "Ura di Irtkutsk",
                "standard": "Ura sulari di Irtkutsk",
                "daylight": "Ura ligali di Irtkutsk"
              }
            },
            "Israel": {
              "long": {
                "generic": "Ura di Isdraeli",
                "standard": "Ura sulari di Isdraeli",
                "daylight": "Ura ligali di Isdraeli"
              }
            },
            "Japan": {
              "long": {
                "generic": "Ura dû Giappuni",
                "standard": "Ura sulari dû Giappuni",
                "daylight": "Ura ligali dû Giappuni"
              }
            },
            "Kazakhstan": {
              "long": {
                "standard": "Ura dû Kazzàkistan"
              }
            },
            "Kazakhstan_Eastern": {
              "long": {
                "standard": "Ura dû Kazzàkistan di Livanti"
              }
            },
            "Kazakhstan_Western": {
              "long": {
                "standard": "Ura dû Kazzàkistan di Punenti"
              }
            },
            "Korea": {
              "long": {
                "generic": "Ura dâ Curìa",
                "standard": "Ura sulari dâ Curìa",
                "daylight": "Ura ligali dâ Curìa"
              }
            },
            "Kosrae": {
              "long": {
                "standard": "Ura di Kosrae"
              }
            },
            "Krasnoyarsk": {
              "long": {
                "generic": "Ura di Krasnoyarsk",
                "standard": "Ura sulari di Krasnoyarsk",
                "daylight": "Ura ligali di Krasnoyarsk"
              }
            },
            "Kyrgystan": {
              "long": {
                "standard": "Ura dû Kirghìzzistan"
              }
            },
            "Line_Islands": {
              "long": {
                "standard": "Ura di l’Ìsuli Line"
              }
            },
            "Lord_Howe": {
              "long": {
                "generic": "Ura di Lord Howe",
                "standard": "Ura sulari di Lord Howe",
                "daylight": "Ura ligali di Lord Howe"
              }
            },
            "Magadan": {
              "long": {
                "generic": "Ura di Magdan",
                "standard": "Ura sulari di Magdan",
                "daylight": "Ura ligali di Magdan"
              }
            },
            "Malaysia": {
              "long": {
                "standard": "Ura dâ Malisia"
              }
            },
            "Maldives": {
              "long": {
                "standard": "Ura dî Mardivi"
              }
            },
            "Marquesas": {
              "long": {
                "standard": "Ura dî Marchesi"
              }
            },
            "Marshall_Islands": {
              "long": {
                "standard": "Ura di l’Ìsuli Marshall"
              }
            },
            "Mauritius": {
              "long": {
                "generic": "Ura di Mauritius",
                "standard": "Ura sulari di Mauritius",
                "daylight": "Ura ligali di Mauritius"
              }
            },
            "Mawson": {
              "long": {
                "standard": "Ura di Mawson"
              }
            },
            "Mexico_Pacific": {
              "long": {
                "generic": "Ura dû Mèssicu Pacìficu",
                "standard": "Ura sulari dû Mèssicu Pacìficu",
                "daylight": "Ura ligali dû Mèssicu Pacìficu"
              }
            },
            "Mongolia": {
              "long": {
                "generic": "Ura di Ulaanbaatar",
                "standard": "Ura sulari di Ulaanbaatar",
                "daylight": "Ura ligali di Ulaanbaatar"
              }
            },
            "Moscow": {
              "long": {
                "generic": "Ura di Mosca",
                "standard": "Ura sulari di Mosca",
                "daylight": "Ura ligali di Mosca"
              }
            },
            "Myanmar": {
              "long": {
                "standard": "Ura di Myanmar"
              }
            },
            "Nauru": {
              "long": {
                "standard": "Ura di Nauru"
              }
            },
            "Nepal": {
              "long": {
                "standard": "Ura dû Nepal"
              }
            },
            "New_Caledonia": {
              "long": {
                "generic": "Ura dâ Nova Calidonia",
                "standard": "Ura sulari dâ Nova Calidonia",
                "daylight": "Ura ligali dâ Nova Calidonia"
              }
            },
            "New_Zealand": {
              "long": {
                "generic": "Ura dâ Nova Zilannia",
                "standard": "Ura sulari dâ Nova Zilannia",
                "daylight": "Ura ligali dâ Nova Zilannia"
              }
            },
            "Newfoundland": {
              "long": {
                "generic": "Ura di Tirranova",
                "standard": "Ura sulari di Tirranova",
                "daylight": "Ura ligali di Tirranova"
              }
            },
            "Niue": {
              "long": {
                "standard": "Ura di Niue"
              }
            },
            "Norfolk": {
              "long": {
                "generic": "Ura di l’Ìsula Norfolk",
                "standard": "Ura sulari di l’Ìsula Norfolk",
                "daylight": "Ura ligali di l’Ìsula Norfolk"
              }
            },
            "Noronha": {
              "long": {
                "generic": "Ura di Fernando di Noronha",
                "standard": "Ura sulari di Fernando di Noronha",
                "daylight": "Ura ligali di Fernando di Noronha"
              }
            },
            "Novosibirsk": {
              "long": {
                "generic": "Ura di Novosibirsk",
                "standard": "Ura sulari di Novosibirsk",
                "daylight": "Ura ligali di Novosibirsk"
              }
            },
            "Omsk": {
              "long": {
                "generic": "Ura di Omsk",
                "standard": "Ura sulari di Omsk",
                "daylight": "Ura ligali di Omsk"
              }
            },
            "Pakistan": {
              "long": {
                "generic": "Ura dû Pàkistan",
                "standard": "Ura sulari dû Pàkistan",
                "daylight": "Ura ligali dû Pàkistan"
              }
            },
            "Palau": {
              "long": {
                "standard": "Ura di Palau"
              }
            },
            "Papua_New_Guinea": {
              "long": {
                "standard": "Ura dâ Papua Nova Guinìa"
              }
            },
            "Paraguay": {
              "long": {
                "generic": "Ura dû Paraguay",
                "standard": "Ura sulari dû Paraguay",
                "daylight": "Ura ligali dû Paraguay"
              }
            },
            "Peru": {
              "long": {
                "generic": "Ura dû Pirù",
                "standard": "Ura sulari dû Pirù",
                "daylight": "Ura ligali dû Pirù"
              }
            },
            "Philippines": {
              "long": {
                "generic": "Ura dî Filippini",
                "standard": "Ura sulari dî Filippini",
                "daylight": "Ura ligali dî Filippini"
              }
            },
            "Phoenix_Islands": {
              "long": {
                "standard": "Ura di l’Ìsuli Phoenix"
              }
            },
            "Pierre_Miquelon": {
              "long": {
                "generic": "Ura di S. Pierre e Miquelon",
                "standard": "Ura sulari di S. Pierre e Miquelon",
                "daylight": "Ura ligali di S. Pierre e Miquelon"
              }
            },
            "Pitcairn": {
              "long": {
                "standard": "Ura di Pitcairn"
              }
            },
            "Ponape": {
              "long": {
                "standard": "Ura di Pohnpei"
              }
            },
            "Pyongyang": {
              "long": {
                "standard": "Ura dâ Curia di Tramuntana"
              }
            },
            "Reunion": {
              "long": {
                "standard": "Ura di Réunion"
              }
            },
            "Rothera": {
              "long": {
                "standard": "Ura di Rothera"
              }
            },
            "Sakhalin": {
              "long": {
                "generic": "Ura di Sakhalin",
                "standard": "Ura sulari di Sakhalin",
                "daylight": "Ura ligali di Sakhalin"
              }
            },
            "Samoa": {
              "long": {
                "generic": "Ura dî Samoa miricani",
                "standard": "Ura sulari dî Samoa miricani",
                "daylight": "Ura ligali dî Samoa miricani"
              }
            },
            "Seychelles": {
              "long": {
                "standard": "Ura dî Seychelles"
              }
            },
            "Singapore": {
              "long": {
                "standard": "Ura di Singapuri"
              }
            },
            "Solomon": {
              "long": {
                "standard": "Ura di l’Ìsuli Salumuni"
              }
            },
            "South_Georgia": {
              "long": {
                "standard": "Ura dâ Giorgia di sciroccu"
              }
            },
            "Suriname": {
              "long": {
                "standard": "Ura dû Surinami"
              }
            },
            "Syowa": {
              "long": {
                "standard": "Ura di Syowa"
              }
            },
            "Tahiti": {
              "long": {
                "standard": "Ura di Tahiti"
              }
            },
            "Taipei": {
              "long": {
                "generic": "Ura di Taiwan",
                "standard": "Ura sulari di Taiwan",
                "daylight": "Ura ligali di Taiwan"
              }
            },
            "Tajikistan": {
              "long": {
                "standard": "Ura dû Taggìkistan"
              }
            },
            "Tokelau": {
              "long": {
                "standard": "Ura di Tukilau"
              }
            },
            "Tonga": {
              "long": {
                "generic": "Ura di Tonga",
                "standard": "Ura sulari di Tonga",
                "daylight": "Ura ligali di Tonga"
              }
            },
            "Truk": {
              "long": {
                "standard": "Ura di Chuuk"
              }
            },
            "Turkmenistan": {
              "long": {
                "generic": "Ura dû Turkmènistan",
                "standard": "Ura sulari dû Turkmènistan",
                "daylight": "Ura ligali dû Turkmènistan"
              }
            },
            "Tuvalu": {
              "long": {
                "standard": "Ura di Tuvalu"
              }
            },
            "Uruguay": {
              "long": {
                "generic": "Ura di l’Uruguay",
                "standard": "Ura sulari di l’Uruguay",
                "daylight": "Ura ligali di l’Uruguay"
              }
            },
            "Uzbekistan": {
              "long": {
                "generic": "Ura di l’Uzbèkistan",
                "standard": "Ura sulari di l’Uzbèkistan",
                "daylight": "Ura ligali di l’Uzbèkistan"
              }
            },
            "Vanuatu": {
              "long": {
                "generic": "Ura di Vanuatu",
                "standard": "Ura sulari di Vanuatu",
                "daylight": "Ura ligali di Vanuatu"
              }
            },
            "Venezuela": {
              "long": {
                "standard": "Ura dû Vinizzuela"
              }
            },
            "Vladivostok": {
              "long": {
                "generic": "Ura di Vladìvustok",
                "standard": "Ura sulari di Vladìvustok",
                "daylight": "Ura ligali di Vladìvustok"
              }
            },
            "Volgograd": {
              "long": {
                "generic": "Ura di Vòlgugrad",
                "standard": "Ura sulari di Vòlgugrad",
                "daylight": "Ura ligali di Vòlgugrad"
              }
            },
            "Vostok": {
              "long": {
                "standard": "Ura di Vostok"
              }
            },
            "Wake": {
              "long": {
                "standard": "Ura di l’Ìsula Wake"
              }
            },
            "Wallis": {
              "long": {
                "standard": "Ura di Wallis e Futuna"
              }
            },
            "Yakutsk": {
              "long": {
                "generic": "Ura di Yakutsk",
                "standard": "Ura sulari di Yakutsk",
                "daylight": "Ura ligali di Yakutsk"
              }
            },
            "Yekaterinburg": {
              "long": {
                "generic": "Ura di Yekatirimmurgu",
                "standard": "Ura sulari di Yekatirimmurgu",
                "daylight": "Ura ligali di Yekatirimmurgu"
              }
            },
            "Yukon": {
              "long": {
                "standard": "Ura dû Yukon"
              }
            }
          }
        }
      }
    }
  }
}
