{
  "main": {
    "lb": {
      "identity": {
        "version": {
          "_cldrVersion": "42"
        },
        "language": "lb"
      },
      "dates": {
        "timeZoneNames": {
          "hourFormat": "+HH:mm;-HH:mm",
          "gmtFormat": "GMT{0}",
          "gmtZeroFormat": "GMT",
          "regionFormat": "{0} Zäit",
          "regionFormat-type-daylight": "{0} Summerzäit",
          "regionFormat-type-standard": "{0} Normalzäit",
          "fallbackFormat": "{1} ({0})",
          "zone": {
            "America": {
              "Adak": {
                "exemplarCity": "Adak"
              },
              "Anchorage": {
                "exemplarCity": "Anchorage"
              },
              "Anguilla": {
                "exemplarCity": "Anguilla"
              },
              "Antigua": {
                "exemplarCity": "Antigua"
              },
              "Araguaina": {
                "exemplarCity": "Araguaina"
              },
              "Argentina": {
                "Rio_Gallegos": {
                  "exemplarCity": "Rio Gallegos"
                },
                "San_Juan": {
                  "exemplarCity": "San Juan"
                },
                "Ushuaia": {
                  "exemplarCity": "Ushuaia"
                },
                "La_Rioja": {
                  "exemplarCity": "La Rioja"
                },
                "San_Luis": {
                  "exemplarCity": "San Luis"
                },
                "Salta": {
                  "exemplarCity": "Salta"
                },
                "Tucuman": {
                  "exemplarCity": "Tucuman"
                }
              },
              "Aruba": {
                "exemplarCity": "Aruba"
              },
              "Asuncion": {
                "exemplarCity": "Asunción"
              },
              "Bahia": {
                "exemplarCity": "Bahia"
              },
              "Bahia_Banderas": {
                "exemplarCity": "Bahia Banderas"
              },
              "Barbados": {
                "exemplarCity": "Barbados"
              },
              "Belem": {
                "exemplarCity": "Belem"
              },
              "Belize": {
                "exemplarCity": "Belize"
              },
              "Blanc-Sablon": {
                "exemplarCity": "Blanc-Sablon"
              },
              "Boa_Vista": {
                "exemplarCity": "Boa Vista"
              },
              "Bogota": {
                "exemplarCity": "Bogota"
              },
              "Boise": {
                "exemplarCity": "Boise"
              },
              "Buenos_Aires": {
                "exemplarCity": "Buenos Aires"
              },
              "Cambridge_Bay": {
                "exemplarCity": "Cambridge Bay"
              },
              "Campo_Grande": {
                "exemplarCity": "Campo Grande"
              },
              "Cancun": {
                "exemplarCity": "Cancun"
              },
              "Caracas": {
                "exemplarCity": "Caracas"
              },
              "Catamarca": {
                "exemplarCity": "Catamarca"
              },
              "Cayenne": {
                "exemplarCity": "Cayenne"
              },
              "Cayman": {
                "exemplarCity": "Kaimaninselen"
              },
              "Chicago": {
                "exemplarCity": "Chicago"
              },
              "Chihuahua": {
                "exemplarCity": "Chihuahua"
              },
              "Coral_Harbour": {
                "exemplarCity": "Atikokan"
              },
              "Cordoba": {
                "exemplarCity": "Cordoba"
              },
              "Costa_Rica": {
                "exemplarCity": "Costa Rica"
              },
              "Creston": {
                "exemplarCity": "Creston"
              },
              "Cuiaba": {
                "exemplarCity": "Cuiaba"
              },
              "Curacao": {
                "exemplarCity": "Curaçao"
              },
              "Danmarkshavn": {
                "exemplarCity": "Danmarkshavn"
              },
              "Dawson": {
                "exemplarCity": "Dawson"
              },
              "Dawson_Creek": {
                "exemplarCity": "Dawson Creek"
              },
              "Denver": {
                "exemplarCity": "Denver"
              },
              "Detroit": {
                "exemplarCity": "Detroit"
              },
              "Dominica": {
                "exemplarCity": "Dominica"
              },
              "Edmonton": {
                "exemplarCity": "Edmonton"
              },
              "Eirunepe": {
                "exemplarCity": "Eirunepe"
              },
              "El_Salvador": {
                "exemplarCity": "Salvador"
              },
              "Fort_Nelson": {
                "exemplarCity": "Fort Nelson"
              },
              "Fortaleza": {
                "exemplarCity": "Fortaleza"
              },
              "Glace_Bay": {
                "exemplarCity": "Glace Bay"
              },
              "Godthab": {
                "exemplarCity": "Nuuk"
              },
              "Goose_Bay": {
                "exemplarCity": "Goose Bay"
              },
              "Grand_Turk": {
                "exemplarCity": "Grand Turk"
              },
              "Grenada": {
                "exemplarCity": "Grenada"
              },
              "Guadeloupe": {
                "exemplarCity": "Guadeloupe"
              },
              "Guatemala": {
                "exemplarCity": "Guatemala"
              },
              "Guayaquil": {
                "exemplarCity": "Guayaquil"
              },
              "Guyana": {
                "exemplarCity": "Guyana"
              },
              "Halifax": {
                "exemplarCity": "Halifax"
              },
              "Havana": {
                "exemplarCity": "Havanna"
              },
              "Hermosillo": {
                "exemplarCity": "Hermosillo"
              },
              "Indiana": {
                "Vincennes": {
                  "exemplarCity": "Vincennes, Indiana"
                },
                "Petersburg": {
                  "exemplarCity": "Petersburg, Indiana"
                },
                "Tell_City": {
                  "exemplarCity": "Tell City, Indiana"
                },
                "Knox": {
                  "exemplarCity": "Knox, Indiana"
                },
                "Winamac": {
                  "exemplarCity": "Winamac, Indiana"
                },
                "Marengo": {
                  "exemplarCity": "Marengo, Indiana"
                },
                "Vevay": {
                  "exemplarCity": "Vevay, Indiana"
                }
              },
              "Indianapolis": {
                "exemplarCity": "Indianapolis"
              },
              "Inuvik": {
                "exemplarCity": "Inuvik"
              },
              "Iqaluit": {
                "exemplarCity": "Iqaluit"
              },
              "Jamaica": {
                "exemplarCity": "Jamaika"
              },
              "Jujuy": {
                "exemplarCity": "Jujuy"
              },
              "Juneau": {
                "exemplarCity": "Juneau"
              },
              "Kentucky": {
                "Monticello": {
                  "exemplarCity": "Monticello, Kentucky"
                }
              },
              "Kralendijk": {
                "exemplarCity": "Kralendijk"
              },
              "La_Paz": {
                "exemplarCity": "La Paz"
              },
              "Lima": {
                "exemplarCity": "Lima"
              },
              "Los_Angeles": {
                "exemplarCity": "Los Angeles"
              },
              "Louisville": {
                "exemplarCity": "Louisville"
              },
              "Lower_Princes": {
                "exemplarCity": "Lower Prince’s Quarter"
              },
              "Maceio": {
                "exemplarCity": "Maceio"
              },
              "Managua": {
                "exemplarCity": "Managua"
              },
              "Manaus": {
                "exemplarCity": "Manaus"
              },
              "Marigot": {
                "exemplarCity": "Marigot"
              },
              "Martinique": {
                "exemplarCity": "Martinique"
              },
              "Matamoros": {
                "exemplarCity": "Matamoros"
              },
              "Mazatlan": {
                "exemplarCity": "Mazatlan"
              },
              "Mendoza": {
                "exemplarCity": "Mendoza"
              },
              "Menominee": {
                "exemplarCity": "Menominee"
              },
              "Merida": {
                "exemplarCity": "Merida"
              },
              "Metlakatla": {
                "exemplarCity": "Metlakatla"
              },
              "Mexico_City": {
                "exemplarCity": "Mexiko-Stad"
              },
              "Miquelon": {
                "exemplarCity": "Miquelon"
              },
              "Moncton": {
                "exemplarCity": "Moncton"
              },
              "Monterrey": {
                "exemplarCity": "Monterrey"
              },
              "Montevideo": {
                "exemplarCity": "Montevideo"
              },
              "Montserrat": {
                "exemplarCity": "Montserrat"
              },
              "Nassau": {
                "exemplarCity": "Nassau"
              },
              "New_York": {
                "exemplarCity": "New York"
              },
              "Nipigon": {
                "exemplarCity": "Nipigon"
              },
              "Nome": {
                "exemplarCity": "Nome"
              },
              "Noronha": {
                "exemplarCity": "Noronha"
              },
              "North_Dakota": {
                "Beulah": {
                  "exemplarCity": "Beulah, North Dakota"
                },
                "New_Salem": {
                  "exemplarCity": "New Salem, North Dakota"
                },
                "Center": {
                  "exemplarCity": "Center, North Dakota"
                }
              },
              "Ojinaga": {
                "exemplarCity": "Ojinaga"
              },
              "Panama": {
                "exemplarCity": "Panama"
              },
              "Pangnirtung": {
                "exemplarCity": "Pangnirtung"
              },
              "Paramaribo": {
                "exemplarCity": "Paramaribo"
              },
              "Phoenix": {
                "exemplarCity": "Phoenix"
              },
              "Port-au-Prince": {
                "exemplarCity": "Port-au-Prince"
              },
              "Port_of_Spain": {
                "exemplarCity": "Port-of-Spain"
              },
              "Porto_Velho": {
                "exemplarCity": "Porto Velho"
              },
              "Puerto_Rico": {
                "exemplarCity": "Puerto Rico"
              },
              "Punta_Arenas": {
                "exemplarCity": "Punta Arenas"
              },
              "Rainy_River": {
                "exemplarCity": "Rainy River"
              },
              "Rankin_Inlet": {
                "exemplarCity": "Rankin Inlet"
              },
              "Recife": {
                "exemplarCity": "Recife"
              },
              "Regina": {
                "exemplarCity": "Regina"
              },
              "Resolute": {
                "exemplarCity": "Resolute"
              },
              "Rio_Branco": {
                "exemplarCity": "Rio Branco"
              },
              "Santarem": {
                "exemplarCity": "Santarem"
              },
              "Santiago": {
                "exemplarCity": "Santiago"
              },
              "Santo_Domingo": {
                "exemplarCity": "Santo Domingo"
              },
              "Sao_Paulo": {
                "exemplarCity": "Sao Paulo"
              },
              "Scoresbysund": {
                "exemplarCity": "Ittoqqortoormiit"
              },
              "Sitka": {
                "exemplarCity": "Sitka"
              },
              "St_Barthelemy": {
                "exemplarCity": "Saint-Barthélemy"
              },
              "St_Johns": {
                "exemplarCity": "St. John’s"
              },
              "St_Kitts": {
                "exemplarCity": "St. Kitts"
              },
              "St_Lucia": {
                "exemplarCity": "St. Lucia"
              },
              "St_Thomas": {
                "exemplarCity": "St. Thomas"
              },
              "St_Vincent": {
                "exemplarCity": "St. Vincent"
              },
              "Swift_Current": {
                "exemplarCity": "Swift Current"
              },
              "Tegucigalpa": {
                "exemplarCity": "Tegucigalpa"
              },
              "Thule": {
                "exemplarCity": "Thule"
              },
              "Thunder_Bay": {
                "exemplarCity": "Thunder Bay"
              },
              "Tijuana": {
                "exemplarCity": "Tijuana"
              },
              "Toronto": {
                "exemplarCity": "Toronto"
              },
              "Tortola": {
                "exemplarCity": "Tortola"
              },
              "Vancouver": {
                "exemplarCity": "Vancouver"
              },
              "Whitehorse": {
                "exemplarCity": "Whitehorse"
              },
              "Winnipeg": {
                "exemplarCity": "Winnipeg"
              },
              "Yakutat": {
                "exemplarCity": "Yakutat"
              },
              "Yellowknife": {
                "exemplarCity": "Yellowknife"
              }
            },
            "Atlantic": {
              "Azores": {
                "exemplarCity": "Azoren"
              },
              "Bermuda": {
                "exemplarCity": "Bermudas"
              },
              "Canary": {
                "exemplarCity": "Kanaresch Inselen"
              },
              "Cape_Verde": {
                "exemplarCity": "Kap Verde"
              },
              "Faeroe": {
                "exemplarCity": "Färöer"
              },
              "Madeira": {
                "exemplarCity": "Madeira"
              },
              "Reykjavik": {
                "exemplarCity": "Reykjavik"
              },
              "South_Georgia": {
                "exemplarCity": "Südgeorgien"
              },
              "St_Helena": {
                "exemplarCity": "St. Helena"
              },
              "Stanley": {
                "exemplarCity": "Stanley"
              }
            },
            "Europe": {
              "Amsterdam": {
                "exemplarCity": "Amsterdam"
              },
              "Andorra": {
                "exemplarCity": "Andorra"
              },
              "Astrakhan": {
                "exemplarCity": "Astrakhan"
              },
              "Athens": {
                "exemplarCity": "Athen"
              },
              "Belgrade": {
                "exemplarCity": "Belgrad"
              },
              "Berlin": {
                "exemplarCity": "Berlin"
              },
              "Bratislava": {
                "exemplarCity": "Bratislava"
              },
              "Brussels": {
                "exemplarCity": "Bréissel"
              },
              "Bucharest": {
                "exemplarCity": "Bukarest"
              },
              "Budapest": {
                "exemplarCity": "Budapest"
              },
              "Busingen": {
                "exemplarCity": "Busingen"
              },
              "Chisinau": {
                "exemplarCity": "Kischinau"
              },
              "Copenhagen": {
                "exemplarCity": "Kopenhagen"
              },
              "Dublin": {
                "long": {
                  "daylight": "Iresch Summerzäit"
                },
                "exemplarCity": "Dublin"
              },
              "Gibraltar": {
                "exemplarCity": "Gibraltar"
              },
              "Guernsey": {
                "exemplarCity": "Guernsey"
              },
              "Helsinki": {
                "exemplarCity": "Helsinki"
              },
              "Isle_of_Man": {
                "exemplarCity": "Isle of Man"
              },
              "Istanbul": {
                "exemplarCity": "Istanbul"
              },
              "Jersey": {
                "exemplarCity": "Jersey"
              },
              "Kaliningrad": {
                "exemplarCity": "Kaliningrad"
              },
              "Kiev": {
                "exemplarCity": "Kiew"
              },
              "Kirov": {
                "exemplarCity": "Kirov"
              },
              "Lisbon": {
                "exemplarCity": "Lissabon"
              },
              "Ljubljana": {
                "exemplarCity": "Ljubljana"
              },
              "London": {
                "long": {
                  "daylight": "Britesch Summerzäit"
                },
                "exemplarCity": "London"
              },
              "Luxembourg": {
                "exemplarCity": "Lëtzebuerg"
              },
              "Madrid": {
                "exemplarCity": "Madrid"
              },
              "Malta": {
                "exemplarCity": "Malta"
              },
              "Mariehamn": {
                "exemplarCity": "Mariehamn"
              },
              "Minsk": {
                "exemplarCity": "Minsk"
              },
              "Monaco": {
                "exemplarCity": "Monaco"
              },
              "Moscow": {
                "exemplarCity": "Moskau"
              },
              "Oslo": {
                "exemplarCity": "Oslo"
              },
              "Paris": {
                "exemplarCity": "Paris"
              },
              "Podgorica": {
                "exemplarCity": "Podgorica"
              },
              "Prague": {
                "exemplarCity": "Prag"
              },
              "Riga": {
                "exemplarCity": "Riga"
              },
              "Rome": {
                "exemplarCity": "Roum"
              },
              "Samara": {
                "exemplarCity": "Samara"
              },
              "San_Marino": {
                "exemplarCity": "San Marino"
              },
              "Sarajevo": {
                "exemplarCity": "Sarajevo"
              },
              "Saratov": {
                "exemplarCity": "Saratov"
              },
              "Simferopol": {
                "exemplarCity": "Simferopol"
              },
              "Skopje": {
                "exemplarCity": "Skopje"
              },
              "Sofia": {
                "exemplarCity": "Sofia"
              },
              "Stockholm": {
                "exemplarCity": "Stockholm"
              },
              "Tallinn": {
                "exemplarCity": "Tallinn"
              },
              "Tirane": {
                "exemplarCity": "Tirana"
              },
              "Ulyanovsk": {
                "exemplarCity": "Ulyanovsk"
              },
              "Uzhgorod": {
                "exemplarCity": "Uschgorod"
              },
              "Vaduz": {
                "exemplarCity": "Vaduz"
              },
              "Vatican": {
                "exemplarCity": "Vatikan"
              },
              "Vienna": {
                "exemplarCity": "Wien"
              },
              "Vilnius": {
                "exemplarCity": "Wilna"
              },
              "Volgograd": {
                "exemplarCity": "Wolgograd"
              },
              "Warsaw": {
                "exemplarCity": "Warschau"
              },
              "Zagreb": {
                "exemplarCity": "Zagreb"
              },
              "Zaporozhye": {
                "exemplarCity": "Saporischschja"
              },
              "Zurich": {
                "exemplarCity": "Zürech"
              }
            },
            "Africa": {
              "Abidjan": {
                "exemplarCity": "Abidjan"
              },
              "Accra": {
                "exemplarCity": "Accra"
              },
              "Addis_Ababa": {
                "exemplarCity": "Addis Abeba"
              },
              "Algiers": {
                "exemplarCity": "Alger"
              },
              "Asmera": {
                "exemplarCity": "Asmara"
              },
              "Bamako": {
                "exemplarCity": "Bamako"
              },
              "Bangui": {
                "exemplarCity": "Bangui"
              },
              "Banjul": {
                "exemplarCity": "Banjul"
              },
              "Bissau": {
                "exemplarCity": "Bissau"
              },
              "Blantyre": {
                "exemplarCity": "Blantyre"
              },
              "Brazzaville": {
                "exemplarCity": "Brazzaville"
              },
              "Bujumbura": {
                "exemplarCity": "Bujumbura"
              },
              "Cairo": {
                "exemplarCity": "Kairo"
              },
              "Casablanca": {
                "exemplarCity": "Casablanca"
              },
              "Ceuta": {
                "exemplarCity": "Ceuta"
              },
              "Conakry": {
                "exemplarCity": "Conakry"
              },
              "Dakar": {
                "exemplarCity": "Dakar"
              },
              "Dar_es_Salaam": {
                "exemplarCity": "Dar es Salaam"
              },
              "Djibouti": {
                "exemplarCity": "Dschibuti"
              },
              "Douala": {
                "exemplarCity": "Douala"
              },
              "El_Aaiun": {
                "exemplarCity": "El Aaiún"
              },
              "Freetown": {
                "exemplarCity": "Freetown"
              },
              "Gaborone": {
                "exemplarCity": "Gaborone"
              },
              "Harare": {
                "exemplarCity": "Harare"
              },
              "Johannesburg": {
                "exemplarCity": "Johannesburg"
              },
              "Juba": {
                "exemplarCity": "Juba"
              },
              "Kampala": {
                "exemplarCity": "Kampala"
              },
              "Khartoum": {
                "exemplarCity": "Khartum"
              },
              "Kigali": {
                "exemplarCity": "Kigali"
              },
              "Kinshasa": {
                "exemplarCity": "Kinshasa"
              },
              "Lagos": {
                "exemplarCity": "Lagos"
              },
              "Libreville": {
                "exemplarCity": "Libreville"
              },
              "Lome": {
                "exemplarCity": "Lome"
              },
              "Luanda": {
                "exemplarCity": "Luanda"
              },
              "Lubumbashi": {
                "exemplarCity": "Lubumbashi"
              },
              "Lusaka": {
                "exemplarCity": "Lusaka"
              },
              "Malabo": {
                "exemplarCity": "Malabo"
              },
              "Maputo": {
                "exemplarCity": "Maputo"
              },
              "Maseru": {
                "exemplarCity": "Maseru"
              },
              "Mbabane": {
                "exemplarCity": "Mbabane"
              },
              "Mogadishu": {
                "exemplarCity": "Mogadischu"
              },
              "Monrovia": {
                "exemplarCity": "Monrovia"
              },
              "Nairobi": {
                "exemplarCity": "Nairobi"
              },
              "Ndjamena": {
                "exemplarCity": "Ndjamena"
              },
              "Niamey": {
                "exemplarCity": "Niamey"
              },
              "Nouakchott": {
                "exemplarCity": "Nouakchott"
              },
              "Ouagadougou": {
                "exemplarCity": "Wagadugu"
              },
              "Porto-Novo": {
                "exemplarCity": "Porto-Novo"
              },
              "Sao_Tome": {
                "exemplarCity": "São Tomé"
              },
              "Tripoli": {
                "exemplarCity": "Tripoli"
              },
              "Tunis": {
                "exemplarCity": "Tunis"
              },
              "Windhoek": {
                "exemplarCity": "Windhoek"
              }
            },
            "Asia": {
              "Aden": {
                "exemplarCity": "Aden"
              },
              "Almaty": {
                "exemplarCity": "Almaty"
              },
              "Amman": {
                "exemplarCity": "Amman"
              },
              "Anadyr": {
                "exemplarCity": "Anadyr"
              },
              "Aqtau": {
                "exemplarCity": "Aqtau"
              },
              "Aqtobe": {
                "exemplarCity": "Aqtöbe"
              },
              "Ashgabat": {
                "exemplarCity": "Ashgabat"
              },
              "Atyrau": {
                "exemplarCity": "Atyrau"
              },
              "Baghdad": {
                "exemplarCity": "Bagdad"
              },
              "Bahrain": {
                "exemplarCity": "Bahrain"
              },
              "Baku": {
                "exemplarCity": "Baku"
              },
              "Bangkok": {
                "exemplarCity": "Bangkok"
              },
              "Barnaul": {
                "exemplarCity": "Barnaul"
              },
              "Beirut": {
                "exemplarCity": "Beirut"
              },
              "Bishkek": {
                "exemplarCity": "Bischkek"
              },
              "Brunei": {
                "exemplarCity": "Brunei"
              },
              "Calcutta": {
                "exemplarCity": "Kalkutta"
              },
              "Chita": {
                "exemplarCity": "Chita"
              },
              "Choibalsan": {
                "exemplarCity": "Choibalsan"
              },
              "Colombo": {
                "exemplarCity": "Colombo"
              },
              "Damascus": {
                "exemplarCity": "Damaskus"
              },
              "Dhaka": {
                "exemplarCity": "Dhaka"
              },
              "Dili": {
                "exemplarCity": "Dili"
              },
              "Dubai": {
                "exemplarCity": "Dubai"
              },
              "Dushanbe": {
                "exemplarCity": "Duschanbe"
              },
              "Famagusta": {
                "exemplarCity": "Famagusta"
              },
              "Gaza": {
                "exemplarCity": "Gaza"
              },
              "Hebron": {
                "exemplarCity": "Hebron"
              },
              "Hong_Kong": {
                "exemplarCity": "Hong Kong"
              },
              "Hovd": {
                "exemplarCity": "Hovd"
              },
              "Irkutsk": {
                "exemplarCity": "Irkutsk"
              },
              "Jakarta": {
                "exemplarCity": "Jakarta"
              },
              "Jayapura": {
                "exemplarCity": "Port Numbay"
              },
              "Jerusalem": {
                "exemplarCity": "Jerusalem"
              },
              "Kabul": {
                "exemplarCity": "Kabul"
              },
              "Kamchatka": {
                "exemplarCity": "Kamtschatka"
              },
              "Karachi": {
                "exemplarCity": "Karachi"
              },
              "Katmandu": {
                "exemplarCity": "Kathmandu"
              },
              "Khandyga": {
                "exemplarCity": "Khandyga"
              },
              "Krasnoyarsk": {
                "exemplarCity": "Krasnojarsk"
              },
              "Kuala_Lumpur": {
                "exemplarCity": "Kuala Lumpur"
              },
              "Kuching": {
                "exemplarCity": "Kuching"
              },
              "Kuwait": {
                "exemplarCity": "Kuwait"
              },
              "Macau": {
                "exemplarCity": "Macau"
              },
              "Magadan": {
                "exemplarCity": "Magadan"
              },
              "Makassar": {
                "exemplarCity": "Makassar"
              },
              "Manila": {
                "exemplarCity": "Manila"
              },
              "Muscat": {
                "exemplarCity": "Muskat"
              },
              "Nicosia": {
                "exemplarCity": "Nikosia"
              },
              "Novokuznetsk": {
                "exemplarCity": "Novokuznetsk"
              },
              "Novosibirsk": {
                "exemplarCity": "Nowosibirsk"
              },
              "Omsk": {
                "exemplarCity": "Omsk"
              },
              "Oral": {
                "exemplarCity": "Oral"
              },
              "Phnom_Penh": {
                "exemplarCity": "Phnom Penh"
              },
              "Pontianak": {
                "exemplarCity": "Pontianak"
              },
              "Pyongyang": {
                "exemplarCity": "Pjöngjang"
              },
              "Qatar": {
                "exemplarCity": "Katar"
              },
              "Qostanay": {
                "exemplarCity": "Qostanay"
              },
              "Qyzylorda": {
                "exemplarCity": "Qyzylorda"
              },
              "Rangoon": {
                "exemplarCity": "Yangon"
              },
              "Riyadh": {
                "exemplarCity": "Riad"
              },
              "Saigon": {
                "exemplarCity": "Ho-Chi-Minh-Stad"
              },
              "Sakhalin": {
                "exemplarCity": "Sachalin"
              },
              "Samarkand": {
                "exemplarCity": "Samarkand"
              },
              "Seoul": {
                "exemplarCity": "Seoul"
              },
              "Shanghai": {
                "exemplarCity": "Shanghai"
              },
              "Singapore": {
                "exemplarCity": "Singapur"
              },
              "Srednekolymsk": {
                "exemplarCity": "Srednekolymsk"
              },
              "Taipei": {
                "exemplarCity": "Taipeh"
              },
              "Tashkent": {
                "exemplarCity": "Taschkent"
              },
              "Tbilisi": {
                "exemplarCity": "Tiflis"
              },
              "Tehran": {
                "exemplarCity": "Teheran"
              },
              "Thimphu": {
                "exemplarCity": "Thimphu"
              },
              "Tokyo": {
                "exemplarCity": "Tokio"
              },
              "Tomsk": {
                "exemplarCity": "Tomsk"
              },
              "Ulaanbaatar": {
                "exemplarCity": "Ulaanbaatar"
              },
              "Urumqi": {
                "exemplarCity": "Urumqi"
              },
              "Ust-Nera": {
                "exemplarCity": "Ust-Nera"
              },
              "Vientiane": {
                "exemplarCity": "Vientiane"
              },
              "Vladivostok": {
                "exemplarCity": "Wladiwostok"
              },
              "Yakutsk": {
                "exemplarCity": "Jakutsk"
              },
              "Yekaterinburg": {
                "exemplarCity": "Jekaterinbuerg"
              },
              "Yerevan": {
                "exemplarCity": "Erivan"
              }
            },
            "Indian": {
              "Antananarivo": {
                "exemplarCity": "Antananarivo"
              },
              "Chagos": {
                "exemplarCity": "Chagos"
              },
              "Christmas": {
                "exemplarCity": "Chrëschtdagsinsel"
              },
              "Cocos": {
                "exemplarCity": "Cocos"
              },
              "Comoro": {
                "exemplarCity": "Komoren"
              },
              "Kerguelen": {
                "exemplarCity": "Kerguelen"
              },
              "Mahe": {
                "exemplarCity": "Mahe"
              },
              "Maldives": {
                "exemplarCity": "Maldiven"
              },
              "Mauritius": {
                "exemplarCity": "Mauritius"
              },
              "Mayotte": {
                "exemplarCity": "Mayotte"
              },
              "Reunion": {
                "exemplarCity": "Réunion"
              }
            },
            "Australia": {
              "Adelaide": {
                "exemplarCity": "Adelaide"
              },
              "Brisbane": {
                "exemplarCity": "Brisbane"
              },
              "Broken_Hill": {
                "exemplarCity": "Broken Hill"
              },
              "Darwin": {
                "exemplarCity": "Darwin"
              },
              "Eucla": {
                "exemplarCity": "Eucla"
              },
              "Hobart": {
                "exemplarCity": "Hobart"
              },
              "Lindeman": {
                "exemplarCity": "Lindeman"
              },
              "Lord_Howe": {
                "exemplarCity": "Lord Howe"
              },
              "Melbourne": {
                "exemplarCity": "Melbourne"
              },
              "Perth": {
                "exemplarCity": "Perth"
              },
              "Sydney": {
                "exemplarCity": "Sydney"
              }
            },
            "Pacific": {
              "Apia": {
                "exemplarCity": "Apia"
              },
              "Auckland": {
                "exemplarCity": "Auckland"
              },
              "Bougainville": {
                "exemplarCity": "Bougainville"
              },
              "Chatham": {
                "exemplarCity": "Chatham"
              },
              "Easter": {
                "exemplarCity": "Ouschterinsel"
              },
              "Efate": {
                "exemplarCity": "Efate"
              },
              "Fakaofo": {
                "exemplarCity": "Fakaofo"
              },
              "Fiji": {
                "exemplarCity": "Fidschi"
              },
              "Funafuti": {
                "exemplarCity": "Funafuti"
              },
              "Galapagos": {
                "exemplarCity": "Galapagos"
              },
              "Gambier": {
                "exemplarCity": "Gambier"
              },
              "Guadalcanal": {
                "exemplarCity": "Guadalcanal"
              },
              "Guam": {
                "exemplarCity": "Guam"
              },
              "Johnston": {
                "exemplarCity": "Johnston"
              },
              "Kanton": {
                "exemplarCity": "Kanton"
              },
              "Kiritimati": {
                "exemplarCity": "Kiritimati"
              },
              "Kosrae": {
                "exemplarCity": "Kosrae"
              },
              "Kwajalein": {
                "exemplarCity": "Kwajalein"
              },
              "Majuro": {
                "exemplarCity": "Majuro"
              },
              "Marquesas": {
                "exemplarCity": "Marquesas"
              },
              "Midway": {
                "exemplarCity": "Midway"
              },
              "Nauru": {
                "exemplarCity": "Nauru"
              },
              "Niue": {
                "exemplarCity": "Niue"
              },
              "Norfolk": {
                "exemplarCity": "Norfolk"
              },
              "Noumea": {
                "exemplarCity": "Noumea"
              },
              "Pago_Pago": {
                "exemplarCity": "Pago Pago"
              },
              "Palau": {
                "exemplarCity": "Palau"
              },
              "Pitcairn": {
                "exemplarCity": "Pitcairn"
              },
              "Ponape": {
                "exemplarCity": "Pohnpei"
              },
              "Port_Moresby": {
                "exemplarCity": "Port Moresby"
              },
              "Rarotonga": {
                "exemplarCity": "Rarotonga"
              },
              "Saipan": {
                "exemplarCity": "Saipan"
              },
              "Tahiti": {
                "exemplarCity": "Tahiti"
              },
              "Tarawa": {
                "exemplarCity": "Tarawa"
              },
              "Tongatapu": {
                "exemplarCity": "Tongatapu"
              },
              "Truk": {
                "exemplarCity": "Chuuk"
              },
              "Wake": {
                "exemplarCity": "Wake"
              },
              "Wallis": {
                "exemplarCity": "Wallis"
              }
            },
            "Arctic": {
              "Longyearbyen": {
                "exemplarCity": "Longyearbyen"
              }
            },
            "Antarctica": {
              "Casey": {
                "exemplarCity": "Casey"
              },
              "Davis": {
                "exemplarCity": "Davis"
              },
              "DumontDUrville": {
                "exemplarCity": "Dumont d’Urville"
              },
              "Macquarie": {
                "exemplarCity": "Macquarie"
              },
              "Mawson": {
                "exemplarCity": "Mawson"
              },
              "McMurdo": {
                "exemplarCity": "McMurdo"
              },
              "Palmer": {
                "exemplarCity": "Palmer"
              },
              "Rothera": {
                "exemplarCity": "Rothera"
              },
              "Syowa": {
                "exemplarCity": "Syowa"
              },
              "Troll": {
                "exemplarCity": "Troll"
              },
              "Vostok": {
                "exemplarCity": "Wostok"
              }
            },
            "Etc": {
              "UTC": {
                "short": {
                  "standard": "UTC"
                }
              },
              "Unknown": {
                "exemplarCity": "Onbekannt"
              }
            }
          },
          "metazone": {
            "Acre": {
              "long": {
                "generic": "Acre-Zäit",
                "standard": "Acre-Normalzäit",
                "daylight": "Acre-Summerzäit"
              }
            },
            "Afghanistan": {
              "long": {
                "standard": "Afghanistan-Zäit"
              }
            },
            "Africa_Central": {
              "long": {
                "standard": "Zentralafrikanesch Zäit"
              }
            },
            "Africa_Eastern": {
              "long": {
                "standard": "Ostafrikanesch Zäit"
              }
            },
            "Africa_Southern": {
              "long": {
                "standard": "Südafrikanesch Zäit"
              }
            },
            "Africa_Western": {
              "long": {
                "generic": "Westafrikanesch Zäit",
                "standard": "Westafrikanesch Normalzäit",
                "daylight": "Westafrikanesch Summerzäit"
              }
            },
            "Alaska": {
              "long": {
                "generic": "Alaska-Zäit",
                "standard": "Alaska-Normalzäit",
                "daylight": "Alaska-Summerzäit"
              }
            },
            "Almaty": {
              "long": {
                "generic": "Almaty-Zäit",
                "standard": "Almaty-Normalzäit",
                "daylight": "Almaty-Summerzäit"
              }
            },
            "Amazon": {
              "long": {
                "generic": "Amazonas-Zäit",
                "standard": "Amazonas-Normalzäit",
                "daylight": "Amazonas-Summerzäit"
              }
            },
            "America_Central": {
              "long": {
                "generic": "Nordamerikanesch Inlandzäit",
                "standard": "Nordamerikanesch Inland-Normalzäit",
                "daylight": "Nordamerikanesch Inland-Summerzäit"
              }
            },
            "America_Eastern": {
              "long": {
                "generic": "Nordamerikanesch Ostküstenzäit",
                "standard": "Nordamerikanesch Ostküsten-Normalzäit",
                "daylight": "Nordamerikanesch Ostküsten-Summerzäit"
              }
            },
            "America_Mountain": {
              "long": {
                "generic": "Rocky-Mountain-Zäit",
                "standard": "Rocky-Mountain-Normalzäit",
                "daylight": "Rocky-Mountain-Summerzäit"
              }
            },
            "America_Pacific": {
              "long": {
                "generic": "Nordamerikanesch Westküstenzäit",
                "standard": "Nordamerikanesch Westküsten-Normalzäit",
                "daylight": "Nordamerikanesch Westküsten-Summerzäit"
              }
            },
            "Anadyr": {
              "long": {
                "generic": "Anadyr-Zäit",
                "standard": "Anadyr-Normalzäit",
                "daylight": "Anadyr-Summerzäit"
              }
            },
            "Arabian": {
              "long": {
                "generic": "Arabesch Zäit",
                "standard": "Arabesch Normalzäit",
                "daylight": "Arabesch Summerzäit"
              }
            },
            "Argentina": {
              "long": {
                "generic": "Argentinesch Zäit",
                "standard": "Argentinesch Normalzäit",
                "daylight": "Argentinesch Summerzäit"
              }
            },
            "Argentina_Western": {
              "long": {
                "generic": "Westargentinesch Zäit",
                "standard": "Westargentinesch Normalzäit",
                "daylight": "Westargentinesch Summerzäit"
              }
            },
            "Armenia": {
              "long": {
                "generic": "Armenesch Zäit",
                "standard": "Armenesch Normalzäit",
                "daylight": "Armenesch Summerzäit"
              }
            },
            "Atlantic": {
              "long": {
                "generic": "Atlantik-Zäit",
                "standard": "Atlantik-Normalzäit",
                "daylight": "Atlantik-Summerzäit"
              }
            },
            "Australia_Central": {
              "long": {
                "generic": "Zentralaustralesch Zäit",
                "standard": "Zentralaustralesch Normalzäit",
                "daylight": "Zentralaustralesch Summerzäit"
              }
            },
            "Australia_CentralWestern": {
              "long": {
                "generic": "Zentral-/Westaustralesch Zäit",
                "standard": "Zentral-/Westaustralesch Normalzäit",
                "daylight": "Zentral-/Westaustralesch Summerzäit"
              }
            },
            "Australia_Eastern": {
              "long": {
                "generic": "Ostaustralesch Zäit",
                "standard": "Ostaustralesch Normalzäit",
                "daylight": "Ostaustralesch Summerzäit"
              }
            },
            "Australia_Western": {
              "long": {
                "generic": "Westaustralesch Zäit",
                "standard": "Westaustralesch Normalzäit",
                "daylight": "Westaustralesch Summerzäit"
              }
            },
            "Azerbaijan": {
              "long": {
                "generic": "Aserbaidschanesch Zäit",
                "standard": "Aserbeidschanesch Normalzäit",
                "daylight": "Aserbaidschanesch Summerzäit"
              }
            },
            "Azores": {
              "long": {
                "generic": "Azoren-Zäit",
                "standard": "Azoren-Normalzäit",
                "daylight": "Azoren-Summerzäit"
              }
            },
            "Bangladesh": {
              "long": {
                "generic": "Bangladesch-Zäit",
                "standard": "Bangladesch-Normalzäit",
                "daylight": "Bangladesch-Summerzäit"
              }
            },
            "Bhutan": {
              "long": {
                "standard": "Bhutan-Zäit"
              }
            },
            "Bolivia": {
              "long": {
                "standard": "Bolivianesch Zäit"
              }
            },
            "Brasilia": {
              "long": {
                "generic": "Brasília-Zäit",
                "standard": "Brasília-Normalzäit",
                "daylight": "Brasília-Summerzäit"
              }
            },
            "Brunei": {
              "long": {
                "standard": "Brunei-Zäit"
              }
            },
            "Cape_Verde": {
              "long": {
                "generic": "Kap-Verde-Zäit",
                "standard": "Kap-Verde-Normalzäit",
                "daylight": "Kap-Verde-Summerzäit"
              }
            },
            "Chamorro": {
              "long": {
                "standard": "Chamorro-Zäit"
              }
            },
            "Chatham": {
              "long": {
                "generic": "Chatham-Zäit",
                "standard": "Chatham-Normalzäit",
                "daylight": "Chatham-Summerzäit"
              }
            },
            "Chile": {
              "long": {
                "generic": "Chilenesch Zäit",
                "standard": "Chilenesch Normalzäit",
                "daylight": "Chilenesch Summerzäit"
              }
            },
            "China": {
              "long": {
                "generic": "Chinesesch Zäit",
                "standard": "Chinesesch Normalzäit",
                "daylight": "Chinesesch Summerzäit"
              }
            },
            "Choibalsan": {
              "long": {
                "generic": "Choibalsan-Zäit",
                "standard": "Choibalsan-Normalzäit",
                "daylight": "Choibalsan-Summerzäit"
              }
            },
            "Christmas": {
              "long": {
                "standard": "Chrëschtdagsinsel-Zäit"
              }
            },
            "Cocos": {
              "long": {
                "standard": "Kokosinselen-Zäit"
              }
            },
            "Colombia": {
              "long": {
                "generic": "Kolumbianesch Zäit",
                "standard": "Kolumbianesch Normalzäit",
                "daylight": "Kolumbianesch Summerzäit"
              }
            },
            "Cook": {
              "long": {
                "generic": "Cookinselen-Zäit",
                "standard": "Cookinselen-Normalzäit",
                "daylight": "Cookinselen-Summerzäit"
              }
            },
            "Cuba": {
              "long": {
                "generic": "Kubanesch Zäit",
                "standard": "Kubanesch Normalzäit",
                "daylight": "Kubanesch Summerzäit"
              }
            },
            "Davis": {
              "long": {
                "standard": "Davis-Zäit"
              }
            },
            "DumontDUrville": {
              "long": {
                "standard": "Dumont-d’Urville-Zäit"
              }
            },
            "East_Timor": {
              "long": {
                "standard": "Osttimor-Zäit"
              }
            },
            "Easter": {
              "long": {
                "generic": "Ouschterinsel-Zäit",
                "standard": "Ouschterinsel-Normalzäit",
                "daylight": "Ouschterinsel-Summerzäit"
              }
            },
            "Ecuador": {
              "long": {
                "standard": "Ecuadorianesch Zäit"
              }
            },
            "Europe_Central": {
              "long": {
                "generic": "Mëtteleuropäesch Zäit",
                "standard": "Mëtteleuropäesch Normalzäit",
                "daylight": "Mëtteleuropäesch Summerzäit"
              }
            },
            "Europe_Eastern": {
              "long": {
                "generic": "Osteuropäesch Zäit",
                "standard": "Osteuropäesch Normalzäit",
                "daylight": "Osteuropäesch Summerzäit"
              }
            },
            "Europe_Western": {
              "long": {
                "generic": "Westeuropäesch Zäit",
                "standard": "Westeuropäesch Normalzäit",
                "daylight": "Westeuropäesch Summerzäit"
              }
            },
            "Falkland": {
              "long": {
                "generic": "Falklandinselen-Zäit",
                "standard": "Falklandinselen-Normalzäit",
                "daylight": "Falklandinselen-Summerzäit"
              }
            },
            "Fiji": {
              "long": {
                "generic": "Fidschi-Zäit",
                "standard": "Fidschi-Normalzäit",
                "daylight": "Fidschi-Summerzäit"
              }
            },
            "French_Guiana": {
              "long": {
                "standard": "Franséisch-Guayane-Zäit"
              }
            },
            "French_Southern": {
              "long": {
                "standard": "Franséisch Süd- an Antarktisgebidder-Zäit"
              }
            },
            "Galapagos": {
              "long": {
                "standard": "Galapagos-Zäit"
              }
            },
            "Gambier": {
              "long": {
                "standard": "Gambier-Zäit"
              }
            },
            "Georgia": {
              "long": {
                "generic": "Georgesch Zäit",
                "standard": "Georgesch Normalzäit",
                "daylight": "Georgesch Summerzäit"
              }
            },
            "Gilbert_Islands": {
              "long": {
                "standard": "Gilbert-Inselen-Zäit"
              }
            },
            "GMT": {
              "long": {
                "standard": "Mëttler Greenwich-Zäit"
              }
            },
            "Greenland_Eastern": {
              "long": {
                "generic": "Ostgrönland-Zäit",
                "standard": "Ostgrönland-Normalzäit",
                "daylight": "Ostgrönland-Summerzäit"
              }
            },
            "Greenland_Western": {
              "long": {
                "generic": "Westgrönland-Zäit",
                "standard": "Westgrönland-Normalzäit",
                "daylight": "Westgrönland-Summerzäit"
              }
            },
            "Guam": {
              "long": {
                "standard": "Guam-Zäit"
              }
            },
            "Gulf": {
              "long": {
                "standard": "Golf-Zäit"
              }
            },
            "Guyana": {
              "long": {
                "standard": "Guyana-Zäit"
              }
            },
            "Hawaii_Aleutian": {
              "long": {
                "generic": "Hawaii-Aleuten-Zäit",
                "standard": "Hawaii-Aleuten-Normalzäit",
                "daylight": "Hawaii-Aleuten-Summerzäit"
              }
            },
            "Hong_Kong": {
              "long": {
                "generic": "Hong-Kong-Zäit",
                "standard": "Hong-Kong-Normalzäit",
                "daylight": "Hong-Kong-Summerzäit"
              }
            },
            "Hovd": {
              "long": {
                "generic": "Hovd-Zäit",
                "standard": "Hovd-Normalzäit",
                "daylight": "Hovd-Summerzäit"
              }
            },
            "India": {
              "long": {
                "standard": "Indesch Zäit"
              }
            },
            "Indian_Ocean": {
              "long": {
                "standard": "Indeschen Ozean-Zäit"
              }
            },
            "Indochina": {
              "long": {
                "standard": "Indochina-Zäit"
              }
            },
            "Indonesia_Central": {
              "long": {
                "standard": "Zentralindonesesch Zäit"
              }
            },
            "Indonesia_Eastern": {
              "long": {
                "standard": "Ostindonesesch Zäit"
              }
            },
            "Indonesia_Western": {
              "long": {
                "standard": "Westindonesesch Zäit"
              }
            },
            "Iran": {
              "long": {
                "generic": "Iranesch Zäit",
                "standard": "Iranesch Normalzäit",
                "daylight": "Iranesch Summerzäit"
              }
            },
            "Irkutsk": {
              "long": {
                "generic": "Irkutsk-Zäit",
                "standard": "Irkutsk-Normalzäit",
                "daylight": "Irkutsk-Summerzäit"
              }
            },
            "Israel": {
              "long": {
                "generic": "Israelesch Zäit",
                "standard": "Israelesch Normalzäit",
                "daylight": "Israelesch Summerzäit"
              }
            },
            "Japan": {
              "long": {
                "generic": "Japanesch Zäit",
                "standard": "Japanesch Normalzäit",
                "daylight": "Japanesch Summerzäit"
              }
            },
            "Kamchatka": {
              "long": {
                "generic": "Kamtschatka-Zäit",
                "standard": "Kamtschatka-Normalzäit",
                "daylight": "Kamtschatka-Summerzäit"
              }
            },
            "Kazakhstan_Eastern": {
              "long": {
                "standard": "Ostkasachesch Zäit"
              }
            },
            "Kazakhstan_Western": {
              "long": {
                "standard": "Westkasachesch Zäit"
              }
            },
            "Korea": {
              "long": {
                "generic": "Koreanesch Zäit",
                "standard": "Koreanesch Normalzäit",
                "daylight": "Koreanesch Summerzäit"
              }
            },
            "Kosrae": {
              "long": {
                "standard": "Kosrae-Zäit"
              }
            },
            "Krasnoyarsk": {
              "long": {
                "generic": "Krasnojarsk-Zäit",
                "standard": "Krasnojarsk-Normalzäit",
                "daylight": "Krasnojarsk-Summerzäit"
              }
            },
            "Kyrgystan": {
              "long": {
                "standard": "Kirgisistan-Zäit"
              }
            },
            "Line_Islands": {
              "long": {
                "standard": "Linneninselen-Zäit"
              }
            },
            "Lord_Howe": {
              "long": {
                "generic": "Lord-Howe-Zäit",
                "standard": "Lord-Howe-Normalzäit",
                "daylight": "Lord-Howe-Summerzäit"
              }
            },
            "Macquarie": {
              "long": {
                "standard": "Macquarieinsel-Zäit"
              }
            },
            "Magadan": {
              "long": {
                "generic": "Magadan-Zäit",
                "standard": "Magadan-Normalzäit",
                "daylight": "Magadan-Summerzäit"
              }
            },
            "Malaysia": {
              "long": {
                "standard": "Malaysesch Zäit"
              }
            },
            "Maldives": {
              "long": {
                "standard": "Maldiven-Zäit"
              }
            },
            "Marquesas": {
              "long": {
                "standard": "Marquesas-Zäit"
              }
            },
            "Marshall_Islands": {
              "long": {
                "standard": "Marshallinselen-Zäit"
              }
            },
            "Mauritius": {
              "long": {
                "generic": "Mauritius-Zäit",
                "standard": "Mauritius-Normalzäit",
                "daylight": "Mauritius-Summerzäit"
              }
            },
            "Mawson": {
              "long": {
                "standard": "Mawson-Zäit"
              }
            },
            "Mexico_Northwest": {
              "long": {
                "generic": "Nordwest-Mexiko-Zäit",
                "standard": "Nordwest-Mexiko-Normalzäit",
                "daylight": "Nordwest-Mexiko-Summerzäit"
              }
            },
            "Mexico_Pacific": {
              "long": {
                "generic": "Mexikanesch Pazifikzäit",
                "standard": "Mexikanesch Pazifik-Normalzäit",
                "daylight": "Mexikanesch Pazifik-Summerzäit"
              }
            },
            "Mongolia": {
              "long": {
                "generic": "Ulaanbaatar-Zäit",
                "standard": "Ulaanbaatar-Normalzäit",
                "daylight": "Ulaanbaatar-Summerzäit"
              }
            },
            "Moscow": {
              "long": {
                "generic": "Moskauer Zäit",
                "standard": "Moskauer Normalzäit",
                "daylight": "Moskauer Summerzäit"
              }
            },
            "Myanmar": {
              "long": {
                "standard": "Myanmar-Zäit"
              }
            },
            "Nauru": {
              "long": {
                "standard": "Nauru-Zäit"
              }
            },
            "Nepal": {
              "long": {
                "standard": "Nepalesesch Zäit"
              }
            },
            "New_Caledonia": {
              "long": {
                "generic": "Neikaledonesch Zäit",
                "standard": "Neikaledonesch Normalzäit",
                "daylight": "Neikaledonesch Summerzäit"
              }
            },
            "New_Zealand": {
              "long": {
                "generic": "Neiséiland-Zäit",
                "standard": "Neiséiland-Normalzäit",
                "daylight": "Neiséiland-Summerzäit"
              }
            },
            "Newfoundland": {
              "long": {
                "generic": "Neifundland-Zäit",
                "standard": "Neifundland-Normalzäit",
                "daylight": "Neifundland-Summerzäit"
              }
            },
            "Niue": {
              "long": {
                "standard": "Niue-Zäit"
              }
            },
            "Norfolk": {
              "long": {
                "generic": "Norfolkinselen-Zäit",
                "standard": "Norfolkinselen-Normalzäit",
                "daylight": "Norfolkinselen-Summerzäit"
              }
            },
            "Noronha": {
              "long": {
                "generic": "Fernando-de-Noronha-Zäit",
                "standard": "Fernando-de-Noronha-Normalzäit",
                "daylight": "Fernando-de-Noronha-Summerzäit"
              }
            },
            "Novosibirsk": {
              "long": {
                "generic": "Nowosibirsk-Zäit",
                "standard": "Nowosibirsk-Normalzäit",
                "daylight": "Nowosibirsk-Summerzäit"
              }
            },
            "Omsk": {
              "long": {
                "generic": "Omsk-Zäit",
                "standard": "Omsk-Normalzäit",
                "daylight": "Omsk-Summerzäit"
              }
            },
            "Pakistan": {
              "long": {
                "generic": "Pakistanesch Zäit",
                "standard": "Pakistanesch Normalzäit",
                "daylight": "Pakistanesch Summerzäit"
              }
            },
            "Palau": {
              "long": {
                "standard": "Palau-Zäit"
              }
            },
            "Papua_New_Guinea": {
              "long": {
                "standard": "Papua-Neiguinea-Zäit"
              }
            },
            "Paraguay": {
              "long": {
                "generic": "Paraguayanesch Zäit",
                "standard": "Paraguayanesch Normalzäit",
                "daylight": "Paraguayanesch Summerzäit"
              }
            },
            "Peru": {
              "long": {
                "generic": "Peruanesch Zäit",
                "standard": "Peruanesch Normalzäit",
                "daylight": "Peruanesch Summerzäit"
              }
            },
            "Philippines": {
              "long": {
                "generic": "Philippinnesch Zäit",
                "standard": "Philippinnesch Normalzäit",
                "daylight": "Philippinnesch Summerzäit"
              }
            },
            "Phoenix_Islands": {
              "long": {
                "standard": "Phoenixinselen-Zäit"
              }
            },
            "Pierre_Miquelon": {
              "long": {
                "generic": "Saint-Pierre-a-Miquelon-Zäit",
                "standard": "Saint-Pierre-a-Miquelon-Normalzäit",
                "daylight": "Saint-Pierre-a-Miquelon-Summerzäit"
              }
            },
            "Pitcairn": {
              "long": {
                "standard": "Pitcairninselen-Zäit"
              }
            },
            "Ponape": {
              "long": {
                "standard": "Ponape-Zäit"
              }
            },
            "Reunion": {
              "long": {
                "standard": "Réunion-Zäit"
              }
            },
            "Rothera": {
              "long": {
                "standard": "Rothera-Zäit"
              }
            },
            "Sakhalin": {
              "long": {
                "generic": "Sakhalin-Zäit",
                "standard": "Sakhalin-Normalzäit",
                "daylight": "Sakhalin-Summerzäit"
              }
            },
            "Samara": {
              "long": {
                "generic": "Samara-Zäit",
                "standard": "Samara-Normalzäit",
                "daylight": "Samara-Summerzäit"
              }
            },
            "Samoa": {
              "long": {
                "generic": "Samoa-Zäit",
                "standard": "Samoa-Normalzäit",
                "daylight": "Samoa-Summerzäit"
              }
            },
            "Seychelles": {
              "long": {
                "standard": "Seychellen-Zäit"
              }
            },
            "Singapore": {
              "long": {
                "standard": "Singapur-Standardzäit"
              }
            },
            "Solomon": {
              "long": {
                "standard": "Salomoninselen-Zäit"
              }
            },
            "South_Georgia": {
              "long": {
                "standard": "Südgeorgesch Zäit"
              }
            },
            "Suriname": {
              "long": {
                "standard": "Suriname-Zäit"
              }
            },
            "Syowa": {
              "long": {
                "standard": "Syowa-Zäit"
              }
            },
            "Tahiti": {
              "long": {
                "standard": "Tahiti-Zäit"
              }
            },
            "Taipei": {
              "long": {
                "generic": "Taipei-Zäit",
                "standard": "Taipei-Normalzäit",
                "daylight": "Taipei-Summerzäit"
              }
            },
            "Tajikistan": {
              "long": {
                "standard": "Tadschikistan-Zäit"
              }
            },
            "Tokelau": {
              "long": {
                "standard": "Tokelau-Zäit"
              }
            },
            "Tonga": {
              "long": {
                "generic": "Tonganesch Zäit",
                "standard": "Tonganesch Normalzäit",
                "daylight": "Tonganesch Summerzäit"
              }
            },
            "Truk": {
              "long": {
                "standard": "Chuuk-Zäit"
              }
            },
            "Turkmenistan": {
              "long": {
                "generic": "Turkmenistan-Zäit",
                "standard": "Turkmenistan-Normalzäit",
                "daylight": "Turkmenistan-Summerzäit"
              }
            },
            "Tuvalu": {
              "long": {
                "standard": "Tuvalu-Zäit"
              }
            },
            "Uruguay": {
              "long": {
                "generic": "Uruguayanesch Zäit",
                "standard": "Uruguyanesch Normalzäit",
                "daylight": "Uruguayanesch Summerzäit"
              }
            },
            "Uzbekistan": {
              "long": {
                "generic": "Usbekistan-Zäit",
                "standard": "Usbekistan-Normalzäit",
                "daylight": "Usbekistan-Summerzäit"
              }
            },
            "Vanuatu": {
              "long": {
                "generic": "Vanuatu-Zäit",
                "standard": "Vanuatu-Normalzäit",
                "daylight": "Vanuatu-Summerzäit"
              }
            },
            "Venezuela": {
              "long": {
                "standard": "Venezuela-Zäit"
              }
            },
            "Vladivostok": {
              "long": {
                "generic": "Wladiwostok-Zäit",
                "standard": "Wladiwostok-Normalzäit",
                "daylight": "Wladiwostok-Summerzäit"
              }
            },
            "Volgograd": {
              "long": {
                "generic": "Wolgograd-Zäit",
                "standard": "Wolgograd-Normalzäit",
                "daylight": "Wolgograd-Summerzäit"
              }
            },
            "Vostok": {
              "long": {
                "standard": "Wostok-Zäit"
              }
            },
            "Wake": {
              "long": {
                "standard": "Wake-Insel-Zäit"
              }
            },
            "Wallis": {
              "long": {
                "standard": "Wallis-a-Futuna-Zäit"
              }
            },
            "Yakutsk": {
              "long": {
                "generic": "Jakutsk-Zäit",
                "standard": "Jakutsk-Normalzäit",
                "daylight": "Jakutsk-Summerzäit"
              }
            },
            "Yekaterinburg": {
              "long": {
                "generic": "Jekaterinbuerg-Zäit",
                "standard": "Jekaterinbuerg-Normalzäit",
                "daylight": "Jekaterinbuerg-Summerzäit"
              }
            }
          }
        }
      }
    }
  }
}
