{
  "main": {
    "pt": {
      "identity": {
        "language": "pt"
      },
      "dates": {
        "timeZoneNames": {
          "hourFormat": "+HH:mm;-HH:mm",
          "gmtFormat": "GMT{0}",
          "gmtZeroFormat": "GMT",
          "gmtUnknownFormat": "GMT+?",
          "regionFormat": "Horário {0}",
          "regionFormat-type-daylight": "Horário de Verão: {0}",
          "regionFormat-type-standard": "Horário Padrão: {0}",
          "fallbackFormat": "{1} ({0})",
          "zone": {
            "Pacific": {
              "Honolulu": {
                "_type": "zone",
                "exemplarCity": "Honolulu"
              },
              "Easter": {
                "_type": "zone",
                "exemplarCity": "Ilha de Páscoa"
              },
              "Galapagos": {
                "_type": "zone",
                "exemplarCity": "Galápagos"
              },
              "Truk": {
                "_type": "zone",
                "exemplarCity": "Chuuk"
              },
              "Ponape": {
                "_type": "zone",
                "exemplarCity": "Pohnpei"
              },
              "Enderbury": {
                "_type": "zone",
                "exemplarCity": "Ilha de Canton"
              },
              "Tarawa": {
                "_type": "zone",
                "exemplarCity": "Taraua"
              },
              "Noumea": {
                "_type": "zone",
                "exemplarCity": "Nouméa"
              },
              "Chatham": {
                "_type": "zone",
                "exemplarCity": "Chatnam"
              },
              "Tahiti": {
                "_type": "zone",
                "exemplarCity": "Taiti"
              },
              "Efate": {
                "_type": "zone",
                "exemplarCity": "Éfaté"
              },
              "Wallis": {
                "_type": "zone",
                "exemplarCity": "Wallis & Futuna"
              }
            },
            "Etc": {
              "UTC": {
                "_type": "zone",
                "long": {
                  "standard": "Horário Universal Coordenado"
                },
                "short": {
                  "standard": "UTC"
                }
              },
              "Unknown": {
                "_type": "zone",
                "exemplarCity": "Cidade desconhecida"
              }
            },
            "Asia": {
              "Kabul": {
                "_type": "zone",
                "exemplarCity": "Cabul"
              },
              "Dhaka": {
                "_type": "zone",
                "exemplarCity": "Dacca"
              },
              "Bahrain": {
                "_type": "zone",
                "exemplarCity": "Bahrein"
              },
              "Urumqi": {
                "_type": "zone",
                "exemplarCity": "Ürümqi"
              },
              "Shanghai": {
                "_type": "zone",
                "exemplarCity": "Xangai"
              },
              "Nicosia": {
                "_type": "zone",
                "exemplarCity": "Nicósia"
              },
              "Jakarta": {
                "_type": "zone",
                "exemplarCity": "Jacarta"
              },
              "Jerusalem": {
                "_type": "zone",
                "exemplarCity": "Jerusalém"
              },
              "Calcutta": {
                "_type": "zone",
                "exemplarCity": "Calcutá"
              },
              "Baghdad": {
                "_type": "zone",
                "exemplarCity": "Bagdá"
              },
              "Tehran": {
                "_type": "zone",
                "exemplarCity": "Teerã"
              },
              "Amman": {
                "_type": "zone",
                "exemplarCity": "Amã"
              },
              "Tokyo": {
                "_type": "zone",
                "exemplarCity": "Tóquio"
              },
              "Seoul": {
                "_type": "zone",
                "exemplarCity": "Seul"
              },
              "Aqtau": {
                "_type": "zone",
                "exemplarCity": "Aktau"
              },
              "Aqtobe": {
                "_type": "zone",
                "exemplarCity": "Aktobe"
              },
              "Beirut": {
                "_type": "zone",
                "exemplarCity": "Beirute"
              },
              "Rangoon": {
                "_type": "zone",
                "exemplarCity": "Rangum"
              },
              "Hovd": {
                "_type": "zone",
                "exemplarCity": "Khovd"
              },
              "Ulaanbaatar": {
                "_type": "zone",
                "exemplarCity": "Ulan Bator"
              },
              "Macau": {
                "_type": "zone",
                "exemplarCity": "Macau"
              },
              "Katmandu": {
                "_type": "zone",
                "exemplarCity": "Katmandu"
              },
              "Muscat": {
                "_type": "zone",
                "exemplarCity": "Mascate"
              },
              "Qatar": {
                "_type": "zone",
                "exemplarCity": "Catar"
              },
              "Yekaterinburg": {
                "_type": "zone",
                "exemplarCity": "Ecaterimburgo"
              },
              "Sakhalin": {
                "_type": "zone",
                "exemplarCity": "Sacalina"
              },
              "Riyadh": {
                "_type": "zone",
                "exemplarCity": "Riade"
              },
              "Singapore": {
                "_type": "zone",
                "exemplarCity": "Singapura"
              },
              "Damascus": {
                "_type": "zone",
                "exemplarCity": "Damasco"
              },
              "Dushanbe": {
                "_type": "zone",
                "exemplarCity": "Duchambe"
              },
              "Ashgabat": {
                "_type": "zone",
                "exemplarCity": "Asgabate"
              },
              "Samarkand": {
                "_type": "zone",
                "exemplarCity": "Samarcanda"
              },
              "Saigon": {
                "_type": "zone",
                "exemplarCity": "Cidade de Ho Chi Minh"
              },
              "Aden": {
                "_type": "zone",
                "exemplarCity": "Áden"
              }
            },
            "America": {
              "Antigua": {
                "_type": "zone",
                "exemplarCity": "Antígua"
              },
              "Anguilla": {
                "_type": "zone",
                "exemplarCity": "Anguila"
              },
              "Argentina": {
                "Rio_Gallegos": {
                  "_type": "zone",
                  "exemplarCity": "Río Gallegos"
                },
                "Tucuman": {
                  "_type": "zone",
                  "exemplarCity": "Tucumã"
                }
              },
              "Cordoba": {
                "_type": "zone",
                "exemplarCity": "Córdoba"
              },
              "St_Barthelemy": {
                "_type": "zone",
                "exemplarCity": "São Bartolomeu"
              },
              "Eirunepe": {
                "_type": "zone",
                "exemplarCity": "Eirunepé"
              },
              "Cuiaba": {
                "_type": "zone",
                "exemplarCity": "Cuiabá"
              },
              "Santarem": {
                "_type": "zone",
                "exemplarCity": "Santarém"
              },
              "Belem": {
                "_type": "zone",
                "exemplarCity": "Belém"
              },
              "Araguaina": {
                "_type": "zone",
                "exemplarCity": "Araguaína"
              },
              "Sao_Paulo": {
                "_type": "zone",
                "exemplarCity": "São Paulo"
              },
              "Maceio": {
                "_type": "zone",
                "exemplarCity": "Maceió"
              },
              "Noronha": {
                "_type": "zone",
                "exemplarCity": "Fernando de Noronha"
              },
              "Coral_Harbour": {
                "_type": "zone",
                "exemplarCity": "Atikokan"
              },
              "St_Johns": {
                "_type": "zone",
                "exemplarCity": "Saint John’s"
              },
              "Coyhaique": {
                "_type": "zone",
                "exemplarCity": "Coihaique"
              },
              "Bogota": {
                "_type": "zone",
                "exemplarCity": "Bogotá"
              },
              "Curacao": {
                "_type": "zone",
                "exemplarCity": "Curaçao"
              },
              "Guayaquil": {
                "_type": "zone",
                "exemplarCity": "Guaiaquil"
              },
              "Grenada": {
                "_type": "zone",
                "exemplarCity": "Granada"
              },
              "Cayenne": {
                "_type": "zone",
                "exemplarCity": "Caiena"
              },
              "Godthab": {
                "_type": "zone",
                "exemplarCity": "Nuuk"
              },
              "Scoresbysund": {
                "_type": "zone",
                "exemplarCity": "Ittoqqortoormiit"
              },
              "Guadeloupe": {
                "_type": "zone",
                "exemplarCity": "Guadalupe"
              },
              "Guyana": {
                "_type": "zone",
                "exemplarCity": "Guiana"
              },
              "Port-au-Prince": {
                "_type": "zone",
                "exemplarCity": "Porto Príncipe"
              },
              "St_Kitts": {
                "_type": "zone",
                "exemplarCity": "São Cristóvão"
              },
              "St_Lucia": {
                "_type": "zone",
                "exemplarCity": "Santa Lúcia"
              },
              "Martinique": {
                "_type": "zone",
                "exemplarCity": "Martinica"
              },
              "Ciudad_Juarez": {
                "_type": "zone",
                "exemplarCity": "Ciudad Juárez"
              },
              "Mazatlan": {
                "_type": "zone",
                "exemplarCity": "Mazatlán"
              },
              "Bahia_Banderas": {
                "_type": "zone",
                "exemplarCity": "Bahia de Banderas"
              },
              "Mexico_City": {
                "_type": "zone",
                "exemplarCity": "Cidade do México"
              },
              "Merida": {
                "_type": "zone",
                "exemplarCity": "Mérida"
              },
              "Cancun": {
                "_type": "zone",
                "exemplarCity": "Cancún"
              },
              "Managua": {
                "_type": "zone",
                "exemplarCity": "Manágua"
              },
              "Panama": {
                "_type": "zone",
                "exemplarCity": "Panamá"
              },
              "Miquelon": {
                "_type": "zone",
                "exemplarCity": "Saint-Pierre"
              },
              "Puerto_Rico": {
                "_type": "zone",
                "exemplarCity": "Porto Rico"
              },
              "Asuncion": {
                "_type": "zone",
                "exemplarCity": "Assunção"
              },
              "Lower_Princes": {
                "_type": "zone",
                "exemplarCity": "Lower Prince’s Quarter"
              },
              "North_Dakota": {
                "Beulah": {
                  "_type": "zone",
                  "exemplarCity": "Beulah, Dakota do Norte"
                },
                "New_Salem": {
                  "_type": "zone",
                  "exemplarCity": "New Salen, Dakota do Norte"
                },
                "Center": {
                  "_type": "zone",
                  "exemplarCity": "Center, Dakota do Norte"
                }
              },
              "Indiana": {
                "Vincennes": {
                  "_type": "zone",
                  "exemplarCity": "Vincennes, Indiana"
                },
                "Petersburg": {
                  "_type": "zone",
                  "exemplarCity": "Petersburg, Indiana"
                },
                "Tell_City": {
                  "_type": "zone",
                  "exemplarCity": "Tell City, Indiana"
                },
                "Knox": {
                  "_type": "zone",
                  "exemplarCity": "Knox, Indiana"
                },
                "Winamac": {
                  "_type": "zone",
                  "exemplarCity": "Winamac, Indiana"
                },
                "Marengo": {
                  "_type": "zone",
                  "exemplarCity": "Marengo, Indiana"
                },
                "Vevay": {
                  "_type": "zone",
                  "exemplarCity": "Vevay, Indiana"
                }
              },
              "Indianapolis": {
                "_type": "zone",
                "exemplarCity": "Indianápolis"
              },
              "Kentucky": {
                "Monticello": {
                  "_type": "zone",
                  "exemplarCity": "Monticello, Kentucky"
                }
              },
              "New_York": {
                "_type": "zone",
                "exemplarCity": "Nova York"
              },
              "Montevideo": {
                "_type": "zone",
                "exemplarCity": "Montevidéu"
              },
              "St_Vincent": {
                "_type": "zone",
                "exemplarCity": "São Vicente"
              },
              "St_Thomas": {
                "_type": "zone",
                "exemplarCity": "Saint Thomas"
              }
            },
            "Europe": {
              "Tirane": {
                "_type": "zone",
                "exemplarCity": "Tirana"
              },
              "Vienna": {
                "_type": "zone",
                "exemplarCity": "Viena"
              },
              "Brussels": {
                "_type": "zone",
                "exemplarCity": "Bruxelas"
              },
              "Sofia": {
                "_type": "zone",
                "exemplarCity": "Sófia"
              },
              "Zurich": {
                "_type": "zone",
                "exemplarCity": "Zurique"
              },
              "Prague": {
                "_type": "zone",
                "exemplarCity": "Praga"
              },
              "Busingen": {
                "_type": "zone",
                "exemplarCity": "Büsingen"
              },
              "Berlin": {
                "_type": "zone",
                "exemplarCity": "Berlim"
              },
              "Copenhagen": {
                "_type": "zone",
                "exemplarCity": "Copenhague"
              },
              "Madrid": {
                "_type": "zone",
                "exemplarCity": "Madri"
              },
              "Helsinki": {
                "_type": "zone",
                "exemplarCity": "Helsinque"
              },
              "London": {
                "_type": "zone",
                "long": {
                  "daylight": "Horário de Verão Britânico"
                },
                "exemplarCity": "Londres"
              },
              "Athens": {
                "_type": "zone",
                "exemplarCity": "Atenas"
              },
              "Budapest": {
                "_type": "zone",
                "exemplarCity": "Budapeste"
              },
              "Dublin": {
                "_type": "zone",
                "long": {
                  "daylight": "Horário Padrão Irlandês"
                }
              },
              "Isle_of_Man": {
                "_type": "zone",
                "exemplarCity": "Ilha de Man"
              },
              "Rome": {
                "_type": "zone",
                "exemplarCity": "Roma"
              },
              "Luxembourg": {
                "_type": "zone",
                "exemplarCity": "Luxemburgo"
              },
              "Monaco": {
                "_type": "zone",
                "exemplarCity": "Mônaco"
              },
              "Chisinau": {
                "_type": "zone",
                "exemplarCity": "Chișinău"
              },
              "Amsterdam": {
                "_type": "zone",
                "exemplarCity": "Amsterdã"
              },
              "Warsaw": {
                "_type": "zone",
                "exemplarCity": "Varsóvia"
              },
              "Lisbon": {
                "_type": "zone",
                "exemplarCity": "Lisboa"
              },
              "Bucharest": {
                "_type": "zone",
                "exemplarCity": "Bucareste"
              },
              "Belgrade": {
                "_type": "zone",
                "exemplarCity": "Belgrado"
              },
              "Kaliningrad": {
                "_type": "zone",
                "exemplarCity": "Kaliningrado"
              },
              "Moscow": {
                "_type": "zone",
                "exemplarCity": "Moscou"
              },
              "Volgograd": {
                "_type": "zone",
                "exemplarCity": "Volgogrado"
              },
              "Astrakhan": {
                "_type": "zone",
                "exemplarCity": "Astracã"
              },
              "Ulyanovsk": {
                "_type": "zone",
                "exemplarCity": "Ulianovsk"
              },
              "Stockholm": {
                "_type": "zone",
                "exemplarCity": "Estocolmo"
              },
              "Ljubljana": {
                "_type": "zone",
                "exemplarCity": "Liubliana"
              },
              "Istanbul": {
                "_type": "zone",
                "exemplarCity": "Istambul"
              },
              "Kiev": {
                "_type": "zone",
                "exemplarCity": "Kiev"
              },
              "Vatican": {
                "_type": "zone",
                "exemplarCity": "Vaticano"
              }
            },
            "Antarctica": {
              "Syowa": {
                "_type": "zone",
                "exemplarCity": "Showa"
              },
              "DumontDUrville": {
                "_type": "zone",
                "exemplarCity": "Dumont-d’Urville"
              }
            },
            "Africa": {
              "Porto-Novo": {
                "_type": "zone",
                "exemplarCity": "Porto Novo"
              },
              "Djibouti": {
                "_type": "zone",
                "exemplarCity": "Djibuti"
              },
              "Algiers": {
                "_type": "zone",
                "exemplarCity": "Argel"
              },
              "El_Aaiun": {
                "_type": "zone",
                "exemplarCity": "El Aaiún"
              },
              "Asmera": {
                "_type": "zone",
                "exemplarCity": "Asmara"
              },
              "Addis_Ababa": {
                "_type": "zone",
                "exemplarCity": "Adis Abeba"
              },
              "Accra": {
                "_type": "zone",
                "exemplarCity": "Acra"
              },
              "Conakry": {
                "_type": "zone",
                "exemplarCity": "Conacri"
              },
              "Nairobi": {
                "_type": "zone",
                "exemplarCity": "Nairóbi"
              },
              "Monrovia": {
                "_type": "zone",
                "exemplarCity": "Monróvia"
              },
              "Tripoli": {
                "_type": "zone",
                "exemplarCity": "Trípoli"
              },
              "Khartoum": {
                "_type": "zone",
                "exemplarCity": "Cartum"
              },
              "Mogadishu": {
                "_type": "zone",
                "exemplarCity": "Mogadíscio"
              },
              "Sao_Tome": {
                "_type": "zone",
                "exemplarCity": "São Tomé"
              },
              "Ndjamena": {
                "_type": "zone",
                "exemplarCity": "N’Djamena"
              },
              "Lome": {
                "_type": "zone",
                "exemplarCity": "Lomé"
              },
              "Tunis": {
                "_type": "zone",
                "exemplarCity": "Túnis"
              },
              "Johannesburg": {
                "_type": "zone",
                "exemplarCity": "Joanesburgo"
              }
            },
            "Atlantic": {
              "Bermuda": {
                "_type": "zone",
                "exemplarCity": "Bermudas"
              },
              "Cape_Verde": {
                "_type": "zone",
                "exemplarCity": "Cabo Verde"
              },
              "Canary": {
                "_type": "zone",
                "exemplarCity": "Canárias"
              },
              "Faeroe": {
                "_type": "zone",
                "exemplarCity": "Ilhas Faroé"
              },
              "South_Georgia": {
                "_type": "zone",
                "exemplarCity": "Geórgia do Sul"
              },
              "Reykjavik": {
                "_type": "zone",
                "exemplarCity": "Reykjavík"
              },
              "Azores": {
                "_type": "zone",
                "exemplarCity": "Açores"
              },
              "St_Helena": {
                "_type": "zone",
                "exemplarCity": "Santa Helena"
              }
            },
            "Indian": {
              "Comoro": {
                "_type": "zone",
                "exemplarCity": "Comores"
              },
              "Mauritius": {
                "_type": "zone",
                "exemplarCity": "Maurício"
              },
              "Maldives": {
                "_type": "zone",
                "exemplarCity": "Maldivas"
              },
              "Reunion": {
                "_type": "zone",
                "exemplarCity": "Reunião"
              },
              "Mahe": {
                "_type": "zone",
                "exemplarCity": "Mahé"
              }
            }
          },
          "metazone": {
            "Acre": {
              "long": {
                "generic": "Horário do Acre",
                "standard": "Horário Padrão do Acre",
                "daylight": "Horário de Verão do Acre"
              },
              "short": {
                "generic": "ACT",
                "standard": "ACT",
                "daylight": "ACST"
              }
            },
            "Afghanistan": {
              "long": {
                "standard": "Horário do Afeganistão"
              }
            },
            "Africa_Central": {
              "long": {
                "standard": "Horário da África Central"
              }
            },
            "Africa_Eastern": {
              "long": {
                "standard": "Horário da África Oriental"
              }
            },
            "Africa_Southern": {
              "long": {
                "standard": "Horário da África do Sul"
              }
            },
            "Africa_Western": {
              "long": {
                "standard": "Horário da África Ocidental"
              }
            },
            "Alaska": {
              "long": {
                "generic": "Horário do Alasca",
                "standard": "Horário Padrão do Alasca",
                "daylight": "Horário de Verão do Alasca"
              }
            },
            "Almaty": {
              "long": {
                "generic": "Horário do Almaty",
                "standard": "Horário Padrão do Almaty",
                "daylight": "Horário de Verão do Almaty"
              }
            },
            "Amazon": {
              "long": {
                "generic": "Horário do Amazonas",
                "standard": "Horário Padrão do Amazonas",
                "daylight": "Horário de Verão do Amazonas"
              },
              "short": {
                "generic": "AMT",
                "standard": "AMT",
                "daylight": "AMST"
              }
            },
            "America_Central": {
              "long": {
                "generic": "Horário Central",
                "standard": "Horário Padrão Central",
                "daylight": "Horário de Verão Central"
              }
            },
            "America_Eastern": {
              "long": {
                "generic": "Horário do Leste",
                "standard": "Horário Padrão do Leste",
                "daylight": "Horário de Verão do Leste"
              }
            },
            "America_Mountain": {
              "long": {
                "generic": "Horário das Montanhas",
                "standard": "Horário Padrão das Montanhas",
                "daylight": "Horário de Verão das Montanhas"
              }
            },
            "America_Pacific": {
              "long": {
                "generic": "Horário do Pacífico",
                "standard": "Horário Padrão do Pacífico",
                "daylight": "Horário de Verão do Pacífico"
              }
            },
            "Anadyr": {
              "long": {
                "generic": "Horário de Anadyr",
                "standard": "Horário Padrão do Anadyr",
                "daylight": "Horário de Verão do Anadyr"
              }
            },
            "Apia": {
              "long": {
                "generic": "Horário de Apia",
                "standard": "Horário Padrão de Apia",
                "daylight": "Horário de Verão de Apia"
              }
            },
            "Aqtau": {
              "long": {
                "generic": "Horário do Aqtau",
                "standard": "Horário Padrão do Aqtau",
                "daylight": "Horário de Verão do Aqtau"
              }
            },
            "Aqtobe": {
              "long": {
                "generic": "Horário do Aqtobe",
                "standard": "Horário Padrão do Aqtobe",
                "daylight": "Horário de Verão do Aqtobe"
              }
            },
            "Arabian": {
              "long": {
                "generic": "Horário da Arábia",
                "standard": "Horário Padrão da Arábia",
                "daylight": "Horário de Verão da Arábia"
              }
            },
            "Argentina": {
              "long": {
                "generic": "Horário da Argentina",
                "standard": "Horário Padrão da Argentina",
                "daylight": "Horário de Verão da Argentina"
              }
            },
            "Argentina_Western": {
              "long": {
                "generic": "Horário da Argentina Ocidental",
                "standard": "Horário Padrão da Argentina Ocidental",
                "daylight": "Horário de Verão da Argentina Ocidental"
              }
            },
            "Armenia": {
              "long": {
                "generic": "Horário da Armênia",
                "standard": "Horário Padrão da Armênia",
                "daylight": "Horário de Verão da Armênia"
              }
            },
            "Atlantic": {
              "long": {
                "generic": "Horário do Atlântico",
                "standard": "Horário Padrão do Atlântico",
                "daylight": "Horário de Verão do Atlântico"
              }
            },
            "Australia_Central": {
              "long": {
                "generic": "Horário da Austrália Central",
                "standard": "Horário Padrão da Austrália Central",
                "daylight": "Horário de Verão da Austrália Central"
              }
            },
            "Australia_CentralWestern": {
              "long": {
                "generic": "Horário da Austrália Centro-Ocidental",
                "standard": "Horário Padrão da Austrália Centro-Ocidental",
                "daylight": "Horário de Verão da Austrália Centro-Ocidental"
              }
            },
            "Australia_Eastern": {
              "long": {
                "generic": "Horário da Austrália Oriental",
                "standard": "Horário Padrão da Austrália Oriental",
                "daylight": "Horário de Verão da Austrália Oriental"
              }
            },
            "Australia_Western": {
              "long": {
                "generic": "Horário da Austrália Ocidental",
                "standard": "Horário Padrão da Austrália Ocidental",
                "daylight": "Horário de Verão da Austrália Ocidental"
              }
            },
            "Azerbaijan": {
              "long": {
                "generic": "Horário do Arzeibaijão",
                "standard": "Horário Padrão do Arzeibaijão",
                "daylight": "Horário de Verão do Arzeibaijão"
              }
            },
            "Azores": {
              "long": {
                "generic": "Horário dos Açores",
                "standard": "Horário Padrão dos Açores",
                "daylight": "Horário de Verão dos Açores"
              }
            },
            "Bangladesh": {
              "long": {
                "generic": "Horário de Bangladesh",
                "standard": "Horário Padrão de Bangladesh",
                "daylight": "Horário de Verão de Bangladesh"
              }
            },
            "Bhutan": {
              "long": {
                "standard": "Horário do Butão"
              }
            },
            "Bolivia": {
              "long": {
                "standard": "Horário da Bolívia"
              }
            },
            "Brasilia": {
              "long": {
                "generic": "Horário de Brasília",
                "standard": "Horário Padrão de Brasília",
                "daylight": "Horário de Verão de Brasília"
              },
              "short": {
                "generic": "BRT",
                "standard": "BRT",
                "daylight": "BRST"
              }
            },
            "Brunei": {
              "long": {
                "standard": "Horário de Brunei Darussalam"
              }
            },
            "Cape_Verde": {
              "long": {
                "generic": "Horário de Cabo Verde",
                "standard": "Horário Padrão de Cabo Verde",
                "daylight": "Horário de Verão de Cabo Verde"
              }
            },
            "Chamorro": {
              "long": {
                "standard": "Horário de Chamorro"
              }
            },
            "Chatham": {
              "long": {
                "generic": "Horário de Chatham",
                "standard": "Horário Padrão de Chatham",
                "daylight": "Horário de Verão de Chatham"
              }
            },
            "Chile": {
              "long": {
                "generic": "Horário do Chile",
                "standard": "Horário Padrão do Chile",
                "daylight": "Horário de Verão do Chile"
              }
            },
            "China": {
              "long": {
                "generic": "Horário da China",
                "standard": "Horário Padrão da China",
                "daylight": "Horário de Verão da China"
              }
            },
            "Christmas": {
              "long": {
                "standard": "Horário da Ilha Christmas"
              }
            },
            "Cocos": {
              "long": {
                "standard": "Horário das Ilhas Coco"
              }
            },
            "Colombia": {
              "long": {
                "generic": "Horário da Colômbia",
                "standard": "Horário Padrão da Colômbia",
                "daylight": "Horário de Verão da Colômbia"
              }
            },
            "Cook": {
              "long": {
                "generic": "Horário das Ilhas Cook",
                "standard": "Horário Padrão das Ilhas Cook",
                "daylight": "Meio Horário de Verão das Ilhas Cook"
              }
            },
            "Cuba": {
              "long": {
                "generic": "Horário de Cuba",
                "standard": "Horário Padrão de Cuba",
                "daylight": "Horário de Verão de Cuba"
              }
            },
            "Davis": {
              "long": {
                "standard": "Horário de Davis"
              }
            },
            "DumontDUrville": {
              "long": {
                "standard": "Horário de Dumont-d’Urville"
              }
            },
            "East_Timor": {
              "long": {
                "standard": "Horário do Timor-Leste"
              }
            },
            "Easter": {
              "long": {
                "generic": "Horário da Ilha de Páscoa",
                "standard": "Horário Padrão da Ilha de Páscoa",
                "daylight": "Horário de Verão da Ilha de Páscoa"
              }
            },
            "Ecuador": {
              "long": {
                "standard": "Horário do Equador"
              }
            },
            "Europe_Central": {
              "long": {
                "generic": "Horário da Europa Central",
                "standard": "Horário Padrão da Europa Central",
                "daylight": "Horário de Verão da Europa Central"
              }
            },
            "Europe_Eastern": {
              "long": {
                "generic": "Horário da Europa Oriental",
                "standard": "Horário Padrão da Europa Oriental",
                "daylight": "Horário de Verão da Europa Oriental"
              }
            },
            "Europe_Further_Eastern": {
              "long": {
                "standard": "Horário do Extremo Leste Europeu"
              }
            },
            "Europe_Western": {
              "long": {
                "generic": "Horário da Europa Ocidental",
                "standard": "Horário Padrão da Europa Ocidental",
                "daylight": "Horário de Verão da Europa Ocidental"
              }
            },
            "Falkland": {
              "long": {
                "generic": "Horário das Ilhas Malvinas",
                "standard": "Horário Padrão das Ilhas Malvinas",
                "daylight": "Horário de Verão das Ilhas Malvinas"
              }
            },
            "Fiji": {
              "long": {
                "generic": "Horário de Fiji",
                "standard": "Horário Padrão de Fiji",
                "daylight": "Horário de Verão de Fiji"
              }
            },
            "French_Guiana": {
              "long": {
                "standard": "Horário da Guiana Francesa"
              }
            },
            "French_Southern": {
              "long": {
                "standard": "Horário dos Territórios Franceses do Sul e Antártida"
              }
            },
            "Galapagos": {
              "long": {
                "standard": "Horário de Galápagos"
              }
            },
            "Gambier": {
              "long": {
                "standard": "Horário de Gambier"
              }
            },
            "Georgia": {
              "long": {
                "generic": "Horário da Geórgia",
                "standard": "Horário Padrão da Geórgia",
                "daylight": "Horário de Verão da Geórgia"
              }
            },
            "Gilbert_Islands": {
              "long": {
                "standard": "Horário das Ilhas Gilberto"
              }
            },
            "GMT": {
              "long": {
                "standard": "Horário do Meridiano de Greenwich"
              }
            },
            "Greenland_Eastern": {
              "long": {
                "generic": "Horário da Groelândia Oriental",
                "standard": "Horário Padrão da Groelândia Oriental",
                "daylight": "Horário de Verão da Groelândia Oriental"
              }
            },
            "Greenland_Western": {
              "long": {
                "generic": "Horário da Groenlândia Ocidental",
                "standard": "Horário Padrão da Groenlândia Ocidental",
                "daylight": "Horário de Verão da Groenlândia Ocidental"
              }
            },
            "Guam": {
              "long": {
                "standard": "Horário Padrão de Guam"
              }
            },
            "Gulf": {
              "long": {
                "standard": "Horário do Golfo"
              }
            },
            "Guyana": {
              "long": {
                "standard": "Horário da Guiana"
              }
            },
            "Hawaii": {
              "long": {
                "standard": "Horário Padrão do Havaí e Ilhas Aleutas"
              }
            },
            "Hawaii_Aleutian": {
              "long": {
                "generic": "Horário do Havaí e Ilhas Aleutas",
                "standard": "Horário Padrão do Havaí e Ilhas Aleutas",
                "daylight": "Horário de Verão do Havaí e Ilhas Aleutas"
              }
            },
            "Hong_Kong": {
              "long": {
                "generic": "Horário de Hong Kong",
                "standard": "Horário Padrão de Hong Kong",
                "daylight": "Horário de Verão de Hong Kong"
              }
            },
            "Hovd": {
              "long": {
                "generic": "Horário de Hovd",
                "standard": "Horário Padrão de Hovd",
                "daylight": "Horário de Verão de Hovd"
              }
            },
            "India": {
              "long": {
                "standard": "Horário Padrão da Índia"
              }
            },
            "Indian_Ocean": {
              "long": {
                "standard": "Horário do Oceano Índico"
              }
            },
            "Indochina": {
              "long": {
                "standard": "Horário da Indochina"
              }
            },
            "Indonesia_Central": {
              "long": {
                "standard": "Horário da Indonésia Central"
              }
            },
            "Indonesia_Eastern": {
              "long": {
                "standard": "Horário da Indonésia Oriental"
              }
            },
            "Indonesia_Western": {
              "long": {
                "standard": "Horário da Indonésia Ocidental"
              }
            },
            "Iran": {
              "long": {
                "generic": "Horário do Irã",
                "standard": "Horário Padrão do Irã",
                "daylight": "Horário de Verão do Irã"
              }
            },
            "Irkutsk": {
              "long": {
                "generic": "Horário de Irkutsk",
                "standard": "Horário Padrão de Irkutsk",
                "daylight": "Horário de Verão de Irkutsk"
              }
            },
            "Israel": {
              "long": {
                "generic": "Horário de Israel",
                "standard": "Horário Padrão de Israel",
                "daylight": "Horário de Verão de Israel"
              }
            },
            "Japan": {
              "long": {
                "generic": "Horário do Japão",
                "standard": "Horário Padrão do Japão",
                "daylight": "Horário de Verão do Japão"
              }
            },
            "Kamchatka": {
              "long": {
                "generic": "Horário de Petropavlovsk-Kamchatski",
                "standard": "Horário Padrão de Petropavlovsk-Kamchatski",
                "daylight": "Horário de Verão de Petropavlovsk-Kamchatski"
              }
            },
            "Kazakhstan": {
              "long": {
                "standard": "Horário do Cazaquistão"
              }
            },
            "Kazakhstan_Eastern": {
              "long": {
                "standard": "Horário do Cazaquistão Oriental"
              }
            },
            "Kazakhstan_Western": {
              "long": {
                "standard": "Horário do Cazaquistão Ocidental"
              }
            },
            "Korea": {
              "long": {
                "generic": "Horário da Coreia",
                "standard": "Horário Padrão da Coreia",
                "daylight": "Horário de Verão da Coreia"
              }
            },
            "Kosrae": {
              "long": {
                "standard": "Horário de Kosrae"
              }
            },
            "Krasnoyarsk": {
              "long": {
                "generic": "Horário de Krasnoyarsk",
                "standard": "Horário Padrão de Krasnoyarsk",
                "daylight": "Horário de Verão de Krasnoyarsk"
              }
            },
            "Kyrgystan": {
              "long": {
                "standard": "Horário do Quirguistão"
              }
            },
            "Lanka": {
              "long": {
                "standard": "Horário de Lanka"
              }
            },
            "Line_Islands": {
              "long": {
                "standard": "Horário das Ilhas da Linha"
              }
            },
            "Lord_Howe": {
              "long": {
                "generic": "Horário de Lord Howe",
                "standard": "Horário Padrão de Lord Howe",
                "daylight": "Horário de Verão de Lord Howe"
              }
            },
            "Macau": {
              "long": {
                "generic": "Horário de Macau",
                "standard": "Horário Padrão de Macau",
                "daylight": "Horário de Verão de Macau"
              }
            },
            "Magadan": {
              "long": {
                "generic": "Horário de Magadan",
                "standard": "Horário Padrão de Magadan",
                "daylight": "Horário de Verão de Magadan"
              }
            },
            "Malaysia": {
              "long": {
                "standard": "Horário da Malásia"
              }
            },
            "Maldives": {
              "long": {
                "standard": "Horário das Ilhas Maldivas"
              }
            },
            "Marquesas": {
              "long": {
                "standard": "Horário das Marquesas"
              }
            },
            "Marshall_Islands": {
              "long": {
                "standard": "Horário das Ilhas Marshall"
              }
            },
            "Mauritius": {
              "long": {
                "generic": "Horário de Maurício",
                "standard": "Horário Padrão de Maurício",
                "daylight": "Horário de Verão de Maurício"
              }
            },
            "Mawson": {
              "long": {
                "standard": "Horário de Mawson"
              }
            },
            "Mexico_Pacific": {
              "long": {
                "generic": "Horário do Pacífico Mexicano",
                "standard": "Horário Padrão do Pacífico Mexicano",
                "daylight": "Horário de Verão do Pacífico Mexicano"
              }
            },
            "Mongolia": {
              "long": {
                "generic": "Horário de Ulan Bator",
                "standard": "Horário Padrão de Ulan Bator",
                "daylight": "Horário de Verão de Ulan Bator"
              }
            },
            "Moscow": {
              "long": {
                "generic": "Horário de Moscou",
                "standard": "Horário Padrão de Moscou",
                "daylight": "Horário de Verão de Moscou"
              }
            },
            "Myanmar": {
              "long": {
                "standard": "Horário de Mianmar"
              }
            },
            "Nauru": {
              "long": {
                "standard": "Horário de Nauru"
              }
            },
            "Nepal": {
              "long": {
                "standard": "Horário do Nepal"
              }
            },
            "New_Caledonia": {
              "long": {
                "generic": "Horário da Nova Caledônia",
                "standard": "Horário Padrão da Nova Caledônia",
                "daylight": "Horário de Verão da Nova Caledônia"
              }
            },
            "New_Zealand": {
              "long": {
                "generic": "Horário da Nova Zelândia",
                "standard": "Horário Padrão da Nova Zelândia",
                "daylight": "Horário de Verão da Nova Zelândia"
              }
            },
            "Newfoundland": {
              "long": {
                "generic": "Horário da Terra Nova",
                "standard": "Horário Padrão da Terra Nova",
                "daylight": "Horário de Verão da Terra Nova"
              }
            },
            "Niue": {
              "long": {
                "standard": "Horário de Niue"
              }
            },
            "Norfolk": {
              "long": {
                "generic": "Horário da Ilha Norfolk",
                "standard": "Horário Padrão da Ilha Norfolk",
                "daylight": "Horário de Verão da Ilha Norfolk"
              }
            },
            "Noronha": {
              "long": {
                "generic": "Horário de Fernando de Noronha",
                "standard": "Horário Padrão de Fernando de Noronha",
                "daylight": "Horário de Verão de Fernando de Noronha"
              }
            },
            "North_Mariana": {
              "long": {
                "standard": "Horário das Ilhas Mariana do Norte"
              }
            },
            "Novosibirsk": {
              "long": {
                "generic": "Horário de Novosibirsk",
                "standard": "Horário Padrão de Novosibirsk",
                "daylight": "Horário de Verão de Novosibirsk"
              }
            },
            "Omsk": {
              "long": {
                "generic": "Horário de Omsk",
                "standard": "Horário Padrão de Omsk",
                "daylight": "Horário de Verão de Omsk"
              }
            },
            "Pakistan": {
              "long": {
                "generic": "Horário do Paquistão",
                "standard": "Horário Padrão do Paquistão",
                "daylight": "Horário de Verão do Paquistão"
              }
            },
            "Palau": {
              "long": {
                "standard": "Horário de Palau"
              }
            },
            "Papua_New_Guinea": {
              "long": {
                "standard": "Horário de Papua-Nova Guiné"
              }
            },
            "Paraguay": {
              "long": {
                "generic": "Horário do Paraguai",
                "standard": "Horário Padrão do Paraguai",
                "daylight": "Horário de Verão do Paraguai"
              }
            },
            "Peru": {
              "long": {
                "generic": "Horário do Peru",
                "standard": "Horário Padrão do Peru",
                "daylight": "Horário de Verão do Peru"
              }
            },
            "Philippines": {
              "long": {
                "generic": "Horário das Filipinas",
                "standard": "Horário Padrão das Filipinas",
                "daylight": "Horário de Verão das Filipinas"
              }
            },
            "Phoenix_Islands": {
              "long": {
                "standard": "Horário das Ilhas Fênix"
              }
            },
            "Pierre_Miquelon": {
              "long": {
                "generic": "Horário de São Pedro e Miquelão",
                "standard": "Horário Padrão de São Pedro e Miquelão",
                "daylight": "Horário Verão de São Pedro e Miquelão"
              }
            },
            "Pitcairn": {
              "long": {
                "standard": "Horário de Pitcairn"
              }
            },
            "Ponape": {
              "long": {
                "standard": "Horário de Ponape"
              }
            },
            "Pyongyang": {
              "long": {
                "standard": "Horário de Pyongyang"
              }
            },
            "Qyzylorda": {
              "long": {
                "generic": "Horário de Qyzylorda",
                "standard": "Horário Padrão de Qyzylorda",
                "daylight": "Horário de Verão de Qyzylorda"
              }
            },
            "Reunion": {
              "long": {
                "standard": "Horário de Reunião"
              }
            },
            "Rothera": {
              "long": {
                "standard": "Horário de Rothera"
              }
            },
            "Sakhalin": {
              "long": {
                "generic": "Horário de Sacalina",
                "standard": "Horário Padrão de Sacalina",
                "daylight": "Horário de Verão de Sacalina"
              }
            },
            "Samara": {
              "long": {
                "generic": "Horário de Samara",
                "standard": "Horário Padrão de Samara",
                "daylight": "Horário de Verão de Samara"
              }
            },
            "Samoa": {
              "long": {
                "generic": "Horário de Samoa",
                "standard": "Horário Padrão de Samoa",
                "daylight": "Horário de Verão de Samoa"
              }
            },
            "Seychelles": {
              "long": {
                "standard": "Horário de Seicheles"
              }
            },
            "Singapore": {
              "long": {
                "standard": "Horário Padrão de Singapura"
              }
            },
            "Solomon": {
              "long": {
                "standard": "Horário das Ilhas Salomão"
              }
            },
            "South_Georgia": {
              "long": {
                "standard": "Horário da Geórgia do Sul"
              }
            },
            "Suriname": {
              "long": {
                "standard": "Horário do Suriname"
              }
            },
            "Syowa": {
              "long": {
                "standard": "Horário de Syowa"
              }
            },
            "Tahiti": {
              "long": {
                "standard": "Horário do Taiti"
              }
            },
            "Taipei": {
              "long": {
                "generic": "Horário de Taipei",
                "standard": "Horário Padrão de Taipei",
                "daylight": "Horário de Verão de Taipei"
              }
            },
            "Tajikistan": {
              "long": {
                "standard": "Horário do Tajiquistão"
              }
            },
            "Tokelau": {
              "long": {
                "standard": "Horário de Tokelau"
              }
            },
            "Tonga": {
              "long": {
                "generic": "Horário de Tonga",
                "standard": "Horário Padrão de Tonga",
                "daylight": "Horário de Verão de Tonga"
              }
            },
            "Truk": {
              "long": {
                "standard": "Horário de Chuuk"
              }
            },
            "Turkey": {
              "long": {
                "generic": "Horário da Turquia",
                "standard": "Horário Padrão da Turquia",
                "daylight": "Horário de Verão da Turquia"
              }
            },
            "Turkmenistan": {
              "long": {
                "generic": "Horário do Turcomenistão",
                "standard": "Horário Padrão do Turcomenistão",
                "daylight": "Horário de Verão do Turcomenistão"
              }
            },
            "Tuvalu": {
              "long": {
                "standard": "Horário de Tuvalu"
              }
            },
            "Uruguay": {
              "long": {
                "generic": "Horário do Uruguai",
                "standard": "Horário Padrão do Uruguai",
                "daylight": "Horário de Verão do Uruguai"
              }
            },
            "Uzbekistan": {
              "long": {
                "generic": "Horário do Uzbequistão",
                "standard": "Horário Padrão do Uzbequistão",
                "daylight": "Horário de Verão do Uzbequistão"
              }
            },
            "Vanuatu": {
              "long": {
                "generic": "Horário de Vanuatu",
                "standard": "Horário Padrão de Vanuatu",
                "daylight": "Horário de Verão de Vanuatu"
              }
            },
            "Venezuela": {
              "long": {
                "standard": "Horário da Venezuela"
              }
            },
            "Vladivostok": {
              "long": {
                "generic": "Horário de Vladivostok",
                "standard": "Horário Padrão de Vladivostok",
                "daylight": "Horário de Verão de Vladivostok"
              }
            },
            "Volgograd": {
              "long": {
                "generic": "Horário de Volgogrado",
                "standard": "Horário Padrão de Volgogrado",
                "daylight": "Horário de Verão de Volgogrado"
              }
            },
            "Vostok": {
              "long": {
                "standard": "Horário de Vostok"
              }
            },
            "Wake": {
              "long": {
                "standard": "Horário das Ilhas Wake"
              }
            },
            "Wallis": {
              "long": {
                "standard": "Horário de Wallis e Futuna"
              }
            },
            "Yakutsk": {
              "long": {
                "generic": "Horário de Yakutsk",
                "standard": "Horário Padrão de Yakutsk",
                "daylight": "Horário de Verão de Yakutsk"
              }
            },
            "Yekaterinburg": {
              "long": {
                "generic": "Horário de Ecaterimburgo",
                "standard": "Horário Padrão de Ecaterimburgo",
                "daylight": "Horário de Verão de Ecaterimburgo"
              }
            },
            "Yukon": {
              "long": {
                "standard": "Horário do Yukon"
              }
            }
          }
        }
      }
    }
  }
}
