{
  "main": {
    "km": {
      "identity": {
        "version": {
          "_cldrVersion": "42"
        },
        "language": "km"
      },
      "dates": {
        "timeZoneNames": {
          "hourFormat": "+HH:mm;-HH:mm",
          "gmtFormat": "ម៉ោង​សកល {0}",
          "gmtZeroFormat": "ម៉ោង​សកល",
          "regionFormat": "ម៉ោង​នៅ​ {0}",
          "regionFormat-type-daylight": "ម៉ោង​ពេល​ថ្ងៃ​នៅ​ {0}",
          "regionFormat-type-standard": "ម៉ោង​ស្តង់ដារ​នៅ ​{0}",
          "fallbackFormat": "{1} ({0})",
          "zone": {
            "America": {
              "Adak": {
                "exemplarCity": "អាដាក"
              },
              "Anchorage": {
                "exemplarCity": "អង់ចូរ៉ាក"
              },
              "Anguilla": {
                "exemplarCity": "អង់ហ្គីឡា"
              },
              "Antigua": {
                "exemplarCity": "អង់ទីហ្គា"
              },
              "Araguaina": {
                "exemplarCity": "អារ៉ាហ្គុយណា"
              },
              "Argentina": {
                "Rio_Gallegos": {
                  "exemplarCity": "រីយ៉ូហ្គាឡេហ្គូស"
                },
                "San_Juan": {
                  "exemplarCity": "សាំងហ្សង់"
                },
                "Ushuaia": {
                  "exemplarCity": "អ៊ុយសូអៃ"
                },
                "La_Rioja": {
                  "exemplarCity": "ឡារីយ៉ូហា"
                },
                "San_Luis": {
                  "exemplarCity": "សាន់លូអ៊ីស"
                },
                "Salta": {
                  "exemplarCity": "សាល់តា"
                },
                "Tucuman": {
                  "exemplarCity": "ទូគូម៉ង់"
                }
              },
              "Aruba": {
                "exemplarCity": "អារ៉ូបា"
              },
              "Asuncion": {
                "exemplarCity": "អាសង់ស្យុង"
              },
              "Bahia": {
                "exemplarCity": "បាហៀ"
              },
              "Bahia_Banderas": {
                "exemplarCity": "បាហៀបង់ដេរ៉ាស"
              },
              "Barbados": {
                "exemplarCity": "បាបាដុស"
              },
              "Belem": {
                "exemplarCity": "បេឡឹម"
              },
              "Belize": {
                "exemplarCity": "បេលី"
              },
              "Blanc-Sablon": {
                "exemplarCity": "ប្លង់​សាប់ឡុង"
              },
              "Boa_Vista": {
                "exemplarCity": "បៅ​វីស្តា"
              },
              "Bogota": {
                "exemplarCity": "បូហ្គោតា"
              },
              "Boise": {
                "exemplarCity": "ប៊ូស៊ី"
              },
              "Buenos_Aires": {
                "exemplarCity": "ប៊ុយណូស៊ែ"
              },
              "Cambridge_Bay": {
                "exemplarCity": "ខេមប្រីដបេ"
              },
              "Campo_Grande": {
                "exemplarCity": "ខេមប៉ូហ្គ្រង់​"
              },
              "Cancun": {
                "exemplarCity": "ខានខុន"
              },
              "Caracas": {
                "exemplarCity": "ការ៉ាកាស"
              },
              "Catamarca": {
                "exemplarCity": "កាតាម៉ាកា"
              },
              "Cayenne": {
                "exemplarCity": "កាយ៉េន"
              },
              "Cayman": {
                "exemplarCity": "កៃមែន"
              },
              "Chicago": {
                "exemplarCity": "ស៊ីកាហ្គោ"
              },
              "Chihuahua": {
                "exemplarCity": "ជីហួហួ"
              },
              "Coral_Harbour": {
                "exemplarCity": "អាទីកូកាន"
              },
              "Cordoba": {
                "exemplarCity": "កូដូបា"
              },
              "Costa_Rica": {
                "exemplarCity": "កូស្តារីកា"
              },
              "Creston": {
                "exemplarCity": "ក្រេស្តុន"
              },
              "Cuiaba": {
                "exemplarCity": "គុយអាបា"
              },
              "Curacao": {
                "exemplarCity": "កូរ៉ាកៅ"
              },
              "Danmarkshavn": {
                "exemplarCity": "ដានម៉ាកស្ហាវិន"
              },
              "Dawson": {
                "exemplarCity": "ដាវសុន"
              },
              "Dawson_Creek": {
                "exemplarCity": "ដាវសុន​ក្រិក"
              },
              "Denver": {
                "exemplarCity": "ដែនវើ"
              },
              "Detroit": {
                "exemplarCity": "ដេត្រូអ៊ីត"
              },
              "Dominica": {
                "exemplarCity": "ដូមីនីក"
              },
              "Edmonton": {
                "exemplarCity": "អែតម៉ុងតុង"
              },
              "Eirunepe": {
                "exemplarCity": "អ៊ីរ៉ុយណេភី"
              },
              "El_Salvador": {
                "exemplarCity": "អែលសាល់វ៉ាឌ័រ"
              },
              "Fort_Nelson": {
                "exemplarCity": "ហ្វតណេលសាន់"
              },
              "Fortaleza": {
                "exemplarCity": "ហ្វ័រតាឡេហ្សារ"
              },
              "Glace_Bay": {
                "exemplarCity": "ក្លាស​បេ"
              },
              "Godthab": {
                "exemplarCity": "នូក"
              },
              "Goose_Bay": {
                "exemplarCity": "កូសេបេ"
              },
              "Grand_Turk": {
                "exemplarCity": "ហ្គ្រេន​ទូក"
              },
              "Grenada": {
                "exemplarCity": "ហ្គ្រើណាដ"
              },
              "Guadeloupe": {
                "exemplarCity": "ហ្គោដេលូប៉េ"
              },
              "Guatemala": {
                "exemplarCity": "ក្វាតេម៉ាឡា"
              },
              "Guayaquil": {
                "exemplarCity": "ហ្គុយ៉ាគីល"
              },
              "Guyana": {
                "exemplarCity": "ហ្គីយ៉ាន"
              },
              "Halifax": {
                "exemplarCity": "ហាលីហ្វាក"
              },
              "Havana": {
                "exemplarCity": "ឡាហាវ៉ាន"
              },
              "Hermosillo": {
                "exemplarCity": "ហ៊ែម៉ូស៊ីឡូ"
              },
              "Indiana": {
                "Vincennes": {
                  "exemplarCity": "វិនសេណេស ឥណ្ឌាណា"
                },
                "Petersburg": {
                  "exemplarCity": "ភីធើ​ប៊ឹក ឥណ្ឌាណា"
                },
                "Tell_City": {
                  "exemplarCity": "ទីក្រុងថែល ឥណ្ឌាណា"
                },
                "Knox": {
                  "exemplarCity": "ណុក ឥណ្ឌាណា"
                },
                "Winamac": {
                  "exemplarCity": "វីណាម៉ាក់ ឥណ្ឌាណា"
                },
                "Marengo": {
                  "exemplarCity": "ម៉ារេនកូ ឥណ្ឌាណា"
                },
                "Vevay": {
                  "exemplarCity": "វេវ៉ៃ ឥណ្ឌាយ៉ាណា"
                }
              },
              "Indianapolis": {
                "exemplarCity": "ឥណ្ឌាណាប៉ូលីស"
              },
              "Inuvik": {
                "exemplarCity": "អ៊ីនូវីក"
              },
              "Iqaluit": {
                "exemplarCity": "អ៊ីកាឡូអ៊ីត"
              },
              "Jamaica": {
                "exemplarCity": "ហ្សាម៉ាអ៊ីក"
              },
              "Jujuy": {
                "exemplarCity": "សូសុយ"
              },
              "Juneau": {
                "exemplarCity": "ហ្យូនៀ"
              },
              "Kentucky": {
                "Monticello": {
                  "exemplarCity": "ម៉ងទីសេឡូ កេនទូគី"
                }
              },
              "Kralendijk": {
                "exemplarCity": "ក្រាលែនឌីក"
              },
              "La_Paz": {
                "exemplarCity": "ឡាប៉ាស"
              },
              "Lima": {
                "exemplarCity": "លីម៉ា"
              },
              "Los_Angeles": {
                "exemplarCity": "ឡូអង់ហ្គិឡេស"
              },
              "Louisville": {
                "exemplarCity": "លូអ៊ីវីល"
              },
              "Lower_Princes": {
                "exemplarCity": "ឡូវើ​ព្រីន​ហ្គ័រទ័រ"
              },
              "Maceio": {
                "exemplarCity": "ម៉ាកសេអូ"
              },
              "Managua": {
                "exemplarCity": "ម៉ាណាហ្គា"
              },
              "Manaus": {
                "exemplarCity": "ម៉ាណាអ៊ូស"
              },
              "Marigot": {
                "exemplarCity": "ម៉ារីហ្គុត"
              },
              "Martinique": {
                "exemplarCity": "ម៉ាទីនីក"
              },
              "Matamoros": {
                "exemplarCity": "ម៉ាតាម៉ូរ៉ូស"
              },
              "Mazatlan": {
                "exemplarCity": "ម៉ាហ្សាតឡង់"
              },
              "Mendoza": {
                "exemplarCity": "ម៉ែនឌូហ្សា"
              },
              "Menominee": {
                "exemplarCity": "ម៉េណូមីនី"
              },
              "Merida": {
                "exemplarCity": "ម៉េរីដា"
              },
              "Metlakatla": {
                "exemplarCity": "មេត្លា កាត្លា"
              },
              "Mexico_City": {
                "exemplarCity": "ទីក្រុងម៉ិចស៊ីកូ"
              },
              "Miquelon": {
                "exemplarCity": "មីហ្គីឡុង"
              },
              "Moncton": {
                "exemplarCity": "ម៉ុងតុន"
              },
              "Monterrey": {
                "exemplarCity": "ម៉ុនតេរ៉េ"
              },
              "Montevideo": {
                "exemplarCity": "ម៉ុងតេវីដេអូ"
              },
              "Montserrat": {
                "exemplarCity": "ម៉ុងស៊ែរ៉ាត​"
              },
              "Nassau": {
                "exemplarCity": "ណាស្សូ"
              },
              "New_York": {
                "exemplarCity": "ញូវយ៉ក"
              },
              "Nipigon": {
                "exemplarCity": "នីពីកុន"
              },
              "Nome": {
                "exemplarCity": "ណូម"
              },
              "Noronha": {
                "exemplarCity": "ណូរ៉ុនញ៉ា"
              },
              "North_Dakota": {
                "Beulah": {
                  "exemplarCity": "ប៊ឺឡា ដាកូតា​ខាងជើង"
                },
                "New_Salem": {
                  "exemplarCity": "ញូវ​សាឡឹម ដាកូតា​ខាង​ជើង"
                },
                "Center": {
                  "exemplarCity": "សិនធឺ ដាកូតា​ខាង​ជើង"
                }
              },
              "Ojinaga": {
                "exemplarCity": "អូជីណាហ្កា"
              },
              "Panama": {
                "exemplarCity": "ប៉ាណាម៉ា"
              },
              "Pangnirtung": {
                "exemplarCity": "ប៉ាងនីទុង"
              },
              "Paramaribo": {
                "exemplarCity": "ប៉ារ៉ាម៉ារីបូ"
              },
              "Phoenix": {
                "exemplarCity": "ផូនីក"
              },
              "Port-au-Prince": {
                "exemplarCity": "ព័រអូប្រ៉ាំង"
              },
              "Port_of_Spain": {
                "exemplarCity": "ព័រអេស្ប៉ាញ"
              },
              "Porto_Velho": {
                "exemplarCity": "ព័រតូ​វិលហូ"
              },
              "Puerto_Rico": {
                "exemplarCity": "ព័រតូរីកូ"
              },
              "Punta_Arenas": {
                "exemplarCity": "ពុនតា អារ៉េណា"
              },
              "Rainy_River": {
                "exemplarCity": "រ៉េនីរីវើ"
              },
              "Rankin_Inlet": {
                "exemplarCity": "រ៉ាន់ឃីន​អ៊ីនឡិត"
              },
              "Recife": {
                "exemplarCity": "រ៉េស៊ីហ្វី"
              },
              "Regina": {
                "exemplarCity": "រ៉េហ្គីណា"
              },
              "Resolute": {
                "exemplarCity": "រ៉េ​ស៊ូឡូត"
              },
              "Rio_Branco": {
                "exemplarCity": "រីយ៉ូប្រានកូ"
              },
              "Santa_Isabel": {
                "exemplarCity": "សាន់តាអ៊ីសាប៊ែល"
              },
              "Santarem": {
                "exemplarCity": "សាន់តារឹម"
              },
              "Santiago": {
                "exemplarCity": "សាន់ទីអេហ្គោ"
              },
              "Santo_Domingo": {
                "exemplarCity": "សាន់ដូម៉ាំង"
              },
              "Sao_Paulo": {
                "exemplarCity": "សៅ​ប៉ូឡូ"
              },
              "Scoresbysund": {
                "exemplarCity": "អ៊ីតូគ័រតូមីត"
              },
              "Sitka": {
                "exemplarCity": "ស៊ីតកា"
              },
              "St_Barthelemy": {
                "exemplarCity": "សាំង​បាធីលីម៉ី"
              },
              "St_Johns": {
                "exemplarCity": "សាំង​ចន"
              },
              "St_Kitts": {
                "exemplarCity": "សាំង​ឃីត"
              },
              "St_Lucia": {
                "exemplarCity": "សាំង​លូសៀ"
              },
              "St_Thomas": {
                "exemplarCity": "សាំង​តូម៉ាស់"
              },
              "St_Vincent": {
                "exemplarCity": "សាំង​វីនសេន"
              },
              "Swift_Current": {
                "exemplarCity": "ស្វីត​ខឺរិន"
              },
              "Tegucigalpa": {
                "exemplarCity": "តេហ្គូស៊ីហ្គាល់ប៉ា"
              },
              "Thule": {
                "exemplarCity": "ធុឡេ"
              },
              "Thunder_Bay": {
                "exemplarCity": "សាន់ដឺ​បេ"
              },
              "Tijuana": {
                "exemplarCity": "ទីយ្យូអាណា"
              },
              "Toronto": {
                "exemplarCity": "តូរ៉ុនតូ"
              },
              "Tortola": {
                "exemplarCity": "តូតូឡា"
              },
              "Vancouver": {
                "exemplarCity": "វ៉ាន់កូវើ"
              },
              "Whitehorse": {
                "exemplarCity": "វ៉ាយហស"
              },
              "Winnipeg": {
                "exemplarCity": "វីនីភិក"
              },
              "Yakutat": {
                "exemplarCity": "យ៉ាគូតាត"
              },
              "Yellowknife": {
                "exemplarCity": "យេឡូណៃ"
              }
            },
            "Atlantic": {
              "Azores": {
                "exemplarCity": "អាសូរ៉េស"
              },
              "Bermuda": {
                "exemplarCity": "ប៉ឺមុយដា"
              },
              "Canary": {
                "exemplarCity": "កាណារី"
              },
              "Cape_Verde": {
                "exemplarCity": "កាប់វែរ"
              },
              "Faeroe": {
                "exemplarCity": "ហ្វារ៉ូ"
              },
              "Madeira": {
                "exemplarCity": "ម៉ាដៀរ៉ា"
              },
              "Reykjavik": {
                "exemplarCity": "រ៉ៃក្យាវិក"
              },
              "South_Georgia": {
                "exemplarCity": "ហ្សកហ្ស៊ី​ខាង​ត្បូង"
              },
              "St_Helena": {
                "exemplarCity": "សាំងហេឡេណា"
              },
              "Stanley": {
                "exemplarCity": "ស្តង់លី"
              }
            },
            "Europe": {
              "Amsterdam": {
                "exemplarCity": "អាំស្ទែដាំ"
              },
              "Andorra": {
                "exemplarCity": "អង់ដូរ៉ា"
              },
              "Astrakhan": {
                "exemplarCity": "អាស្ត្រាខាន់"
              },
              "Athens": {
                "exemplarCity": "អាថែន"
              },
              "Belgrade": {
                "exemplarCity": "បែលក្រាដ"
              },
              "Berlin": {
                "exemplarCity": "បែរឡាំង"
              },
              "Bratislava": {
                "exemplarCity": "ប្រាទីស្លាវ៉ា"
              },
              "Brussels": {
                "exemplarCity": "ព្រុចសែល"
              },
              "Bucharest": {
                "exemplarCity": "ប៊ុយការ៉េស"
              },
              "Budapest": {
                "exemplarCity": "ប៊ុយដាប៉ែស"
              },
              "Busingen": {
                "exemplarCity": "ប៊ូស៊ីងហ្គែន"
              },
              "Chisinau": {
                "exemplarCity": "ជីស៊ីណូ"
              },
              "Copenhagen": {
                "exemplarCity": "កូប៉ិនហាក"
              },
              "Dublin": {
                "long": {
                  "daylight": "ម៉ោង​រដូវ​ក្ដៅ​នៅ​អៀរឡង់​"
                },
                "exemplarCity": "ឌុយប្លាំង"
              },
              "Gibraltar": {
                "exemplarCity": "ហ្ស៊ីប្រាល់តា"
              },
              "Guernsey": {
                "exemplarCity": "ហ្គេនស៊ី"
              },
              "Helsinki": {
                "exemplarCity": "ហែលស៊ិនគី"
              },
              "Isle_of_Man": {
                "exemplarCity": "អែលអុហ្វម៉ែន"
              },
              "Istanbul": {
                "exemplarCity": "អ៊ីស្តង់ប៊ុល"
              },
              "Jersey": {
                "exemplarCity": "ជេស៊ី"
              },
              "Kaliningrad": {
                "exemplarCity": "កាលីនីងហ្រ្គាដ"
              },
              "Kiev": {
                "exemplarCity": "កៀវ"
              },
              "Kirov": {
                "exemplarCity": "គីរ៉ូវ"
              },
              "Lisbon": {
                "exemplarCity": "លីសបោន"
              },
              "Ljubljana": {
                "exemplarCity": "ជូបហ្សាណា"
              },
              "London": {
                "long": {
                  "daylight": "ម៉ោង​រដូវ​ក្ដៅ​​នៅ​ចក្រភព​អង់គ្លេស"
                },
                "exemplarCity": "ឡុងដ៍"
              },
              "Luxembourg": {
                "exemplarCity": "លុចសំបួ"
              },
              "Madrid": {
                "exemplarCity": "ម៉ាឌ្រីដ"
              },
              "Malta": {
                "exemplarCity": "ម៉ាល់ត៍"
              },
              "Mariehamn": {
                "exemplarCity": "ម៉ារៀហាំ"
              },
              "Minsk": {
                "exemplarCity": "មីនស្កិ៍"
              },
              "Monaco": {
                "exemplarCity": "ម៉ូណាកូ"
              },
              "Moscow": {
                "exemplarCity": "មូស្គូ"
              },
              "Oslo": {
                "exemplarCity": "អូស្លូ"
              },
              "Paris": {
                "exemplarCity": "ប៉ារីស"
              },
              "Podgorica": {
                "exemplarCity": "ប៉ូដហ្គោរីកា"
              },
              "Prague": {
                "exemplarCity": "ប្រាក"
              },
              "Riga": {
                "exemplarCity": "រីហ្កា"
              },
              "Rome": {
                "exemplarCity": "រ៉ូម"
              },
              "Samara": {
                "exemplarCity": "សាម៉ារ៉ា"
              },
              "San_Marino": {
                "exemplarCity": "សាំងម៉ារ៉ាំង"
              },
              "Sarajevo": {
                "exemplarCity": "សារ៉ាយ៉េវ៉ូ"
              },
              "Saratov": {
                "exemplarCity": "សារ៉ាតាវ"
              },
              "Simferopol": {
                "exemplarCity": "ស៊ីមហ្វើរ៉ុប៉ូល"
              },
              "Skopje": {
                "exemplarCity": "ស្កុបជេ"
              },
              "Sofia": {
                "exemplarCity": "សូហ៊្វីយ៉ា"
              },
              "Stockholm": {
                "exemplarCity": "ស្តុកខុល"
              },
              "Tallinn": {
                "exemplarCity": "តាលិន"
              },
              "Tirane": {
                "exemplarCity": "ទីរ៉ាណេ"
              },
              "Ulyanovsk": {
                "exemplarCity": "អុលយ៉ាណូវស្កិ៍"
              },
              "Uzhgorod": {
                "exemplarCity": "អ៊ុយហ្គោរ៉ូដ"
              },
              "Vaduz": {
                "exemplarCity": "វ៉ាឌូស"
              },
              "Vatican": {
                "exemplarCity": "វ៉ាទីកង់"
              },
              "Vienna": {
                "exemplarCity": "វីយែន"
              },
              "Vilnius": {
                "exemplarCity": "វីលនីញូស"
              },
              "Volgograd": {
                "exemplarCity": "វ៉ុលហ្គោហ្គ្រាដ"
              },
              "Warsaw": {
                "exemplarCity": "វ៉ាសូវី"
              },
              "Zagreb": {
                "exemplarCity": "សាគ្រែប"
              },
              "Zaporozhye": {
                "exemplarCity": "ហ្សាប៉ូរ៉ូហ្ស៊ីយ៉េ"
              },
              "Zurich": {
                "exemplarCity": "ហ៊្សូរីច"
              }
            },
            "Africa": {
              "Abidjan": {
                "exemplarCity": "អាប៊ីដ្យាន"
              },
              "Accra": {
                "exemplarCity": "អាក្រា"
              },
              "Addis_Ababa": {
                "exemplarCity": "អាឌីសអាបេបា"
              },
              "Algiers": {
                "exemplarCity": "អាល់ហ្សេ"
              },
              "Asmera": {
                "exemplarCity": "អាស្មារ៉ា"
              },
              "Bamako": {
                "exemplarCity": "បាម៉ាកូ"
              },
              "Bangui": {
                "exemplarCity": "បង់ហ្គី"
              },
              "Banjul": {
                "exemplarCity": "បង់ហ្ស៊ុល"
              },
              "Bissau": {
                "exemplarCity": "ប៊ីស្សូ"
              },
              "Blantyre": {
                "exemplarCity": "ប្លាំងទីរ៉េ"
              },
              "Brazzaville": {
                "exemplarCity": "ប្រាស្ហាវីល"
              },
              "Bujumbura": {
                "exemplarCity": "ប៊ូយ៉ាំប៊ូរ៉ា"
              },
              "Cairo": {
                "exemplarCity": "គែរ"
              },
              "Casablanca": {
                "exemplarCity": "កាសាប្លាំងកា"
              },
              "Ceuta": {
                "exemplarCity": "ឈៀតា"
              },
              "Conakry": {
                "exemplarCity": "កូណាគ្រី"
              },
              "Dakar": {
                "exemplarCity": "ដាកា"
              },
              "Dar_es_Salaam": {
                "exemplarCity": "ដាអ៊ីសាឡាំ"
              },
              "Djibouti": {
                "exemplarCity": "ជីប៊ូទី"
              },
              "Douala": {
                "exemplarCity": "ឌូអ៊ូឡា"
              },
              "El_Aaiun": {
                "exemplarCity": "អែល​អ៊ុយញៀន"
              },
              "Freetown": {
                "exemplarCity": "ហ្វ្រីថោន"
              },
              "Gaborone": {
                "exemplarCity": "ហ្គាបូរ៉ូន"
              },
              "Harare": {
                "exemplarCity": "ហារ៉ារ៉េ"
              },
              "Johannesburg": {
                "exemplarCity": "ជូហានណេប៊ឺហ្គ"
              },
              "Juba": {
                "exemplarCity": "ជូបា"
              },
              "Kampala": {
                "exemplarCity": "កំប៉ាឡា"
              },
              "Khartoum": {
                "exemplarCity": "ខាទុំ"
              },
              "Kigali": {
                "exemplarCity": "គីហ្គាលី"
              },
              "Kinshasa": {
                "exemplarCity": "គីនស្ហាសា"
              },
              "Lagos": {
                "exemplarCity": "ឡាហ្គូស"
              },
              "Libreville": {
                "exemplarCity": "លីប្រីវីល"
              },
              "Lome": {
                "exemplarCity": "ឡូម៉េ"
              },
              "Luanda": {
                "exemplarCity": "លូអង់ដា"
              },
              "Lubumbashi": {
                "exemplarCity": "លូប៊ុមបាស៊ី"
              },
              "Lusaka": {
                "exemplarCity": "លូសាកា"
              },
              "Malabo": {
                "exemplarCity": "ម៉ាឡាបូ"
              },
              "Maputo": {
                "exemplarCity": "ម៉ាពុយតូ"
              },
              "Maseru": {
                "exemplarCity": "ម៉ាសេរុយ"
              },
              "Mbabane": {
                "exemplarCity": "បាបាន"
              },
              "Mogadishu": {
                "exemplarCity": "ម៉ូហ្គាឌីស្យូ"
              },
              "Monrovia": {
                "exemplarCity": "ម៉ុងរ៉ូវីយ៉ា"
              },
              "Nairobi": {
                "exemplarCity": "ណៃរ៉ូប៊ី"
              },
              "Ndjamena": {
                "exemplarCity": "ដ្យាមេណា"
              },
              "Niamey": {
                "exemplarCity": "នីញ៉ាម៉េ"
              },
              "Nouakchott": {
                "exemplarCity": "ណួកសុត"
              },
              "Ouagadougou": {
                "exemplarCity": "អៅហ្គាឌូហ្គូ"
              },
              "Porto-Novo": {
                "exemplarCity": "ព័រតូណូវ៉ូ"
              },
              "Sao_Tome": {
                "exemplarCity": "សៅតូម៉េ"
              },
              "Tripoli": {
                "exemplarCity": "ទ្រីប៉ូលី"
              },
              "Tunis": {
                "exemplarCity": "ទុយនីស"
              },
              "Windhoek": {
                "exemplarCity": "វីនដុក"
              }
            },
            "Asia": {
              "Aden": {
                "exemplarCity": "អាដែន"
              },
              "Almaty": {
                "exemplarCity": "អាល់ម៉ាទី"
              },
              "Amman": {
                "exemplarCity": "អាម៉ាន់"
              },
              "Anadyr": {
                "exemplarCity": "អាណាឌី"
              },
              "Aqtau": {
                "exemplarCity": "អាកទូ"
              },
              "Aqtobe": {
                "exemplarCity": "អាកទូប៊ី"
              },
              "Ashgabat": {
                "exemplarCity": "អាសហ្គាបាត"
              },
              "Atyrau": {
                "exemplarCity": "អាទីរ៉ូ"
              },
              "Baghdad": {
                "exemplarCity": "បាកដាដ"
              },
              "Bahrain": {
                "exemplarCity": "បារ៉ែន"
              },
              "Baku": {
                "exemplarCity": "បាគូ"
              },
              "Bangkok": {
                "exemplarCity": "បាងកក"
              },
              "Barnaul": {
                "exemplarCity": "បានូល"
              },
              "Beirut": {
                "exemplarCity": "បេរូត"
              },
              "Bishkek": {
                "exemplarCity": "ប៊ីស្កេក"
              },
              "Brunei": {
                "exemplarCity": "ព្រុយណេ"
              },
              "Calcutta": {
                "exemplarCity": "កុលកាតា"
              },
              "Chita": {
                "exemplarCity": "ឈីតា"
              },
              "Choibalsan": {
                "exemplarCity": "ឈូបាល់សាន"
              },
              "Colombo": {
                "exemplarCity": "កូឡុំបូ"
              },
              "Damascus": {
                "exemplarCity": "ដាម៉ាស"
              },
              "Dhaka": {
                "exemplarCity": "ដាក្កា"
              },
              "Dili": {
                "exemplarCity": "ដេលី"
              },
              "Dubai": {
                "exemplarCity": "ឌុយបៃ"
              },
              "Dushanbe": {
                "exemplarCity": "ឌូស្ហាន់បេ"
              },
              "Famagusta": {
                "exemplarCity": "ហ្វ៉ាម៉ាហ្គុស្តា"
              },
              "Gaza": {
                "exemplarCity": "កាសា"
              },
              "Hebron": {
                "exemplarCity": "ហេបរុន"
              },
              "Hong_Kong": {
                "exemplarCity": "ហុងកុង"
              },
              "Hovd": {
                "exemplarCity": "ហូវ"
              },
              "Irkutsk": {
                "exemplarCity": "អៀរគុតស្កិ៍"
              },
              "Jakarta": {
                "exemplarCity": "ហ្សាការតា"
              },
              "Jayapura": {
                "exemplarCity": "ចាយ៉ាភូរ៉ា"
              },
              "Jerusalem": {
                "exemplarCity": "ហ្ស៊េរុយសាឡិម"
              },
              "Kabul": {
                "exemplarCity": "កាប៊ុល"
              },
              "Kamchatka": {
                "exemplarCity": "កាំឆាតកា"
              },
              "Karachi": {
                "exemplarCity": "ការ៉ាជី"
              },
              "Katmandu": {
                "exemplarCity": "កាត់ម៉ាន់ឌូ"
              },
              "Khandyga": {
                "exemplarCity": "ខាន់ឌីហ្គា"
              },
              "Krasnoyarsk": {
                "exemplarCity": "ក្រាសនុយ៉ាក"
              },
              "Kuala_Lumpur": {
                "exemplarCity": "កូឡាឡាំពួរ"
              },
              "Kuching": {
                "exemplarCity": "ឃឺតចីង"
              },
              "Kuwait": {
                "exemplarCity": "កូវ៉ែត"
              },
              "Macau": {
                "exemplarCity": "ម៉ាកាវ"
              },
              "Magadan": {
                "exemplarCity": "ម៉ាហ្គាដាន"
              },
              "Makassar": {
                "exemplarCity": "ម៉ាកាសសារ"
              },
              "Manila": {
                "exemplarCity": "ម៉ានីល"
              },
              "Muscat": {
                "exemplarCity": "ម៉ាស្កាត"
              },
              "Nicosia": {
                "exemplarCity": "នីកូស៊ី"
              },
              "Novokuznetsk": {
                "exemplarCity": "ណូវ៉ូឃូសណេតស្កិ៍"
              },
              "Novosibirsk": {
                "exemplarCity": "ណូវ៉ូស៊ីប៊ឺក"
              },
              "Omsk": {
                "exemplarCity": "អូមស្កិ៍"
              },
              "Oral": {
                "exemplarCity": "អូរ៉ាល់"
              },
              "Phnom_Penh": {
                "exemplarCity": "ភ្នំពេញ"
              },
              "Pontianak": {
                "exemplarCity": "ប៉ុនទីអាណាក់"
              },
              "Pyongyang": {
                "exemplarCity": "ព្យុងយ៉ាង"
              },
              "Qatar": {
                "exemplarCity": "កាតា"
              },
              "Qostanay": {
                "exemplarCity": "កូស្ដេណេ"
              },
              "Qyzylorda": {
                "exemplarCity": "គីហ្ស៊ីឡូដា"
              },
              "Rangoon": {
                "exemplarCity": "រ៉ង់ហ្គូន"
              },
              "Riyadh": {
                "exemplarCity": "រីយ៉ាដ"
              },
              "Saigon": {
                "exemplarCity": "ហូជីមីញ"
              },
              "Sakhalin": {
                "exemplarCity": "សាខាលីន"
              },
              "Samarkand": {
                "exemplarCity": "សាម៉ាកាន់"
              },
              "Seoul": {
                "exemplarCity": "សេអ៊ូល"
              },
              "Shanghai": {
                "exemplarCity": "សៀងហៃ"
              },
              "Singapore": {
                "exemplarCity": "សិង្ហបូរី"
              },
              "Srednekolymsk": {
                "exemplarCity": "ស្រីតនីកូលីម"
              },
              "Taipei": {
                "exemplarCity": "តៃប៉ិ"
              },
              "Tashkent": {
                "exemplarCity": "តាស្កិន"
              },
              "Tbilisi": {
                "exemplarCity": "ប៊ីលីស៊ី"
              },
              "Tehran": {
                "exemplarCity": "តេហេរ៉ង់"
              },
              "Thimphu": {
                "exemplarCity": "ធីមភូ"
              },
              "Tokyo": {
                "exemplarCity": "តូក្យូ"
              },
              "Tomsk": {
                "exemplarCity": "ថមស្កិ៍"
              },
              "Ulaanbaatar": {
                "exemplarCity": "អ៊ូឡង់បាទ័រ"
              },
              "Urumqi": {
                "exemplarCity": "អ៊ូរាំហ្គី"
              },
              "Ust-Nera": {
                "exemplarCity": "អូស្តណេរ៉ា"
              },
              "Vientiane": {
                "exemplarCity": "វៀងចន្ទន៍"
              },
              "Vladivostok": {
                "exemplarCity": "វ៉្លាដីវ៉ូស្តុក"
              },
              "Yakutsk": {
                "exemplarCity": "យ៉ាគុតស្កិ៍"
              },
              "Yekaterinburg": {
                "exemplarCity": "យ៉េកាធឺរិនប៊ើក"
              },
              "Yerevan": {
                "exemplarCity": "យ៉េរ៉េវ៉ាន់"
              }
            },
            "Indian": {
              "Antananarivo": {
                "exemplarCity": "អង់តាណាណារីវ"
              },
              "Chagos": {
                "exemplarCity": "កាហ្គោ"
              },
              "Christmas": {
                "exemplarCity": "គ្រីស្មាស"
              },
              "Cocos": {
                "exemplarCity": "កូកូស"
              },
              "Comoro": {
                "exemplarCity": "កូម័រ"
              },
              "Kerguelen": {
                "exemplarCity": "ឃឺហ្គុយឡែន"
              },
              "Mahe": {
                "exemplarCity": "ម៉ាហេ"
              },
              "Maldives": {
                "exemplarCity": "ម៉ាល់ឌីវ"
              },
              "Mauritius": {
                "exemplarCity": "ម៉ូរីស"
              },
              "Mayotte": {
                "exemplarCity": "ម៉ាយុត"
              },
              "Reunion": {
                "exemplarCity": "រេអ៊ុយ៉ុង"
              }
            },
            "Australia": {
              "Adelaide": {
                "exemplarCity": "អាដេឡែត"
              },
              "Brisbane": {
                "exemplarCity": "ប្រីសប៊ែន"
              },
              "Broken_Hill": {
                "exemplarCity": "ប្រូកខិនហីល"
              },
              "Currie": {
                "exemplarCity": "ខូរៀ"
              },
              "Darwin": {
                "exemplarCity": "ដាវីន"
              },
              "Eucla": {
                "exemplarCity": "អ៊ុយក្លា"
              },
              "Hobart": {
                "exemplarCity": "ហូបាត"
              },
              "Lindeman": {
                "exemplarCity": "លីនឌីម៉ែន"
              },
              "Lord_Howe": {
                "exemplarCity": "ឡតហូវ៉េ"
              },
              "Melbourne": {
                "exemplarCity": "ម៉េលប៊ន"
              },
              "Perth": {
                "exemplarCity": "ភឺធ"
              },
              "Sydney": {
                "exemplarCity": "ស៊ីដនី"
              }
            },
            "Pacific": {
              "Apia": {
                "exemplarCity": "អាពី"
              },
              "Auckland": {
                "exemplarCity": "អកឡែន"
              },
              "Bougainville": {
                "exemplarCity": "បូហ្គែនវីល"
              },
              "Chatham": {
                "exemplarCity": "ចាថាំ"
              },
              "Easter": {
                "exemplarCity": "អ៊ីស្ទ័រ"
              },
              "Efate": {
                "exemplarCity": "អ៊ីហ្វាតេ"
              },
              "Enderbury": {
                "exemplarCity": "អ៊ីនដឺប៊ូរី"
              },
              "Fakaofo": {
                "exemplarCity": "ហ្វាកៅហ្វូ"
              },
              "Fiji": {
                "exemplarCity": "ហ្វីជី"
              },
              "Funafuti": {
                "exemplarCity": "ហ៊្វូណាហ៊្វូទី"
              },
              "Galapagos": {
                "exemplarCity": "ហ្គាឡាប៉ាហ្គោស"
              },
              "Gambier": {
                "exemplarCity": "ហ្គាំបៀ"
              },
              "Guadalcanal": {
                "exemplarCity": "ហ្គាដាល់ខាណាល់"
              },
              "Guam": {
                "exemplarCity": "ហ្គាំ"
              },
              "Honolulu": {
                "exemplarCity": "ហូណូលូលូ"
              },
              "Johnston": {
                "exemplarCity": "ចនស្តុន"
              },
              "Kanton": {
                "exemplarCity": "កាន់តុន"
              },
              "Kiritimati": {
                "exemplarCity": "គិរីទីម៉ាទិ"
              },
              "Kosrae": {
                "exemplarCity": "កូស្រែ"
              },
              "Kwajalein": {
                "exemplarCity": "ក្វាហ្សាលៀន"
              },
              "Majuro": {
                "exemplarCity": "ម៉ាហ្សូរ៉ូ"
              },
              "Marquesas": {
                "exemplarCity": "ម៉ាហ្គីសាស"
              },
              "Midway": {
                "exemplarCity": "មីតវ៉េ"
              },
              "Nauru": {
                "exemplarCity": "ណូរូ"
              },
              "Niue": {
                "exemplarCity": "នីវ៉េ"
              },
              "Norfolk": {
                "exemplarCity": "ណ័រហ្វុក"
              },
              "Noumea": {
                "exemplarCity": "ណូមៀ"
              },
              "Pago_Pago": {
                "exemplarCity": "ប៉ាហ្គោ ប៉ាហ្គោ"
              },
              "Palau": {
                "exemplarCity": "ប៉ាឡៅ"
              },
              "Pitcairn": {
                "exemplarCity": "ភីតខៃរ៉ិន"
              },
              "Ponape": {
                "exemplarCity": "ផុនប៉ី"
              },
              "Port_Moresby": {
                "exemplarCity": "ព័រម៉ូរេសប៊ី"
              },
              "Rarotonga": {
                "exemplarCity": "រ៉ារ៉ូតុងហ្គា"
              },
              "Saipan": {
                "exemplarCity": "សៃប៉ាន"
              },
              "Tahiti": {
                "exemplarCity": "តាហីទី"
              },
              "Tarawa": {
                "exemplarCity": "តារ៉ាវ៉ា"
              },
              "Tongatapu": {
                "exemplarCity": "តុងហ្គាតាពូ"
              },
              "Truk": {
                "exemplarCity": "ឈូអុក"
              },
              "Wake": {
                "exemplarCity": "វ៉ាគី"
              },
              "Wallis": {
                "exemplarCity": "វ៉ាលីស"
              }
            },
            "Arctic": {
              "Longyearbyen": {
                "exemplarCity": "ឡុង​យ៉ា​ប៊ីយេន"
              }
            },
            "Antarctica": {
              "Casey": {
                "exemplarCity": "កាសី"
              },
              "Davis": {
                "exemplarCity": "ដាវីស"
              },
              "DumontDUrville": {
                "exemplarCity": "ឌុយម៉ុងដឺអ៊ុយវីល"
              },
              "Macquarie": {
                "exemplarCity": "ម៉ាកខ្វារី"
              },
              "Mawson": {
                "exemplarCity": "ម៉ៅសាន់"
              },
              "McMurdo": {
                "exemplarCity": "ម៉ាក់មុយដូ"
              },
              "Palmer": {
                "exemplarCity": "ផាល់ម័រ"
              },
              "Rothera": {
                "exemplarCity": "រ៉ូធីរ៉ា"
              },
              "Syowa": {
                "exemplarCity": "ស៊ីយ៉ូវ៉ា"
              },
              "Troll": {
                "exemplarCity": "ត្រូល"
              },
              "Vostok": {
                "exemplarCity": "វ៉ូស្តុក"
              }
            },
            "Etc": {
              "UTC": {
                "long": {
                  "standard": "ម៉ោងសកលដែលមានការសម្រួល"
                },
                "short": {
                  "standard": "UTC"
                }
              },
              "Unknown": {
                "exemplarCity": "ទីក្រុង​មិនស្គាល់"
              }
            }
          },
          "metazone": {
            "Afghanistan": {
              "long": {
                "standard": "ម៉ោង​នៅ​អាហ្វហ្គានីស្ថាន"
              }
            },
            "Africa_Central": {
              "long": {
                "standard": "ម៉ោង​នៅ​អាហ្វ្រិក​កណ្ដាល"
              }
            },
            "Africa_Eastern": {
              "long": {
                "standard": "ម៉ោង​នៅ​អាហ្វ្រិក​ខាង​កើត"
              }
            },
            "Africa_Southern": {
              "long": {
                "standard": "ម៉ោង​នៅ​អាហ្វ្រិក​ខាង​ត្បូង"
              }
            },
            "Africa_Western": {
              "long": {
                "generic": "ម៉ោង​នៅ​អាហ្វ្រិក​ខាង​លិច",
                "standard": "ម៉ោង​ស្តង់ដារ​នៅ​អាហ្វ្រិក​ខាង​លិច",
                "daylight": "ម៉ោងនៅ​អាហ្វ្រិក​​​ខាងលិច​​នារដូវ​ក្ដៅ​"
              }
            },
            "Alaska": {
              "long": {
                "generic": "ម៉ោង​នៅ​អាឡាស្កា",
                "standard": "ម៉ោង​ស្តង់ដារ​នៅ​អាឡាស្កា",
                "daylight": "ម៉ោង​ពេល​ថ្ងៃ​នៅ​​អាឡាស្កា"
              }
            },
            "Amazon": {
              "long": {
                "generic": "ម៉ោង​នៅ​អាម៉ាហ្សូន",
                "standard": "ម៉ោងស្តង់ដារ​នៅ​អាម៉ាហ្សូន",
                "daylight": "ម៉ោង​នៅ​អាម៉ាហ្សូននារដូវក្តៅ"
              }
            },
            "America_Central": {
              "long": {
                "generic": "ម៉ោង​​នៅ​ទ្វីបអាមេរិក​ខាង​ជើងភាគកណ្តាល",
                "standard": "ម៉ោង​​ស្តង់ដារនៅ​ទ្វីបអាមេរិក​ខាង​ជើងភាគកណ្តាល",
                "daylight": "ម៉ោង​​ពេលថ្ងៃនៅ​ទ្វីបអាមេរិក​ខាង​ជើងភាគកណ្តាល"
              }
            },
            "America_Eastern": {
              "long": {
                "generic": "ម៉ោងនៅទ្វីបអាមរិកខាងជើងភាគខាងកើត",
                "standard": "ម៉ោងស្តង់ដារនៅទ្វីបអាមេរិកខាងជើងភាគខាងកើត",
                "daylight": "ម៉ោងពេលថ្ងៃនៅទ្វីបអាមេរិកខាងជើងភាគខាងកើត"
              }
            },
            "America_Mountain": {
              "long": {
                "generic": "ម៉ោង​នៅតំបន់ភ្នំនៃទ្វីប​អាមេរិក​​​ខាង​ជើង",
                "standard": "ម៉ោងស្តង់ដារ​នៅតំបន់ភ្នំនៃទ្វីប​អាមេរិក​​​ខាង​ជើង",
                "daylight": "ម៉ោង​ពេលថ្ងៃនៅតំបន់ភ្នំនៃទ្វីប​អាមេរិក​​​ខាង​ជើង"
              }
            },
            "America_Pacific": {
              "long": {
                "generic": "ម៉ោងនៅប៉ាស៊ីហ្វិកអាមេរិក",
                "standard": "ម៉ោងស្ដង់ដារនៅប៉ាស៊ីហ្វិកអាមេរិក",
                "daylight": "ម៉ោងពេលថ្ងៃនៅប៉ាស៊ីហ្វិកអាមេរិក"
              }
            },
            "Apia": {
              "long": {
                "generic": "ម៉ោង​នៅ​អាប្យា",
                "standard": "ម៉ោង​ស្តង់ដា​នៅ​អាប្យា",
                "daylight": "ម៉ោង​ពេល​ថ្ងៃ​នៅ​អាប្យា"
              }
            },
            "Arabian": {
              "long": {
                "generic": "ម៉ោង​នៅ​អារ៉ាប់",
                "standard": "ម៉ោង​ស្តង់ដារ​នៅ​អារ៉ាប់",
                "daylight": "ម៉ោង​ពេល​ថ្ងៃ​នៅ​អារ៉ាប់"
              }
            },
            "Argentina": {
              "long": {
                "generic": "ម៉ោង​នៅ​អាហ្សង់ទីន",
                "standard": "ម៉ោងស្តង់ដារ​នៅ​អាហ្សង់ទីន",
                "daylight": "ម៉ោង​នៅ​អាហ្សង់ទីននារដូវក្តៅ"
              }
            },
            "Argentina_Western": {
              "long": {
                "generic": "ម៉ោង​នៅ​អាហ្សង់ទីនភាគខាងលិច",
                "standard": "ម៉ោងស្តង់ដារ​នៅ​អាហ្សង់ទីនភាគខាងលិច",
                "daylight": "ម៉ោង​នៅ​អាហ្សង់ទីនភាគខាងលិចនារដូវក្តៅ"
              }
            },
            "Armenia": {
              "long": {
                "generic": "ម៉ោង​នៅ​អាមេនី",
                "standard": "ម៉ោង​ស្ដង់ដារ​នៅ​អាមេនី",
                "daylight": "ម៉ោង​នៅ​អាមេនីនារដូវ​ក្ដៅ​"
              }
            },
            "Atlantic": {
              "long": {
                "generic": "ម៉ោង​នៅ​អាត្លង់ទិក",
                "standard": "ម៉ោង​ស្តង់ដារ​នៅ​អាត្លង់ទិក",
                "daylight": "ម៉ោង​ពេល​ថ្ងៃ​នៅ​អាត្លង់ទិក"
              }
            },
            "Australia_Central": {
              "long": {
                "generic": "ម៉ោង​នៅអូស្ត្រាលី​កណ្ដាល",
                "standard": "ម៉ោង​ស្តង់ដារ​នៅ​អូស្ត្រាលី​កណ្ដាល",
                "daylight": "ម៉ោង​ពេលថ្ងៃ​​​​នៅ​អូស្ត្រាលី​កណ្ដាល"
              }
            },
            "Australia_CentralWestern": {
              "long": {
                "generic": "ម៉ោង​នៅ​​​ភាគ​ខាង​លិច​នៅ​អូស្ត្រាលី​កណ្ដាល",
                "standard": "ម៉ោង​ស្តង់ដារ​នៅ​ភាគ​ខាង​លិច​នៃ​អូស្ត្រាលី​កណ្ដាល",
                "daylight": "ម៉ោង​ពេល​ថ្ងៃ​នៅ​​ភាគ​ខាង​លិច​នៃ​អូស្ត្រាលី​កណ្ដាល"
              }
            },
            "Australia_Eastern": {
              "long": {
                "generic": "ម៉ោង​នៅ​អូស្ត្រាលី​ខាង​កើត",
                "standard": "ម៉ោង​ស្តង់ដារ​នៅ​អូស្ត្រាលី​ខាង​កើត",
                "daylight": "ម៉ោង​ពេល​ថ្ងៃ​នៅ​អូស្ត្រាលី​ខាង​កើត"
              }
            },
            "Australia_Western": {
              "long": {
                "generic": "ម៉ោង​​​នៅ​អូស្ត្រាលី​ខាង​លិច",
                "standard": "ម៉ោង​​ស្តង់ដារ​នៅ​អូស្ត្រាលី​ខាង​លិច",
                "daylight": "ម៉ោង​ពេល​ថ្ងៃ​នៅ​អូស្ត្រាលី​ខាង​លិច"
              }
            },
            "Azerbaijan": {
              "long": {
                "generic": "ម៉ោង​នៅ​អាស៊ែបៃហ្សង់",
                "standard": "ម៉ោង​ស្តង់ដារ​នៅ​អាស៊ែបៃហ្សង់",
                "daylight": "ម៉ោង​​នៅ​អាស៊ែបៃហ្សង់នារដូវ​ក្ដៅ"
              }
            },
            "Azores": {
              "long": {
                "generic": "ម៉ោង​នៅ​អេហ្សស",
                "standard": "ម៉ោង​ស្តង់ដារ​នៅ​អេហ្សស",
                "daylight": "ម៉ោង​​នៅ​អេហ្សសនារដូវ​ក្ដៅ"
              }
            },
            "Bangladesh": {
              "long": {
                "generic": "ម៉ោង​នៅ​បង់ក្លាដែស",
                "standard": "ម៉ោង​ស្ដង់ដារ​នៅ​បង់ក្លាដែស",
                "daylight": "ម៉ោង​​នៅ​បង់ក្លាដែសនារដូវ​ក្ដៅ"
              }
            },
            "Bhutan": {
              "long": {
                "standard": "ម៉ោងនៅប៊ូតង់"
              }
            },
            "Bolivia": {
              "long": {
                "standard": "ម៉ោង​នៅ​បូលីវី"
              }
            },
            "Brasilia": {
              "long": {
                "generic": "ម៉ោង​នៅ​ប្រាស៊ីលីយ៉ា",
                "standard": "ម៉ោង​ស្តង់ដារ​នៅ​ប្រាស៊ីលីយ៉ា",
                "daylight": "ម៉ោង​នៅ​ប្រាស៊ីលីយ៉ានា​​រដូវ​ក្ដៅ"
              }
            },
            "Brunei": {
              "long": {
                "standard": "ម៉ោងនៅព្រុយណេដារូសាឡឹម"
              }
            },
            "Cape_Verde": {
              "long": {
                "generic": "ម៉ោង​នៅ​កាប់វែរ",
                "standard": "ម៉ោង​ស្តង់ដារ​នៅ​កាប់វែរ",
                "daylight": "ម៉ោង​​នៅ​កាប់វែរនារដូវ​ក្ដៅ"
              }
            },
            "Chamorro": {
              "long": {
                "standard": "ម៉ោង​ស្តង់ដារនៅ​ចាំម៉ូរ៉ូ"
              }
            },
            "Chatham": {
              "long": {
                "generic": "ម៉ោង​នៅ​ចាថាំ",
                "standard": "ម៉ោង​ស្តង់ដារ​នៅ​ចាថាំ",
                "daylight": "ម៉ោង​ពេល​ថ្ងៃ​នៅ​ចាថាំ"
              }
            },
            "Chile": {
              "long": {
                "generic": "ម៉ោងនៅស៊ីលី",
                "standard": "ម៉ោងស្តង់ដារនៅស៊ីលី",
                "daylight": "ម៉ោងនៅស៊ីលីនារដូវក្តៅ"
              }
            },
            "China": {
              "long": {
                "generic": "ម៉ោង​នៅ​ចិន",
                "standard": "ម៉ោង​ស្តង់ដារ​នៅ​ចិន",
                "daylight": "ម៉ោង​ពេល​ថ្ងៃ​នៅ​ចិន"
              }
            },
            "Choibalsan": {
              "long": {
                "generic": "ម៉ោង​នៅ​ឆូបាល់សាន",
                "standard": "ម៉ោង​ស្តង់ដារ​នៅ​ឆូបាល់សាន",
                "daylight": "ម៉ោង​នៅ​ឆូបាល់សាននារដូវ​ក្ដៅ​"
              }
            },
            "Christmas": {
              "long": {
                "standard": "ម៉ោង​នៅ​កោះ​គ្រីស្មាស"
              }
            },
            "Cocos": {
              "long": {
                "standard": "ម៉ោង​នៅ​ប្រជុំកោះ​កូកូស"
              }
            },
            "Colombia": {
              "long": {
                "generic": "ម៉ោង​នៅ​កូឡុំប៊ី",
                "standard": "ម៉ោង​ស្តង់ដារ​នៅ​កូឡុំប៊ី",
                "daylight": "ម៉ោង​នៅ​កូឡុំប៊ីនា​រដូវ​ក្ដៅ"
              }
            },
            "Cook": {
              "long": {
                "generic": "ម៉ោង​នៅប្រជុំ​កោះ​ខូក",
                "standard": "ម៉ោង​ស្តង់ដារ​នៅ​ប្រជុំកោះ​ខូក",
                "daylight": "ម៉ោង​នៅប្រជុំ​កោះ​ខូកនាពាក់កណ្ដាល​រដូវ​​​ក្ដៅ"
              }
            },
            "Cuba": {
              "long": {
                "generic": "ម៉ោង​នៅ​គុយបា",
                "standard": "ម៉ោង​ស្តង់ដារ​នៅ​គុយបា",
                "daylight": "ម៉ោង​ពេល​ថ្ងៃ​នៅ​គុយបា"
              }
            },
            "Davis": {
              "long": {
                "standard": "ម៉ោង​នៅ​ដាវីស"
              }
            },
            "DumontDUrville": {
              "long": {
                "standard": "ម៉ោង​នៅ​ឌុយម៉ុងដឺអ៊ុយវីល"
              }
            },
            "East_Timor": {
              "long": {
                "standard": "ម៉ោង​នៅ​​ទីម័រ​ខាង​កើត"
              }
            },
            "Easter": {
              "long": {
                "generic": "ម៉ោងនៅកោះអ៊ីស្ទ័រ",
                "standard": "ម៉ោងស្តង់ដារនៅកោះអ៊ីស្ទ័រ",
                "daylight": "ម៉ោងនៅកោះអ៊ីស្ទ័រនារដូវក្តៅ"
              }
            },
            "Ecuador": {
              "long": {
                "standard": "ម៉ោង​នៅ​អេក្វាទ័រ"
              }
            },
            "Europe_Central": {
              "long": {
                "generic": "ម៉ោង​នៅ​អឺរ៉ុប​កណ្ដាល",
                "standard": "ម៉ោង​ស្តង់ដារ​នៅ​អឺរ៉ុប​កណ្ដាល",
                "daylight": "ម៉ោង​នៅ​អឺរ៉ុប​កណ្ដាលនា​រដូវ​ក្ដៅ"
              }
            },
            "Europe_Eastern": {
              "long": {
                "generic": "ម៉ោង​នៅ​អឺរ៉ុប​​ខាង​កើត​",
                "standard": "ម៉ោង​ស្តង់ដារ​​នៅ​អឺរ៉ុប​​ខាង​កើត​",
                "daylight": "ម៉ោង​នៅ​អឺរ៉ុប​​ខាង​កើត​នា​រដូវ​ក្ដៅ"
              }
            },
            "Europe_Further_Eastern": {
              "long": {
                "standard": "ម៉ោង​នៅ​ចុងបូព៌ានៃទ្វីប​អឺរ៉ុប​"
              }
            },
            "Europe_Western": {
              "long": {
                "generic": "ម៉ោង​នៅ​អឺរ៉ុប​ខាង​លិច",
                "standard": "ម៉ោង​ស្តង់ដារ​នៅ​អឺរ៉ុប​ខាង​លិច",
                "daylight": "ម៉ោង​នៅ​អឺរ៉ុប​ខាង​លិចនារដូវ​ក្ដៅ​"
              }
            },
            "Falkland": {
              "long": {
                "generic": "ម៉ោង​នៅ​ប្រជុំកោះ​ហ្វក់ឡែន",
                "standard": "ម៉ោង​ស្តង់ដារ​នៅប្រជុំ​កោះ​ហ្វក់ឡែន",
                "daylight": "ម៉ោង​​នៅប្រជុំ​កោះ​ហ្វក់ឡែននារដូវ​ក្ដៅ"
              }
            },
            "Fiji": {
              "long": {
                "generic": "ម៉ោង​នៅ​ហ្វីជី",
                "standard": "ម៉ោង​ស្តង់ដារ​នៅ​ហ្វីជី",
                "daylight": "ម៉ោង​នៅ​​ហ្វីជីនា​​រដូវ​ក្ដៅ"
              }
            },
            "French_Guiana": {
              "long": {
                "standard": "ម៉ោង​នៅ​ហ្គីយ៉ាន​បារាំង"
              }
            },
            "French_Southern": {
              "long": {
                "standard": "ម៉ោងនៅបារាំងខាងត្បូង និងនៅអង់តាំងទិក"
              }
            },
            "Galapagos": {
              "long": {
                "standard": "ម៉ោង​នៅ​កាឡាប៉ាកូស"
              }
            },
            "Gambier": {
              "long": {
                "standard": "ម៉ោង​នៅ​កាំបៀ"
              }
            },
            "Georgia": {
              "long": {
                "generic": "ម៉ោង​នៅ​ហ្សកហ្ស៊ី",
                "standard": "ម៉ោង​ស្តង់ដារ​នៅ​ហ្សកហ្ស៊ី",
                "daylight": "ម៉ោង​នៅ​ហ្សកហ្ស៊ីនា​​រដូវ​ក្ដៅ"
              }
            },
            "Gilbert_Islands": {
              "long": {
                "standard": "ម៉ោង​នៅ​កោះ​កីប៊ឺត"
              }
            },
            "GMT": {
              "long": {
                "standard": "ម៉ោងនៅគ្រីនវិច"
              }
            },
            "Greenland_Eastern": {
              "long": {
                "generic": "ម៉ោង​​នៅ​ហ្គ្រីនលែន​ខាង​កើត",
                "standard": "ម៉ោង​​​ស្តង់ដារ​នៅ​​ហ្គ្រីនលែន​ខាង​កើត",
                "daylight": "ម៉ោង​នៅ​ហ្គ្រីនលែនខាង​កើតនា​រដូវ​ក្ដៅ"
              }
            },
            "Greenland_Western": {
              "long": {
                "generic": "ម៉ោងនៅហ្គ្រីនលែនខាងលិច",
                "standard": "ម៉ោងស្តង់ដារនៅហ្គ្រីនលែនខាងលិច",
                "daylight": "ម៉ោងនៅហ្គ្រីនលែនខាងលិចនារដូវក្តៅ"
              }
            },
            "Gulf": {
              "long": {
                "standard": "ម៉ោង​ស្តង់ដា​នៅ​កាល់"
              }
            },
            "Guyana": {
              "long": {
                "standard": "ម៉ោង​នៅ​ហ្គីយ៉ាន"
              }
            },
            "Hawaii_Aleutian": {
              "long": {
                "generic": "ម៉ោង​​នៅ​ហាវៃ-អាល់ដ្យូសិន",
                "standard": "ម៉ោង​ស្តង់ដារ​​នៅ​ហាវៃ-អាល់ដ្យូសិន",
                "daylight": "ម៉ោង​ពេល​ថ្ងៃ​នៅ​ហាវៃ-អាល់ដ្យូសិន"
              }
            },
            "Hong_Kong": {
              "long": {
                "generic": "ម៉ោង​នៅ​ហុងកុង",
                "standard": "ម៉ោង​ស្តង់ដារ​នៅ​ហុងកុង",
                "daylight": "ម៉ោងនៅ​ហុងកុងនា​រដូវ​ក្ដៅ​"
              }
            },
            "Hovd": {
              "long": {
                "generic": "ម៉ោង​នៅ​ហូវ",
                "standard": "ម៉ោង​ស្តង់ដារ​នៅហូវ",
                "daylight": "ម៉ោងនៅ​ហូវនា​រដូវ​ក្ដៅ​"
              }
            },
            "India": {
              "long": {
                "standard": "ម៉ោង​ស្តង់ដារនៅ​ឥណ្ឌា"
              }
            },
            "Indian_Ocean": {
              "long": {
                "standard": "ម៉ោង​នៅ​មហាសមុទ្រ​ឥណ្ឌា"
              }
            },
            "Indochina": {
              "long": {
                "standard": "ម៉ោង​នៅ​ឥណ្ឌូចិន"
              }
            },
            "Indonesia_Central": {
              "long": {
                "standard": "ម៉ោង​នៅ​ឥណ្ឌូណេស៊ី​​​កណ្ដាល"
              }
            },
            "Indonesia_Eastern": {
              "long": {
                "standard": "ម៉ោង​នៅ​ឥណ្ឌូណេស៊ី​​ខាង​កើត"
              }
            },
            "Indonesia_Western": {
              "long": {
                "standard": "ម៉ោង​នៅ​ឥណ្ឌូណេស៊ី​​ខាង​លិច"
              }
            },
            "Iran": {
              "long": {
                "generic": "ម៉ោង​នៅ​អ៊ីរ៉ង់",
                "standard": "ម៉ោង​ស្តង់ដារ​នៅ​អ៊ីរ៉ង់",
                "daylight": "ម៉ោង​ពេល​ថ្ងៃ​នៅ​អ៊ីរ៉ង់"
              }
            },
            "Irkutsk": {
              "long": {
                "generic": "ម៉ោងនៅអៀរគុតស្កិ៍",
                "standard": "ម៉ោងស្តង់ដារនៅអៀរគុតស្កិ៍",
                "daylight": "ម៉ោងនៅអៀរគុតស្កិ៍នារដូវក្តៅ"
              }
            },
            "Israel": {
              "long": {
                "generic": "ម៉ោង​នៅ​អ៊ីស្រាអែល",
                "standard": "ម៉ោង​ស្តង់ដារ​នៅ​អ៊ីស្រាអែល",
                "daylight": "ម៉ោង​ពេល​ថ្ងៃ​នៅ​អ៊ីស្រាអែល"
              }
            },
            "Japan": {
              "long": {
                "generic": "ម៉ោង​នៅ​ជប៉ុន",
                "standard": "ម៉ោង​ស្តង់ដារ​នៅ​ជប៉ុន",
                "daylight": "ម៉ោង​ពេល​ថ្ងៃ​នៅជប៉ុន"
              }
            },
            "Kazakhstan_Eastern": {
              "long": {
                "standard": "ម៉ោង​កាហ្សាក់ស្ថាន​​ខាង​កើត"
              }
            },
            "Kazakhstan_Western": {
              "long": {
                "standard": "ម៉ោង​នៅ​កាហ្សាក់ស្ថាន​ខាង​​​លិច"
              }
            },
            "Korea": {
              "long": {
                "generic": "ម៉ោង​នៅ​កូរ៉េ",
                "standard": "ម៉ោង​ស្តង់ដារ​នៅ​កូរ៉េ",
                "daylight": "ម៉ោង​ពេល​ថ្ងៃ​នៅ​កូរ៉េ"
              }
            },
            "Kosrae": {
              "long": {
                "standard": "ម៉ោង​នៅ​កូស្រៃ"
              }
            },
            "Krasnoyarsk": {
              "long": {
                "generic": "ម៉ោង​នៅ​ក្រាណូយ៉ាស",
                "standard": "ម៉ោង​ស្តង់ដារ​នៅ​ក្រាណូយ៉ាស",
                "daylight": "ម៉ោង​នៅ​ក្រាណូយ៉ាសនា​រដូវ​ក្ដៅ"
              }
            },
            "Kyrgystan": {
              "long": {
                "standard": "ម៉ោងនៅកៀហ្ស៊ីស៊ីស្ថាន"
              }
            },
            "Line_Islands": {
              "long": {
                "standard": "ម៉ោង​នៅ​កោះ​ឡាញ"
              }
            },
            "Lord_Howe": {
              "long": {
                "generic": "ម៉ោង​នៅ​ឡតហៅ",
                "standard": "ម៉ោង​ស្តង់ដារ​នៅ​ឡត​ហៅ",
                "daylight": "ម៉ោង​ពេល​ថ្ងៃ​នៅ​ឡតហៅ"
              }
            },
            "Macquarie": {
              "long": {
                "standard": "ម៉ោង​នៅ​កោះ​ម៉ាកគែរី"
              }
            },
            "Magadan": {
              "long": {
                "generic": "ម៉ោង​នៅ​ម៉ាហ្កាដាន",
                "standard": "ម៉ោង​ស្តង់ដារ​នៅ​ម៉ាហ្កាដាន",
                "daylight": "ម៉ោង​នៅ​ម៉ាហ្កាដាន​នារដូវ​ក្ដៅ"
              }
            },
            "Malaysia": {
              "long": {
                "standard": "ម៉ោង​នៅ​ម៉ាឡេស៊ី"
              }
            },
            "Maldives": {
              "long": {
                "standard": "ម៉ោង​នៅ​ម៉ាល់ឌីវ"
              }
            },
            "Marquesas": {
              "long": {
                "standard": "ម៉ោង​នៅ​កោះ​ម៉ាគឺសាស់"
              }
            },
            "Marshall_Islands": {
              "long": {
                "standard": "ម៉ោង​នៅ​ម៉ាសាល"
              }
            },
            "Mauritius": {
              "long": {
                "generic": "ម៉ោង​នៅ​ម៉ូរីស",
                "standard": "ម៉ោង​ស្តង់ដារ​នៅ​ម៉ូរីស",
                "daylight": "ម៉ោង​​រដូវ​ក្ដៅនៅ​ម៉ូរីស"
              }
            },
            "Mawson": {
              "long": {
                "standard": "ម៉ោង​នៅ​ម៉ៅ​សាន់"
              }
            },
            "Mexico_Northwest": {
              "long": {
                "generic": "ម៉ោង​នៅ​ម៉ិកស៊ិកភាគពាយព្យ",
                "standard": "ម៉ោង​ស្តង់ដារនៅ​ម៉ិកស៊ិកភាគពាយព្យ",
                "daylight": "ម៉ោង​ពេល​ថ្ងៃ​នៅ​ម៉ិកស៊ិកភាគពាយព្យ"
              }
            },
            "Mexico_Pacific": {
              "long": {
                "generic": "ម៉ោង​នៅ​ប៉ាស៊ីហ្វិក​ម៉ិកស៊ិក",
                "standard": "ម៉ោង​ស្តង់ដា​នៅ​ប៉ាស៊ីហ្វិក​ម៉ិកស៊ិក",
                "daylight": "ម៉ោង​ពេល​ថ្ងៃ​នៅ​ប៉ាស៊ីហ្វិក​ម៉ិកស៊ិក"
              }
            },
            "Mongolia": {
              "long": {
                "generic": "ម៉ោង​នៅ​អ៊ូឡាន​បាទូ",
                "standard": "ម៉ោង​ស្តង់ដារ​នៅ​អ៊ូឡាន​បាទូ",
                "daylight": "ម៉ោងនៅ​អ៊ូឡាន​បាទូនា​រដូវ​ក្ដៅ​"
              }
            },
            "Moscow": {
              "long": {
                "generic": "ម៉ោង​នៅ​មូស្គូ",
                "standard": "ម៉ោង​ស្តង់ដារ​នៅ​មូស្គូ",
                "daylight": "ម៉ោង​នៅ​មូស្គូ​នារដូវ​ក្ដៅ"
              }
            },
            "Myanmar": {
              "long": {
                "standard": "ម៉ោង​នៅ​មីយ៉ាន់ម៉ា"
              }
            },
            "Nauru": {
              "long": {
                "standard": "ម៉ោង​នៅ​ណូរូ"
              }
            },
            "Nepal": {
              "long": {
                "standard": "ម៉ោងនៅនេប៉ាល់"
              }
            },
            "New_Caledonia": {
              "long": {
                "generic": "ម៉ោង​នៅណូវ៉ែលកាឡេដូនៀ",
                "standard": "ម៉ោងស្តង់ដារ​នៅណូវ៉ែលកាឡេដូនៀ",
                "daylight": "ម៉ោង​នៅណូវ៉ែលកាឡេដូនៀនារដូវក្តៅ"
              }
            },
            "New_Zealand": {
              "long": {
                "generic": "ម៉ោង​នៅ​នូវែលសេឡង់",
                "standard": "ម៉ោង​ស្តង់ដារ​នៅ​នូវែលសេឡង់",
                "daylight": "ម៉ោង​ពេល​ថ្ងៃ​នៅ​នូវែលសេឡង់"
              }
            },
            "Newfoundland": {
              "long": {
                "generic": "ម៉ោង​​នៅញូវហ្វោនឡែន",
                "standard": "ម៉ោង​​ស្តង់ដារ​​នៅ​ញូវហ្វោនឡែន",
                "daylight": "ម៉ោង​ពេលថ្ងៃ​នៅ​ញូវហ្វោនឡែន"
              }
            },
            "Niue": {
              "long": {
                "standard": "ម៉ោងនៅ​នីវ៉េ"
              }
            },
            "Norfolk": {
              "long": {
                "generic": "ម៉ោង​នៅ​កោះ​ណ័រហ្វក់",
                "standard": "ម៉ោង​ស្ដង់ដារ​នៅ​ណ័រហ្វក់",
                "daylight": "ម៉ោងនៅ​ណ័រហ្វក់នា​រដូវ​ក្ដៅ"
              }
            },
            "Noronha": {
              "long": {
                "generic": "ម៉ោង​នៅហ្វ៊ែណាន់ដូ​ដឺណូរ៉ូញ៉ា",
                "standard": "ម៉ោង​ស្តង់ដារនៅហ្វ៊ែណាន់ដូ​ដឺណូរ៉ូញ៉ា",
                "daylight": "ម៉ោង​នៅហ្វ៊ែណាន់ដូ​ដឺណូរ៉ូញ៉ានារដូវក្តៅ"
              }
            },
            "Novosibirsk": {
              "long": {
                "generic": "ម៉ោង​នៅ​ណូវ៉ូស៊ីប៊ីក",
                "standard": "ម៉ោង​ស្តង់ដារ​នៅ​ណូវ៉ូស៊ីប៊ីក",
                "daylight": "ម៉ោង​នៅ​ណូវ៉ូស៊ីប៊ីកនា​រដូវ​ក្ដៅ"
              }
            },
            "Omsk": {
              "long": {
                "generic": "ម៉ោង​នៅ​អូម",
                "standard": "ម៉ោង​ស្តង់ដារ​នៅ​អូម",
                "daylight": "ម៉ោង​នៅ​អូមនា​រដូវ​ក្ដៅ"
              }
            },
            "Pakistan": {
              "long": {
                "generic": "ម៉ោង​នៅ​ប៉ាគីស្ថាន",
                "standard": "ម៉ោង​ស្ដង់ដារ​នៅ​ប៉ាគីស្ថាន",
                "daylight": "ម៉ោងនៅ​ប៉ាគីស្ថាននា​រដូវ​ក្ដៅ​"
              }
            },
            "Palau": {
              "long": {
                "standard": "ម៉ោង​នៅ​ផាឡៅ"
              }
            },
            "Papua_New_Guinea": {
              "long": {
                "standard": "ម៉ោង​នៅប៉ាពូអាស៊ី នូវែលហ្គីណេ"
              }
            },
            "Paraguay": {
              "long": {
                "generic": "ម៉ោង​នៅ​ប៉ារ៉ាហ្គាយ",
                "standard": "ម៉ោង​ស្តង់ដារ​នៅ​ប៉ារ៉ាហ្គាយ",
                "daylight": "ម៉ោង​នៅប៉ារ៉ាហ្គាយនា​រដូវ​ក្ដៅ"
              }
            },
            "Peru": {
              "long": {
                "generic": "ម៉ោង​នៅ​ប៉េរូ",
                "standard": "ម៉ោង​ស្តង់ដារ​នៅ​ប៉េរូ",
                "daylight": "ម៉ោង​​នៅ​ប៉េរូនារដូវ​ក្ដៅ"
              }
            },
            "Philippines": {
              "long": {
                "generic": "ម៉ោង​នៅ​ហ្វីលីពីន",
                "standard": "ម៉ោង​ស្តង់ដារ​នៅ​ហ្វីលីពីន",
                "daylight": "ម៉ោង​​នៅ​ហ្វីលីពីននា​រដូវ​ក្ដៅ"
              }
            },
            "Phoenix_Islands": {
              "long": {
                "standard": "ម៉ោង​នៅ​កោះ​ផូនីក"
              }
            },
            "Pierre_Miquelon": {
              "long": {
                "generic": "ម៉ោង​​​នៅសង់​ព្យែរ និង​មីគុយឡុង",
                "standard": "ម៉ោង​ស្តង់ដារ​នៅសង់​ព្យែរ និង​មីគុយឡុង",
                "daylight": "ម៉ោង​ពេល​ថ្ងៃ​នៅសង់​ព្យែរ និង​មីគុយឡុង"
              }
            },
            "Pitcairn": {
              "long": {
                "standard": "ម៉ោង​នៅ​ភីឃឺន"
              }
            },
            "Ponape": {
              "long": {
                "standard": "ម៉ោង​នៅ​ប៉ូណាប់"
              }
            },
            "Pyongyang": {
              "long": {
                "standard": "ម៉ោងនៅព្យុងយ៉ាង"
              }
            },
            "Reunion": {
              "long": {
                "standard": "ម៉ោងនៅរេអ៊ុយ៉ុង"
              }
            },
            "Rothera": {
              "long": {
                "standard": "ម៉ោង​នៅ​រ៉ូធឺរ៉ា"
              }
            },
            "Sakhalin": {
              "long": {
                "generic": "ម៉ោង​នៅ​សាក់ខាលីន",
                "standard": "ម៉ោង​ស្តង់ដារ​នៅ​សាក់ខាលីន",
                "daylight": "ម៉ោង​នៅ​សាក់ខាលីននា​រដូវ​ក្ដៅ"
              }
            },
            "Samoa": {
              "long": {
                "generic": "ម៉ោង​នៅ​សាម័រ",
                "standard": "ម៉ោង​ស្តង់ដារនៅ​សាម័រ",
                "daylight": "ម៉ោង​នៅ​សាម័រនារដូវក្តៅ"
              }
            },
            "Seychelles": {
              "long": {
                "standard": "ម៉ោង​នៅ​សីស្ហែល"
              }
            },
            "Singapore": {
              "long": {
                "standard": "ម៉ោង​នៅ​សិង្ហបូរី"
              }
            },
            "Solomon": {
              "long": {
                "standard": "ម៉ោង​នៅ​កោះ​សូឡូម៉ុន"
              }
            },
            "South_Georgia": {
              "long": {
                "standard": "ម៉ោង​នៅ​កោះ​ហ្សកហ្ស៊ី"
              }
            },
            "Suriname": {
              "long": {
                "standard": "ម៉ោង​នៅ​សូរីណាម"
              }
            },
            "Syowa": {
              "long": {
                "standard": "ម៉ោង​នៅ​ស៊ីអូវ៉ា"
              }
            },
            "Tahiti": {
              "long": {
                "standard": "ម៉ោង​នៅ​តាហិទី"
              }
            },
            "Taipei": {
              "long": {
                "generic": "ម៉ោង​នៅ​តៃប៉ិ",
                "standard": "ម៉ោង​ស្តង់ដារ​នៅ​តៃប៉ិ",
                "daylight": "ម៉ោង​ពេល​ថ្ងៃ​នៅ​តៃប៉ិ"
              }
            },
            "Tajikistan": {
              "long": {
                "standard": "ម៉ោងនៅតាជីគីស្ថាន"
              }
            },
            "Tokelau": {
              "long": {
                "standard": "ម៉ោង​នៅ​តូខេឡៅ"
              }
            },
            "Tonga": {
              "long": {
                "generic": "ម៉ោង​នៅ​តុងហ្គា",
                "standard": "ម៉ោង​ស្តង់ដារ​​នៅ​តុងហ្គា",
                "daylight": "ម៉ោង​​នៅ​តុងហ្គានារដូវ​ក្ដៅ"
              }
            },
            "Truk": {
              "long": {
                "standard": "ម៉ោង​នៅ​ចូអុក"
              }
            },
            "Turkmenistan": {
              "long": {
                "generic": "ម៉ោង​នៅ​តួកម៉េនីស្ថាន",
                "standard": "ម៉ោង​ស្តង់ដារ​នៅតួកម៉េនីស្ថាន",
                "daylight": "ម៉ោង​រដូវ​ក្ដៅ​នៅ​តួកម៉េនីស្ថាន​"
              }
            },
            "Tuvalu": {
              "long": {
                "standard": "ម៉ោង​នៅ​ទុយវ៉ាលូ"
              }
            },
            "Uruguay": {
              "long": {
                "generic": "ម៉ោង​នៅ​អ៊ុយរូហ្គាយ",
                "standard": "ម៉ោង​ស្តង់ដារ​នៅ​អ៊ុយរូហ្គាយ",
                "daylight": "ម៉ោង​នៅ​អ៊ុយរូហ្គាយនា​​រដូវ​ក្ដៅ"
              }
            },
            "Uzbekistan": {
              "long": {
                "generic": "ម៉ោង​នៅ​អ៊ូសបេគីស្ថាន",
                "standard": "ម៉ោង​ស្តង់ដារ​នៅ​អ៊ូសបេគីស្ថាន",
                "daylight": "ម៉ោង​នៅ​អ៊ូសបេគីស្ថាននារដូវ​ក្ដៅ​"
              }
            },
            "Vanuatu": {
              "long": {
                "generic": "ម៉ោង​នៅ​វ៉ានូទូ",
                "standard": "ម៉ោង​​ស្តង់ដារ​នៅ​វ៉ានូទូ",
                "daylight": "ម៉ោង​នៅ​វ៉ានូទូនារដូវ​ក្ដៅ​"
              }
            },
            "Venezuela": {
              "long": {
                "standard": "ម៉ោង​នៅ​វ៉េណេស៊ុយអេឡា"
              }
            },
            "Vladivostok": {
              "long": {
                "generic": "ម៉ោង​នៅ​វ៉្លាឌីវ៉ូស្តុក",
                "standard": "ម៉ោង​ស្តង់ដារ​នៅ​វ៉្លាឌីវ៉ូស្តុក",
                "daylight": "ម៉ោង​នៅ​វ៉្លាឌីវ៉ូស្តុកនា​រដូវ​ក្ដៅ"
              }
            },
            "Volgograd": {
              "long": {
                "generic": "ម៉ោង​នៅ​វ៉ូហ្កោក្រាដ",
                "standard": "ម៉ោង​ស្តង់ដារ​នៅ​វ៉ូហ្កោក្រាដ",
                "daylight": "ម៉ោង​នៅ​វ៉ូហ្កោក្រាដនា​រដូវ​ក្ដៅ"
              }
            },
            "Vostok": {
              "long": {
                "standard": "ម៉ោង​នៅ​វ័រស្តុក"
              }
            },
            "Wake": {
              "long": {
                "standard": "ម៉ោង​នៅ​កោះវេក"
              }
            },
            "Wallis": {
              "long": {
                "standard": "ម៉ោង​នៅ​វ៉ាលីស និងហ្វ៊ុទូណា"
              }
            },
            "Yakutsk": {
              "long": {
                "generic": "ម៉ោង​នៅ​យ៉ាគុតស្កិ៍",
                "standard": "ម៉ោង​ស្តង់ដារ​នៅ​យ៉ាគុតស្កិ៍",
                "daylight": "ម៉ោង​នៅ​យ៉ាគុតស្កិ៍នា​រដូវ​ក្ដៅ"
              }
            },
            "Yekaterinburg": {
              "long": {
                "generic": "ម៉ោង​នៅ​អ៊ិខាធឺរីនប៊័ក",
                "standard": "ម៉ោង​ស្តង់ដារ​នៅ​អ៊ិខាធឺរីនប៊័ក",
                "daylight": "ម៉ោង​នៅ​អ៊ិខាធឺរីនប៊័កនា​រដូវ​​ក្ដៅ"
              }
            },
            "Yukon": {
              "long": {
                "standard": "ម៉ោងនៅយូខន់"
              }
            }
          }
        }
      }
    }
  }
}
