{
  "main": {
    "blo": {
      "identity": {
        "language": "blo"
      },
      "dates": {
        "timeZoneNames": {
          "hourFormat": "+HH:mm;-HH:mm",
          "gmtFormat": "{0} Gk",
          "gmtZeroFormat": "Gk",
          "regionFormat": "{0} kaakɔŋkɔŋɔ̀",
          "regionFormat-type-daylight": "{0} kaakɔŋkɔŋɔ̀ gafʊbaka",
          "regionFormat-type-standard": "{0} kaakɔŋkɔŋɔ̀ ɖeiɖei",
          "fallbackFormat": "{1} ({0})",
          "zone": {
            "America": {
              "Adak": {
                "exemplarCity": "Aɖak"
              },
              "Anchorage": {
                "exemplarCity": "Aŋkɔraajɩ"
              },
              "Anguilla": {
                "exemplarCity": "Aŋguwilaa"
              },
              "Antigua": {
                "exemplarCity": "Antiguwaa"
              },
              "Araguaina": {
                "exemplarCity": "Araguweena"
              },
              "Argentina": {
                "Rio_Gallegos": {
                  "exemplarCity": "Riyo Galegɔs"
                },
                "San_Juan": {
                  "exemplarCity": "San Huwan"
                },
                "Ushuaia": {
                  "exemplarCity": "Ushuweyaa"
                },
                "La_Rioja": {
                  "exemplarCity": "La Riyɔha"
                },
                "San_Luis": {
                  "exemplarCity": "San Luwis"
                },
                "Tucuman": {
                  "exemplarCity": "Tukuman"
                }
              },
              "Aruba": {
                "exemplarCity": "Arubaa"
              },
              "Asuncion": {
                "exemplarCity": "Asunsiyɔn"
              },
              "Bahia": {
                "exemplarCity": "Bahiyaa"
              },
              "Bahia_Banderas": {
                "exemplarCity": "Bahiiya ɖe Banɖeraasɩ"
              },
              "Barbados": {
                "exemplarCity": "Barbaɖɔɔsɩ"
              },
              "Belem": {
                "exemplarCity": "Belɛm"
              },
              "Belize": {
                "exemplarCity": "Beliis"
              },
              "Blanc-Sablon": {
                "exemplarCity": "Blaŋ-Sablɔŋ"
              },
              "Boa_Vista": {
                "exemplarCity": "Bowa Fistaa"
              },
              "Boise": {
                "exemplarCity": "Bɔwaasɩ"
              },
              "Buenos_Aires": {
                "exemplarCity": "Buwenɔs Airɛs"
              },
              "Cambridge_Bay": {
                "exemplarCity": "Kambriijɩ Baɩ"
              },
              "Campo_Grande": {
                "exemplarCity": "Campo Granɖee"
              },
              "Cancun": {
                "exemplarCity": "Kaŋkun"
              },
              "Caracas": {
                "exemplarCity": "Karakaas"
              },
              "Catamarca": {
                "exemplarCity": "Katamarkaa"
              },
              "Cayenne": {
                "exemplarCity": "Kayɛɛn"
              },
              "Cayman": {
                "exemplarCity": "Kayimaan"
              },
              "Chicago": {
                "exemplarCity": "Shikagoo"
              },
              "Chihuahua": {
                "exemplarCity": "Shiwawaa"
              },
              "Ciudad_Juarez": {
                "exemplarCity": "Siwuɖaaɖ Huwarɛs"
              },
              "Coral_Harbour": {
                "exemplarCity": "Atikokan"
              },
              "Cordoba": {
                "exemplarCity": "Kɔrɖobaa"
              },
              "Costa_Rica": {
                "exemplarCity": "Kɔsta Rikaa"
              },
              "Creston": {
                "exemplarCity": "Krɛstɔn"
              },
              "Cuiaba": {
                "exemplarCity": "Kuyabaa"
              },
              "Curacao": {
                "exemplarCity": "Kurasaawu"
              },
              "Danmarkshavn": {
                "exemplarCity": "Ɖanǝmarkɩhaʊn"
              },
              "Dawson": {
                "exemplarCity": "Ɖɔɔsǝn"
              },
              "Dawson_Creek": {
                "exemplarCity": "Ɖɔɔsǝn Kriik"
              },
              "Denver": {
                "exemplarCity": "Ɖɛnfa"
              },
              "Detroit": {
                "exemplarCity": "Ɖitrɔɔɩ"
              },
              "Dominica": {
                "exemplarCity": "Ɖominikaa"
              },
              "Edmonton": {
                "exemplarCity": "Ɛɖmɔntɔn"
              },
              "Eirunepe": {
                "exemplarCity": "Ɛɩrunepee"
              },
              "El_Salvador": {
                "exemplarCity": "Ɛl Salfaɖɔɔr"
              },
              "Fort_Nelson": {
                "exemplarCity": "Fɔɔr Nɛlsɔn"
              },
              "Fortaleza": {
                "exemplarCity": "Fɔrtalɛsaa"
              },
              "Glace_Bay": {
                "exemplarCity": "Glaas Baɩ"
              },
              "Godthab": {
                "exemplarCity": "Nuuk"
              },
              "Goose_Bay": {
                "exemplarCity": "Guus Baɩ"
              },
              "Grand_Turk": {
                "exemplarCity": "Granɖ Turk"
              },
              "Grenada": {
                "exemplarCity": "Grenaaɖa"
              },
              "Guadeloupe": {
                "exemplarCity": "Guwaɖeluupu"
              },
              "Guatemala": {
                "exemplarCity": "Guwatemalaa"
              },
              "Guayaquil": {
                "exemplarCity": "Guwayakil"
              },
              "Guyana": {
                "exemplarCity": "Guyanaa"
              },
              "Halifax": {
                "exemplarCity": "Halifaas"
              },
              "Havana": {
                "exemplarCity": "Hafanaa"
              },
              "Hermosillo": {
                "exemplarCity": "Ɛrmosiloo"
              },
              "Indiana": {
                "Vincennes": {
                  "exemplarCity": "Fɛŋsɛn, Ɩnɖiyaana"
                },
                "Petersburg": {
                  "exemplarCity": "Petɛrsbuur, Ɩnɖiyaana"
                },
                "Tell_City": {
                  "exemplarCity": "Tɛl Siti, Ɩnɖiyaana"
                },
                "Knox": {
                  "exemplarCity": "Nɔk, Ɩnɖiyaana"
                },
                "Winamac": {
                  "exemplarCity": "Winamaak, Ɩnɖiyaana"
                },
                "Marengo": {
                  "exemplarCity": "Marɛŋgo, Ɩnɖiyaana"
                },
                "Vevay": {
                  "exemplarCity": "Fefɛɩ, Ɩnɖiyaana"
                }
              },
              "Indianapolis": {
                "exemplarCity": "Ɩnɖiyaanapoli"
              },
              "Inuvik": {
                "exemplarCity": "Inufik"
              },
              "Iqaluit": {
                "exemplarCity": "Ikaluwiit"
              },
              "Jamaica": {
                "exemplarCity": "Jamaɩka"
              },
              "Jujuy": {
                "exemplarCity": "Huhuyi"
              },
              "Juneau": {
                "exemplarCity": "Jinoo"
              },
              "Kentucky": {
                "Monticello": {
                  "exemplarCity": "Mɔntishɛɛlo, Kɛntaki"
                }
              },
              "Kralendijk": {
                "exemplarCity": "Kralɛnɖaɩk"
              },
              "La_Paz": {
                "exemplarCity": "La Pas"
              },
              "Lima": {
                "exemplarCity": "Limaa"
              },
              "Los_Angeles": {
                "exemplarCity": "Lɔs Anjɛlɛɛs"
              },
              "Louisville": {
                "exemplarCity": "Luwifiil"
              },
              "Lower_Princes": {
                "exemplarCity": "Lowɛɛ Prɛŋs Kwata"
              },
              "Maceio": {
                "exemplarCity": "Masɛɩyoo"
              },
              "Managua": {
                "exemplarCity": "Manaaguwa"
              },
              "Manaus": {
                "exemplarCity": "Manaʊs"
              },
              "Marigot": {
                "exemplarCity": "Marigoo"
              },
              "Martinique": {
                "exemplarCity": "Martiniiki"
              },
              "Matamoros": {
                "exemplarCity": "Matamoroos"
              },
              "Mazatlan": {
                "exemplarCity": "Masatǝlan"
              },
              "Mendoza": {
                "exemplarCity": "Mɛnɖɔsaa"
              },
              "Merida": {
                "exemplarCity": "Meriiɖa"
              },
              "Metlakatla": {
                "exemplarCity": "Metelakatelaa"
              },
              "Mexico_City": {
                "exemplarCity": "Mɛsiko Siti"
              },
              "Miquelon": {
                "exemplarCity": "Mikelɔŋ"
              },
              "Moncton": {
                "exemplarCity": "Mɔŋtɔn"
              },
              "Monterrey": {
                "exemplarCity": "Mɔntɛrɛɩ"
              },
              "Montevideo": {
                "exemplarCity": "Mɔntefiɖeyoo"
              },
              "Montserrat": {
                "exemplarCity": "Mɔnsɛraatɩ"
              },
              "Nassau": {
                "exemplarCity": "Nasau"
              },
              "New_York": {
                "exemplarCity": "Niu Yɔrk"
              },
              "Noronha": {
                "exemplarCity": "Norɔnya"
              },
              "North_Dakota": {
                "Beulah": {
                  "exemplarCity": "Biula, Nɔɔr Ɖakoota"
                },
                "New_Salem": {
                  "exemplarCity": "Niu Salɛm, Nɔɔr Ɖakota"
                },
                "Center": {
                  "exemplarCity": "Sɛnta, Nɔɔr Ɖakoota"
                }
              },
              "Ojinaga": {
                "exemplarCity": "Ojinaaga"
              },
              "Panama": {
                "exemplarCity": "Panamaa"
              },
              "Paramaribo": {
                "exemplarCity": "Paramariboo"
              },
              "Phoenix": {
                "exemplarCity": "Finiis"
              },
              "Port-au-Prince": {
                "exemplarCity": "Pɔɔr o Prɛŋs"
              },
              "Port_of_Spain": {
                "exemplarCity": "Pɔɔr ɔf Spɛɛn"
              },
              "Porto_Velho": {
                "exemplarCity": "Pɔrto Feloo"
              },
              "Puerto_Rico": {
                "exemplarCity": "Pɔrto Rikoo"
              },
              "Rankin_Inlet": {
                "exemplarCity": "Raŋkɩn Ɩnlɛɛtɩ"
              },
              "Recife": {
                "exemplarCity": "Resife"
              },
              "Regina": {
                "exemplarCity": "Regiina"
              },
              "Resolute": {
                "exemplarCity": "Rɛsoluut"
              },
              "Rio_Branco": {
                "exemplarCity": "Riyo Braŋkoo"
              },
              "Santarem": {
                "exemplarCity": "Santarɛm"
              },
              "Santiago": {
                "exemplarCity": "Santiyagoo"
              },
              "Santo_Domingo": {
                "exemplarCity": "Santo Ɖomɩŋgo"
              },
              "Sao_Paulo": {
                "exemplarCity": "Sao Pauloo"
              },
              "Scoresbysund": {
                "exemplarCity": "Itokɔrtoomiiti"
              },
              "Sitka": {
                "exemplarCity": "Sitkaa"
              },
              "St_Barthelemy": {
                "exemplarCity": "Sɛŋ-Batolomayɔ"
              },
              "St_Johns": {
                "exemplarCity": "Sɛŋ Jɔɔns"
              },
              "St_Kitts": {
                "exemplarCity": "Sɛŋ Kits"
              },
              "St_Lucia": {
                "exemplarCity": "Sɛŋ Lusiya"
              },
              "St_Thomas": {
                "exemplarCity": "Sɛŋ Tomaasɩ"
              },
              "St_Vincent": {
                "exemplarCity": "Sɛŋ Fɩnsaŋ"
              },
              "Swift_Current": {
                "exemplarCity": "Sǝwɩftɩ Kǝrɛɛntɩ"
              },
              "Tegucigalpa": {
                "exemplarCity": "Tegusigalpa"
              },
              "Thule": {
                "exemplarCity": "Tuule"
              },
              "Tijuana": {
                "exemplarCity": "Tihuwana"
              },
              "Toronto": {
                "exemplarCity": "Torɔntoo"
              },
              "Tortola": {
                "exemplarCity": "Tɔrtɔlaa"
              },
              "Vancouver": {
                "exemplarCity": "Fɛŋkuufa"
              },
              "Whitehorse": {
                "exemplarCity": "Waɩthɔɔs"
              },
              "Winnipeg": {
                "exemplarCity": "Winipɛɛg"
              }
            },
            "Atlantic": {
              "Azores": {
                "exemplarCity": "Asɔɔr"
              },
              "Bermuda": {
                "exemplarCity": "Bɛrmuɖaa"
              },
              "Canary": {
                "exemplarCity": "Kanarii"
              },
              "Cape_Verde": {
                "exemplarCity": "Kapfɛɛr"
              },
              "Faeroe": {
                "exemplarCity": "Faroi"
              },
              "Madeira": {
                "exemplarCity": "Maɖeiraa"
              },
              "Reykjavik": {
                "exemplarCity": "Rɛɩkyafik"
              },
              "South_Georgia": {
                "exemplarCity": "Jɔrjiya gʊnyɩsonolaŋ kaja"
              },
              "St_Helena": {
                "exemplarCity": "Sɛŋ Elenaa"
              },
              "Stanley": {
                "exemplarCity": "Stanlɛɩ"
              }
            },
            "Europe": {
              "Amsterdam": {
                "exemplarCity": "Amstɛrɖam"
              },
              "Andorra": {
                "exemplarCity": "Anɖɔraa"
              },
              "Astrakhan": {
                "exemplarCity": "Astrakaan"
              },
              "Athens": {
                "exemplarCity": "Atɛn"
              },
              "Belgrade": {
                "exemplarCity": "Bɛlgraaɖ"
              },
              "Berlin": {
                "exemplarCity": "Bɛrlɛŋ"
              },
              "Bratislava": {
                "exemplarCity": "Bratislafa"
              },
              "Brussels": {
                "exemplarCity": "Brisɛl"
              },
              "Bucharest": {
                "exemplarCity": "Bukarɛs"
              },
              "Budapest": {
                "exemplarCity": "Buɖapɛs"
              },
              "Busingen": {
                "exemplarCity": "Busiŋgɛn"
              },
              "Chisinau": {
                "exemplarCity": "Shisinoo"
              },
              "Copenhagen": {
                "exemplarCity": "Kopenaag"
              },
              "Dublin": {
                "long": {
                  "daylight": "Irlanɖ kaakɔŋkɔŋɔ̀"
                },
                "exemplarCity": "Ɖɔblɛŋ"
              },
              "Gibraltar": {
                "exemplarCity": "Gibraltaa"
              },
              "Guernsey": {
                "exemplarCity": "Gǝrǝnsɛɩ"
              },
              "Helsinki": {
                "exemplarCity": "Hɛlsiŋkii"
              },
              "Isle_of_Man": {
                "exemplarCity": "Man kaAtukǝltǝna"
              },
              "Istanbul": {
                "exemplarCity": "Istambuul"
              },
              "Jersey": {
                "exemplarCity": "Jersei"
              },
              "Kaliningrad": {
                "exemplarCity": "Kaliniŋgraaɖ"
              },
              "Kiev": {
                "exemplarCity": "Kiyɛf"
              },
              "Kirov": {
                "exemplarCity": "Kirɔɔf"
              },
              "Lisbon": {
                "exemplarCity": "Lisbɔn"
              },
              "Ljubljana": {
                "exemplarCity": "Yubǝlyana"
              },
              "London": {
                "long": {
                  "daylight": "Gagɛɛshɩtǝna kaakɔŋkɔŋɔ̀ gafʊbaka"
                },
                "exemplarCity": "Lɔnɖɔn"
              },
              "Luxembourg": {
                "exemplarCity": "Lusɛmbuur"
              },
              "Madrid": {
                "exemplarCity": "Maɖriiɖ"
              },
              "Mariehamn": {
                "exemplarCity": "Mariyeham"
              },
              "Minsk": {
                "exemplarCity": "Mɩns"
              },
              "Monaco": {
                "exemplarCity": "Monakoo"
              },
              "Moscow": {
                "exemplarCity": "Moskuu"
              },
              "Oslo": {
                "exemplarCity": "Ɔsloo"
              },
              "Paris": {
                "exemplarCity": "Parii"
              },
              "Podgorica": {
                "exemplarCity": "Poɖgorikaa"
              },
              "Prague": {
                "exemplarCity": "Praag"
              },
              "Riga": {
                "exemplarCity": "Rigaa"
              },
              "Rome": {
                "exemplarCity": "Room"
              },
              "Samara": {
                "exemplarCity": "Samaraa"
              },
              "San_Marino": {
                "exemplarCity": "San Marinoo"
              },
              "Sarajevo": {
                "exemplarCity": "Sarayefoo"
              },
              "Saratov": {
                "exemplarCity": "Saratɔɔf"
              },
              "Skopje": {
                "exemplarCity": "Skɔpyɛ"
              },
              "Sofia": {
                "exemplarCity": "Sofiya"
              },
              "Stockholm": {
                "exemplarCity": "Stɔkhɔlm"
              },
              "Tallinn": {
                "exemplarCity": "Talin"
              },
              "Tirane": {
                "exemplarCity": "Tiranaa"
              },
              "Ulyanovsk": {
                "exemplarCity": "Ulyanɔɔf"
              },
              "Vaduz": {
                "exemplarCity": "Faɖus"
              },
              "Vatican": {
                "exemplarCity": "Fatikaŋ"
              },
              "Vienna": {
                "exemplarCity": "Fiyɛna"
              },
              "Vilnius": {
                "exemplarCity": "Filniyus"
              },
              "Volgograd": {
                "exemplarCity": "Fɔlgograaɖ"
              },
              "Warsaw": {
                "exemplarCity": "Warsaʊ"
              },
              "Zagreb": {
                "exemplarCity": "Sagrɛb"
              },
              "Zurich": {
                "exemplarCity": "Suriik"
              }
            },
            "Africa": {
              "Abidjan": {
                "exemplarCity": "Abijaŋ"
              },
              "Accra": {
                "exemplarCity": "Akraa"
              },
              "Addis_Ababa": {
                "exemplarCity": "Aɖis Abeba"
              },
              "Algiers": {
                "exemplarCity": "Aljɛɛr"
              },
              "Asmera": {
                "exemplarCity": "Asmaraa"
              },
              "Bamako": {
                "exemplarCity": "Bamakoo"
              },
              "Bangui": {
                "exemplarCity": "Baŋgii"
              },
              "Bissau": {
                "exemplarCity": "Bisoo"
              },
              "Blantyre": {
                "exemplarCity": "Blantiir"
              },
              "Brazzaville": {
                "exemplarCity": "Brasafil"
              },
              "Bujumbura": {
                "exemplarCity": "Bujumburaa"
              },
              "Cairo": {
                "exemplarCity": "Kairoo"
              },
              "Casablanca": {
                "exemplarCity": "Kasablaŋkaa"
              },
              "Ceuta": {
                "exemplarCity": "Seyuta"
              },
              "Conakry": {
                "exemplarCity": "Konakrii"
              },
              "Dakar": {
                "exemplarCity": "Ɖakaar"
              },
              "Dar_es_Salaam": {
                "exemplarCity": "Ɖarɛsalaam"
              },
              "Djibouti": {
                "exemplarCity": "Jibutii"
              },
              "Douala": {
                "exemplarCity": "Ɖuwalaa"
              },
              "El_Aaiun": {
                "exemplarCity": "Ɛl Ayun"
              },
              "Freetown": {
                "exemplarCity": "Friitaʊn"
              },
              "Harare": {
                "exemplarCity": "Hararee"
              },
              "Johannesburg": {
                "exemplarCity": "Yohanɛsbuur"
              },
              "Juba": {
                "exemplarCity": "Jubaa"
              },
              "Kampala": {
                "exemplarCity": "Kampalaa"
              },
              "Khartoum": {
                "exemplarCity": "Kartuum"
              },
              "Kigali": {
                "exemplarCity": "Kigalii"
              },
              "Kinshasa": {
                "exemplarCity": "Kinshasaa"
              },
              "Lagos": {
                "exemplarCity": "Legɔs"
              },
              "Libreville": {
                "exemplarCity": "Librǝfil"
              },
              "Lome": {
                "exemplarCity": "Lʊmɛ"
              },
              "Luanda": {
                "exemplarCity": "Luwanɖaa"
              },
              "Lubumbashi": {
                "exemplarCity": "Lubumbashii"
              },
              "Lusaka": {
                "exemplarCity": "Lusakaa"
              },
              "Malabo": {
                "exemplarCity": "Malaboo"
              },
              "Maputo": {
                "exemplarCity": "Maputoo"
              },
              "Maseru": {
                "exemplarCity": "Maseruu"
              },
              "Mbabane": {
                "exemplarCity": "Mbabanee"
              },
              "Mogadishu": {
                "exemplarCity": "Mogaɖishuu"
              },
              "Monrovia": {
                "exemplarCity": "Monrofiyaa"
              },
              "Nairobi": {
                "exemplarCity": "Nairobii"
              },
              "Ndjamena": {
                "exemplarCity": "Njamenaa"
              },
              "Niamey": {
                "exemplarCity": "Nyɛmɛ"
              },
              "Nouakchott": {
                "exemplarCity": "Nuwakcɔt"
              },
              "Ouagadougou": {
                "exemplarCity": "Wagaɖugu"
              },
              "Porto-Novo": {
                "exemplarCity": "Pɔrto Nofoo"
              },
              "Sao_Tome": {
                "exemplarCity": "Saotome kampá"
              },
              "Tripoli": {
                "exemplarCity": "Tripolii"
              },
              "Tunis": {
                "exemplarCity": "Tiniis"
              },
              "Windhoek": {
                "exemplarCity": "Winɖhuk"
              }
            },
            "Asia": {
              "Aden": {
                "exemplarCity": "Aɖɛn"
              },
              "Almaty": {
                "exemplarCity": "Almatii"
              },
              "Amman": {
                "exemplarCity": "Amaan"
              },
              "Anadyr": {
                "exemplarCity": "Anaɖiir"
              },
              "Aqtau": {
                "exemplarCity": "Aktaʊ"
              },
              "Aqtobe": {
                "exemplarCity": "Aktobee"
              },
              "Ashgabat": {
                "exemplarCity": "Ashgabaat"
              },
              "Atyrau": {
                "exemplarCity": "Atiraʊ"
              },
              "Baghdad": {
                "exemplarCity": "Bagɖaaɖ"
              },
              "Bahrain": {
                "exemplarCity": "Barɛɛn"
              },
              "Baku": {
                "exemplarCity": "Bakuu"
              },
              "Bangkok": {
                "exemplarCity": "Baŋkɔk"
              },
              "Barnaul": {
                "exemplarCity": "Barnawul"
              },
              "Beirut": {
                "exemplarCity": "Beiruut"
              },
              "Bishkek": {
                "exemplarCity": "Bishkɛk"
              },
              "Brunei": {
                "exemplarCity": "Brunɛɩ"
              },
              "Calcutta": {
                "exemplarCity": "Kɔlkata"
              },
              "Chita": {
                "exemplarCity": "Shitaa"
              },
              "Choibalsan": {
                "exemplarCity": "Koibalsaan"
              },
              "Colombo": {
                "exemplarCity": "Kolomboo"
              },
              "Damascus": {
                "exemplarCity": "Ɖamaskɔɔsɩ"
              },
              "Dhaka": {
                "exemplarCity": "Ɖakaa"
              },
              "Dili": {
                "exemplarCity": "Ɖilii"
              },
              "Dubai": {
                "exemplarCity": "Ɖubaɩ"
              },
              "Dushanbe": {
                "exemplarCity": "Ɖushanbee"
              },
              "Famagusta": {
                "exemplarCity": "Famagustaa"
              },
              "Gaza": {
                "exemplarCity": "Gasaa"
              },
              "Hebron": {
                "exemplarCity": "Hebrɔn"
              },
              "Hong_Kong": {
                "exemplarCity": "Hɔŋ Kɔŋ"
              },
              "Hovd": {
                "exemplarCity": "Hɔfɖǝ"
              },
              "Irkutsk": {
                "exemplarCity": "Irkut"
              },
              "Jakarta": {
                "exemplarCity": "Jakataa"
              },
              "Jayapura": {
                "exemplarCity": "Jayapuraa"
              },
              "Jerusalem": {
                "exemplarCity": "Yerusalɛm"
              },
              "Kamchatka": {
                "exemplarCity": "Kamshatkaa"
              },
              "Karachi": {
                "exemplarCity": "Karacɩ"
              },
              "Katmandu": {
                "exemplarCity": "Katmanɖuu"
              },
              "Khandyga": {
                "exemplarCity": "Kanɖigaa"
              },
              "Krasnoyarsk": {
                "exemplarCity": "Krasnoyark"
              },
              "Kuala_Lumpur": {
                "exemplarCity": "Kuwala Lumpuur"
              },
              "Kuching": {
                "exemplarCity": "Kuciŋ"
              },
              "Kuwait": {
                "exemplarCity": "Koweeti"
              },
              "Macau": {
                "exemplarCity": "Makawoo"
              },
              "Magadan": {
                "exemplarCity": "Magaɖan"
              },
              "Makassar": {
                "exemplarCity": "Makasaar"
              },
              "Manila": {
                "exemplarCity": "Manilaa"
              },
              "Muscat": {
                "exemplarCity": "Muskaat"
              },
              "Nicosia": {
                "exemplarCity": "Nikosiya"
              },
              "Novokuznetsk": {
                "exemplarCity": "Nofokusnɛk"
              },
              "Novosibirsk": {
                "exemplarCity": "Nofosibirk"
              },
              "Omsk": {
                "exemplarCity": "Ɔmsǝkǝ"
              },
              "Oral": {
                "exemplarCity": "Oraal"
              },
              "Phnom_Penh": {
                "exemplarCity": "Nɔm Pɛn"
              },
              "Pontianak": {
                "exemplarCity": "Pɔntiyanak"
              },
              "Pyongyang": {
                "exemplarCity": "Pɩyɔŋyaŋ"
              },
              "Qatar": {
                "exemplarCity": "Kataa"
              },
              "Qostanay": {
                "exemplarCity": "Kɔstanaɩ"
              },
              "Qyzylorda": {
                "exemplarCity": "Kisilɔrɖaa"
              },
              "Rangoon": {
                "exemplarCity": "Yaŋgɔn"
              },
              "Riyadh": {
                "exemplarCity": "Riyaaɖ"
              },
              "Saigon": {
                "exemplarCity": "Ho Ci Min kaMpá"
              },
              "Sakhalin": {
                "exemplarCity": "Sakalin"
              },
              "Samarkand": {
                "exemplarCity": "Samarkanɖ"
              },
              "Seoul": {
                "exemplarCity": "Sewul"
              },
              "Shanghai": {
                "exemplarCity": "Shaŋgaɩ"
              },
              "Singapore": {
                "exemplarCity": "Siŋgapuur"
              },
              "Srednekolymsk": {
                "exemplarCity": "Srɛɖnɛkɔlim"
              },
              "Taipei": {
                "exemplarCity": "Taɩpei"
              },
              "Tashkent": {
                "exemplarCity": "Tashkɛnt"
              },
              "Tbilisi": {
                "exemplarCity": "Tiblisii"
              },
              "Tehran": {
                "exemplarCity": "Teeraan"
              },
              "Thimphu": {
                "exemplarCity": "Timfu"
              },
              "Tokyo": {
                "exemplarCity": "Tokiyoo"
              },
              "Tomsk": {
                "exemplarCity": "Tɔmsǝkǝ"
              },
              "Ulaanbaatar": {
                "exemplarCity": "Ulanbatɔɔr"
              },
              "Urumqi": {
                "exemplarCity": "Urumkii"
              },
              "Ust-Nera": {
                "exemplarCity": "Ust-Neraa"
              },
              "Vientiane": {
                "exemplarCity": "Fiyentiyan"
              },
              "Vladivostok": {
                "exemplarCity": "Flaɖifɔstɔk"
              },
              "Yakutsk": {
                "exemplarCity": "Yakut"
              },
              "Yekaterinburg": {
                "exemplarCity": "Yekaterinbuu"
              },
              "Yerevan": {
                "exemplarCity": "Yerefaan"
              }
            },
            "Indian": {
              "Antananarivo": {
                "exemplarCity": "Antananarifoo"
              },
              "Chagos": {
                "exemplarCity": "Shagɔs"
              },
              "Christmas": {
                "exemplarCity": "Nowɛl"
              },
              "Cocos": {
                "exemplarCity": "Kokoos"
              },
              "Comoro": {
                "exemplarCity": "Komoroo"
              },
              "Kerguelen": {
                "exemplarCity": "Kɛrgelɛɛn"
              },
              "Mahe": {
                "exemplarCity": "Mahee"
              },
              "Maldives": {
                "exemplarCity": "Malɖiifu"
              },
              "Mauritius": {
                "exemplarCity": "Imoris"
              },
              "Mayotte": {
                "exemplarCity": "Mayɔɔtɩ"
              },
              "Reunion": {
                "exemplarCity": "Reeniyɔŋ"
              }
            },
            "Australia": {
              "Adelaide": {
                "exemplarCity": "Aɖelɛɛɖ"
              },
              "Brisbane": {
                "exemplarCity": "Brisbɛn"
              },
              "Broken_Hill": {
                "exemplarCity": "Brokǝn Hil"
              },
              "Darwin": {
                "exemplarCity": "Ɖarfin"
              },
              "Eucla": {
                "exemplarCity": "Uklaa"
              },
              "Hobart": {
                "exemplarCity": "Hobaa"
              },
              "Lindeman": {
                "exemplarCity": "Linɖeman"
              },
              "Lord_Howe": {
                "exemplarCity": "Lɔrɖ Hoo"
              },
              "Melbourne": {
                "exemplarCity": "Mɛlbɔrn"
              },
              "Perth": {
                "exemplarCity": "Pɛrt"
              },
              "Sydney": {
                "exemplarCity": "Siɖnee"
              }
            },
            "Pacific": {
              "Apia": {
                "exemplarCity": "Apiya"
              },
              "Auckland": {
                "exemplarCity": "Ɔɔklanɖ"
              },
              "Bougainville": {
                "exemplarCity": "Bugɛɛŋfil"
              },
              "Chatham": {
                "exemplarCity": "Shatam"
              },
              "Easter": {
                "exemplarCity": "Ista"
              },
              "Efate": {
                "exemplarCity": "Efatee"
              },
              "Fakaofo": {
                "exemplarCity": "Fakawofoo"
              },
              "Funafuti": {
                "exemplarCity": "Funafutii"
              },
              "Galapagos": {
                "exemplarCity": "Galapagɔs"
              },
              "Gambier": {
                "exemplarCity": "Gambiyee"
              },
              "Guadalcanal": {
                "exemplarCity": "Guwaɖalkanal"
              },
              "Guam": {
                "exemplarCity": "Guwam"
              },
              "Kanton": {
                "exemplarCity": "Kantɔn"
              },
              "Kiritimati": {
                "exemplarCity": "Kirimatii"
              },
              "Kosrae": {
                "exemplarCity": "Kɔsrɛɛ"
              },
              "Kwajalein": {
                "exemplarCity": "Kwajalɛɛn"
              },
              "Majuro": {
                "exemplarCity": "Majuroo"
              },
              "Marquesas": {
                "exemplarCity": "Markesas"
              },
              "Midway": {
                "exemplarCity": "Miɖwee"
              },
              "Nauru": {
                "exemplarCity": "Nawuru"
              },
              "Niue": {
                "exemplarCity": "Niwuye"
              },
              "Norfolk": {
                "exemplarCity": "Nɔrfook"
              },
              "Noumea": {
                "exemplarCity": "Numeya"
              },
              "Pago_Pago": {
                "exemplarCity": "Pago Pagoo"
              },
              "Palau": {
                "exemplarCity": "Palawoo"
              },
              "Pitcairn": {
                "exemplarCity": "Pɩtkɛɛn"
              },
              "Ponape": {
                "exemplarCity": "Poonpee"
              },
              "Port_Moresby": {
                "exemplarCity": "Pɔɔr Mɔrɛsbii"
              },
              "Rarotonga": {
                "exemplarCity": "Rarotɔŋga"
              },
              "Saipan": {
                "exemplarCity": "Saɩpan"
              },
              "Tahiti": {
                "exemplarCity": "Tahitii"
              },
              "Tarawa": {
                "exemplarCity": "Tarawaa"
              },
              "Tongatapu": {
                "exemplarCity": "Tɔŋgatapuu"
              },
              "Truk": {
                "exemplarCity": "Cuuk"
              },
              "Wake": {
                "exemplarCity": "Week"
              },
              "Wallis": {
                "exemplarCity": "Walis"
              }
            },
            "Arctic": {
              "Longyearbyen": {
                "exemplarCity": "Lɔŋyiirbiyɛn"
              }
            },
            "Antarctica": {
              "Casey": {
                "exemplarCity": "Keesi"
              },
              "Davis": {
                "exemplarCity": "Ɖefis"
              },
              "DumontDUrville": {
                "exemplarCity": "Ɖimɔn Ɖirfil"
              },
              "Macquarie": {
                "exemplarCity": "Makarii"
              },
              "Mawson": {
                "exemplarCity": "Mɔsɔn"
              },
              "McMurdo": {
                "exemplarCity": "MɛkMɔrɖoo"
              },
              "Palmer": {
                "exemplarCity": "Palmɛɛr"
              },
              "Rothera": {
                "exemplarCity": "Roteraa"
              },
              "Syowa": {
                "exemplarCity": "Siyowaa"
              },
              "Troll": {
                "exemplarCity": "Trɔl"
              },
              "Vostok": {
                "exemplarCity": "Fɔstɔk"
              }
            },
            "Etc": {
              "UTC": {
                "long": {
                  "standard": "Ɖulinya aŋunii kaakɔŋkɔŋɔ̀"
                },
                "short": {
                  "standard": "ƉAK"
                }
              },
              "Unknown": {
                "exemplarCity": "mpá nɖee kʊyɔʊ ʊ mana ma"
              }
            }
          },
          "metazone": {
            "Afghanistan": {
              "long": {
                "standard": "Afganistan kaakɔŋkɔŋɔ̀"
              }
            },
            "Africa_Central": {
              "long": {
                "standard": "Garɩɖontǝna gɩcɩɩca kaakɔŋkɔŋɔ̀"
              }
            },
            "Africa_Eastern": {
              "long": {
                "standard": "Garɩɖontǝna gajakalaŋ kaakɔŋkɔŋɔ̀"
              }
            },
            "Africa_Southern": {
              "long": {
                "standard": "Garɩɖontǝna gʊnyɩsonolaŋ kaakɔŋkɔŋɔ̀"
              }
            },
            "Africa_Western": {
              "long": {
                "generic": "Garɩɖontǝna gɩteŋshilelaŋ kaakɔŋkɔŋɔ̀",
                "standard": "Garɩɖontǝna gɩteŋshilelaŋ kaakɔŋkɔŋɔ̀ ɖeiɖei",
                "daylight": "Garɩɖontǝna gɩteŋshilelaŋ kaakɔŋkɔŋɔ̀ gafʊbaka"
              }
            },
            "Alaska": {
              "long": {
                "generic": "Alaskaa kaakɔŋkɔŋɔ̀",
                "standard": "Alaskaa kaakɔŋkɔŋɔ̀ ɖeiɖei",
                "daylight": "Alaskaa kaakɔŋkɔŋɔ̀ gafʊbaka"
              }
            },
            "Amazon": {
              "long": {
                "generic": "Amasɔn kaakɔŋkɔŋɔ̀",
                "standard": "Amasɔn kaakɔŋkɔŋɔ̀ ɖeiɖei",
                "daylight": "Amasɔn kaakɔŋkɔŋɔ̀ gafʊbaka"
              }
            },
            "America_Central": {
              "long": {
                "generic": "Amalɩka gʊnyɩpɛnɛlaŋ kagɩcɩɩca kaakɔŋkɔŋɔ̀",
                "standard": "Amalɩka gʊnyɩpɛnɛlaŋ kagɩcɩɩca kaakɔŋkɔŋɔ̀ ɖeiɖei",
                "daylight": "Amalɩka gʊnyɩpɛnɛlaŋ kagɩcɩɩca kaakɔŋkɔŋɔ̀ gafʊbaka"
              }
            },
            "America_Eastern": {
              "long": {
                "generic": "Amalɩka gʊnyɩpɛnɛlaŋ kaajakalaŋ kaakɔŋkɔŋɔ̀",
                "standard": "Amalɩka gʊnyɩpɛnɛlaŋ kaajakalaŋ kaakɔŋkɔŋɔ̀ ɖeiɖei",
                "daylight": "Amalɩka gʊnyɩpɛnɛlaŋ kaajakalaŋ kaakɔŋkɔŋɔ̀ gafʊbaka"
              }
            },
            "America_Mountain": {
              "long": {
                "generic": "Amalɩka gʊnyɩpɛnɛlaŋ kabʊnʊ kaakɔŋkɔŋɔ̀",
                "standard": "Amalɩka gʊnyɩpɛnɛlaŋ kabʊnʊ kaakɔŋkɔŋɔ̀ ɖeiɖei",
                "daylight": "Amalɩka gʊnyɩpɛnɛlaŋ kabʊnʊ kaakɔŋkɔŋɔ̀ gafʊbaka"
              }
            },
            "America_Pacific": {
              "long": {
                "generic": "Amalɩka kapasifika kaakɔŋkɔŋɔ̀",
                "standard": "Amalɩka kapasifika kaakɔŋkɔŋɔ̀ ɖeiɖei",
                "daylight": "Amalɩka kapasifika kaakɔŋkɔŋɔ̀ gafʊbaka"
              }
            },
            "Apia": {
              "long": {
                "generic": "Apiya kaakɔŋkɔŋɔ̀",
                "standard": "Apiya kaakɔŋkɔŋɔ̀ ɖeiɖei",
                "daylight": "Apiya kaakɔŋkɔŋɔ̀ gafʊbaka"
              }
            },
            "Arabian": {
              "long": {
                "generic": "Galaaributǝna kaakɔŋkɔŋɔ̀",
                "standard": "Galaaributǝna kaakɔŋkɔŋɔ̀ ɖeiɖei",
                "daylight": "Galaaributǝna kaakɔŋkɔŋɔ̀ gafʊbaka"
              }
            },
            "Argentina": {
              "long": {
                "generic": "Arjantin kaakɔŋkɔŋɔ̀",
                "standard": "Arjantin kaakɔŋkɔŋɔ̀ ɖeiɖei",
                "daylight": "Arjantin kaakɔŋkɔŋɔ̀ gafʊbaka"
              }
            },
            "Argentina_Western": {
              "long": {
                "generic": "Arjantin gɩteŋshilelaŋ kaakɔŋkɔŋɔ̀",
                "standard": "Arjantin gɩteŋshilelaŋ kaakɔŋkɔŋɔ̀ ɖeiɖei",
                "daylight": "Arjantin gɩteŋshilelaŋ kaakɔŋkɔŋɔ̀ gafʊbaka"
              }
            },
            "Armenia": {
              "long": {
                "generic": "Armenii kaakɔŋkɔŋɔ̀",
                "standard": "Armenii kaakɔŋkɔŋɔ̀ ɖeiɖei",
                "daylight": "Armenii kaakɔŋkɔŋɔ̀ gafʊbaka"
              }
            },
            "Atlantic": {
              "long": {
                "generic": "Amalɩka katǝlantika kaakɔŋkɔŋɔ̀",
                "standard": "Amalɩka katǝlantika kaakɔŋkɔŋɔ̀ ɖeiɖei",
                "daylight": "Amalɩka katǝlantika kaakɔŋkɔŋɔ̀ gafʊbaka"
              }
            },
            "Australia_Central": {
              "long": {
                "generic": "Ɔstraliya kagɩcɩɩca kaakɔŋkɔŋɔ̀",
                "standard": "Ɔstraliya kagɩcɩɩca kaakɔŋkɔŋɔ̀ ɖeiɖei",
                "daylight": "Ɔstraliya kagɩcɩɩca kaakɔŋkɔŋɔ̀ gafʊbaka"
              }
            },
            "Australia_CentralWestern": {
              "long": {
                "generic": "Ɔstraliya kagɩcɩɩca gɩteŋshilelaŋ kaakɔŋkɔŋɔ̀",
                "standard": "Ɔstraliya kagɩcɩɩca gɩteŋshilelaŋ kaakɔŋkɔŋɔ̀ ɖeiɖei",
                "daylight": "Ɔstraliya kagɩcɩɩca gɩteŋshilelaŋ kaakɔŋkɔŋɔ̀ gafʊbaka"
              }
            },
            "Australia_Eastern": {
              "long": {
                "generic": "Ɔstraliya kaajakalaŋ kaakɔŋkɔŋɔ̀",
                "standard": "Ɔstraliya kaajakalaŋ kaakɔŋkɔŋɔ̀ ɖeiɖei",
                "daylight": "Ɔstraliya kaajakalaŋ kaakɔŋkɔŋɔ̀ gafʊbaka"
              }
            },
            "Australia_Western": {
              "long": {
                "generic": "Ɔstraliya kagɩteŋshilelaŋ kaakɔŋkɔŋɔ̀",
                "standard": "Ɔstraliya kagɩteŋshilelaŋ kaakɔŋkɔŋɔ̀ ɖeiɖei",
                "daylight": "Ɔstraliya kagɩteŋshilelaŋ kaakɔŋkɔŋɔ̀ gafʊbaka"
              }
            },
            "Azerbaijan": {
              "long": {
                "generic": "Asɛrbaɩjaŋ kaakɔŋkɔŋɔ̀",
                "standard": "Asɛrbaɩjaŋ kaakɔŋkɔŋɔ̀ ɖeiɖei",
                "daylight": "Asɛrbaɩjaŋ kaakɔŋkɔŋɔ̀ gafʊbaka"
              }
            },
            "Azores": {
              "long": {
                "generic": "Asɔɔr kaakɔŋkɔŋɔ̀",
                "standard": "Asɔɔr kaakɔŋkɔŋɔ̀ ɖeiɖei",
                "daylight": "Asɔɔr kaakɔŋkɔŋɔ̀ gafʊbaka"
              }
            },
            "Bangladesh": {
              "long": {
                "generic": "Baŋglaɖɛɛshɩ kaakɔŋkɔŋɔ̀",
                "standard": "Baŋglaɖɛɛshɩ kaakɔŋkɔŋɔ̀ ɖeiɖei",
                "daylight": "Baŋglaɖɛɛshɩ kaakɔŋkɔŋɔ̀ gafʊbaka"
              }
            },
            "Bhutan": {
              "long": {
                "standard": "Butan kaakɔŋkɔŋɔ̀"
              }
            },
            "Bolivia": {
              "long": {
                "standard": "Bolifiya kaakɔŋkɔŋɔ̀"
              }
            },
            "Brasilia": {
              "long": {
                "generic": "Brasiliya kaakɔŋkɔŋɔ̀",
                "standard": "Brasiliya kaakɔŋkɔŋɔ̀ ɖeiɖei",
                "daylight": "Brasiliya kaakɔŋkɔŋɔ̀ gafʊbaka"
              }
            },
            "Brunei": {
              "long": {
                "standard": "Brunɛɩ Ɖarusalaam kaakɔŋkɔŋɔ̀"
              }
            },
            "Cape_Verde": {
              "long": {
                "generic": "Kapfɛɛr kaakɔŋkɔŋɔ̀",
                "standard": "Kapfɛɛr kaakɔŋkɔŋɔ̀ ɖeiɖei",
                "daylight": "Kapfɛɛr kaakɔŋkɔŋɔ̀ gafʊbaka"
              }
            },
            "Chamorro": {
              "long": {
                "standard": "Shamoroo kaakɔŋkɔŋɔ̀"
              }
            },
            "Chatham": {
              "long": {
                "generic": "Shatam kaakɔŋkɔŋɔ̀",
                "standard": "Shatam kaakɔŋkɔŋɔ̀ ɖeiɖei",
                "daylight": "Shatam kaakɔŋkɔŋɔ̀ gafʊbaka"
              }
            },
            "Chile": {
              "long": {
                "generic": "Shilii kaakɔŋkɔŋɔ̀",
                "standard": "Shilii kaakɔŋkɔŋɔ̀ ɖeiɖei",
                "daylight": "Shilii kaakɔŋkɔŋɔ̀ gafʊbaka"
              }
            },
            "China": {
              "long": {
                "generic": "Caɩna kaakɔŋkɔŋɔ̀",
                "standard": "Caɩna kaakɔŋkɔŋɔ̀ ɖeiɖei",
                "daylight": "Caɩna kaakɔŋkɔŋɔ̀ gafʊbaka"
              }
            },
            "Choibalsan": {
              "long": {
                "generic": "Koibalsaan kaakɔŋkɔŋɔ̀",
                "standard": "Koibalsaan kaakɔŋkɔŋɔ̀ ɖeiɖei",
                "daylight": "Koibalsaan kaakɔŋkɔŋɔ̀ gafʊbaka"
              }
            },
            "Christmas": {
              "long": {
                "standard": "Nowɛl kaAtukǝltǝna kaakɔŋkɔŋɔ̀"
              }
            },
            "Cocos": {
              "long": {
                "standard": "Kokoos kaBʊtukǝltǝna kaakɔŋkɔŋɔ̀"
              }
            },
            "Colombia": {
              "long": {
                "generic": "Kolɔmbii kaakɔŋkɔŋɔ̀",
                "standard": "Kolɔmbii kaakɔŋkɔŋɔ̀ ɖeiɖei",
                "daylight": "Kolɔmbii kaakɔŋkɔŋɔ̀ gafʊbaka"
              }
            },
            "Cook": {
              "long": {
                "generic": "Kʊkʊ kaBʊtukǝltǝna kaakɔŋkɔŋɔ̀",
                "standard": "Kʊkʊ kaBʊtukǝltǝna kaakɔŋkɔŋɔ̀ ɖeiɖei",
                "daylight": "Kʊkʊ kaBʊtukǝltǝna kaakɔŋkɔŋɔ̀ gafʊbaka"
              }
            },
            "Cuba": {
              "long": {
                "generic": "Kubaa kaakɔŋkɔŋɔ̀",
                "standard": "Kubaa kaakɔŋkɔŋɔ̀ ɖeiɖei",
                "daylight": "Kubaa kaakɔŋkɔŋɔ̀ gafʊbaka"
              }
            },
            "Davis": {
              "long": {
                "standard": "Ɖefis kaakɔŋkɔŋɔ̀"
              }
            },
            "DumontDUrville": {
              "long": {
                "standard": "Ɖimɔn Ɖirfil kaakɔŋkɔŋɔ̀"
              }
            },
            "East_Timor": {
              "long": {
                "standard": "Timɔɔ gajakalaŋ kaakɔŋkɔŋɔ̀"
              }
            },
            "Easter": {
              "long": {
                "generic": "Paakɩ kaAatukǝltǝna kaakɔŋkɔŋɔ̀",
                "standard": "Paakɩ kaAtukǝltǝna kaakɔŋkɔŋɔ̀ ɖeiɖei",
                "daylight": "Paakɩ kaAtukǝltǝna kaakɔŋkɔŋɔ̀ gafʊbaka"
              }
            },
            "Ecuador": {
              "long": {
                "standard": "Ekuwaɖɔɔr kaakɔŋkɔŋɔ̀"
              }
            },
            "Europe_Central": {
              "long": {
                "generic": "Garɩfɔntǝna gɩcɩɩca kaakɔŋkɔŋɔ̀",
                "standard": "Garɩfɔntǝna gɩcɩɩca kaakɔŋkɔŋɔ̀ ɖeiɖei",
                "daylight": "Garɩfɔntǝna gɩcɩɩca kaakɔŋkɔŋɔ̀ gafʊbaka"
              }
            },
            "Europe_Eastern": {
              "long": {
                "generic": "Garɩfɔntǝna gajakalaŋ kaakɔŋkɔŋɔ̀",
                "standard": "Garɩfɔntǝna gajakalaŋ kaakɔŋkɔŋɔ̀ ɖeiɖei",
                "daylight": "Garɩfɔntǝna gajakalaŋ kaakɔŋkɔŋɔ̀ gafʊbaka"
              }
            },
            "Europe_Further_Eastern": {
              "long": {
                "standard": "Garɩfɔntǝna gajakalaŋ kaajakalaŋ kaakɔŋkɔŋɔ̀"
              }
            },
            "Europe_Western": {
              "long": {
                "generic": "Garɩfɔntǝna gɩteŋshilelaŋ kaakɔŋkɔŋɔ̀",
                "standard": "Garɩfɔntǝna gɩteŋshilelaŋ kaakɔŋkɔŋɔ̀ ɖeiɖei",
                "daylight": "Garɩfɔntǝna gɩteŋshilelaŋ kaakɔŋkɔŋɔ̀ gafʊbaka"
              }
            },
            "Falkland": {
              "long": {
                "generic": "Fɔklanɖ kaBʊtukǝltǝna kaakɔŋkɔŋɔ̀",
                "standard": "Fɔklanɖ kaBʊtukǝltǝna kaakɔŋkɔŋɔ̀ ɖeiɖei",
                "daylight": "Fɔklanɖ kaBʊtukǝltǝna kaakɔŋkɔŋɔ̀ gafʊbaka"
              }
            },
            "Fiji": {
              "long": {
                "generic": "Fiji kaakɔŋkɔŋɔ̀",
                "standard": "Fiji kaakɔŋkɔŋɔ̀ ɖeiɖei",
                "daylight": "Fiji kaakɔŋkɔŋɔ̀ gafʊbaka"
              }
            },
            "French_Guiana": {
              "long": {
                "standard": "Guyanaa Gafɔntǝna kaja kaakɔŋkɔŋɔ̀"
              }
            },
            "French_Southern": {
              "long": {
                "standard": "Gafɔntǝna gʊnyɩsonolaŋ na Gatutaltǝna kaakɔŋkɔŋɔ̀"
              }
            },
            "Galapagos": {
              "long": {
                "standard": "Galapagɔs kaakɔŋkɔŋɔ̀"
              }
            },
            "Gambier": {
              "long": {
                "standard": "Gambiyee kaakɔŋkɔŋɔ̀"
              }
            },
            "Georgia": {
              "long": {
                "generic": "Jɔrjiya kaakɔŋkɔŋɔ̀",
                "standard": "Jɔrjiya kaakɔŋkɔŋɔ̀ ɖeiɖei",
                "daylight": "Jɔrjiya kaakɔŋkɔŋɔ̀ gafʊbaka"
              }
            },
            "Gilbert_Islands": {
              "long": {
                "standard": "Jilbɛɛr kaBʊtukǝltǝna kaakɔŋkɔŋɔ̀"
              }
            },
            "GMT": {
              "long": {
                "standard": "Griinwish kaakɔŋkɔŋɔ̀"
              },
              "short": {
                "standard": "Gk"
              }
            },
            "Greenland_Eastern": {
              "long": {
                "generic": "Grinlanɖ gajakalaŋ kaakɔŋkɔŋɔ̀",
                "standard": "Grinlanɖ gajakalaŋ kaakɔŋkɔŋɔ̀ ɖeiɖei",
                "daylight": "Grinlanɖ gajakalaŋ kaakɔŋkɔŋɔ̀ gafʊbaka"
              }
            },
            "Greenland_Western": {
              "long": {
                "generic": "Grinlanɖ gɩteŋshilelaŋ kaakɔŋkɔŋɔ̀",
                "standard": "Grinlanɖ gɩteŋshilelaŋ kaakɔŋkɔŋɔ̀ ɖeiɖei",
                "daylight": "Grinlanɖ gɩteŋshilelaŋ kaakɔŋkɔŋɔ̀ gafʊbaka"
              }
            },
            "Guam": {
              "long": {
                "standard": "Guwam kaakɔŋkɔŋɔ̀"
              }
            },
            "Gulf": {
              "long": {
                "standard": "Gɔlf kaakɔŋkɔŋɔ̀"
              }
            },
            "Guyana": {
              "long": {
                "standard": "Guyanaa kaakɔŋkɔŋɔ̀"
              }
            },
            "Hawaii_Aleutian": {
              "long": {
                "generic": "Awayɩɩ n’Alewutii kaakɔŋkɔŋɔ̀",
                "standard": "Awayɩɩ n’Alewutii kaakɔŋkɔŋɔ̀ ɖeiɖei",
                "daylight": "Awayɩɩ n’Alewutii kaakɔŋkɔŋɔ̀ gafʊbaka"
              }
            },
            "Hong_Kong": {
              "long": {
                "generic": "Hɔŋ Kɔŋ kaakɔŋkɔŋɔ̀",
                "standard": "Hɔŋ Kɔŋ kaakɔŋkɔŋɔ̀ ɖeiɖei",
                "daylight": "Hɔŋ Kɔŋ kaakɔŋkɔŋɔ̀ gafʊbaka"
              }
            },
            "Hovd": {
              "long": {
                "generic": "Hɔfɖǝ kaakɔŋkɔŋɔ̀",
                "standard": "Hɔfɖǝ kaakɔŋkɔŋɔ̀ ɖeiɖei",
                "daylight": "Hɔfɖǝ kaakɔŋkɔŋɔ̀ gafʊbaka"
              }
            },
            "India": {
              "long": {
                "standard": "Inɖiya kaakɔŋkɔŋɔ̀"
              }
            },
            "Indian_Ocean": {
              "long": {
                "standard": "Inɖiya kateŋku kaakɔŋkɔŋɔ̀"
              }
            },
            "Indochina": {
              "long": {
                "standard": "Inɖicaɩna kaakɔŋkɔŋɔ̀"
              }
            },
            "Indonesia_Central": {
              "long": {
                "standard": "Ɛnɖonosii kagɩcɩɩca kaakɔŋkɔŋɔ̀"
              }
            },
            "Indonesia_Eastern": {
              "long": {
                "standard": "Ɛnɖonosii kaajakalaŋ kaakɔŋkɔŋɔ̀"
              }
            },
            "Indonesia_Western": {
              "long": {
                "standard": "Ɛnɖonosii kagɩteŋshilelaŋ kaakɔŋkɔŋɔ̀"
              }
            },
            "Iran": {
              "long": {
                "generic": "Iraŋ kaakɔŋkɔŋɔ̀",
                "standard": "Iraŋ kaakɔŋkɔŋɔ̀ ɖeiɖei",
                "daylight": "Iraŋ kaakɔŋkɔŋɔ̀ gafʊbaka"
              }
            },
            "Irkutsk": {
              "long": {
                "generic": "Irkut kaakɔŋkɔŋɔ̀",
                "standard": "Irkut kaakɔŋkɔŋɔ̀ ɖeiɖei",
                "daylight": "Irkut kaakɔŋkɔŋɔ̀ gafʊbaka"
              }
            },
            "Israel": {
              "long": {
                "generic": "Yishraɛl kaakɔŋkɔŋɔ̀",
                "standard": "Yishraɛl kaakɔŋkɔŋɔ̀ ɖeiɖei",
                "daylight": "Yishraɛl kaakɔŋkɔŋɔ̀ gafʊbaka"
              }
            },
            "Japan": {
              "long": {
                "generic": "Japaŋ kaakɔŋkɔŋɔ̀",
                "standard": "Japaŋ kaakɔŋkɔŋɔ̀ ɖeiɖei",
                "daylight": "Japaŋ kaakɔŋkɔŋɔ̀ gafʊbaka"
              }
            },
            "Kazakhstan": {
              "long": {
                "standard": "Kasastan kaakɔŋkɔŋɔ̀"
              }
            },
            "Kazakhstan_Eastern": {
              "long": {
                "standard": "Kasastan gajakalaŋ kaakɔŋkɔŋɔ̀"
              }
            },
            "Kazakhstan_Western": {
              "long": {
                "standard": "Kasastan gɩteŋshilelaŋ kaakɔŋkɔŋɔ̀"
              }
            },
            "Korea": {
              "long": {
                "generic": "Koree kaakɔŋkɔŋɔ̀",
                "standard": "Koree kaakɔŋkɔŋɔ̀ ɖeiɖei",
                "daylight": "Koree kaakɔŋkɔŋɔ̀ gafʊbaka"
              }
            },
            "Kosrae": {
              "long": {
                "standard": "Kɔsrɛɛ kaakɔŋkɔŋɔ̀"
              }
            },
            "Krasnoyarsk": {
              "long": {
                "generic": "Krasnoyark kaakɔŋkɔŋɔ̀",
                "standard": "Krasnoyark kaakɔŋkɔŋɔ̀ ɖeiɖei",
                "daylight": "Krasnoyark kaakɔŋkɔŋɔ̀ gafʊbaka"
              }
            },
            "Kyrgystan": {
              "long": {
                "standard": "Kirgistan kaakɔŋkɔŋɔ̀"
              }
            },
            "Lanka": {
              "long": {
                "standard": "Siri Laŋkaa kaakɔŋkɔŋɔ̀"
              }
            },
            "Line_Islands": {
              "long": {
                "standard": "Laɩn kaBʊtukǝltǝna kaakɔŋkɔŋɔ̀"
              }
            },
            "Lord_Howe": {
              "long": {
                "generic": "Lɔrɖ Hoo kaakɔŋkɔŋɔ̀",
                "standard": "Lɔrɖ Hoo kaakɔŋkɔŋɔ̀ ɖeiɖei",
                "daylight": "Lɔrɖ Hoo kaakɔŋkɔŋɔ̀ gafʊbaka"
              }
            },
            "Macau": {
              "long": {
                "generic": "Makawoo kaakɔŋkɔŋɔ̀",
                "standard": "Makawoo kaakɔŋkɔŋɔ̀ ɖeiɖei",
                "daylight": "akawoo kaakɔŋkɔŋɔ̀ gafʊbaka"
              }
            },
            "Magadan": {
              "long": {
                "generic": "Magaɖan kaakɔŋkɔŋɔ̀",
                "standard": "Magaɖan kaakɔŋkɔŋɔ̀ ɖeiɖei",
                "daylight": "Magaɖan kaakɔŋkɔŋɔ̀ gafʊbaka"
              }
            },
            "Malaysia": {
              "long": {
                "standard": "Malɛsii kaakɔŋkɔŋɔ̀"
              }
            },
            "Maldives": {
              "long": {
                "standard": "Malɖiifu kaakɔŋkɔŋɔ̀"
              }
            },
            "Marquesas": {
              "long": {
                "standard": "Markesas kaakɔŋkɔŋɔ̀"
              }
            },
            "Marshall_Islands": {
              "long": {
                "standard": "Marshal kaBʊtukǝltǝna kaakɔŋkɔŋɔ̀"
              }
            },
            "Mauritius": {
              "long": {
                "generic": "Imoris kaakɔŋkɔŋɔ̀",
                "standard": "Imoris kaakɔŋkɔŋɔ̀ ɖeiɖei",
                "daylight": "Imoris kaakɔŋkɔŋɔ̀ gafʊbaka"
              }
            },
            "Mawson": {
              "long": {
                "standard": "Mɔsɔn kaakɔŋkɔŋɔ̀"
              }
            },
            "Mexico_Pacific": {
              "long": {
                "generic": "Mɛsik kapasifika kaakɔŋkɔŋɔ̀",
                "standard": "Mɛsik kapasifika kaakɔŋkɔŋɔ̀ ɖeiɖei",
                "daylight": "Mɛsik kapasifika kaakɔŋkɔŋɔ̀ gafʊbaka"
              }
            },
            "Mongolia": {
              "long": {
                "generic": "Ulanbatɔɔr kaakɔŋkɔŋɔ̀",
                "standard": "Ulanbatɔɔr kaakɔŋkɔŋɔ̀ ɖeiɖei",
                "daylight": "Ulanbatɔɔr kaakɔŋkɔŋɔ̀ gafʊbaka"
              }
            },
            "Moscow": {
              "long": {
                "generic": "Moskuu kaakɔŋkɔŋɔ̀",
                "standard": "Moskuu kaakɔŋkɔŋɔ̀ ɖeiɖei",
                "daylight": "Moskuu kaakɔŋkɔŋɔ̀ gafʊbaka"
              }
            },
            "Myanmar": {
              "long": {
                "standard": "Miyanmaa kaakɔŋkɔŋɔ̀"
              }
            },
            "Nauru": {
              "long": {
                "standard": "Nawuru kaakɔŋkɔŋɔ̀"
              }
            },
            "Nepal": {
              "long": {
                "standard": "Neepal kaakɔŋkɔŋɔ̀"
              }
            },
            "New_Caledonia": {
              "long": {
                "generic": "Kaleɖonii afɔlɩ kaakɔŋkɔŋɔ̀",
                "standard": "Kaleɖonii afɔlɩ kaakɔŋkɔŋɔ̀ ɖeiɖei",
                "daylight": "Kaleɖonii afɔlɩ kaakɔŋkɔŋɔ̀ gafʊbaka"
              }
            },
            "New_Zealand": {
              "long": {
                "generic": "Selanɖ afɔlɩ kaakɔŋkɔŋɔ̀",
                "standard": "Selanɖ afɔlɩ kaakɔŋkɔŋɔ̀ ɖeiɖei",
                "daylight": "Selanɖ afɔlɩ kaakɔŋkɔŋɔ̀ gafʊbaka"
              }
            },
            "Newfoundland": {
              "long": {
                "generic": "Faʊnɖlanɖ afɔlɩ kaakɔŋkɔŋɔ̀",
                "standard": "Faʊnɖlanɖ afɔlɩ kaakɔŋkɔŋɔ̀ ɖeiɖei",
                "daylight": "Faʊnɖlanɖ afɔlɩ kaakɔŋkɔŋɔ̀ gafʊbaka"
              }
            },
            "Niue": {
              "long": {
                "standard": "Niwuye kaakɔŋkɔŋɔ̀"
              }
            },
            "Norfolk": {
              "long": {
                "generic": "Nɔrfook kaAtukǝltǝna kaakɔŋkɔŋɔ̀",
                "standard": "Nɔrfook kaAtukǝltǝna kaakɔŋkɔŋɔ̀ ɖeiɖei",
                "daylight": "Nɔrfook kaAtukǝltǝna kaakɔŋkɔŋɔ̀ gafʊbaka"
              }
            },
            "Noronha": {
              "long": {
                "generic": "Fɛrnanɖo ɖe Norɔnya kaakɔŋkɔŋɔ̀",
                "standard": "Fɛrnanɖo ɖe Norɔnya kaakɔŋkɔŋɔ̀ ɖeiɖei",
                "daylight": "Fɛrnanɖo ɖe Norɔnya kaakɔŋkɔŋɔ̀ gafʊbaka"
              }
            },
            "North_Mariana": {
              "long": {
                "standard": "Mariyan kǝbʊtukǝltǝna gʊnyɩpɛnɛlaŋ kaakɔŋkɔŋɔ̀"
              }
            },
            "Novosibirsk": {
              "long": {
                "generic": "Nofosibirk kaakɔŋkɔŋɔ̀",
                "standard": "Nofosibirk kaakɔŋkɔŋɔ̀ ɖeiɖei",
                "daylight": "Nofosibirk kaakɔŋkɔŋɔ̀ gafʊbaka"
              }
            },
            "Omsk": {
              "long": {
                "generic": "Ɔmsǝkǝ kaakɔŋkɔŋɔ̀",
                "standard": "Ɔmsǝkǝ kaakɔŋkɔŋɔ̀ ɖeiɖei",
                "daylight": "Ɔmsǝkǝ kaakɔŋkɔŋɔ̀ gafʊbaka"
              }
            },
            "Pakistan": {
              "long": {
                "generic": "Pakistan kaakɔŋkɔŋɔ̀",
                "standard": "Pakistan kaakɔŋkɔŋɔ̀ ɖeiɖei",
                "daylight": "Pakistan kaakɔŋkɔŋɔ̀ gafʊbaka"
              }
            },
            "Palau": {
              "long": {
                "standard": "Palawoo kaakɔŋkɔŋɔ̀"
              }
            },
            "Papua_New_Guinea": {
              "long": {
                "standard": "Papuasii Ginee afɔlɩ kaakɔŋkɔŋɔ̀"
              }
            },
            "Paraguay": {
              "long": {
                "generic": "Paraguwee kaakɔŋkɔŋɔ̀",
                "standard": "Paraguwee kaakɔŋkɔŋɔ̀ ɖeiɖei",
                "daylight": "Paraguwee kaakɔŋkɔŋɔ̀ gafʊbaka"
              }
            },
            "Peru": {
              "long": {
                "generic": "Peruu kaakɔŋkɔŋɔ̀",
                "standard": "Peruu kaakɔŋkɔŋɔ̀ ɖeiɖei",
                "daylight": "Peruu kaakɔŋkɔŋɔ̀ gafʊbaka"
              }
            },
            "Philippines": {
              "long": {
                "generic": "Filipiin kaakɔŋkɔŋɔ̀",
                "standard": "Filipiin kaakɔŋkɔŋɔ̀ ɖeiɖei",
                "daylight": "Filipiin kaakɔŋkɔŋɔ̀ gafʊbaka"
              }
            },
            "Phoenix_Islands": {
              "long": {
                "standard": "Foeniis kaBʊtukǝltǝna kaakɔŋkɔŋɔ̀"
              }
            },
            "Pierre_Miquelon": {
              "long": {
                "generic": "Sɛŋ-Petrɔs na Mikelɔŋ kaakɔŋkɔŋɔ̀",
                "standard": "Sɛŋ-Petrɔs na Mikelɔŋ kaakɔŋkɔŋɔ̀ ɖeiɖei",
                "daylight": "Sɛŋ-Petrɔs na Mikelɔŋ kaakɔŋkɔŋɔ̀ gafʊbaka"
              }
            },
            "Pitcairn": {
              "long": {
                "standard": "Pɩtkɛɛn kaBʊtukǝltǝna kaakɔŋkɔŋɔ̀"
              }
            },
            "Ponape": {
              "long": {
                "standard": "Ponapee kaakɔŋkɔŋɔ̀"
              }
            },
            "Pyongyang": {
              "long": {
                "standard": "Pɩyɔŋyaŋ kaakɔŋkɔŋɔ̀"
              }
            },
            "Reunion": {
              "long": {
                "standard": "Reeniyɔŋ kaakɔŋkɔŋɔ̀"
              }
            },
            "Rothera": {
              "long": {
                "standard": "Roteraa kaakɔŋkɔŋɔ̀"
              }
            },
            "Sakhalin": {
              "long": {
                "generic": "Sakalin kaakɔŋkɔŋɔ̀",
                "standard": "Sakalin kaakɔŋkɔŋɔ̀ ɖeiɖei",
                "daylight": "Sakalin kaakɔŋkɔŋɔ̀ gafʊbaka"
              }
            },
            "Samoa": {
              "long": {
                "generic": "Samowa kaakɔŋkɔŋɔ̀",
                "standard": "Samowa kaakɔŋkɔŋɔ̀ ɖeiɖei",
                "daylight": "Samowa kaakɔŋkɔŋɔ̀ gafʊbaka"
              }
            },
            "Seychelles": {
              "long": {
                "standard": "Seshɛl kaakɔŋkɔŋɔ̀"
              }
            },
            "Singapore": {
              "long": {
                "standard": "Siŋgapuur kaakɔŋkɔŋɔ̀"
              }
            },
            "Solomon": {
              "long": {
                "standard": "Salomɔɔn kaBʊtukǝltǝna kaakɔŋkɔŋɔ̀"
              }
            },
            "South_Georgia": {
              "long": {
                "standard": "Jɔrjiya gʊnyɩsono kaakɔŋkɔŋɔ̀"
              }
            },
            "Suriname": {
              "long": {
                "standard": "Surinam kaakɔŋkɔŋɔ̀"
              }
            },
            "Syowa": {
              "long": {
                "standard": "Siyowaa kaakɔŋkɔŋɔ̀"
              }
            },
            "Tahiti": {
              "long": {
                "standard": "Tahitii kaakɔŋkɔŋɔ̀"
              }
            },
            "Taipei": {
              "long": {
                "generic": "Taɩpei kaakɔŋkɔŋɔ̀",
                "standard": "Taɩpei kaakɔŋkɔŋɔ̀ ɖeiɖei",
                "daylight": "Taɩpei kaakɔŋkɔŋɔ̀ gafʊbaka"
              }
            },
            "Tajikistan": {
              "long": {
                "standard": "Tajikistan kaakɔŋkɔŋɔ̀"
              }
            },
            "Tokelau": {
              "long": {
                "standard": "Tokelaʊ kaakɔŋkɔŋɔ̀"
              }
            },
            "Tonga": {
              "long": {
                "generic": "Tɔŋga kaakɔŋkɔŋɔ̀",
                "standard": "Tɔŋga kaakɔŋkɔŋɔ̀ ɖeiɖei",
                "daylight": "Tɔŋga kaakɔŋkɔŋɔ̀ gafʊbaka"
              }
            },
            "Truk": {
              "long": {
                "standard": "Cuuk kaakɔŋkɔŋɔ̀"
              }
            },
            "Turkmenistan": {
              "long": {
                "generic": "Turkmenistan kaakɔŋkɔŋɔ̀",
                "standard": "Turkmenistan kaakɔŋkɔŋɔ̀ ɖeiɖei",
                "daylight": "Turkmenistan kaakɔŋkɔŋɔ̀ gafʊbaka"
              }
            },
            "Tuvalu": {
              "long": {
                "standard": "Tufalu kaakɔŋkɔŋɔ̀"
              }
            },
            "Uruguay": {
              "long": {
                "generic": "Uruguwee kaakɔŋkɔŋɔ̀",
                "standard": "Uruguwee kaakɔŋkɔŋɔ̀ ɖeiɖei",
                "daylight": "Uruguwee kaakɔŋkɔŋɔ̀ gafʊbaka"
              }
            },
            "Uzbekistan": {
              "long": {
                "generic": "Usbeekistan kaakɔŋkɔŋɔ̀",
                "standard": "Usbeekistan kaakɔŋkɔŋɔ̀ ɖeiɖei",
                "daylight": "Usbeekistan kaakɔŋkɔŋɔ̀ gafʊbaka"
              }
            },
            "Vanuatu": {
              "long": {
                "generic": "Fanuwatu kaakɔŋkɔŋɔ̀",
                "standard": "Fanuwatu kaakɔŋkɔŋɔ̀ ɖeiɖei",
                "daylight": "Fanuwatu kaakɔŋkɔŋɔ̀ gafʊbaka"
              }
            },
            "Venezuela": {
              "long": {
                "standard": "Fenesuwelaa kaakɔŋkɔŋɔ̀"
              }
            },
            "Vladivostok": {
              "long": {
                "generic": "Flaɖifɔstɔk kaakɔŋkɔŋɔ̀",
                "standard": "Flaɖifɔstɔk kaakɔŋkɔŋɔ̀ ɖeiɖei",
                "daylight": "Flaɖifɔstɔk kaakɔŋkɔŋɔ̀ gafʊbaka"
              }
            },
            "Volgograd": {
              "long": {
                "generic": "Fɔlgograaɖ kaakɔŋkɔŋɔ̀",
                "standard": "Fɔlgograaɖ kaakɔŋkɔŋɔ̀ ɖeiɖei",
                "daylight": "Fɔlgograaɖ kaakɔŋkɔŋɔ̀ gafʊbaka"
              }
            },
            "Vostok": {
              "long": {
                "standard": "Fɔstɔk kaakɔŋkɔŋɔ̀"
              }
            },
            "Wake": {
              "long": {
                "standard": "Week kaBʊtukǝltǝna kaakɔŋkɔŋɔ̀"
              }
            },
            "Wallis": {
              "long": {
                "standard": "Walis na Futuna kaakɔŋkɔŋɔ̀"
              }
            },
            "Yakutsk": {
              "long": {
                "generic": "Yakut kaakɔŋkɔŋɔ̀",
                "standard": "Yakut kaakɔŋkɔŋɔ̀ ɖeiɖei",
                "daylight": "Yakut kaakɔŋkɔŋɔ̀ gafʊbaka"
              }
            },
            "Yekaterinburg": {
              "long": {
                "generic": "Yekaterinbuu kaakɔŋkɔŋɔ̀",
                "standard": "Yekaterinbuu kaakɔŋkɔŋɔ̀ ɖeiɖei",
                "daylight": "Yekaterinbuu kaakɔŋkɔŋɔ̀ gafʊbaka"
              }
            },
            "Yukon": {
              "long": {
                "standard": "Yukɔn kaakɔŋkɔŋɔ̀"
              }
            }
          }
        }
      }
    }
  }
}
