{
  "main": {
    "sc": {
      "identity": {
        "version": {
          "_cldrVersion": "42"
        },
        "language": "sc"
      },
      "dates": {
        "timeZoneNames": {
          "hourFormat": "+HH:mm;-HH:mm",
          "gmtFormat": "GMT{0}",
          "gmtZeroFormat": "GMT",
          "regionFormat": "Ora {0}",
          "regionFormat-type-daylight": "Ora legale: {0}",
          "regionFormat-type-standard": "Ora istandard: {0}",
          "fallbackFormat": "{1} ({0})",
          "zone": {
            "America": {
              "Adak": {
                "exemplarCity": "Adak"
              },
              "Anchorage": {
                "exemplarCity": "Anchorage"
              },
              "Anguilla": {
                "exemplarCity": "Anguilla"
              },
              "Antigua": {
                "exemplarCity": "Antigua"
              },
              "Araguaina": {
                "exemplarCity": "Araguaina"
              },
              "Argentina": {
                "Rio_Gallegos": {
                  "exemplarCity": "Rio Gallegos"
                },
                "San_Juan": {
                  "exemplarCity": "San Juan"
                },
                "Ushuaia": {
                  "exemplarCity": "Ushuaia"
                },
                "La_Rioja": {
                  "exemplarCity": "La Rioja"
                },
                "San_Luis": {
                  "exemplarCity": "San Luis"
                },
                "Salta": {
                  "exemplarCity": "Salta"
                },
                "Tucuman": {
                  "exemplarCity": "Tucumán"
                }
              },
              "Aruba": {
                "exemplarCity": "Aruba"
              },
              "Asuncion": {
                "exemplarCity": "Asuncion"
              },
              "Bahia": {
                "exemplarCity": "Bahia"
              },
              "Bahia_Banderas": {
                "exemplarCity": "Bahia Banderas"
              },
              "Barbados": {
                "exemplarCity": "Barbados"
              },
              "Belem": {
                "exemplarCity": "Belem"
              },
              "Belize": {
                "exemplarCity": "Belize"
              },
              "Blanc-Sablon": {
                "exemplarCity": "Blanc-Sablon"
              },
              "Boa_Vista": {
                "exemplarCity": "Boa Vista"
              },
              "Bogota": {
                "exemplarCity": "Bogota"
              },
              "Boise": {
                "exemplarCity": "Boise"
              },
              "Buenos_Aires": {
                "exemplarCity": "Buenos Aires"
              },
              "Cambridge_Bay": {
                "exemplarCity": "Cambridge Bay"
              },
              "Campo_Grande": {
                "exemplarCity": "Campo Grande"
              },
              "Cancun": {
                "exemplarCity": "Cancún"
              },
              "Caracas": {
                "exemplarCity": "Caracas"
              },
              "Catamarca": {
                "exemplarCity": "Catamarca"
              },
              "Cayenne": {
                "exemplarCity": "Cayenne"
              },
              "Cayman": {
                "exemplarCity": "Cayman"
              },
              "Chicago": {
                "exemplarCity": "Chicago"
              },
              "Chihuahua": {
                "exemplarCity": "Chihuahua"
              },
              "Coral_Harbour": {
                "exemplarCity": "Atikokan"
              },
              "Cordoba": {
                "exemplarCity": "Cordoba"
              },
              "Costa_Rica": {
                "exemplarCity": "Costa Rica"
              },
              "Creston": {
                "exemplarCity": "Creston"
              },
              "Cuiaba": {
                "exemplarCity": "Cuiaba"
              },
              "Curacao": {
                "exemplarCity": "Curaçao"
              },
              "Danmarkshavn": {
                "exemplarCity": "Danmarkshavn"
              },
              "Dawson": {
                "exemplarCity": "Dawson"
              },
              "Dawson_Creek": {
                "exemplarCity": "Dawson Creek"
              },
              "Denver": {
                "exemplarCity": "Denver"
              },
              "Detroit": {
                "exemplarCity": "Detroit"
              },
              "Dominica": {
                "exemplarCity": "Dominica"
              },
              "Edmonton": {
                "exemplarCity": "Edmonton"
              },
              "Eirunepe": {
                "exemplarCity": "Eirunepe"
              },
              "El_Salvador": {
                "exemplarCity": "El Salvador"
              },
              "Fort_Nelson": {
                "exemplarCity": "Fort Nelson"
              },
              "Fortaleza": {
                "exemplarCity": "Fortaleza"
              },
              "Glace_Bay": {
                "exemplarCity": "Glace Bay"
              },
              "Godthab": {
                "exemplarCity": "Nuuk"
              },
              "Goose_Bay": {
                "exemplarCity": "Goose Bay"
              },
              "Grand_Turk": {
                "exemplarCity": "Grand Turk"
              },
              "Grenada": {
                "exemplarCity": "Grenada"
              },
              "Guadeloupe": {
                "exemplarCity": "Guadeloupe"
              },
              "Guatemala": {
                "exemplarCity": "Guatemala"
              },
              "Guayaquil": {
                "exemplarCity": "Guayaquil"
              },
              "Guyana": {
                "exemplarCity": "Guyana"
              },
              "Halifax": {
                "exemplarCity": "Halifax"
              },
              "Havana": {
                "exemplarCity": "S’Avana"
              },
              "Hermosillo": {
                "exemplarCity": "Hermosillo"
              },
              "Indiana": {
                "Vincennes": {
                  "exemplarCity": "Vincennes, Indiana"
                },
                "Petersburg": {
                  "exemplarCity": "Petersburg, Indiana"
                },
                "Tell_City": {
                  "exemplarCity": "Tell City, Indiana"
                },
                "Knox": {
                  "exemplarCity": "Knox, Indiana"
                },
                "Winamac": {
                  "exemplarCity": "Winamac, Indiana"
                },
                "Marengo": {
                  "exemplarCity": "Marengo, Indiana"
                },
                "Vevay": {
                  "exemplarCity": "Vevay, Indiana"
                }
              },
              "Indianapolis": {
                "exemplarCity": "Indianapolis"
              },
              "Inuvik": {
                "exemplarCity": "Inuvik"
              },
              "Iqaluit": {
                "exemplarCity": "Iqaluit"
              },
              "Jamaica": {
                "exemplarCity": "Jamaica"
              },
              "Jujuy": {
                "exemplarCity": "Jujuy"
              },
              "Juneau": {
                "exemplarCity": "Juneau"
              },
              "Kentucky": {
                "Monticello": {
                  "exemplarCity": "Monticello, Kentucky"
                }
              },
              "Kralendijk": {
                "exemplarCity": "Kralendijk"
              },
              "La_Paz": {
                "exemplarCity": "La Paz"
              },
              "Lima": {
                "exemplarCity": "Lima"
              },
              "Los_Angeles": {
                "exemplarCity": "Los Angeles"
              },
              "Louisville": {
                "exemplarCity": "Louisville"
              },
              "Lower_Princes": {
                "exemplarCity": "Lower Prince’s Quarter"
              },
              "Maceio": {
                "exemplarCity": "Maceio"
              },
              "Managua": {
                "exemplarCity": "Managua"
              },
              "Manaus": {
                "exemplarCity": "Manaus"
              },
              "Marigot": {
                "exemplarCity": "Marigot"
              },
              "Martinique": {
                "exemplarCity": "Martinica"
              },
              "Matamoros": {
                "exemplarCity": "Matamoros"
              },
              "Mazatlan": {
                "exemplarCity": "Mazatlan"
              },
              "Mendoza": {
                "exemplarCity": "Mendoza"
              },
              "Menominee": {
                "exemplarCity": "Menominee"
              },
              "Merida": {
                "exemplarCity": "Merida"
              },
              "Metlakatla": {
                "exemplarCity": "Metlakatla"
              },
              "Mexico_City": {
                "exemplarCity": "Tzitade de su Mèssicu"
              },
              "Miquelon": {
                "exemplarCity": "Miquelon"
              },
              "Moncton": {
                "exemplarCity": "Moncton"
              },
              "Monterrey": {
                "exemplarCity": "Monterrey"
              },
              "Montevideo": {
                "exemplarCity": "Montevideo"
              },
              "Montserrat": {
                "exemplarCity": "Montserrat"
              },
              "Nassau": {
                "exemplarCity": "Nassau"
              },
              "New_York": {
                "exemplarCity": "Noa York"
              },
              "Nipigon": {
                "exemplarCity": "Nipigon"
              },
              "Nome": {
                "exemplarCity": "Nome"
              },
              "Noronha": {
                "exemplarCity": "Noronha"
              },
              "North_Dakota": {
                "Beulah": {
                  "exemplarCity": "Beulah, Dakota de su Nord"
                },
                "New_Salem": {
                  "exemplarCity": "New Salem, Dakota de su Nord"
                },
                "Center": {
                  "exemplarCity": "Center, Dakota de su Nord"
                }
              },
              "Ojinaga": {
                "exemplarCity": "Ojinaga"
              },
              "Panama": {
                "exemplarCity": "Pànama"
              },
              "Pangnirtung": {
                "exemplarCity": "Pangnirtung"
              },
              "Paramaribo": {
                "exemplarCity": "Paramaribo"
              },
              "Phoenix": {
                "exemplarCity": "Phoenix"
              },
              "Port-au-Prince": {
                "exemplarCity": "Port-au-Prince"
              },
              "Port_of_Spain": {
                "exemplarCity": "Portu de Ispagna"
              },
              "Porto_Velho": {
                "exemplarCity": "Porto Velho"
              },
              "Puerto_Rico": {
                "exemplarCity": "Puerto Rico"
              },
              "Punta_Arenas": {
                "exemplarCity": "Punta Arenas"
              },
              "Rainy_River": {
                "exemplarCity": "Rainy River"
              },
              "Rankin_Inlet": {
                "exemplarCity": "Rankin Inlet"
              },
              "Recife": {
                "exemplarCity": "Recife"
              },
              "Regina": {
                "exemplarCity": "Regina"
              },
              "Resolute": {
                "exemplarCity": "Resolute"
              },
              "Rio_Branco": {
                "exemplarCity": "Rio Branco"
              },
              "Santarem": {
                "exemplarCity": "Santarem"
              },
              "Santiago": {
                "exemplarCity": "Santiago"
              },
              "Santo_Domingo": {
                "exemplarCity": "Santo Domingo"
              },
              "Sao_Paulo": {
                "exemplarCity": "Sao Paulo"
              },
              "Scoresbysund": {
                "exemplarCity": "Ittoqqortoormiit"
              },
              "Sitka": {
                "exemplarCity": "Sitka"
              },
              "St_Barthelemy": {
                "exemplarCity": "Santu Bartolomeu"
              },
              "St_Johns": {
                "exemplarCity": "Santu Giuanne"
              },
              "St_Kitts": {
                "exemplarCity": "Santu Cristolu"
              },
              "St_Lucia": {
                "exemplarCity": "Santa Lughia"
              },
              "St_Thomas": {
                "exemplarCity": "Santu Tommasu"
              },
              "St_Vincent": {
                "exemplarCity": "Santu Vissente"
              },
              "Swift_Current": {
                "exemplarCity": "Swift Current"
              },
              "Tegucigalpa": {
                "exemplarCity": "Tegucigalpa"
              },
              "Thule": {
                "exemplarCity": "Thule"
              },
              "Thunder_Bay": {
                "exemplarCity": "Thunder Bay"
              },
              "Tijuana": {
                "exemplarCity": "Tijuana"
              },
              "Toronto": {
                "exemplarCity": "Toronto"
              },
              "Tortola": {
                "exemplarCity": "Tortola"
              },
              "Vancouver": {
                "exemplarCity": "Vancouver"
              },
              "Whitehorse": {
                "exemplarCity": "Whitehorse"
              },
              "Winnipeg": {
                "exemplarCity": "Winnipeg"
              },
              "Yakutat": {
                "exemplarCity": "Yakutat"
              },
              "Yellowknife": {
                "exemplarCity": "Yellowknife"
              }
            },
            "Atlantic": {
              "Azores": {
                "exemplarCity": "Azorras"
              },
              "Bermuda": {
                "exemplarCity": "Bermuda"
              },
              "Canary": {
                "exemplarCity": "Ìsulas Canàrias"
              },
              "Cape_Verde": {
                "exemplarCity": "Cabu Birde"
              },
              "Faeroe": {
                "exemplarCity": "Ìsulas Føroyar"
              },
              "Madeira": {
                "exemplarCity": "Madeira"
              },
              "Reykjavik": {
                "exemplarCity": "Reykjavik"
              },
              "South_Georgia": {
                "exemplarCity": "Geòrgia de su Sud"
              },
              "St_Helena": {
                "exemplarCity": "Sant’Elene"
              },
              "Stanley": {
                "exemplarCity": "Stanley"
              }
            },
            "Europe": {
              "Amsterdam": {
                "exemplarCity": "Amsterdam"
              },
              "Andorra": {
                "exemplarCity": "Andorra"
              },
              "Astrakhan": {
                "exemplarCity": "Astrakhan"
              },
              "Athens": {
                "exemplarCity": "Atene"
              },
              "Belgrade": {
                "exemplarCity": "Belgradu"
              },
              "Berlin": {
                "exemplarCity": "Berlinu"
              },
              "Bratislava": {
                "exemplarCity": "Bratislava"
              },
              "Brussels": {
                "exemplarCity": "Bruxelles"
              },
              "Bucharest": {
                "exemplarCity": "Bùcarest"
              },
              "Budapest": {
                "exemplarCity": "Bùdapest"
              },
              "Busingen": {
                "exemplarCity": "Büsingen"
              },
              "Chisinau": {
                "exemplarCity": "Chisinau"
              },
              "Copenhagen": {
                "exemplarCity": "Copenhagen"
              },
              "Dublin": {
                "long": {
                  "daylight": "Ora istandard irlandesa"
                },
                "exemplarCity": "Dublinu"
              },
              "Gibraltar": {
                "exemplarCity": "Gibilterra"
              },
              "Guernsey": {
                "exemplarCity": "Guernsey"
              },
              "Helsinki": {
                "exemplarCity": "Helsinki"
              },
              "Isle_of_Man": {
                "exemplarCity": "Ìsula de Man"
              },
              "Istanbul": {
                "exemplarCity": "Ìstanbul"
              },
              "Jersey": {
                "exemplarCity": "Jersey"
              },
              "Kaliningrad": {
                "exemplarCity": "Kaliningrad"
              },
              "Kiev": {
                "exemplarCity": "Kyiv"
              },
              "Kirov": {
                "exemplarCity": "Kirov"
              },
              "Lisbon": {
                "exemplarCity": "Lisbona"
              },
              "Ljubljana": {
                "exemplarCity": "Ljubljana"
              },
              "London": {
                "long": {
                  "daylight": "Ora istiale britànnica"
                },
                "exemplarCity": "Londra"
              },
              "Luxembourg": {
                "exemplarCity": "Lussemburgu"
              },
              "Madrid": {
                "exemplarCity": "Madrid"
              },
              "Malta": {
                "exemplarCity": "Malta"
              },
              "Mariehamn": {
                "exemplarCity": "Mariehamn"
              },
              "Minsk": {
                "exemplarCity": "Minsk"
              },
              "Monaco": {
                "exemplarCity": "Mònacu"
              },
              "Moscow": {
                "exemplarCity": "Mosca"
              },
              "Oslo": {
                "exemplarCity": "Oslo"
              },
              "Paris": {
                "exemplarCity": "Parigi"
              },
              "Podgorica": {
                "exemplarCity": "Podgorica"
              },
              "Prague": {
                "exemplarCity": "Praga"
              },
              "Riga": {
                "exemplarCity": "Riga"
              },
              "Rome": {
                "exemplarCity": "Roma"
              },
              "Samara": {
                "exemplarCity": "Samara"
              },
              "San_Marino": {
                "exemplarCity": "Santu Marinu"
              },
              "Sarajevo": {
                "exemplarCity": "Sarajevo"
              },
              "Saratov": {
                "exemplarCity": "Saratov"
              },
              "Simferopol": {
                "exemplarCity": "Simferopol"
              },
              "Skopje": {
                "exemplarCity": "Skopje"
              },
              "Sofia": {
                "exemplarCity": "Sofia"
              },
              "Stockholm": {
                "exemplarCity": "Istocolma"
              },
              "Tallinn": {
                "exemplarCity": "Tallinn"
              },
              "Tirane": {
                "exemplarCity": "Tirana"
              },
              "Ulyanovsk": {
                "exemplarCity": "Ulyanovsk"
              },
              "Uzhgorod": {
                "exemplarCity": "Uzhgorod"
              },
              "Vaduz": {
                "exemplarCity": "Vaduz"
              },
              "Vatican": {
                "exemplarCity": "Tzitade de su Vaticanu"
              },
              "Vienna": {
                "exemplarCity": "Vienna"
              },
              "Vilnius": {
                "exemplarCity": "Vilnius"
              },
              "Volgograd": {
                "exemplarCity": "Volgograd"
              },
              "Warsaw": {
                "exemplarCity": "Varsàvia"
              },
              "Zagreb": {
                "exemplarCity": "Zagàbria"
              },
              "Zaporozhye": {
                "exemplarCity": "Zaporozhye"
              },
              "Zurich": {
                "exemplarCity": "Zurigu"
              }
            },
            "Africa": {
              "Abidjan": {
                "exemplarCity": "Abidjan"
              },
              "Accra": {
                "exemplarCity": "Accra"
              },
              "Addis_Ababa": {
                "exemplarCity": "Addis Abeba"
              },
              "Algiers": {
                "exemplarCity": "Algeri"
              },
              "Asmera": {
                "exemplarCity": "Asmara"
              },
              "Bamako": {
                "exemplarCity": "Bamako"
              },
              "Bangui": {
                "exemplarCity": "Bangui"
              },
              "Banjul": {
                "exemplarCity": "Banjul"
              },
              "Bissau": {
                "exemplarCity": "Bissau"
              },
              "Blantyre": {
                "exemplarCity": "Blantyre"
              },
              "Brazzaville": {
                "exemplarCity": "Brazzaville"
              },
              "Bujumbura": {
                "exemplarCity": "Bujumbura"
              },
              "Cairo": {
                "exemplarCity": "Su Càiru"
              },
              "Casablanca": {
                "exemplarCity": "Casablanca"
              },
              "Ceuta": {
                "exemplarCity": "Ceuta"
              },
              "Conakry": {
                "exemplarCity": "Conakry"
              },
              "Dakar": {
                "exemplarCity": "Dakar"
              },
              "Dar_es_Salaam": {
                "exemplarCity": "Dar es Salaam"
              },
              "Djibouti": {
                "exemplarCity": "Djibouti"
              },
              "Douala": {
                "exemplarCity": "Douala"
              },
              "El_Aaiun": {
                "exemplarCity": "El Aaiun"
              },
              "Freetown": {
                "exemplarCity": "Freetown"
              },
              "Gaborone": {
                "exemplarCity": "Gaborone"
              },
              "Harare": {
                "exemplarCity": "Harare"
              },
              "Johannesburg": {
                "exemplarCity": "Johannesburg"
              },
              "Juba": {
                "exemplarCity": "Juba"
              },
              "Kampala": {
                "exemplarCity": "Kampala"
              },
              "Khartoum": {
                "exemplarCity": "Khartoum"
              },
              "Kigali": {
                "exemplarCity": "Kigali"
              },
              "Kinshasa": {
                "exemplarCity": "Kinshasa"
              },
              "Lagos": {
                "exemplarCity": "Lagos"
              },
              "Libreville": {
                "exemplarCity": "Libreville"
              },
              "Lome": {
                "exemplarCity": "Lome"
              },
              "Luanda": {
                "exemplarCity": "Luanda"
              },
              "Lubumbashi": {
                "exemplarCity": "Lubumbashi"
              },
              "Lusaka": {
                "exemplarCity": "Lusaka"
              },
              "Malabo": {
                "exemplarCity": "Malabo"
              },
              "Maputo": {
                "exemplarCity": "Maputo"
              },
              "Maseru": {
                "exemplarCity": "Maseru"
              },
              "Mbabane": {
                "exemplarCity": "Mbabane"
              },
              "Mogadishu": {
                "exemplarCity": "Mogadìsciu"
              },
              "Monrovia": {
                "exemplarCity": "Monròvia"
              },
              "Nairobi": {
                "exemplarCity": "Nairobi"
              },
              "Ndjamena": {
                "exemplarCity": "Ndjamena"
              },
              "Niamey": {
                "exemplarCity": "Niamey"
              },
              "Nouakchott": {
                "exemplarCity": "Nouakchott"
              },
              "Ouagadougou": {
                "exemplarCity": "Ouagadougou"
              },
              "Porto-Novo": {
                "exemplarCity": "Portu-Nou"
              },
              "Sao_Tome": {
                "exemplarCity": "São Tomé"
              },
              "Tripoli": {
                "exemplarCity": "Trìpoli"
              },
              "Tunis": {
                "exemplarCity": "Tùnisi"
              },
              "Windhoek": {
                "exemplarCity": "Windhoek"
              }
            },
            "Asia": {
              "Aden": {
                "exemplarCity": "Aden"
              },
              "Almaty": {
                "exemplarCity": "Almaty"
              },
              "Amman": {
                "exemplarCity": "Amman"
              },
              "Anadyr": {
                "exemplarCity": "Anadyr"
              },
              "Aqtau": {
                "exemplarCity": "Aktau"
              },
              "Aqtobe": {
                "exemplarCity": "Aktobe"
              },
              "Ashgabat": {
                "exemplarCity": "Ashgabat"
              },
              "Atyrau": {
                "exemplarCity": "Atyrau"
              },
              "Baghdad": {
                "exemplarCity": "Baghdad"
              },
              "Bahrain": {
                "exemplarCity": "Bahrein"
              },
              "Baku": {
                "exemplarCity": "Baku"
              },
              "Bangkok": {
                "exemplarCity": "Bangkok"
              },
              "Barnaul": {
                "exemplarCity": "Barnaul"
              },
              "Beirut": {
                "exemplarCity": "Beirut"
              },
              "Bishkek": {
                "exemplarCity": "Bishkek"
              },
              "Brunei": {
                "exemplarCity": "Brunei"
              },
              "Calcutta": {
                "exemplarCity": "Calcuta"
              },
              "Chita": {
                "exemplarCity": "Čita"
              },
              "Choibalsan": {
                "exemplarCity": "Choibalsan"
              },
              "Colombo": {
                "exemplarCity": "Colombo"
              },
              "Damascus": {
                "exemplarCity": "Damascu"
              },
              "Dhaka": {
                "exemplarCity": "Daca"
              },
              "Dili": {
                "exemplarCity": "Dili"
              },
              "Dubai": {
                "exemplarCity": "Dubai"
              },
              "Dushanbe": {
                "exemplarCity": "Dushanbe"
              },
              "Famagusta": {
                "exemplarCity": "Famagusta"
              },
              "Gaza": {
                "exemplarCity": "Gaza"
              },
              "Hebron": {
                "exemplarCity": "Hebron"
              },
              "Hong_Kong": {
                "exemplarCity": "Hong Kong"
              },
              "Hovd": {
                "exemplarCity": "Hovd"
              },
              "Irkutsk": {
                "exemplarCity": "Irkutsk"
              },
              "Jakarta": {
                "exemplarCity": "Giacarta"
              },
              "Jayapura": {
                "exemplarCity": "Jayapura"
              },
              "Jerusalem": {
                "exemplarCity": "Gerusalemme"
              },
              "Kabul": {
                "exemplarCity": "Kabul"
              },
              "Kamchatka": {
                "exemplarCity": "Kamchatka"
              },
              "Karachi": {
                "exemplarCity": "Karachi"
              },
              "Katmandu": {
                "exemplarCity": "Kathmandu"
              },
              "Khandyga": {
                "exemplarCity": "Khandyga"
              },
              "Krasnoyarsk": {
                "exemplarCity": "Krasnojarsk"
              },
              "Kuala_Lumpur": {
                "exemplarCity": "Kuala Lumpur"
              },
              "Kuching": {
                "exemplarCity": "Kuching"
              },
              "Kuwait": {
                "exemplarCity": "Kuwait"
              },
              "Macau": {
                "exemplarCity": "Macao"
              },
              "Magadan": {
                "exemplarCity": "Magadan"
              },
              "Makassar": {
                "exemplarCity": "Makassar"
              },
              "Manila": {
                "exemplarCity": "Manila"
              },
              "Muscat": {
                "exemplarCity": "Mascate"
              },
              "Nicosia": {
                "exemplarCity": "Nicosia"
              },
              "Novokuznetsk": {
                "exemplarCity": "Novokuznetsk"
              },
              "Novosibirsk": {
                "exemplarCity": "Novosibirsk"
              },
              "Omsk": {
                "exemplarCity": "Omsk"
              },
              "Oral": {
                "exemplarCity": "Oral"
              },
              "Phnom_Penh": {
                "exemplarCity": "Phnom Penh"
              },
              "Pontianak": {
                "exemplarCity": "Pontianak"
              },
              "Pyongyang": {
                "exemplarCity": "Pyongyang"
              },
              "Qatar": {
                "exemplarCity": "Catàr"
              },
              "Qostanay": {
                "exemplarCity": "Qostanay"
              },
              "Qyzylorda": {
                "exemplarCity": "Kyzylorda"
              },
              "Rangoon": {
                "exemplarCity": "Yangon"
              },
              "Riyadh": {
                "exemplarCity": "Riyàd"
              },
              "Saigon": {
                "exemplarCity": "Tzitade de Ho Chi Minh"
              },
              "Sakhalin": {
                "exemplarCity": "Sakhalin"
              },
              "Samarkand": {
                "exemplarCity": "Samarcanda"
              },
              "Seoul": {
                "exemplarCity": "Seùl"
              },
              "Shanghai": {
                "exemplarCity": "Shanghai"
              },
              "Singapore": {
                "exemplarCity": "Singapore"
              },
              "Srednekolymsk": {
                "exemplarCity": "Srednekolymsk"
              },
              "Taipei": {
                "exemplarCity": "Taipei"
              },
              "Tashkent": {
                "exemplarCity": "Tashkent"
              },
              "Tbilisi": {
                "exemplarCity": "Tbilisi"
              },
              "Tehran": {
                "exemplarCity": "Teheràn"
              },
              "Thimphu": {
                "exemplarCity": "Thimphu"
              },
              "Tokyo": {
                "exemplarCity": "Tokyo"
              },
              "Tomsk": {
                "exemplarCity": "Tomsk"
              },
              "Ulaanbaatar": {
                "exemplarCity": "Ulàn Bator"
              },
              "Urumqi": {
                "exemplarCity": "Urumqi"
              },
              "Ust-Nera": {
                "exemplarCity": "Ust-Nera"
              },
              "Vientiane": {
                "exemplarCity": "Vientiane"
              },
              "Vladivostok": {
                "exemplarCity": "Vladivostok"
              },
              "Yakutsk": {
                "exemplarCity": "Yakutsk"
              },
              "Yekaterinburg": {
                "exemplarCity": "Yekaterinburg"
              },
              "Yerevan": {
                "exemplarCity": "Yerevan"
              }
            },
            "Indian": {
              "Antananarivo": {
                "exemplarCity": "Antananarivo"
              },
              "Chagos": {
                "exemplarCity": "Chagos"
              },
              "Christmas": {
                "exemplarCity": "Natividade"
              },
              "Cocos": {
                "exemplarCity": "Cocos"
              },
              "Comoro": {
                "exemplarCity": "Comoro"
              },
              "Kerguelen": {
                "exemplarCity": "Kerguelen"
              },
              "Mahe": {
                "exemplarCity": "Mahe"
              },
              "Maldives": {
                "exemplarCity": "Maldivas"
              },
              "Mauritius": {
                "exemplarCity": "Maurìtzius"
              },
              "Mayotte": {
                "exemplarCity": "Maiota"
              },
              "Reunion": {
                "exemplarCity": "Reunione"
              }
            },
            "Australia": {
              "Adelaide": {
                "exemplarCity": "Adelaide"
              },
              "Brisbane": {
                "exemplarCity": "Brisbane"
              },
              "Broken_Hill": {
                "exemplarCity": "Broken Hill"
              },
              "Darwin": {
                "exemplarCity": "Darwin"
              },
              "Eucla": {
                "exemplarCity": "Eucla"
              },
              "Hobart": {
                "exemplarCity": "Hobart"
              },
              "Lindeman": {
                "exemplarCity": "Lindeman"
              },
              "Lord_Howe": {
                "exemplarCity": "Lord Howe"
              },
              "Melbourne": {
                "exemplarCity": "Melbourne"
              },
              "Perth": {
                "exemplarCity": "Perth"
              },
              "Sydney": {
                "exemplarCity": "Sydney"
              }
            },
            "Pacific": {
              "Apia": {
                "exemplarCity": "Apia"
              },
              "Auckland": {
                "exemplarCity": "Auckland"
              },
              "Bougainville": {
                "exemplarCity": "Bougainville"
              },
              "Chatham": {
                "exemplarCity": "Chatham"
              },
              "Easter": {
                "exemplarCity": "Easter"
              },
              "Efate": {
                "exemplarCity": "Efate"
              },
              "Fakaofo": {
                "exemplarCity": "Fakaofo"
              },
              "Fiji": {
                "exemplarCity": "Fiji"
              },
              "Funafuti": {
                "exemplarCity": "Funafuti"
              },
              "Galapagos": {
                "exemplarCity": "Galapagos"
              },
              "Gambier": {
                "exemplarCity": "Gambier"
              },
              "Guadalcanal": {
                "exemplarCity": "Guadalcanal"
              },
              "Guam": {
                "exemplarCity": "Guàm"
              },
              "Honolulu": {
                "short": {
                  "generic": "OIH",
                  "standard": "OIH",
                  "daylight": "OLH"
                }
              },
              "Johnston": {
                "exemplarCity": "Johnston"
              },
              "Kanton": {
                "exemplarCity": "Canton"
              },
              "Kiritimati": {
                "exemplarCity": "Kiritimati"
              },
              "Kosrae": {
                "exemplarCity": "Kosrae"
              },
              "Kwajalein": {
                "exemplarCity": "Kwajalein"
              },
              "Majuro": {
                "exemplarCity": "Majuro"
              },
              "Marquesas": {
                "exemplarCity": "Marchesas"
              },
              "Midway": {
                "exemplarCity": "Midway"
              },
              "Nauru": {
                "exemplarCity": "Nauru"
              },
              "Niue": {
                "exemplarCity": "Niue"
              },
              "Norfolk": {
                "exemplarCity": "Norfolk"
              },
              "Noumea": {
                "exemplarCity": "Noumea"
              },
              "Pago_Pago": {
                "exemplarCity": "Pago Pago"
              },
              "Palau": {
                "exemplarCity": "Palau"
              },
              "Pitcairn": {
                "exemplarCity": "Pitcairn"
              },
              "Ponape": {
                "exemplarCity": "Pohnpei"
              },
              "Port_Moresby": {
                "exemplarCity": "Port Moresby"
              },
              "Rarotonga": {
                "exemplarCity": "Rarotonga"
              },
              "Saipan": {
                "exemplarCity": "Saipan"
              },
              "Tahiti": {
                "exemplarCity": "Tahiti"
              },
              "Tarawa": {
                "exemplarCity": "Tarawa"
              },
              "Tongatapu": {
                "exemplarCity": "Tongatapu"
              },
              "Truk": {
                "exemplarCity": "Chuuk"
              },
              "Wake": {
                "exemplarCity": "Wake"
              },
              "Wallis": {
                "exemplarCity": "Wallis"
              }
            },
            "Arctic": {
              "Longyearbyen": {
                "exemplarCity": "Longyearbyen"
              }
            },
            "Antarctica": {
              "Casey": {
                "exemplarCity": "Casey"
              },
              "Davis": {
                "exemplarCity": "Davis"
              },
              "DumontDUrville": {
                "exemplarCity": "Dumont d’Urville"
              },
              "Macquarie": {
                "exemplarCity": "Macquarie"
              },
              "Mawson": {
                "exemplarCity": "Mawson"
              },
              "McMurdo": {
                "exemplarCity": "McMurdo"
              },
              "Palmer": {
                "exemplarCity": "Palmer"
              },
              "Rothera": {
                "exemplarCity": "Rothera"
              },
              "Syowa": {
                "exemplarCity": "Syowa"
              },
              "Troll": {
                "exemplarCity": "Troll"
              },
              "Vostok": {
                "exemplarCity": "Vostok"
              }
            },
            "Etc": {
              "UTC": {
                "long": {
                  "standard": "Tempus coordinadu universale"
                },
                "short": {
                  "standard": "TCU"
                }
              },
              "Unknown": {
                "exemplarCity": "Tzitade disconnota"
              }
            }
          },
          "metazone": {
            "Acre": {
              "long": {
                "generic": "Ora de Acre",
                "standard": "Ora istandard de Acre",
                "daylight": "Ora legale de Acre"
              }
            },
            "Afghanistan": {
              "long": {
                "standard": "Ora de s’Afghànistan"
              }
            },
            "Africa_Central": {
              "long": {
                "standard": "Ora de s’Àfrica tzentrale"
              }
            },
            "Africa_Eastern": {
              "long": {
                "standard": "Ora de s’Àfrica orientale"
              }
            },
            "Africa_Southern": {
              "long": {
                "standard": "Ora istandard de s’Àfrica meridionale"
              }
            },
            "Africa_Western": {
              "long": {
                "generic": "Ora de s’Àfrica otzidentale",
                "standard": "Ora istandard de s’Àfrica otzidentale",
                "daylight": "Ora legale de s’Àfrica otzidentale"
              }
            },
            "Alaska": {
              "long": {
                "generic": "Ora de s’Alaska",
                "standard": "Ora istandard de s’Alaska",
                "daylight": "Ora legale de s’Alaska"
              },
              "short": {
                "generic": "OAK",
                "standard": "OIAK",
                "daylight": "OLAK"
              }
            },
            "Almaty": {
              "long": {
                "generic": "Ora de Almaty",
                "standard": "Ora istandard de Almaty",
                "daylight": "Ora legale de Almaty"
              }
            },
            "Amazon": {
              "long": {
                "generic": "Ora de s’Amatzònia",
                "standard": "Ora istandard de s’Amatzònia",
                "daylight": "Ora legale de s’Amatzònia"
              }
            },
            "America_Central": {
              "long": {
                "generic": "Ora tzentrale USA",
                "standard": "Ora istandard tzentrale USA",
                "daylight": "Ora legale tzentrale USA"
              },
              "short": {
                "generic": "OT",
                "standard": "OIT",
                "daylight": "OLT"
              }
            },
            "America_Eastern": {
              "long": {
                "generic": "Ora orientale USA",
                "standard": "Ora istandard orientale USA",
                "daylight": "Ora legale orientale USA"
              },
              "short": {
                "generic": "OO",
                "standard": "OIO",
                "daylight": "OLO"
              }
            },
            "America_Mountain": {
              "long": {
                "generic": "Ora Montes Pedrosos USA",
                "standard": "Ora istandard Montes Pedrosos USA",
                "daylight": "Ora legale Montes Pedrosos USA"
              },
              "short": {
                "generic": "OMP",
                "standard": "OIMP",
                "daylight": "OLMP"
              }
            },
            "America_Pacific": {
              "long": {
                "generic": "Ora de su Patzìficu USA",
                "standard": "Ora istandard de su Patzìficu USA",
                "daylight": "Ora legale de su Patzìficu USA"
              },
              "short": {
                "generic": "OP",
                "standard": "OIP",
                "daylight": "OLP"
              }
            },
            "Anadyr": {
              "long": {
                "generic": "Ora de Anadyr",
                "standard": "Ora istandard de Anadyr",
                "daylight": "Ora legale de Anadyr"
              }
            },
            "Apia": {
              "long": {
                "generic": "Ora de Apia",
                "standard": "Ora istandard de Apia",
                "daylight": "Ora legale de Apia"
              }
            },
            "Aqtau": {
              "long": {
                "generic": "Ora de Aktau",
                "standard": "Ora istandard de Aktau",
                "daylight": "Ora legale de Aktau"
              }
            },
            "Aqtobe": {
              "long": {
                "generic": "Ora de Aktobe",
                "standard": "Ora istandard de Aktobe",
                "daylight": "Ora legale de Aktobe"
              }
            },
            "Arabian": {
              "long": {
                "generic": "Ora àraba",
                "standard": "Ora istandard àraba",
                "daylight": "Ora legale àraba"
              }
            },
            "Argentina": {
              "long": {
                "generic": "Ora de s’Argentina",
                "standard": "Ora istandard de s’Argentina",
                "daylight": "Ora legale de s’Argentina"
              }
            },
            "Argentina_Western": {
              "long": {
                "generic": "Ora de s’Argentina otzidentale",
                "standard": "Ora istandard de s’Argentina otzidentale",
                "daylight": "Ora legale de s’Argentina otzidentale"
              }
            },
            "Armenia": {
              "long": {
                "generic": "Ora de s’Armènia",
                "standard": "Ora istandard de s’Armènia",
                "daylight": "Ora legale de s’Armènia"
              }
            },
            "Atlantic": {
              "long": {
                "generic": "Ora de s’Atlànticu",
                "standard": "Ora istandard de s’Atlànticu",
                "daylight": "Ora legale de s’Atlànticu"
              },
              "short": {
                "generic": "OA",
                "standard": "OIA",
                "daylight": "OLA"
              }
            },
            "Australia_Central": {
              "long": {
                "generic": "Ora de s’Austràlia tzentrale",
                "standard": "Ora istandard de s’Austràlia tzentrale",
                "daylight": "Ora legale de s’Austràlia tzentrale"
              }
            },
            "Australia_CentralWestern": {
              "long": {
                "generic": "Ora de s’Austràlia tzentru-otzidentale",
                "standard": "Ora istandard de s’Austràlia tzentru-otzidentale",
                "daylight": "Ora legale de s’Austràlia tzentru-otzidentale"
              }
            },
            "Australia_Eastern": {
              "long": {
                "generic": "Ora de s’Austràlia orientale",
                "standard": "Ora istandard de s’Austràlia orientale",
                "daylight": "Ora legale de s’Austràlia orientale"
              }
            },
            "Australia_Western": {
              "long": {
                "generic": "Ora de s’Austràlia otzidentale",
                "standard": "Ora istandard de s’Austràlia otzidentale",
                "daylight": "Ora legale de s’Austràlia otzidentale"
              }
            },
            "Azerbaijan": {
              "long": {
                "generic": "Ora de s’Azerbaigiàn",
                "standard": "Ora istandard de s’Azerbaigiàn",
                "daylight": "Ora legale de s’Azerbaigiàn"
              }
            },
            "Azores": {
              "long": {
                "generic": "Ora de sas Azorras",
                "standard": "Ora istandard de sas Azorras",
                "daylight": "Ora legale de sas Azorras"
              }
            },
            "Bangladesh": {
              "long": {
                "generic": "Ora de su Bangladesh",
                "standard": "Ora istandard de su Bangladesh",
                "daylight": "Ora legale de su Bangladesh"
              }
            },
            "Bhutan": {
              "long": {
                "standard": "Ora de su Bhutàn"
              }
            },
            "Bolivia": {
              "long": {
                "standard": "Ora de sa Bolìvia"
              }
            },
            "Brasilia": {
              "long": {
                "generic": "Ora de Brasìlia",
                "standard": "Ora istandard de Brasìlia",
                "daylight": "Ora legale de Brasìlia"
              }
            },
            "Brunei": {
              "long": {
                "standard": "Ora de su Brunei"
              }
            },
            "Cape_Verde": {
              "long": {
                "generic": "Ora de su Cabu Birde",
                "standard": "Ora istandard de su Cabu Birde",
                "daylight": "Ora legale de su Cabu Birde"
              }
            },
            "Casey": {
              "long": {
                "standard": "Ora de Casey"
              }
            },
            "Chamorro": {
              "long": {
                "standard": "Ora istandard de Chamorro"
              }
            },
            "Chatham": {
              "long": {
                "generic": "Ora de sas Chatham",
                "standard": "Ora istandard de sas Chatham",
                "daylight": "Ora legale de sas Chatham"
              }
            },
            "Chile": {
              "long": {
                "generic": "Ora de su Tzile",
                "standard": "Ora istandard de su Tzile",
                "daylight": "Ora legale de su Tzile"
              }
            },
            "China": {
              "long": {
                "generic": "Ora de sa Tzina",
                "standard": "Ora istandard de sa Tzina",
                "daylight": "Ora legale de sa Tzina"
              }
            },
            "Choibalsan": {
              "long": {
                "generic": "Ora de Choibalsan",
                "standard": "Ora istandard de Choibalsan",
                "daylight": "Ora legale de Choibalsan"
              }
            },
            "Christmas": {
              "long": {
                "standard": "Ora de s’Ìsula de sa Natividade"
              }
            },
            "Cocos": {
              "long": {
                "standard": "Ora de sas Ìsulas Cocos"
              }
            },
            "Colombia": {
              "long": {
                "generic": "Ora de sa Colòmbia",
                "standard": "Ora istandard de sa Colòmbia",
                "daylight": "Ora legale de sa Colòmbia"
              }
            },
            "Cook": {
              "long": {
                "generic": "Ora de sas Ìsulas Cook",
                "standard": "Ora istandard de sas Ìsulas Cook",
                "daylight": "Ora legale de sas Ìsulas Cook"
              }
            },
            "Cuba": {
              "long": {
                "generic": "Ora de Cuba",
                "standard": "Ora istandard de Cuba",
                "daylight": "Ora legale de Cuba"
              }
            },
            "Davis": {
              "long": {
                "standard": "Ora de Davis"
              }
            },
            "DumontDUrville": {
              "long": {
                "standard": "Ora de Dumont-d’Urville"
              }
            },
            "East_Timor": {
              "long": {
                "standard": "Ora de su Timor Est"
              }
            },
            "Easter": {
              "long": {
                "generic": "Ora de s’Ìsula de Pasca",
                "standard": "Ora istandard de s’Ìsula de Pasca",
                "daylight": "Ora legale de s’Ìsula de Pasca"
              }
            },
            "Ecuador": {
              "long": {
                "standard": "Ora de s’Ecuador"
              }
            },
            "Europe_Central": {
              "long": {
                "generic": "Ora de s’Europa tzentrale",
                "standard": "Ora istandard de s’Europa tzentrale",
                "daylight": "Ora legale de s’Europa tzentrale"
              }
            },
            "Europe_Eastern": {
              "long": {
                "generic": "Ora de s’Europa orientale",
                "standard": "Ora istandard de s’Europa orientale",
                "daylight": "Ora legale de s’Europa orientale"
              }
            },
            "Europe_Further_Eastern": {
              "long": {
                "standard": "Ora de s’estremu oriente europeu (Kaliningrad)"
              }
            },
            "Europe_Western": {
              "long": {
                "generic": "Ora de s’Europa otzidentale",
                "standard": "Ora istandard de s’Europa otzidentale",
                "daylight": "Ora legale de s’Europa otzidentale"
              }
            },
            "Falkland": {
              "long": {
                "generic": "Ora de sas Ìsulas Falkland",
                "standard": "Ora istandard de sas Ìsulas Falkland",
                "daylight": "Ora legale de sas Ìsulas Falkland"
              }
            },
            "Fiji": {
              "long": {
                "generic": "Ora de sas Fiji",
                "standard": "Ora istandard de sas Fiji",
                "daylight": "Ora legale de sas Fiji"
              }
            },
            "French_Guiana": {
              "long": {
                "standard": "Ora de sa Guiana Frantzesa"
              }
            },
            "French_Southern": {
              "long": {
                "standard": "Ora de sa Terras australes e antàrticas frantzesas"
              }
            },
            "Galapagos": {
              "long": {
                "standard": "Ora de sas Galàpagos"
              }
            },
            "Gambier": {
              "long": {
                "standard": "Ora de Gambier"
              }
            },
            "Georgia": {
              "long": {
                "generic": "Ora de sa Geòrgia",
                "standard": "Ora istandard de sa Geòrgia",
                "daylight": "Ora legale de sa Geòrgia"
              }
            },
            "Gilbert_Islands": {
              "long": {
                "standard": "Ora de sas Ìsulas Gilbert"
              }
            },
            "GMT": {
              "long": {
                "standard": "Ora de su meridianu de Greenwich"
              },
              "short": {
                "standard": "OMG"
              }
            },
            "Greenland_Eastern": {
              "long": {
                "generic": "Ora de sa Groenlàndia orientale",
                "standard": "Ora istandard de sa Groenlàndia orientale",
                "daylight": "Ora legale de sa Groenlàndia orientale"
              }
            },
            "Greenland_Western": {
              "long": {
                "generic": "Ora de sa Groenlàndia otzidentale",
                "standard": "Ora istandard de sa Groenlàndia otzidentale",
                "daylight": "Ora legale de sa Groenlàndia otzidentale"
              }
            },
            "Guam": {
              "long": {
                "standard": "Ora istandard de Guàm"
              }
            },
            "Gulf": {
              "long": {
                "standard": "Ora istandard de su Gulfu"
              }
            },
            "Guyana": {
              "long": {
                "standard": "Ora de sa Guyana"
              }
            },
            "Hawaii_Aleutian": {
              "long": {
                "generic": "Ora de sas ìsulas Hawaii-Aleutinas",
                "standard": "Ora istandard de sas ìsulas Hawaii-Aleutinas",
                "daylight": "Ora legale de sas ìsulas Hawaii-Aleutinas"
              }
            },
            "Hong_Kong": {
              "long": {
                "generic": "Ora de Hong Kong",
                "standard": "Ora istandard de Hong Kong",
                "daylight": "Ora legale de Hong Kong"
              }
            },
            "Hovd": {
              "long": {
                "generic": "Ora de Hovd",
                "standard": "Ora istandard de Hovd",
                "daylight": "Ora legale de Hovd"
              }
            },
            "India": {
              "long": {
                "standard": "Ora istandard de s’Ìndia"
              }
            },
            "Indian_Ocean": {
              "long": {
                "standard": "Ora de s’Otzèanu Indianu"
              }
            },
            "Indochina": {
              "long": {
                "standard": "Ora de s’Indotzina"
              }
            },
            "Indonesia_Central": {
              "long": {
                "standard": "Ora de s’Indonèsia tzentrale"
              }
            },
            "Indonesia_Eastern": {
              "long": {
                "standard": "Ora de s’Indonèsia orientale"
              }
            },
            "Indonesia_Western": {
              "long": {
                "standard": "Ora de s’Indonèsia otzidentale"
              }
            },
            "Iran": {
              "long": {
                "generic": "Ora de s’Iràn",
                "standard": "Ora istandard de s’Iràn",
                "daylight": "Ora legale de s’Iràn"
              }
            },
            "Irkutsk": {
              "long": {
                "generic": "Ora de Irkutsk",
                "standard": "Ora istandard de Irkutsk",
                "daylight": "Ora legale de Irkutsk"
              }
            },
            "Israel": {
              "long": {
                "generic": "Ora de Israele",
                "standard": "Ora istandard de Israele",
                "daylight": "Ora legale de Israele"
              }
            },
            "Japan": {
              "long": {
                "generic": "Ora de su Giapone",
                "standard": "Ora istandard de su Giapone",
                "daylight": "Ora legale de su Giapone"
              }
            },
            "Kamchatka": {
              "long": {
                "generic": "Ora de Petropavlovsk-Kamchatski",
                "standard": "Ora istandard de Petropavlovsk-Kamchatski",
                "daylight": "Ora legale de Petropavlovsk-Kamchatski"
              }
            },
            "Kazakhstan_Eastern": {
              "long": {
                "standard": "Ora de su Kazàkistan orientale"
              }
            },
            "Kazakhstan_Western": {
              "long": {
                "standard": "Ora de su Kazàkistan otzidentale"
              }
            },
            "Korea": {
              "long": {
                "generic": "Ora coreana",
                "standard": "Ora istandard coreana",
                "daylight": "Ora legale coreana"
              }
            },
            "Kosrae": {
              "long": {
                "standard": "Ora de Kosrae"
              }
            },
            "Krasnoyarsk": {
              "long": {
                "generic": "Ora de Krasnoyarsk",
                "standard": "Ora istandard de Krasnoyarsk",
                "daylight": "Ora legale de Krasnoyarsk"
              }
            },
            "Kyrgystan": {
              "long": {
                "standard": "Ora de su Kirghìzistan"
              }
            },
            "Lanka": {
              "long": {
                "standard": "Ora de Lanka"
              }
            },
            "Line_Islands": {
              "long": {
                "standard": "Ora de sas Ìsulas de sa Lìnia"
              }
            },
            "Lord_Howe": {
              "long": {
                "generic": "Ora de Lord Howe",
                "standard": "Ora istandard de Lord Howe",
                "daylight": "Ora legale de Lord Howe"
              }
            },
            "Macau": {
              "long": {
                "generic": "Ora de Macao",
                "standard": "Ora istandard de Macao",
                "daylight": "Ora legale de Macao"
              }
            },
            "Macquarie": {
              "long": {
                "standard": "Ora de s’Ìsula Macquarie"
              }
            },
            "Magadan": {
              "long": {
                "generic": "Ora de Magadan",
                "standard": "Ora istandard de Magadan",
                "daylight": "Ora legale de Magadan"
              }
            },
            "Malaysia": {
              "long": {
                "standard": "Ora de sa Malèsia"
              }
            },
            "Maldives": {
              "long": {
                "standard": "Ora de sas Maldivas"
              }
            },
            "Marquesas": {
              "long": {
                "standard": "Ora de sas Marchesas"
              }
            },
            "Marshall_Islands": {
              "long": {
                "standard": "Ora de sas Ìsulas Marshall"
              }
            },
            "Mauritius": {
              "long": {
                "generic": "Ora de sas Maurìtzius",
                "standard": "Ora istandard de sas Maurìtzius",
                "daylight": "Ora legale de sas Maurìtzius"
              }
            },
            "Mawson": {
              "long": {
                "standard": "Ora de Mawson"
              }
            },
            "Mexico_Northwest": {
              "long": {
                "generic": "Ora de su Mèssicu nord-otzidentale",
                "standard": "Ora istandard de su Mèssicu nord-otzidentale",
                "daylight": "Ora legale de su Mèssicu nord-otzidentale"
              }
            },
            "Mexico_Pacific": {
              "long": {
                "generic": "Ora de su Patzìficu (Mèssicu)",
                "standard": "Ora istandard de su Patzìficu (Mèssicu)",
                "daylight": "Ora legale de su Patzìficu (Mèssicu)"
              }
            },
            "Mongolia": {
              "long": {
                "generic": "Ora de Ulàn Bator",
                "standard": "Ora istandard de Ulàn Bator",
                "daylight": "Ora legale de Ulàn Bator"
              }
            },
            "Moscow": {
              "long": {
                "generic": "Ora de Mosca",
                "standard": "Ora istandard de Mosca",
                "daylight": "Ora legale de Mosca"
              }
            },
            "Myanmar": {
              "long": {
                "standard": "Ora de su Myanmàr"
              }
            },
            "Nauru": {
              "long": {
                "standard": "Ora de Nauru"
              }
            },
            "Nepal": {
              "long": {
                "standard": "Ora de su Nepal"
              }
            },
            "New_Caledonia": {
              "long": {
                "generic": "Ora de sa Caledònia Noa",
                "standard": "Ora istandard de sa Caledònia Noa",
                "daylight": "Ora legale de sa Caledònia Noa"
              }
            },
            "New_Zealand": {
              "long": {
                "generic": "Ora de sa Zelanda Noa",
                "standard": "Ora istandard de sa Zelanda Noa",
                "daylight": "Ora legale de sa Zelanda Noa"
              }
            },
            "Newfoundland": {
              "long": {
                "generic": "Ora de Terranova",
                "standard": "Ora istandard de Terranova",
                "daylight": "Ora legale de Terranova"
              }
            },
            "Niue": {
              "long": {
                "standard": "Ora de Niue"
              }
            },
            "Norfolk": {
              "long": {
                "generic": "Ora de s’Ìsula Norfolk",
                "standard": "Ora istandard de s’Ìsula Norfolk",
                "daylight": "Ora legale de s’Ìsula Norfolk"
              }
            },
            "Noronha": {
              "long": {
                "generic": "Ora de su Fernando de Noronha",
                "standard": "Ora istandard de su Fernando de Noronha",
                "daylight": "Ora legale de su Fernando de Noronha"
              }
            },
            "North_Mariana": {
              "long": {
                "standard": "Ora de sas Ìsulas Mariannas Setentrionales"
              }
            },
            "Novosibirsk": {
              "long": {
                "generic": "Ora de Novosibirsk",
                "standard": "Ora istandard de Novosibirsk",
                "daylight": "Ora legale de Novosibirsk"
              }
            },
            "Omsk": {
              "long": {
                "generic": "Ora de Omsk",
                "standard": "Ora istandard de Omsk",
                "daylight": "Ora legale de Omsk"
              }
            },
            "Pakistan": {
              "long": {
                "generic": "Ora de su Pàkistan",
                "standard": "Ora istandard de su Pàkistan",
                "daylight": "Ora legale de su Pàkistan"
              }
            },
            "Palau": {
              "long": {
                "standard": "Ora de Palau"
              }
            },
            "Papua_New_Guinea": {
              "long": {
                "standard": "Ora de sa Pàpua Guinea Noa"
              }
            },
            "Paraguay": {
              "long": {
                "generic": "Ora de su Paraguay",
                "standard": "Ora istandard de su Paraguay",
                "daylight": "Ora legale de su Paraguay"
              }
            },
            "Peru": {
              "long": {
                "generic": "Ora de su Perù",
                "standard": "Ora istandard de su Perù",
                "daylight": "Ora legale de su Perù"
              }
            },
            "Philippines": {
              "long": {
                "generic": "Ora de sas Filipinas",
                "standard": "Ora istandard de sas Filipinas",
                "daylight": "Ora legale de sas Filipinas"
              }
            },
            "Phoenix_Islands": {
              "long": {
                "standard": "Ora de sas Ìsulas de sa Fenìtzie"
              }
            },
            "Pierre_Miquelon": {
              "long": {
                "generic": "Ora de Saint-Pierre e Miquelon",
                "standard": "Ora istandard de Saint-Pierre e Miquelon",
                "daylight": "Ora legale de Saint-Pierre e Miquelon"
              }
            },
            "Pitcairn": {
              "long": {
                "standard": "Ora de sas Pitcairn"
              }
            },
            "Ponape": {
              "long": {
                "standard": "Ora de Pohnpei"
              }
            },
            "Pyongyang": {
              "long": {
                "standard": "Ora de Pyongyang"
              }
            },
            "Qyzylorda": {
              "long": {
                "generic": "Ora de Qyzylorda",
                "standard": "Ora istandard de Qyzylorda",
                "daylight": "Ora legale de Qyzylorda"
              }
            },
            "Reunion": {
              "long": {
                "standard": "Ora de sa Reunione"
              }
            },
            "Rothera": {
              "long": {
                "standard": "Ora de Rothera"
              }
            },
            "Sakhalin": {
              "long": {
                "generic": "Ora de Sakhalin",
                "standard": "Ora istandard de Sakhalin",
                "daylight": "Ora legale de Sakhalin"
              }
            },
            "Samara": {
              "long": {
                "generic": "Ora de Samara",
                "standard": "Ora istandard de Samara",
                "daylight": "Ora legale de Samara"
              }
            },
            "Samoa": {
              "long": {
                "generic": "Ora de sas Samoa",
                "standard": "Ora istandard de sas Samoa",
                "daylight": "Ora legale de sas Samoa"
              }
            },
            "Seychelles": {
              "long": {
                "standard": "Ora de sas Seychelles"
              }
            },
            "Singapore": {
              "long": {
                "standard": "Ora de Singapore"
              }
            },
            "Solomon": {
              "long": {
                "standard": "Ora de sas Ìsulas Salomone"
              }
            },
            "South_Georgia": {
              "long": {
                "standard": "Ora de sa Geòrgia de su Sud"
              }
            },
            "Suriname": {
              "long": {
                "standard": "Ora de su Suriname"
              }
            },
            "Syowa": {
              "long": {
                "standard": "Ora de Syowa"
              }
            },
            "Tahiti": {
              "long": {
                "standard": "Ora de Tahiti"
              }
            },
            "Taipei": {
              "long": {
                "generic": "Ora de Taipei",
                "standard": "Ora istandard de Taipei",
                "daylight": "Ora legale de Taipei"
              }
            },
            "Tajikistan": {
              "long": {
                "standard": "Ora de su Tagìkistan"
              }
            },
            "Tokelau": {
              "long": {
                "standard": "Ora de su Tokelau"
              }
            },
            "Tonga": {
              "long": {
                "generic": "Ora de su Tonga",
                "standard": "Ora istandard de su Tonga",
                "daylight": "Ora legale de su Tonga"
              }
            },
            "Truk": {
              "long": {
                "standard": "Ora de su Chuuk"
              }
            },
            "Turkmenistan": {
              "long": {
                "generic": "Ora de su Turkmènistan",
                "standard": "Ora istandard de su Turkmènistan",
                "daylight": "Ora legale de su Turkmènistan"
              }
            },
            "Tuvalu": {
              "long": {
                "standard": "Ora de su Tuvalu"
              }
            },
            "Uruguay": {
              "long": {
                "generic": "Ora de s’Uruguay",
                "standard": "Ora istandard de s’Uruguay",
                "daylight": "Ora legale de s’Uruguay"
              }
            },
            "Uzbekistan": {
              "long": {
                "generic": "Ora de s’Uzbèkistan",
                "standard": "Ora istandard de s’Uzbèkistan",
                "daylight": "Ora legale de s’Uzbèkistan"
              }
            },
            "Vanuatu": {
              "long": {
                "generic": "Ora de su Vanuatu",
                "standard": "Ora istandard de su Vanuatu",
                "daylight": "Ora legale de su Vanuatu"
              }
            },
            "Venezuela": {
              "long": {
                "standard": "Ora de su Venetzuela"
              }
            },
            "Vladivostok": {
              "long": {
                "generic": "Ora de Vladivostok",
                "standard": "Ora istandard de Vladivostok",
                "daylight": "Ora legale de Vladivostok"
              }
            },
            "Volgograd": {
              "long": {
                "generic": "Ora de Volgograd",
                "standard": "Ora istandard de Volgograd",
                "daylight": "Ora legale de Volgograd"
              }
            },
            "Vostok": {
              "long": {
                "standard": "Ora de Vostok"
              }
            },
            "Wake": {
              "long": {
                "standard": "Ora de sas Ìsulas Wake"
              }
            },
            "Wallis": {
              "long": {
                "standard": "Ora de Wallis e Futuna"
              }
            },
            "Yakutsk": {
              "long": {
                "generic": "Ora de Yakutsk",
                "standard": "Ora istandard de Yakutsk",
                "daylight": "Ora legale de Yakutsk"
              }
            },
            "Yekaterinburg": {
              "long": {
                "generic": "Ora de Yekaterinburg",
                "standard": "Ora istandard de Yekaterinburg",
                "daylight": "Ora legale de Yekaterinburg"
              }
            },
            "Yukon": {
              "long": {
                "standard": "Ora de su Yukon"
              }
            }
          }
        }
      }
    }
  }
}
