{
  "main": {
    "ast": {
      "identity": {
        "version": {
          "_cldrVersion": "42"
        },
        "language": "ast"
      },
      "dates": {
        "timeZoneNames": {
          "hourFormat": "+HH:mm;-HH:mm",
          "gmtFormat": "GMT{0}",
          "gmtZeroFormat": "GMT",
          "regionFormat": "Hora de {0}",
          "regionFormat-type-daylight": "Hora braniega de {0}",
          "regionFormat-type-standard": "Hora estándar de {0}",
          "fallbackFormat": "{1} ({0})",
          "zone": {
            "America": {
              "Adak": {
                "exemplarCity": "Adak"
              },
              "Anchorage": {
                "exemplarCity": "Anchorage"
              },
              "Anguilla": {
                "exemplarCity": "Anguila"
              },
              "Antigua": {
                "exemplarCity": "Antigua"
              },
              "Araguaina": {
                "exemplarCity": "Araguaina"
              },
              "Argentina": {
                "Rio_Gallegos": {
                  "exemplarCity": "Rio Gallegos"
                },
                "San_Juan": {
                  "exemplarCity": "San Juan"
                },
                "Ushuaia": {
                  "exemplarCity": "Ushuaia"
                },
                "La_Rioja": {
                  "exemplarCity": "La Rioja"
                },
                "San_Luis": {
                  "exemplarCity": "San Luis"
                },
                "Salta": {
                  "exemplarCity": "Salta"
                },
                "Tucuman": {
                  "exemplarCity": "Tucumán"
                }
              },
              "Aruba": {
                "exemplarCity": "Aruba"
              },
              "Asuncion": {
                "exemplarCity": "Asunción"
              },
              "Bahia": {
                "exemplarCity": "Bahía"
              },
              "Bahia_Banderas": {
                "exemplarCity": "Bahía Banderas"
              },
              "Barbados": {
                "exemplarCity": "Barbados"
              },
              "Belem": {
                "exemplarCity": "Belem"
              },
              "Belize": {
                "exemplarCity": "Belize"
              },
              "Blanc-Sablon": {
                "exemplarCity": "Blanc-Sablon"
              },
              "Boa_Vista": {
                "exemplarCity": "Boa Vista"
              },
              "Bogota": {
                "exemplarCity": "Bogotá"
              },
              "Boise": {
                "exemplarCity": "Boise"
              },
              "Buenos_Aires": {
                "exemplarCity": "Buenos Aires"
              },
              "Cambridge_Bay": {
                "exemplarCity": "Cambridge Bay"
              },
              "Campo_Grande": {
                "exemplarCity": "Campo Grande"
              },
              "Cancun": {
                "exemplarCity": "Cancún"
              },
              "Caracas": {
                "exemplarCity": "Caracas"
              },
              "Catamarca": {
                "exemplarCity": "Catamarca"
              },
              "Cayenne": {
                "exemplarCity": "Cayenne"
              },
              "Cayman": {
                "exemplarCity": "Caimán"
              },
              "Chicago": {
                "exemplarCity": "Chicago"
              },
              "Chihuahua": {
                "exemplarCity": "Chihuahua"
              },
              "Coral_Harbour": {
                "exemplarCity": "Atikokan"
              },
              "Cordoba": {
                "exemplarCity": "Córdoba"
              },
              "Costa_Rica": {
                "exemplarCity": "Costa Rica"
              },
              "Creston": {
                "exemplarCity": "Creston"
              },
              "Cuiaba": {
                "exemplarCity": "Cuiaba"
              },
              "Curacao": {
                "exemplarCity": "Curaçao"
              },
              "Danmarkshavn": {
                "exemplarCity": "Danmarkshavn"
              },
              "Dawson": {
                "exemplarCity": "Dawson"
              },
              "Dawson_Creek": {
                "exemplarCity": "Dawson Creek"
              },
              "Denver": {
                "exemplarCity": "Denver"
              },
              "Detroit": {
                "exemplarCity": "Detroit"
              },
              "Dominica": {
                "exemplarCity": "Dominica"
              },
              "Edmonton": {
                "exemplarCity": "Edmonton"
              },
              "Eirunepe": {
                "exemplarCity": "Eirunepe"
              },
              "El_Salvador": {
                "exemplarCity": "El Salvador"
              },
              "Fort_Nelson": {
                "exemplarCity": "Fort Nelson"
              },
              "Fortaleza": {
                "exemplarCity": "Fortaleza"
              },
              "Glace_Bay": {
                "exemplarCity": "Glace Bay"
              },
              "Godthab": {
                "exemplarCity": "Nuuk"
              },
              "Goose_Bay": {
                "exemplarCity": "Goose Bay"
              },
              "Grand_Turk": {
                "exemplarCity": "Grand Turk"
              },
              "Grenada": {
                "exemplarCity": "Granada"
              },
              "Guadeloupe": {
                "exemplarCity": "Guadalupe"
              },
              "Guatemala": {
                "exemplarCity": "Guatemala"
              },
              "Guayaquil": {
                "exemplarCity": "Guayaquil"
              },
              "Guyana": {
                "exemplarCity": "Guyana"
              },
              "Halifax": {
                "exemplarCity": "Halifax"
              },
              "Havana": {
                "exemplarCity": "La Habana"
              },
              "Hermosillo": {
                "exemplarCity": "Hermosillo"
              },
              "Indiana": {
                "Vincennes": {
                  "exemplarCity": "Vincennes, Indiana"
                },
                "Petersburg": {
                  "exemplarCity": "Petersburg, Indiana"
                },
                "Tell_City": {
                  "exemplarCity": "Tell City, Indiana"
                },
                "Knox": {
                  "exemplarCity": "Knox, Indiana"
                },
                "Winamac": {
                  "exemplarCity": "Winamac, Indiana"
                },
                "Marengo": {
                  "exemplarCity": "Marengo, Indiana"
                },
                "Vevay": {
                  "exemplarCity": "Vevay, Indiana"
                }
              },
              "Indianapolis": {
                "exemplarCity": "Indianapolis"
              },
              "Inuvik": {
                "exemplarCity": "Inuvik"
              },
              "Iqaluit": {
                "exemplarCity": "Iqaluit"
              },
              "Jamaica": {
                "exemplarCity": "Xamaica"
              },
              "Jujuy": {
                "exemplarCity": "Jujuy"
              },
              "Juneau": {
                "exemplarCity": "Juneau"
              },
              "Kentucky": {
                "Monticello": {
                  "exemplarCity": "Monticello, Kentucky"
                }
              },
              "Kralendijk": {
                "exemplarCity": "Kralendijk"
              },
              "La_Paz": {
                "exemplarCity": "La Paz"
              },
              "Lima": {
                "exemplarCity": "Lima"
              },
              "Los_Angeles": {
                "exemplarCity": "Los Angeles"
              },
              "Louisville": {
                "exemplarCity": "Louisville"
              },
              "Lower_Princes": {
                "exemplarCity": "Lower Prince’s Quarter"
              },
              "Maceio": {
                "exemplarCity": "Maceio"
              },
              "Managua": {
                "exemplarCity": "Managua"
              },
              "Manaus": {
                "exemplarCity": "Manaus"
              },
              "Marigot": {
                "exemplarCity": "Marigot"
              },
              "Martinique": {
                "exemplarCity": "La Martinica"
              },
              "Matamoros": {
                "exemplarCity": "Matamoros"
              },
              "Mazatlan": {
                "exemplarCity": "Mazatlan"
              },
              "Mendoza": {
                "exemplarCity": "Mendoza"
              },
              "Menominee": {
                "exemplarCity": "Menominee"
              },
              "Merida": {
                "exemplarCity": "Mérida"
              },
              "Metlakatla": {
                "exemplarCity": "Metlakatla"
              },
              "Mexico_City": {
                "exemplarCity": "Ciudá de Méxicu"
              },
              "Miquelon": {
                "exemplarCity": "Miquelon"
              },
              "Moncton": {
                "exemplarCity": "Moncton"
              },
              "Monterrey": {
                "exemplarCity": "Monterrey"
              },
              "Montevideo": {
                "exemplarCity": "Montevideo"
              },
              "Montserrat": {
                "exemplarCity": "Montserrat"
              },
              "Nassau": {
                "exemplarCity": "Nassau"
              },
              "New_York": {
                "exemplarCity": "Nueva York"
              },
              "Nipigon": {
                "exemplarCity": "Nipigon"
              },
              "Nome": {
                "exemplarCity": "Nome"
              },
              "Noronha": {
                "exemplarCity": "Noronha"
              },
              "North_Dakota": {
                "Beulah": {
                  "exemplarCity": "Beulah, Dakota del Norte"
                },
                "New_Salem": {
                  "exemplarCity": "Nueva Salem, Dakota del Norte"
                },
                "Center": {
                  "exemplarCity": "Center, Dakota del Norte"
                }
              },
              "Ojinaga": {
                "exemplarCity": "Ojinaga"
              },
              "Panama": {
                "exemplarCity": "Panamá"
              },
              "Pangnirtung": {
                "exemplarCity": "Pangnirtung"
              },
              "Paramaribo": {
                "exemplarCity": "Paramaribo"
              },
              "Phoenix": {
                "exemplarCity": "Phoenix"
              },
              "Port-au-Prince": {
                "exemplarCity": "Puertu Príncipe"
              },
              "Port_of_Spain": {
                "exemplarCity": "Puertu España"
              },
              "Porto_Velho": {
                "exemplarCity": "Porto Velho"
              },
              "Puerto_Rico": {
                "exemplarCity": "Puertu Ricu"
              },
              "Punta_Arenas": {
                "exemplarCity": "Punta Arenas"
              },
              "Rainy_River": {
                "exemplarCity": "Rainy River"
              },
              "Rankin_Inlet": {
                "exemplarCity": "Rankin Inlet"
              },
              "Recife": {
                "exemplarCity": "Recife"
              },
              "Regina": {
                "exemplarCity": "Regina"
              },
              "Resolute": {
                "exemplarCity": "Resolute"
              },
              "Rio_Branco": {
                "exemplarCity": "Rio Branco"
              },
              "Santa_Isabel": {
                "exemplarCity": "Santa Isabel"
              },
              "Santarem": {
                "exemplarCity": "Santarem"
              },
              "Santiago": {
                "exemplarCity": "Santiago"
              },
              "Santo_Domingo": {
                "exemplarCity": "Santu Domingu"
              },
              "Sao_Paulo": {
                "exemplarCity": "Sao Paulo"
              },
              "Scoresbysund": {
                "exemplarCity": "Ittoqqortoormiit"
              },
              "Sitka": {
                "exemplarCity": "Sitka"
              },
              "St_Barthelemy": {
                "exemplarCity": "St. Barthelemy"
              },
              "St_Johns": {
                "exemplarCity": "St. John’s"
              },
              "St_Kitts": {
                "exemplarCity": "St. Kitts"
              },
              "St_Lucia": {
                "exemplarCity": "St. Lucia"
              },
              "St_Thomas": {
                "exemplarCity": "St. Thomas"
              },
              "St_Vincent": {
                "exemplarCity": "St. Vincent"
              },
              "Swift_Current": {
                "exemplarCity": "Swift Current"
              },
              "Tegucigalpa": {
                "exemplarCity": "Tegucigalpa"
              },
              "Thule": {
                "exemplarCity": "Thule"
              },
              "Thunder_Bay": {
                "exemplarCity": "Thunder Bay"
              },
              "Tijuana": {
                "exemplarCity": "Tijuana"
              },
              "Toronto": {
                "exemplarCity": "Toronto"
              },
              "Tortola": {
                "exemplarCity": "Tórtola"
              },
              "Vancouver": {
                "exemplarCity": "Vancouver"
              },
              "Whitehorse": {
                "exemplarCity": "Whitehorse"
              },
              "Winnipeg": {
                "exemplarCity": "Winnipeg"
              },
              "Yakutat": {
                "exemplarCity": "Yakutat"
              },
              "Yellowknife": {
                "exemplarCity": "Yellowknife"
              }
            },
            "Atlantic": {
              "Azores": {
                "exemplarCity": "Les Azores"
              },
              "Bermuda": {
                "exemplarCity": "Bermuda"
              },
              "Canary": {
                "exemplarCity": "Canaries"
              },
              "Cape_Verde": {
                "exemplarCity": "Cabu Verde"
              },
              "Faeroe": {
                "exemplarCity": "Islles Feroe"
              },
              "Madeira": {
                "exemplarCity": "Madeira"
              },
              "Reykjavik": {
                "exemplarCity": "Reikiavik"
              },
              "South_Georgia": {
                "exemplarCity": "Xeorxa del Sur"
              },
              "St_Helena": {
                "exemplarCity": "Santa Lena"
              },
              "Stanley": {
                "exemplarCity": "Stanley"
              }
            },
            "Europe": {
              "Amsterdam": {
                "exemplarCity": "Amsterdam"
              },
              "Andorra": {
                "exemplarCity": "Andorra"
              },
              "Astrakhan": {
                "exemplarCity": "Astracán"
              },
              "Athens": {
                "exemplarCity": "Atenes"
              },
              "Belgrade": {
                "exemplarCity": "Belgráu"
              },
              "Berlin": {
                "exemplarCity": "Berlín"
              },
              "Bratislava": {
                "exemplarCity": "Bratislava"
              },
              "Brussels": {
                "exemplarCity": "Bruxeles"
              },
              "Bucharest": {
                "exemplarCity": "Bucarest"
              },
              "Budapest": {
                "exemplarCity": "Budapest"
              },
              "Busingen": {
                "exemplarCity": "Busingen"
              },
              "Chisinau": {
                "exemplarCity": "Chisinau"
              },
              "Copenhagen": {
                "exemplarCity": "Copenhague"
              },
              "Dublin": {
                "long": {
                  "daylight": "Hora estándar irlandesa"
                },
                "exemplarCity": "Dublín"
              },
              "Gibraltar": {
                "exemplarCity": "Xibraltar"
              },
              "Guernsey": {
                "exemplarCity": "Guernsey"
              },
              "Helsinki": {
                "exemplarCity": "Ḥélsinki"
              },
              "Isle_of_Man": {
                "exemplarCity": "Islla de Man"
              },
              "Istanbul": {
                "exemplarCity": "Istanbul"
              },
              "Jersey": {
                "exemplarCity": "Jersey"
              },
              "Kaliningrad": {
                "exemplarCity": "Kaliningráu"
              },
              "Kiev": {
                "exemplarCity": "Kiev"
              },
              "Kirov": {
                "exemplarCity": "Kirov"
              },
              "Lisbon": {
                "exemplarCity": "Lisboa"
              },
              "Ljubljana": {
                "exemplarCity": "Liubliana"
              },
              "London": {
                "long": {
                  "daylight": "Hora braniega británica"
                },
                "exemplarCity": "Londres"
              },
              "Luxembourg": {
                "exemplarCity": "Luxemburgu"
              },
              "Madrid": {
                "exemplarCity": "Madrid"
              },
              "Malta": {
                "exemplarCity": "Malta"
              },
              "Mariehamn": {
                "exemplarCity": "Mariehamn"
              },
              "Minsk": {
                "exemplarCity": "Minsk"
              },
              "Monaco": {
                "exemplarCity": "Mónacu"
              },
              "Moscow": {
                "exemplarCity": "Moscú"
              },
              "Oslo": {
                "exemplarCity": "Oslo"
              },
              "Paris": {
                "exemplarCity": "París"
              },
              "Podgorica": {
                "exemplarCity": "Podgorica"
              },
              "Prague": {
                "exemplarCity": "Praga"
              },
              "Riga": {
                "exemplarCity": "Riga"
              },
              "Rome": {
                "exemplarCity": "Roma"
              },
              "Samara": {
                "exemplarCity": "Samara"
              },
              "San_Marino": {
                "exemplarCity": "San Marín"
              },
              "Sarajevo": {
                "exemplarCity": "Sarajevo"
              },
              "Saratov": {
                "exemplarCity": "Saratov"
              },
              "Simferopol": {
                "exemplarCity": "Simferopol"
              },
              "Skopje": {
                "exemplarCity": "Skopje"
              },
              "Sofia": {
                "exemplarCity": "Sofía"
              },
              "Stockholm": {
                "exemplarCity": "Estocolmu"
              },
              "Tallinn": {
                "exemplarCity": "Tallinn"
              },
              "Tirane": {
                "exemplarCity": "Tirana"
              },
              "Ulyanovsk": {
                "exemplarCity": "Ulyanovsk"
              },
              "Uzhgorod": {
                "exemplarCity": "Uzhgorod"
              },
              "Vaduz": {
                "exemplarCity": "Vaduz"
              },
              "Vatican": {
                "exemplarCity": "El Vaticanu"
              },
              "Vienna": {
                "exemplarCity": "Viena"
              },
              "Vilnius": {
                "exemplarCity": "Vilnius"
              },
              "Volgograd": {
                "exemplarCity": "Volgográu"
              },
              "Warsaw": {
                "exemplarCity": "Varsovia"
              },
              "Zagreb": {
                "exemplarCity": "Zagreb"
              },
              "Zaporozhye": {
                "exemplarCity": "Zaporozhye"
              },
              "Zurich": {
                "exemplarCity": "Zurich"
              }
            },
            "Africa": {
              "Abidjan": {
                "exemplarCity": "Abidjan"
              },
              "Accra": {
                "exemplarCity": "Accra"
              },
              "Addis_Ababa": {
                "exemplarCity": "Adís Abeba"
              },
              "Algiers": {
                "exemplarCity": "Arxel"
              },
              "Asmera": {
                "exemplarCity": "Asmara"
              },
              "Bamako": {
                "exemplarCity": "Bamako"
              },
              "Bangui": {
                "exemplarCity": "Bangui"
              },
              "Banjul": {
                "exemplarCity": "Banjul"
              },
              "Bissau": {
                "exemplarCity": "Bissau"
              },
              "Blantyre": {
                "exemplarCity": "Blantyre"
              },
              "Brazzaville": {
                "exemplarCity": "Brazzaville"
              },
              "Bujumbura": {
                "exemplarCity": "Bujumbura"
              },
              "Cairo": {
                "exemplarCity": "El Cairu"
              },
              "Casablanca": {
                "exemplarCity": "Casablanca"
              },
              "Ceuta": {
                "exemplarCity": "Ceuta"
              },
              "Conakry": {
                "exemplarCity": "Conakry"
              },
              "Dakar": {
                "exemplarCity": "Dakar"
              },
              "Dar_es_Salaam": {
                "exemplarCity": "Dar es Salaam"
              },
              "Djibouti": {
                "exemplarCity": "Xibuti"
              },
              "Douala": {
                "exemplarCity": "Douala"
              },
              "El_Aaiun": {
                "exemplarCity": "El Aaiun"
              },
              "Freetown": {
                "exemplarCity": "Freetown"
              },
              "Gaborone": {
                "exemplarCity": "Gaborone"
              },
              "Harare": {
                "exemplarCity": "Harare"
              },
              "Johannesburg": {
                "exemplarCity": "Johannesburgu"
              },
              "Juba": {
                "exemplarCity": "Juba"
              },
              "Kampala": {
                "exemplarCity": "Kampala"
              },
              "Khartoum": {
                "exemplarCity": "Ḥartum"
              },
              "Kigali": {
                "exemplarCity": "Kigali"
              },
              "Kinshasa": {
                "exemplarCity": "Kinshasa"
              },
              "Lagos": {
                "exemplarCity": "Lagos"
              },
              "Libreville": {
                "exemplarCity": "Libreville"
              },
              "Lome": {
                "exemplarCity": "Lomé"
              },
              "Luanda": {
                "exemplarCity": "Luanda"
              },
              "Lubumbashi": {
                "exemplarCity": "Lubumbashi"
              },
              "Lusaka": {
                "exemplarCity": "Lusaka"
              },
              "Malabo": {
                "exemplarCity": "Malabo"
              },
              "Maputo": {
                "exemplarCity": "Maputo"
              },
              "Maseru": {
                "exemplarCity": "Maseru"
              },
              "Mbabane": {
                "exemplarCity": "Mbabane"
              },
              "Mogadishu": {
                "exemplarCity": "Mogadixu"
              },
              "Monrovia": {
                "exemplarCity": "Monrovia"
              },
              "Nairobi": {
                "exemplarCity": "Nairobi"
              },
              "Ndjamena": {
                "exemplarCity": "Xamena"
              },
              "Niamey": {
                "exemplarCity": "Niaméi"
              },
              "Nouakchott": {
                "exemplarCity": "Nuakxot"
              },
              "Ouagadougou": {
                "exemplarCity": "Uagadugú"
              },
              "Porto-Novo": {
                "exemplarCity": "Porto-Novo"
              },
              "Sao_Tome": {
                "exemplarCity": "Santu Tomé"
              },
              "Tripoli": {
                "exemplarCity": "Trípoli"
              },
              "Tunis": {
                "exemplarCity": "Túnez"
              },
              "Windhoek": {
                "exemplarCity": "Windhoek"
              }
            },
            "Asia": {
              "Aden": {
                "exemplarCity": "Aden"
              },
              "Almaty": {
                "exemplarCity": "Almaty"
              },
              "Amman": {
                "exemplarCity": "Amán"
              },
              "Anadyr": {
                "exemplarCity": "Anadyr"
              },
              "Aqtau": {
                "exemplarCity": "Aqtau"
              },
              "Aqtobe": {
                "exemplarCity": "Aqtobe"
              },
              "Ashgabat": {
                "exemplarCity": "Ashgabat"
              },
              "Atyrau": {
                "exemplarCity": "Atyrau"
              },
              "Baghdad": {
                "exemplarCity": "Bagdag"
              },
              "Bahrain": {
                "exemplarCity": "Baḥréin"
              },
              "Baku": {
                "exemplarCity": "Bakú"
              },
              "Bangkok": {
                "exemplarCity": "Bangkok"
              },
              "Barnaul": {
                "exemplarCity": "Barnaul"
              },
              "Beirut": {
                "exemplarCity": "Beirut"
              },
              "Bishkek": {
                "exemplarCity": "Bishkek"
              },
              "Brunei": {
                "exemplarCity": "Brunéi"
              },
              "Calcutta": {
                "exemplarCity": "Calcuta"
              },
              "Chita": {
                "exemplarCity": "Chita"
              },
              "Choibalsan": {
                "exemplarCity": "Choibalsan"
              },
              "Colombo": {
                "exemplarCity": "Colombo"
              },
              "Damascus": {
                "exemplarCity": "Damascu"
              },
              "Dhaka": {
                "exemplarCity": "Dhaka"
              },
              "Dili": {
                "exemplarCity": "Dili"
              },
              "Dubai": {
                "exemplarCity": "Dubai"
              },
              "Dushanbe": {
                "exemplarCity": "Duxanbé"
              },
              "Famagusta": {
                "exemplarCity": "Famagusta"
              },
              "Gaza": {
                "exemplarCity": "Gaza"
              },
              "Hebron": {
                "exemplarCity": "Hebrón"
              },
              "Hong_Kong": {
                "exemplarCity": "Ḥong Kong"
              },
              "Hovd": {
                "exemplarCity": "Hovd"
              },
              "Irkutsk": {
                "exemplarCity": "Irkutsk"
              },
              "Jakarta": {
                "exemplarCity": "Xakarta"
              },
              "Jayapura": {
                "exemplarCity": "Xayapura"
              },
              "Jerusalem": {
                "exemplarCity": "Xerusalén"
              },
              "Kabul": {
                "exemplarCity": "Kabul"
              },
              "Kamchatka": {
                "exemplarCity": "Kamchatka"
              },
              "Karachi": {
                "exemplarCity": "Karachi"
              },
              "Katmandu": {
                "exemplarCity": "Katmandú"
              },
              "Khandyga": {
                "exemplarCity": "Khandyga"
              },
              "Krasnoyarsk": {
                "exemplarCity": "Krasnoyarsk"
              },
              "Kuala_Lumpur": {
                "exemplarCity": "Kuala Lumpur"
              },
              "Kuching": {
                "exemplarCity": "Kuching"
              },
              "Kuwait": {
                "exemplarCity": "Kuwait"
              },
              "Macau": {
                "exemplarCity": "Macáu"
              },
              "Magadan": {
                "exemplarCity": "Magadán"
              },
              "Makassar": {
                "exemplarCity": "Makassar"
              },
              "Manila": {
                "exemplarCity": "Manila"
              },
              "Muscat": {
                "exemplarCity": "Mascate"
              },
              "Nicosia": {
                "exemplarCity": "Nicosia"
              },
              "Novokuznetsk": {
                "exemplarCity": "Novokuznetsk"
              },
              "Novosibirsk": {
                "exemplarCity": "Novosibirsk"
              },
              "Omsk": {
                "exemplarCity": "Omsk"
              },
              "Oral": {
                "exemplarCity": "Oral"
              },
              "Phnom_Penh": {
                "exemplarCity": "Phnom Penh"
              },
              "Pontianak": {
                "exemplarCity": "Pontianak"
              },
              "Pyongyang": {
                "exemplarCity": "Pyong Yang"
              },
              "Qatar": {
                "exemplarCity": "Qatar"
              },
              "Qostanay": {
                "exemplarCity": "Qostanay"
              },
              "Qyzylorda": {
                "exemplarCity": "Qyzylorda"
              },
              "Rangoon": {
                "exemplarCity": "Rangún"
              },
              "Riyadh": {
                "exemplarCity": "Riyad"
              },
              "Saigon": {
                "exemplarCity": "Ciudá de Ho Chi Minh"
              },
              "Sakhalin": {
                "exemplarCity": "Saxalín"
              },
              "Samarkand": {
                "exemplarCity": "Samarcanda"
              },
              "Seoul": {
                "exemplarCity": "Seúl"
              },
              "Shanghai": {
                "exemplarCity": "Shanghai"
              },
              "Singapore": {
                "exemplarCity": "Singapur"
              },
              "Srednekolymsk": {
                "exemplarCity": "Srednekolymsk"
              },
              "Taipei": {
                "exemplarCity": "Taipei"
              },
              "Tashkent": {
                "exemplarCity": "Tashkent"
              },
              "Tbilisi": {
                "exemplarCity": "Tbilisi"
              },
              "Tehran": {
                "exemplarCity": "Teḥrán"
              },
              "Thimphu": {
                "exemplarCity": "Thimphu"
              },
              "Tokyo": {
                "exemplarCity": "Tokiu"
              },
              "Tomsk": {
                "exemplarCity": "Tomsk"
              },
              "Ulaanbaatar": {
                "exemplarCity": "Ulán Bátor"
              },
              "Urumqi": {
                "exemplarCity": "Urumqi"
              },
              "Ust-Nera": {
                "exemplarCity": "Ust-Nera"
              },
              "Vientiane": {
                "exemplarCity": "Vientián"
              },
              "Vladivostok": {
                "exemplarCity": "Vladivostok"
              },
              "Yakutsk": {
                "exemplarCity": "Yakutsk"
              },
              "Yekaterinburg": {
                "exemplarCity": "Yekaterimburgu"
              },
              "Yerevan": {
                "exemplarCity": "Yerevan"
              }
            },
            "Indian": {
              "Antananarivo": {
                "exemplarCity": "Antananarivo"
              },
              "Chagos": {
                "exemplarCity": "Chagos"
              },
              "Christmas": {
                "exemplarCity": "Christmas"
              },
              "Cocos": {
                "exemplarCity": "Cocos"
              },
              "Comoro": {
                "exemplarCity": "Comoro"
              },
              "Kerguelen": {
                "exemplarCity": "Kerguelen"
              },
              "Mahe": {
                "exemplarCity": "Mahe"
              },
              "Maldives": {
                "exemplarCity": "Maldives"
              },
              "Mauritius": {
                "exemplarCity": "Mauriciu"
              },
              "Mayotte": {
                "exemplarCity": "Mayotte"
              },
              "Reunion": {
                "exemplarCity": "Reunión"
              }
            },
            "Australia": {
              "Adelaide": {
                "exemplarCity": "Adelaida"
              },
              "Brisbane": {
                "exemplarCity": "Brisbane"
              },
              "Broken_Hill": {
                "exemplarCity": "Broken Hill"
              },
              "Currie": {
                "exemplarCity": "Currie"
              },
              "Darwin": {
                "exemplarCity": "Darwin"
              },
              "Eucla": {
                "exemplarCity": "Eucla"
              },
              "Hobart": {
                "exemplarCity": "Hobart"
              },
              "Lindeman": {
                "exemplarCity": "Lindeman"
              },
              "Lord_Howe": {
                "exemplarCity": "Lord Howe"
              },
              "Melbourne": {
                "exemplarCity": "Melbourne"
              },
              "Perth": {
                "exemplarCity": "Perth"
              },
              "Sydney": {
                "exemplarCity": "Sydney"
              }
            },
            "Pacific": {
              "Apia": {
                "exemplarCity": "Apia"
              },
              "Auckland": {
                "exemplarCity": "Auckland"
              },
              "Bougainville": {
                "exemplarCity": "Bougainville"
              },
              "Chatham": {
                "exemplarCity": "Chatham"
              },
              "Easter": {
                "exemplarCity": "Pascua"
              },
              "Efate": {
                "exemplarCity": "Efate"
              },
              "Enderbury": {
                "exemplarCity": "Enderbury"
              },
              "Fakaofo": {
                "exemplarCity": "Fakaofo"
              },
              "Fiji": {
                "exemplarCity": "Fixi"
              },
              "Funafuti": {
                "exemplarCity": "Funafuti"
              },
              "Galapagos": {
                "exemplarCity": "Galápagos"
              },
              "Gambier": {
                "exemplarCity": "Gambier"
              },
              "Guadalcanal": {
                "exemplarCity": "Guadalcanal"
              },
              "Guam": {
                "exemplarCity": "Guam"
              },
              "Honolulu": {
                "short": {
                  "generic": "HST",
                  "standard": "HST",
                  "daylight": "HDT"
                },
                "exemplarCity": "Honolulu"
              },
              "Johnston": {
                "exemplarCity": "Johnston"
              },
              "Kanton": {
                "exemplarCity": "Kanton"
              },
              "Kiritimati": {
                "exemplarCity": "Kiritimati"
              },
              "Kosrae": {
                "exemplarCity": "Kosrae"
              },
              "Kwajalein": {
                "exemplarCity": "Kwajalein"
              },
              "Majuro": {
                "exemplarCity": "Majuro"
              },
              "Marquesas": {
                "exemplarCity": "Marquesas"
              },
              "Midway": {
                "exemplarCity": "Midway"
              },
              "Nauru": {
                "exemplarCity": "Nauru"
              },
              "Niue": {
                "exemplarCity": "Niue"
              },
              "Norfolk": {
                "exemplarCity": "Norfolk"
              },
              "Noumea": {
                "exemplarCity": "Noumea"
              },
              "Pago_Pago": {
                "exemplarCity": "Pago Pago"
              },
              "Palau": {
                "exemplarCity": "Palau"
              },
              "Pitcairn": {
                "exemplarCity": "Pitcairn"
              },
              "Ponape": {
                "exemplarCity": "Pohnpei"
              },
              "Port_Moresby": {
                "exemplarCity": "Port Moresby"
              },
              "Rarotonga": {
                "exemplarCity": "Rarotonga"
              },
              "Saipan": {
                "exemplarCity": "Saipan"
              },
              "Tahiti": {
                "exemplarCity": "Tahiti"
              },
              "Tarawa": {
                "exemplarCity": "Tarawa"
              },
              "Tongatapu": {
                "exemplarCity": "Tongatapu"
              },
              "Truk": {
                "exemplarCity": "Chuuk"
              },
              "Wake": {
                "exemplarCity": "Wake"
              },
              "Wallis": {
                "exemplarCity": "Wallis"
              }
            },
            "Arctic": {
              "Longyearbyen": {
                "exemplarCity": "Longyearbyen"
              }
            },
            "Antarctica": {
              "Casey": {
                "exemplarCity": "Casey"
              },
              "Davis": {
                "exemplarCity": "Davis"
              },
              "DumontDUrville": {
                "exemplarCity": "Dumont d’Urville"
              },
              "Macquarie": {
                "exemplarCity": "Macquarie"
              },
              "Mawson": {
                "exemplarCity": "Mawson"
              },
              "McMurdo": {
                "exemplarCity": "McMurdo"
              },
              "Palmer": {
                "exemplarCity": "Palmer"
              },
              "Rothera": {
                "exemplarCity": "Rothera"
              },
              "Syowa": {
                "exemplarCity": "Syowa"
              },
              "Troll": {
                "exemplarCity": "Troll"
              },
              "Vostok": {
                "exemplarCity": "Vostok"
              }
            },
            "Etc": {
              "UTC": {
                "long": {
                  "standard": "Hora coordinada universal"
                },
                "short": {
                  "standard": "UTC"
                }
              },
              "Unknown": {
                "exemplarCity": "Ciudá desconocida"
              }
            }
          },
          "metazone": {
            "Acre": {
              "long": {
                "generic": "hora d’Acre",
                "standard": "hora estándar d’Acre",
                "daylight": "hora braniega d’Acre"
              }
            },
            "Afghanistan": {
              "long": {
                "standard": "Hora d’Afganistán"
              }
            },
            "Africa_Central": {
              "long": {
                "standard": "Hora d’África central"
              }
            },
            "Africa_Eastern": {
              "long": {
                "standard": "Hora d’África del este"
              }
            },
            "Africa_Southern": {
              "long": {
                "standard": "Hora de Sudáfrica"
              }
            },
            "Africa_Western": {
              "long": {
                "generic": "Hora d’África del oeste",
                "standard": "Hora estándar d’África del oeste",
                "daylight": "Hora braniega d’África del oeste"
              }
            },
            "Alaska": {
              "long": {
                "generic": "Hora d’Alaska",
                "standard": "Hora estándar d’Alaska",
                "daylight": "Hora braniega d’Alaska"
              },
              "short": {
                "generic": "AKT",
                "standard": "AKST",
                "daylight": "AKDT"
              }
            },
            "Almaty": {
              "long": {
                "generic": "Hora d’Almaty",
                "standard": "hora estándar d’Almaty",
                "daylight": "hora braniega d’Almaty"
              }
            },
            "Amazon": {
              "long": {
                "generic": "Hora del Amazonas",
                "standard": "Hora estándar del Amazonas",
                "daylight": "Hora braniega del Amazonas"
              }
            },
            "America_Central": {
              "long": {
                "generic": "Hora central norteamericana",
                "standard": "Hora estándar central norteamericana",
                "daylight": "Hora braniega central norteamericana"
              },
              "short": {
                "generic": "CT",
                "standard": "CST",
                "daylight": "CDT"
              }
            },
            "America_Eastern": {
              "long": {
                "generic": "Hora del este norteamericanu",
                "standard": "Hora estándar del este norteamericanu",
                "daylight": "Hora braniega del este norteamericanu"
              },
              "short": {
                "generic": "ET",
                "standard": "EST",
                "daylight": "EDT"
              }
            },
            "America_Mountain": {
              "long": {
                "generic": "Hora de les montañes norteamericanes",
                "standard": "Hora estándar de les montañes norteamericanes",
                "daylight": "Hora braniega de les montañes norteamericanes"
              },
              "short": {
                "generic": "MT",
                "standard": "MST",
                "daylight": "MDT"
              }
            },
            "America_Pacific": {
              "long": {
                "generic": "Hora del Pacíficu norteamericanu",
                "standard": "Hora estándar del Pacíficu norteamericanu",
                "daylight": "Hora braniega del Pacíficu norteamericanu"
              },
              "short": {
                "generic": "PT",
                "standard": "PST",
                "daylight": "PDT"
              }
            },
            "Anadyr": {
              "long": {
                "generic": "hora d’Anadyr",
                "standard": "hora estándar d’Anadyr",
                "daylight": "hora braniega d’Anadyr"
              }
            },
            "Apia": {
              "long": {
                "generic": "Hora d’Apia",
                "standard": "Hora estándar d’Apia",
                "daylight": "Hora braniega d’Apia"
              }
            },
            "Aqtau": {
              "long": {
                "generic": "Hora d’Aqtau",
                "standard": "Hora estándar d’Aqtau",
                "daylight": "Hora braniega d’Aqtau"
              }
            },
            "Aqtobe": {
              "long": {
                "generic": "Hora d’Aqtobe",
                "standard": "Hora estándar d’Aqtobe",
                "daylight": "Hora braniega d’Aqtobe"
              }
            },
            "Arabian": {
              "long": {
                "generic": "Hora d’Arabia",
                "standard": "Hora estándar d’Arabia",
                "daylight": "Hora braniega d’Arabia"
              }
            },
            "Argentina": {
              "long": {
                "generic": "Hora d’Arxentina",
                "standard": "Hora estándar d’Arxentina",
                "daylight": "Hora braniega d’Arxentina"
              }
            },
            "Argentina_Western": {
              "long": {
                "generic": "Hora occidental d’Arxentina",
                "standard": "Hora estándar occidental d’Arxentina",
                "daylight": "Hora braniega occidental d’Arxentina"
              }
            },
            "Armenia": {
              "long": {
                "generic": "Hora d’Armenia",
                "standard": "Hora estándar d’Armenia",
                "daylight": "Hora braniega d’Armenia"
              }
            },
            "Atlantic": {
              "long": {
                "generic": "Hora del Atlánticu",
                "standard": "Hora estándar del Atlánticu",
                "daylight": "Hora braniega del Atlánticu"
              },
              "short": {
                "generic": "AT",
                "standard": "AST",
                "daylight": "ADT"
              }
            },
            "Australia_Central": {
              "long": {
                "generic": "Hora d’Australia central",
                "standard": "Hora estándar d’Australia central",
                "daylight": "Hora braniega d’Australia central"
              }
            },
            "Australia_CentralWestern": {
              "long": {
                "generic": "Hora d’Australia central del oeste",
                "standard": "Hora estándar d’Australia central del oeste",
                "daylight": "Hora braniega d’Australia central del oeste"
              }
            },
            "Australia_Eastern": {
              "long": {
                "generic": "Hora d’Australia del este",
                "standard": "Hora estándar d’Australia del este",
                "daylight": "Hora braniega d’Australia del este"
              }
            },
            "Australia_Western": {
              "long": {
                "generic": "Hora d’Australia del oeste",
                "standard": "Hora estándar d’Australia del oeste",
                "daylight": "Hora braniega d’Australia del oeste"
              }
            },
            "Azerbaijan": {
              "long": {
                "generic": "Hora d’Azerbaixán",
                "standard": "Hora estándar d’Azerbaixán",
                "daylight": "Hora braniega d’Azerbaixán"
              }
            },
            "Azores": {
              "long": {
                "generic": "Hora de les Azores",
                "standard": "Hora estándar de les Azores",
                "daylight": "Hora braniega de Les Azores"
              }
            },
            "Bangladesh": {
              "long": {
                "generic": "Hora de Bangladex",
                "standard": "Hora estándar de Bangladex",
                "daylight": "Hora braniega de Bangladex"
              }
            },
            "Bhutan": {
              "long": {
                "standard": "Hora de Bután"
              }
            },
            "Bolivia": {
              "long": {
                "standard": "Hora de Bolivia"
              }
            },
            "Brasilia": {
              "long": {
                "generic": "Hora de Brasilia",
                "standard": "Hora estándar de Brasilia",
                "daylight": "Hora braniega de Brasilia"
              }
            },
            "Brunei": {
              "long": {
                "standard": "Hora de Brunéi Darussalam"
              }
            },
            "Cape_Verde": {
              "long": {
                "generic": "Hora de Cabu Verde",
                "standard": "Hora estándar de Cabu Verde",
                "daylight": "Hora braniega de Cabu Verde"
              }
            },
            "Casey": {
              "long": {
                "standard": "Hora de Casey"
              }
            },
            "Chamorro": {
              "long": {
                "standard": "Hora estándar de Chamorro"
              }
            },
            "Chatham": {
              "long": {
                "generic": "Hora de Chatham",
                "standard": "Hora estándar de Chatham",
                "daylight": "Hora braniega de Chatham"
              }
            },
            "Chile": {
              "long": {
                "generic": "Hora de Chile",
                "standard": "Hora estándar de Chile",
                "daylight": "Hora braniega de Chile"
              }
            },
            "China": {
              "long": {
                "generic": "Hora de China",
                "standard": "Hora estándar de China",
                "daylight": "Hora braniega de China"
              }
            },
            "Choibalsan": {
              "long": {
                "generic": "Hora de Choibalsan",
                "standard": "Hora estándar de Choibalsan",
                "daylight": "Hora braniega de Choibalsan"
              }
            },
            "Christmas": {
              "long": {
                "standard": "Hora estándar de la Islla Christmas"
              }
            },
            "Cocos": {
              "long": {
                "standard": "Hora de les Islles Cocos"
              }
            },
            "Colombia": {
              "long": {
                "generic": "Hora de Colombia",
                "standard": "Hora estándar de Colombia",
                "daylight": "Hora braniega de Colombia"
              }
            },
            "Cook": {
              "long": {
                "generic": "Hora de les Islles Cook",
                "standard": "Hora estándar de les Islles Cook",
                "daylight": "Hora media braniega de les Islles Cook"
              }
            },
            "Cuba": {
              "long": {
                "generic": "Hora de Cuba",
                "standard": "Hora estándar de Cuba",
                "daylight": "Hora braniega de Cuba"
              }
            },
            "Davis": {
              "long": {
                "standard": "Hora de Davis"
              }
            },
            "DumontDUrville": {
              "long": {
                "standard": "Hora de Dumont-d’Urville"
              }
            },
            "East_Timor": {
              "long": {
                "standard": "Hora de Timor Oriental"
              }
            },
            "Easter": {
              "long": {
                "generic": "Hora de la Islla de Pascua",
                "standard": "Hora estándar de la Islla de Pascua",
                "daylight": "Hora braniega de la Islla de Pascua"
              }
            },
            "Ecuador": {
              "long": {
                "standard": "Hora d’Ecuador"
              }
            },
            "Europe_Central": {
              "long": {
                "generic": "Hora d’Europa Central",
                "standard": "Hora estándar d’Europa Central",
                "daylight": "Hora braniega d’Europa Central"
              }
            },
            "Europe_Eastern": {
              "long": {
                "generic": "Hora d’Europa del Este",
                "standard": "Hora estándar d’Europa del Este",
                "daylight": "Hora braniega d’Europa del Este"
              }
            },
            "Europe_Further_Eastern": {
              "long": {
                "standard": "Hora d’Europa del estremu este"
              }
            },
            "Europe_Western": {
              "long": {
                "generic": "Hora d’Europa Occidental",
                "standard": "Hora estándar d’Europa Occidental",
                "daylight": "Hora braniega d’Europa Occidental"
              }
            },
            "Falkland": {
              "long": {
                "generic": "Hora de les Islles Falkland",
                "standard": "Hora estándar de les Islles Falkland",
                "daylight": "Hora braniega de les Islles Falkland"
              }
            },
            "Fiji": {
              "long": {
                "generic": "Hora de Fixi",
                "standard": "Hora estándar de Fixi",
                "daylight": "Hora braniega de Fixi"
              }
            },
            "French_Guiana": {
              "long": {
                "standard": "Hora de La Guyana Francesa"
              }
            },
            "French_Southern": {
              "long": {
                "standard": "Hora del sur y l’antárticu francés"
              }
            },
            "Galapagos": {
              "long": {
                "standard": "Hora de Galápagos"
              }
            },
            "Gambier": {
              "long": {
                "standard": "Hora de Gambier"
              }
            },
            "Georgia": {
              "long": {
                "generic": "Hora de Xeorxa",
                "standard": "Hora estándar de Xeorxa",
                "daylight": "Hora braniega de Xeorxa"
              }
            },
            "Gilbert_Islands": {
              "long": {
                "standard": "Hora de les Islles Gilbert"
              }
            },
            "GMT": {
              "long": {
                "standard": "Hora media de Greenwich"
              },
              "short": {
                "standard": "GMT"
              }
            },
            "Greenland_Eastern": {
              "long": {
                "generic": "Hora de Groenlandia oriental",
                "standard": "Hora estándar de Groenlandia oriental",
                "daylight": "Hora braniega de Groenlandia oriental"
              }
            },
            "Greenland_Western": {
              "long": {
                "generic": "Hora de Groenlandia occidental",
                "standard": "Hora estándar de Groenlandia occidental",
                "daylight": "Hora braniega de Groenlandia occidental"
              }
            },
            "Guam": {
              "long": {
                "standard": "Hora estándar de Guam"
              }
            },
            "Gulf": {
              "long": {
                "standard": "Hora estándar del Golfu"
              }
            },
            "Guyana": {
              "long": {
                "standard": "Hora de La Guyana"
              }
            },
            "Hawaii_Aleutian": {
              "long": {
                "generic": "Hora de Hawaii-Aleutianes",
                "standard": "Hora estándar de Hawaii-Aleutianes",
                "daylight": "Hora braniega de Hawaii-Aleutianes"
              },
              "short": {
                "generic": "HAT",
                "standard": "HAST",
                "daylight": "HADT"
              }
            },
            "Hong_Kong": {
              "long": {
                "generic": "Hora de Ḥong Kong",
                "standard": "Hora estándar de Ḥong Kong",
                "daylight": "Hora braniega de Ḥong Kong"
              }
            },
            "Hovd": {
              "long": {
                "generic": "Hora de Hovd",
                "standard": "Hora estándar de Hovd",
                "daylight": "Hora braniega de Hovd"
              }
            },
            "India": {
              "long": {
                "standard": "Hora estándar de la India"
              }
            },
            "Indian_Ocean": {
              "long": {
                "standard": "Hora del Océanu Índicu"
              }
            },
            "Indochina": {
              "long": {
                "standard": "Hora d’Indochina"
              }
            },
            "Indonesia_Central": {
              "long": {
                "standard": "Hora d’Indonesia central"
              }
            },
            "Indonesia_Eastern": {
              "long": {
                "standard": "Hora d’Indonesia del este"
              }
            },
            "Indonesia_Western": {
              "long": {
                "standard": "Hora d’Indonesia del oeste"
              }
            },
            "Iran": {
              "long": {
                "generic": "Hora d’Irán",
                "standard": "Hora estándar d’Irán",
                "daylight": "Hora braniega d’Irán"
              }
            },
            "Irkutsk": {
              "long": {
                "generic": "Hora d’Irkutsk",
                "standard": "Hora estándar d’Irkutsk",
                "daylight": "Hora braniega d’Irkutsk"
              }
            },
            "Israel": {
              "long": {
                "generic": "Hora d’Israel",
                "standard": "Hora estándar d’Israel",
                "daylight": "Hora braniega d’Israel"
              }
            },
            "Japan": {
              "long": {
                "generic": "Hora de Xapón",
                "standard": "Hora estándar de Xapón",
                "daylight": "Hora braniega de Xapón"
              }
            },
            "Kamchatka": {
              "long": {
                "generic": "hora de Petropavlovsk-Kamchatski",
                "standard": "hora estandar de Petropavlovsk-Kamchatski",
                "daylight": "hora braniega de Petropavlovsk-Kamchatski"
              }
            },
            "Kazakhstan_Eastern": {
              "long": {
                "standard": "Hora del Kazakstán oriental"
              }
            },
            "Kazakhstan_Western": {
              "long": {
                "standard": "Hora del Kazakstán occidental"
              }
            },
            "Korea": {
              "long": {
                "generic": "Hora de Corea",
                "standard": "Hora estándar de Corea",
                "daylight": "Hora braniega de Corea"
              }
            },
            "Kosrae": {
              "long": {
                "standard": "Hora de Kosrae"
              }
            },
            "Krasnoyarsk": {
              "long": {
                "generic": "Hora de Krasnoyarsk",
                "standard": "Hora estándar de Krasnoyarsk",
                "daylight": "Hora braniega de Krasnoyarsk"
              }
            },
            "Kyrgystan": {
              "long": {
                "standard": "Hora del Kirguistán"
              }
            },
            "Lanka": {
              "long": {
                "standard": "Hora de Lanka"
              }
            },
            "Line_Islands": {
              "long": {
                "standard": "Hora de les Islles Line"
              }
            },
            "Lord_Howe": {
              "long": {
                "generic": "Hora de Lord Howe",
                "standard": "Hora estándar de Lord Howe",
                "daylight": "Hora braniega de Lord Howe"
              }
            },
            "Macau": {
              "long": {
                "generic": "Hora de Macáu",
                "standard": "Hora estándar de Macáu",
                "daylight": "Hora braniega de Macáu"
              }
            },
            "Macquarie": {
              "long": {
                "standard": "Hora de la Islla Macquarie"
              }
            },
            "Magadan": {
              "long": {
                "generic": "Hora de Magadán",
                "standard": "Hora estándar de Magadán",
                "daylight": "Hora braniega de Magadán"
              }
            },
            "Malaysia": {
              "long": {
                "standard": "Hora de Malasia"
              }
            },
            "Maldives": {
              "long": {
                "standard": "Hora de Les Maldives"
              }
            },
            "Marquesas": {
              "long": {
                "standard": "Hora de les Marqueses"
              }
            },
            "Marshall_Islands": {
              "long": {
                "standard": "Hora de les Islles Marshall"
              }
            },
            "Mauritius": {
              "long": {
                "generic": "Hora de Mauriciu",
                "standard": "Hora estándar de Mauriciu",
                "daylight": "Hora braniega de Mauriciu"
              }
            },
            "Mawson": {
              "long": {
                "standard": "Hora de Mawson"
              }
            },
            "Mexico_Northwest": {
              "long": {
                "generic": "Hora del noroeste de Méxicu",
                "standard": "Hora estándar del noroeste de Méxicu",
                "daylight": "Hora braniega del noroeste de Méxicu"
              }
            },
            "Mexico_Pacific": {
              "long": {
                "generic": "Hora del Pacíficu de Méxicu",
                "standard": "Hora estándar del Pacíficu de Méxicu",
                "daylight": "Hora braniega del Pacíficu de Méxicu"
              }
            },
            "Mongolia": {
              "long": {
                "generic": "Hora d’Ulán Bátor",
                "standard": "Hora estándar d’Ulán Bátor",
                "daylight": "Hora braniega d’Ulán Bátor"
              }
            },
            "Moscow": {
              "long": {
                "generic": "Hora de Moscú",
                "standard": "Hora estándar de Moscú",
                "daylight": "Hora braniega de Moscú"
              }
            },
            "Myanmar": {
              "long": {
                "standard": "Hora de Myanmar"
              }
            },
            "Nauru": {
              "long": {
                "standard": "Hora de Nauru"
              }
            },
            "Nepal": {
              "long": {
                "standard": "Hora del Nepal"
              }
            },
            "New_Caledonia": {
              "long": {
                "generic": "Hora de Nueva Caledonia",
                "standard": "Hora estándar de Nueva Caledonia",
                "daylight": "Hora braniega de Nueva Caledonia"
              }
            },
            "New_Zealand": {
              "long": {
                "generic": "Hora de Nueva Zelanda",
                "standard": "Hora estándar de Nueva Zelanda",
                "daylight": "Hora braniega de Nueva Zelanda"
              }
            },
            "Newfoundland": {
              "long": {
                "generic": "Hora de Newfoundland",
                "standard": "Hora estándar de Newfoundland",
                "daylight": "Hora braniega de Newfoundland"
              }
            },
            "Niue": {
              "long": {
                "standard": "Hora de Niue"
              }
            },
            "Norfolk": {
              "long": {
                "generic": "Hora de la Islla Norfolk",
                "standard": "Hora estándar de la Islla Norfolk",
                "daylight": "Hora braniega de la Islla Norfolk"
              }
            },
            "Noronha": {
              "long": {
                "generic": "Hora de Fernando de Noronha",
                "standard": "Hora estándar de Fernando de Noronha",
                "daylight": "Hora braniega de Fernando de Noronha"
              }
            },
            "North_Mariana": {
              "long": {
                "standard": "Hora de les Islles Marianes del Norte"
              }
            },
            "Novosibirsk": {
              "long": {
                "generic": "Hora de Novosibirsk",
                "standard": "Hora estándar de Novosibirsk",
                "daylight": "Hora braniega de Novosibirsk"
              }
            },
            "Omsk": {
              "long": {
                "generic": "Hora d’Omsk",
                "standard": "Hora estándar d’Omsk",
                "daylight": "Hora braniega d’Omsk"
              }
            },
            "Pakistan": {
              "long": {
                "generic": "Hora del Paquistán",
                "standard": "Hora estándar del Paquistán",
                "daylight": "Hora braniega del Paquistán"
              }
            },
            "Palau": {
              "long": {
                "standard": "Hora de Palau"
              }
            },
            "Papua_New_Guinea": {
              "long": {
                "standard": "Hora de Papúa Nueva Guinea"
              }
            },
            "Paraguay": {
              "long": {
                "generic": "Hora del Paraguái",
                "standard": "Hora estándar del Paraguái",
                "daylight": "Hora braniega del Paraguái"
              }
            },
            "Peru": {
              "long": {
                "generic": "Hora del Perú",
                "standard": "Hora estándar del Perú",
                "daylight": "Hora braniega del Perú"
              }
            },
            "Philippines": {
              "long": {
                "generic": "Hora de Filipines",
                "standard": "Hora estándar de Filipines",
                "daylight": "Hora de branu de Filipines"
              }
            },
            "Phoenix_Islands": {
              "long": {
                "standard": "Hora de les Islles Phoenix"
              }
            },
            "Pierre_Miquelon": {
              "long": {
                "generic": "Hora de Saint Pierre y Miquelon",
                "standard": "Hora estándar de Saint Pierre y Miquelon",
                "daylight": "Hora braniega de Saint Pierre y Miquelon"
              }
            },
            "Pitcairn": {
              "long": {
                "standard": "Hora de Pitcairn"
              }
            },
            "Ponape": {
              "long": {
                "standard": "Hora de Ponape"
              }
            },
            "Pyongyang": {
              "long": {
                "standard": "hora de Pyongyang"
              }
            },
            "Qyzylorda": {
              "long": {
                "generic": "Hora de Qyzylorda",
                "standard": "Hora estándar de Qyzylorda",
                "daylight": "Hora braniega de Qyzylorda"
              }
            },
            "Reunion": {
              "long": {
                "standard": "Hora de Reunión"
              }
            },
            "Rothera": {
              "long": {
                "standard": "Hora de Rothera"
              }
            },
            "Sakhalin": {
              "long": {
                "generic": "Hora de Saxalín",
                "standard": "Hora estándar de Saxalín",
                "daylight": "Hora braniega de Saxalín"
              }
            },
            "Samara": {
              "long": {
                "generic": "Hora de Samara",
                "standard": "Hora estándar de Samara",
                "daylight": "Hora braniega de Samara"
              }
            },
            "Samoa": {
              "long": {
                "generic": "Hora de Samoa",
                "standard": "Hora estándar de Samoa",
                "daylight": "Hora braniega de Samoa"
              }
            },
            "Seychelles": {
              "long": {
                "standard": "Hora de Les Seixeles"
              }
            },
            "Singapore": {
              "long": {
                "standard": "Hora estándar de Singapur"
              }
            },
            "Solomon": {
              "long": {
                "standard": "Hora de les Islles Salomón"
              }
            },
            "South_Georgia": {
              "long": {
                "standard": "Hora de Xeorxa del Sur"
              }
            },
            "Suriname": {
              "long": {
                "standard": "Hora del Surinam"
              }
            },
            "Syowa": {
              "long": {
                "standard": "Hora de Syowa"
              }
            },
            "Tahiti": {
              "long": {
                "standard": "Hora de Tahiti"
              }
            },
            "Taipei": {
              "long": {
                "generic": "Hora de Taipéi",
                "standard": "Hora estándar de Taipéi",
                "daylight": "Hora braniega de Taipéi"
              }
            },
            "Tajikistan": {
              "long": {
                "standard": "Hora del Taxiquistán"
              }
            },
            "Tokelau": {
              "long": {
                "standard": "Hora de Tokelau"
              }
            },
            "Tonga": {
              "long": {
                "generic": "Hora de Tonga",
                "standard": "Hora estándar de Tonga",
                "daylight": "Hora braniega de Tonga"
              }
            },
            "Truk": {
              "long": {
                "standard": "Hora de Chuuk"
              }
            },
            "Turkmenistan": {
              "long": {
                "generic": "Hora del Turkmenistán",
                "standard": "Hora estándar del Turkmenistán",
                "daylight": "Hora braniega del Turkmenistán"
              }
            },
            "Tuvalu": {
              "long": {
                "standard": "Hora de Tuvalu"
              }
            },
            "Uruguay": {
              "long": {
                "generic": "Hora del Uruguái",
                "standard": "Hora estándar del Uruguái",
                "daylight": "Hora braniega del Uruguái"
              }
            },
            "Uzbekistan": {
              "long": {
                "generic": "Hora del Uzbequistán",
                "standard": "Hora estándar del Uzbequistán",
                "daylight": "Hora braniega del Uzbequistán"
              }
            },
            "Vanuatu": {
              "long": {
                "generic": "Hora de Vanuatu",
                "standard": "Hora estándar de Vanuatu",
                "daylight": "Hora braniega de Vanuatu"
              }
            },
            "Venezuela": {
              "long": {
                "standard": "Hora de Venezuela"
              }
            },
            "Vladivostok": {
              "long": {
                "generic": "Hora de Vladivostok",
                "standard": "Hora estándar de Vladivostok",
                "daylight": "Hora braniega de Vladivostok"
              }
            },
            "Volgograd": {
              "long": {
                "generic": "Hora de Volgográu",
                "standard": "Hora estándar de Volgográu",
                "daylight": "Hora braniega de Volgográu"
              }
            },
            "Vostok": {
              "long": {
                "standard": "Hora de Vostok"
              }
            },
            "Wake": {
              "long": {
                "standard": "Hora de la Islla Wake"
              }
            },
            "Wallis": {
              "long": {
                "standard": "Hora de Wallis y Futuna"
              }
            },
            "Yakutsk": {
              "long": {
                "generic": "Hora de Yakutsk",
                "standard": "Hora estándar de Yakutsk",
                "daylight": "Hora braniega de Yakutsk"
              }
            },
            "Yekaterinburg": {
              "long": {
                "generic": "Hora de Yekaterimburgu",
                "standard": "Hora estándar de Yekaterimburgu",
                "daylight": "Hora braniega de Yekaterimburgu"
              }
            }
          }
        }
      }
    }
  }
}
