{
  "main": {
    "am": {
      "identity": {
        "version": {
          "_cldrVersion": "42"
        },
        "language": "am"
      },
      "dates": {
        "timeZoneNames": {
          "hourFormat": "+HHmm;-HHmm",
          "gmtFormat": "ጂ ኤም ቲ{0}",
          "gmtZeroFormat": "ጂ ኤም ቲ",
          "regionFormat": "{0} ጊዜ",
          "regionFormat-type-daylight": "{0} የቀን ብርሃን ሰዓት",
          "regionFormat-type-standard": "{0} መደበኛ ሰዓት",
          "fallbackFormat": "{1} ({0})",
          "zone": {
            "America": {
              "Adak": {
                "exemplarCity": "አዳክ"
              },
              "Anchorage": {
                "exemplarCity": "አንኮራጅ"
              },
              "Anguilla": {
                "exemplarCity": "አንጉይላ"
              },
              "Antigua": {
                "exemplarCity": "አንቲጓ"
              },
              "Araguaina": {
                "exemplarCity": "አራጉየና"
              },
              "Argentina": {
                "Rio_Gallegos": {
                  "exemplarCity": "ሪዮ ጋሌጎስ"
                },
                "San_Juan": {
                  "exemplarCity": "ሳን ጁአን"
                },
                "Ushuaia": {
                  "exemplarCity": "ኡሹአኢ"
                },
                "La_Rioja": {
                  "exemplarCity": "ላ ሪኦጃ"
                },
                "San_Luis": {
                  "exemplarCity": "ሳን ሊውስ"
                },
                "Salta": {
                  "exemplarCity": "ሳልታ"
                },
                "Tucuman": {
                  "exemplarCity": "ቱኩማን"
                }
              },
              "Aruba": {
                "exemplarCity": "አሩባ"
              },
              "Asuncion": {
                "exemplarCity": "አሱንሲዮን"
              },
              "Bahia": {
                "exemplarCity": "ባሂአ"
              },
              "Bahia_Banderas": {
                "exemplarCity": "ባሂያ ባንደራስ"
              },
              "Barbados": {
                "exemplarCity": "ባርቤዶስ"
              },
              "Belem": {
                "exemplarCity": "ቤለም"
              },
              "Belize": {
                "exemplarCity": "ቤሊዝ"
              },
              "Blanc-Sablon": {
                "exemplarCity": "ብላንክ- ሳብሎን"
              },
              "Boa_Vista": {
                "exemplarCity": "ቦአ ቪስታ"
              },
              "Bogota": {
                "exemplarCity": "ቦጎታ"
              },
              "Boise": {
                "exemplarCity": "ቦይዝ"
              },
              "Buenos_Aires": {
                "exemplarCity": "ቦነስ አይረስ"
              },
              "Cambridge_Bay": {
                "exemplarCity": "ካምብሪጅ ቤይ"
              },
              "Campo_Grande": {
                "exemplarCity": "ካምፖ ግራንዴ"
              },
              "Cancun": {
                "exemplarCity": "ካንኩን"
              },
              "Caracas": {
                "exemplarCity": "ካራካስ"
              },
              "Catamarca": {
                "exemplarCity": "ካታማርካ"
              },
              "Cayenne": {
                "exemplarCity": "ካይንኤ"
              },
              "Cayman": {
                "exemplarCity": "ካይማን"
              },
              "Chicago": {
                "exemplarCity": "ቺካጎ"
              },
              "Chihuahua": {
                "exemplarCity": "ቺሁዋውአ"
              },
              "Coral_Harbour": {
                "exemplarCity": "አቲኮካን"
              },
              "Cordoba": {
                "exemplarCity": "ኮርዶባ"
              },
              "Costa_Rica": {
                "exemplarCity": "ኮስታሪካ"
              },
              "Creston": {
                "exemplarCity": "ክረስተን"
              },
              "Cuiaba": {
                "exemplarCity": "ኩየአባ"
              },
              "Curacao": {
                "exemplarCity": "ኩራሳዎ"
              },
              "Danmarkshavn": {
                "exemplarCity": "ዳንማርክሻቭን"
              },
              "Dawson": {
                "exemplarCity": "ዳውሰን"
              },
              "Dawson_Creek": {
                "exemplarCity": "ዳውሰን ክሬክ"
              },
              "Denver": {
                "exemplarCity": "ዴንቨር"
              },
              "Detroit": {
                "exemplarCity": "ዲትሮይት"
              },
              "Dominica": {
                "exemplarCity": "ዶሜኒካ"
              },
              "Edmonton": {
                "exemplarCity": "ኤድመንተን"
              },
              "Eirunepe": {
                "exemplarCity": "ኢሩኔፕ"
              },
              "El_Salvador": {
                "exemplarCity": "ኤልሳልቫዶር"
              },
              "Fort_Nelson": {
                "exemplarCity": "ፎርት ኔልሰን"
              },
              "Fortaleza": {
                "exemplarCity": "ፎርታሌዛ"
              },
              "Glace_Bay": {
                "exemplarCity": "ግሌስ ቤይ"
              },
              "Godthab": {
                "exemplarCity": "ጋድታብ"
              },
              "Goose_Bay": {
                "exemplarCity": "ጉዝ ቤይ"
              },
              "Grand_Turk": {
                "exemplarCity": "ግራንድ ተርክ"
              },
              "Grenada": {
                "exemplarCity": "ግሬናዳ"
              },
              "Guadeloupe": {
                "exemplarCity": "ጕዳሉፕ"
              },
              "Guatemala": {
                "exemplarCity": "ጓቲማላ"
              },
              "Guayaquil": {
                "exemplarCity": "ጉያኩይል"
              },
              "Guyana": {
                "exemplarCity": "ጉያና"
              },
              "Halifax": {
                "exemplarCity": "ሃሊፋክስ"
              },
              "Havana": {
                "exemplarCity": "ሃቫና"
              },
              "Hermosillo": {
                "exemplarCity": "ኸርሞዚሎ"
              },
              "Indiana": {
                "Vincennes": {
                  "exemplarCity": "ቪንቼንስ, ኢንዲያና"
                },
                "Petersburg": {
                  "exemplarCity": "ፒተርስበርግ, ኢንዲያና"
                },
                "Tell_City": {
                  "exemplarCity": "ቴል ከተማ, ኢንዲያና"
                },
                "Knox": {
                  "exemplarCity": "ኖክስ, ኢንዲያና"
                },
                "Winamac": {
                  "exemplarCity": "ዊናማክ, ኢንዲያና"
                },
                "Marengo": {
                  "exemplarCity": "ማሬንጎ, ኢንዲያና"
                },
                "Vevay": {
                  "exemplarCity": "ቪቫይ, ኢንዲያና"
                }
              },
              "Indianapolis": {
                "exemplarCity": "ኢንዲያናፖሊስ"
              },
              "Inuvik": {
                "exemplarCity": "ኢኑቪክ"
              },
              "Iqaluit": {
                "exemplarCity": "ኢኳሊውት"
              },
              "Jamaica": {
                "exemplarCity": "ጃማይካ"
              },
              "Jujuy": {
                "exemplarCity": "ጁጁይ"
              },
              "Juneau": {
                "exemplarCity": "ጁኒዩ"
              },
              "Kentucky": {
                "Monticello": {
                  "exemplarCity": "ሞንቲሴሎ, ኪንታኪ"
                }
              },
              "Kralendijk": {
                "exemplarCity": "ክራለንዲይክ"
              },
              "La_Paz": {
                "exemplarCity": "ላ ፓዝ"
              },
              "Lima": {
                "exemplarCity": "ሊማ"
              },
              "Los_Angeles": {
                "exemplarCity": "ሎስ አንጀለስ"
              },
              "Louisville": {
                "exemplarCity": "ሊውስቪል"
              },
              "Lower_Princes": {
                "exemplarCity": "የታችኛው ልዑል ሩብ"
              },
              "Maceio": {
                "exemplarCity": "ሜሲኦ"
              },
              "Managua": {
                "exemplarCity": "ማናጉአ"
              },
              "Manaus": {
                "exemplarCity": "ማናኡስ"
              },
              "Marigot": {
                "exemplarCity": "ማርጎት"
              },
              "Martinique": {
                "exemplarCity": "ማርቲኒክ"
              },
              "Matamoros": {
                "exemplarCity": "ማታሞሮስ"
              },
              "Mazatlan": {
                "exemplarCity": "ማዛትላን"
              },
              "Mendoza": {
                "exemplarCity": "ሜንዶዛ"
              },
              "Menominee": {
                "exemplarCity": "ሜኖሚኒ"
              },
              "Merida": {
                "exemplarCity": "ሜሪዳ"
              },
              "Metlakatla": {
                "exemplarCity": "መትላካትላ"
              },
              "Mexico_City": {
                "exemplarCity": "ሜክሲኮ ከተማ"
              },
              "Miquelon": {
                "exemplarCity": "ሚኮውሎን"
              },
              "Moncton": {
                "exemplarCity": "ሞንክቶን"
              },
              "Monterrey": {
                "exemplarCity": "ሞንተርሬይ"
              },
              "Montevideo": {
                "exemplarCity": "ሞንቴቪድዮ"
              },
              "Montserrat": {
                "exemplarCity": "ሞንትሴራት"
              },
              "Nassau": {
                "exemplarCity": "ናሳው"
              },
              "New_York": {
                "exemplarCity": "ኒውዮርክ"
              },
              "Nipigon": {
                "exemplarCity": "ኒፒጎን"
              },
              "Nome": {
                "exemplarCity": "ኖሜ"
              },
              "Noronha": {
                "exemplarCity": "ኖሮኛ"
              },
              "North_Dakota": {
                "Beulah": {
                  "exemplarCity": "ቤኡላህ, ሰሜን ዳኮታ"
                },
                "New_Salem": {
                  "exemplarCity": "አዲስ ሳሌም, ሰሜን ዳኮታ"
                },
                "Center": {
                  "exemplarCity": "መካከለኛ, ሰሜን ዳኮታ"
                }
              },
              "Ojinaga": {
                "exemplarCity": "ኦዪናጋ"
              },
              "Panama": {
                "exemplarCity": "ፓናማ"
              },
              "Pangnirtung": {
                "exemplarCity": "ፓንግኒርተንግ"
              },
              "Paramaribo": {
                "exemplarCity": "ፓራማሪቦ"
              },
              "Phoenix": {
                "exemplarCity": "ፊኒክስ"
              },
              "Port-au-Prince": {
                "exemplarCity": "ፖርት ኦ ፕሪንስ"
              },
              "Port_of_Spain": {
                "exemplarCity": "የእስፔን ወደብ"
              },
              "Porto_Velho": {
                "exemplarCity": "ፔትሮ ቬልሆ"
              },
              "Puerto_Rico": {
                "exemplarCity": "ፖርቶሪኮ"
              },
              "Punta_Arenas": {
                "exemplarCity": "ፑንታ አሬናስ"
              },
              "Rainy_River": {
                "exemplarCity": "ሬኒ ሪቨር"
              },
              "Rankin_Inlet": {
                "exemplarCity": "ራንኪን ኢንሌት"
              },
              "Recife": {
                "exemplarCity": "ረሲፍ"
              },
              "Regina": {
                "exemplarCity": "ረጂና"
              },
              "Resolute": {
                "exemplarCity": "ሪዞሊዩት"
              },
              "Rio_Branco": {
                "exemplarCity": "ሪዮ ብራንኮ"
              },
              "Santa_Isabel": {
                "exemplarCity": "ሳንታ ኢዛቤል"
              },
              "Santarem": {
                "exemplarCity": "ሳንታሬም"
              },
              "Santiago": {
                "exemplarCity": "ሳንቲያጎ"
              },
              "Santo_Domingo": {
                "exemplarCity": "ሳንቶ ዶሚንጎ"
              },
              "Sao_Paulo": {
                "exemplarCity": "ሳኦ ፖሎ"
              },
              "Scoresbysund": {
                "exemplarCity": "ስኮርስባይሰንድ"
              },
              "Sitka": {
                "exemplarCity": "ሲትካ"
              },
              "St_Barthelemy": {
                "exemplarCity": "ቅድስት ቤርተሎሜ"
              },
              "St_Johns": {
                "exemplarCity": "ቅዱስ ዮሐንስ"
              },
              "St_Kitts": {
                "exemplarCity": "ቅዱስ ኪትስ"
              },
              "St_Lucia": {
                "exemplarCity": "ቅድስት ሉሲያ"
              },
              "St_Thomas": {
                "exemplarCity": "ቅዱስ ቶማስ"
              },
              "St_Vincent": {
                "exemplarCity": "ቅዱስ ቪንሰንት"
              },
              "Swift_Current": {
                "exemplarCity": "የሐዋላ ገንዘብ"
              },
              "Tegucigalpa": {
                "exemplarCity": "ቴጉሲጋልፓ"
              },
              "Thule": {
                "exemplarCity": "ቱሌ"
              },
              "Thunder_Bay": {
                "exemplarCity": "ተንደር ቤይ"
              },
              "Tijuana": {
                "exemplarCity": "ቲጁአና"
              },
              "Toronto": {
                "exemplarCity": "ቶሮንቶ"
              },
              "Tortola": {
                "exemplarCity": "ቶርቶላ"
              },
              "Vancouver": {
                "exemplarCity": "ቫንኮቨር"
              },
              "Whitehorse": {
                "exemplarCity": "ኋይትሆርስ"
              },
              "Winnipeg": {
                "exemplarCity": "ዊኒፔግ"
              },
              "Yakutat": {
                "exemplarCity": "ያኩታት"
              },
              "Yellowknife": {
                "exemplarCity": "የሎውናይፍ"
              }
            },
            "Atlantic": {
              "Azores": {
                "exemplarCity": "አዞረስ"
              },
              "Bermuda": {
                "exemplarCity": "ቤርሙዳ"
              },
              "Canary": {
                "exemplarCity": "ካናሪ"
              },
              "Cape_Verde": {
                "exemplarCity": "ኬፕ ቬርደ"
              },
              "Faeroe": {
                "exemplarCity": "ፋሮእ"
              },
              "Madeira": {
                "exemplarCity": "ማዴራ"
              },
              "Reykjavik": {
                "exemplarCity": "ሬይክጃቪክ"
              },
              "South_Georgia": {
                "exemplarCity": "ደቡብ ጆርጂያ"
              },
              "St_Helena": {
                "exemplarCity": "ቅድስት ሄለና"
              },
              "Stanley": {
                "exemplarCity": "ስታንሌይ"
              }
            },
            "Europe": {
              "Amsterdam": {
                "exemplarCity": "አምስተርዳም"
              },
              "Andorra": {
                "exemplarCity": "አንዶራ"
              },
              "Astrakhan": {
                "exemplarCity": "አስትራክሃን"
              },
              "Athens": {
                "exemplarCity": "አቴንስ"
              },
              "Belgrade": {
                "exemplarCity": "ቤልግሬድ"
              },
              "Berlin": {
                "exemplarCity": "በርሊን"
              },
              "Bratislava": {
                "exemplarCity": "ብራቲስላቫ"
              },
              "Brussels": {
                "exemplarCity": "ብራሰልስ"
              },
              "Bucharest": {
                "exemplarCity": "ቡካሬስት"
              },
              "Budapest": {
                "exemplarCity": "ቡዳፔስት"
              },
              "Busingen": {
                "exemplarCity": "ቡሲንገን"
              },
              "Chisinau": {
                "exemplarCity": "ቺስናኡ"
              },
              "Copenhagen": {
                "exemplarCity": "ኮፐንሃገን"
              },
              "Dublin": {
                "long": {
                  "daylight": "የአይሪሽ መደበኛ ሰዓት አቆጣጠር"
                },
                "exemplarCity": "ደብሊን"
              },
              "Gibraltar": {
                "exemplarCity": "ጂብራልታር"
              },
              "Guernsey": {
                "exemplarCity": "ጉርነሲ"
              },
              "Helsinki": {
                "exemplarCity": "ሄልሲንኪ"
              },
              "Isle_of_Man": {
                "exemplarCity": "አይስል ኦፍ ማን"
              },
              "Istanbul": {
                "exemplarCity": "ኢስታንቡል"
              },
              "Jersey": {
                "exemplarCity": "ጀርሲ"
              },
              "Kaliningrad": {
                "exemplarCity": "ካሊኒንግራድ"
              },
              "Kiev": {
                "exemplarCity": "ኪየቭ"
              },
              "Kirov": {
                "exemplarCity": "ኪሮቭ"
              },
              "Lisbon": {
                "exemplarCity": "ሊዝበን"
              },
              "Ljubljana": {
                "exemplarCity": "ልጁብልጃና"
              },
              "London": {
                "long": {
                  "daylight": "የብሪትሽ የበጋ ሰዓት አቆጣጠር"
                },
                "exemplarCity": "ለንደን"
              },
              "Luxembourg": {
                "exemplarCity": "ሉክሰምበርግ"
              },
              "Madrid": {
                "exemplarCity": "ማድሪድ"
              },
              "Malta": {
                "exemplarCity": "ማልታ"
              },
              "Mariehamn": {
                "exemplarCity": "ሜሪሃምን"
              },
              "Minsk": {
                "exemplarCity": "ሚንስክ"
              },
              "Monaco": {
                "exemplarCity": "ሞናኮ"
              },
              "Moscow": {
                "exemplarCity": "ሞስኮ"
              },
              "Oslo": {
                "exemplarCity": "ኦስሎ"
              },
              "Paris": {
                "exemplarCity": "ፓሪስ"
              },
              "Podgorica": {
                "exemplarCity": "ፖድጎሪካ"
              },
              "Prague": {
                "exemplarCity": "ፕራግ"
              },
              "Riga": {
                "exemplarCity": "ሪጋ"
              },
              "Rome": {
                "exemplarCity": "ሮም"
              },
              "Samara": {
                "exemplarCity": "ሳማራ"
              },
              "San_Marino": {
                "exemplarCity": "ሳን ማሪኖ"
              },
              "Sarajevo": {
                "exemplarCity": "ሳሪየቮ"
              },
              "Saratov": {
                "exemplarCity": "ሳራቶቭ"
              },
              "Simferopol": {
                "exemplarCity": "ሲምፈሮፖል"
              },
              "Skopje": {
                "exemplarCity": "ስኮፕየ"
              },
              "Sofia": {
                "exemplarCity": "ሶፊያ"
              },
              "Stockholm": {
                "exemplarCity": "ስቶክሆልም"
              },
              "Tallinn": {
                "exemplarCity": "ታሊን"
              },
              "Tirane": {
                "exemplarCity": "ቴራን"
              },
              "Ulyanovsk": {
                "exemplarCity": "ኡልያኖቭስክ"
              },
              "Uzhgorod": {
                "exemplarCity": "ኡዝጎሮድ"
              },
              "Vaduz": {
                "exemplarCity": "ቫዱዝ"
              },
              "Vatican": {
                "exemplarCity": "ቫቲካን"
              },
              "Vienna": {
                "exemplarCity": "ቪየና"
              },
              "Vilnius": {
                "exemplarCity": "ቪሊነስ"
              },
              "Volgograd": {
                "exemplarCity": "ቮልጎራድ"
              },
              "Warsaw": {
                "exemplarCity": "ዋርሶው"
              },
              "Zagreb": {
                "exemplarCity": "ዛግሬብ"
              },
              "Zaporozhye": {
                "exemplarCity": "ዛፖሮዚይ"
              },
              "Zurich": {
                "exemplarCity": "ዙሪክ"
              }
            },
            "Africa": {
              "Abidjan": {
                "exemplarCity": "አቢጃን"
              },
              "Accra": {
                "exemplarCity": "አክራ"
              },
              "Addis_Ababa": {
                "exemplarCity": "አዲስ አበባ"
              },
              "Algiers": {
                "exemplarCity": "አልጀርስ"
              },
              "Asmera": {
                "exemplarCity": "አስመራ"
              },
              "Bamako": {
                "exemplarCity": "ባማኮ"
              },
              "Bangui": {
                "exemplarCity": "ባንጉኢ"
              },
              "Banjul": {
                "exemplarCity": "ባንጁል"
              },
              "Bissau": {
                "exemplarCity": "ቢሳኦ"
              },
              "Blantyre": {
                "exemplarCity": "ብላንታየር"
              },
              "Brazzaville": {
                "exemplarCity": "ብራዛቪል"
              },
              "Bujumbura": {
                "exemplarCity": "ቡጁምብራ"
              },
              "Cairo": {
                "exemplarCity": "ካይሮ"
              },
              "Casablanca": {
                "exemplarCity": "ካዛብላንካ"
              },
              "Ceuta": {
                "exemplarCity": "ሲኡታ"
              },
              "Conakry": {
                "exemplarCity": "ኮናክሬ"
              },
              "Dakar": {
                "exemplarCity": "ዳካር"
              },
              "Dar_es_Salaam": {
                "exemplarCity": "ዳሬ ሰላም"
              },
              "Djibouti": {
                "exemplarCity": "ጅቡቲ"
              },
              "Douala": {
                "exemplarCity": "ዱአላ"
              },
              "El_Aaiun": {
                "exemplarCity": "ኤል አዩአን"
              },
              "Freetown": {
                "exemplarCity": "ፍሪታውን"
              },
              "Gaborone": {
                "exemplarCity": "ጋቦሮን"
              },
              "Harare": {
                "exemplarCity": "ሃራሬ"
              },
              "Johannesburg": {
                "exemplarCity": "ጆሃንስበርግ"
              },
              "Juba": {
                "exemplarCity": "ጁባ"
              },
              "Kampala": {
                "exemplarCity": "ካምፓላ"
              },
              "Khartoum": {
                "exemplarCity": "ካርቱም"
              },
              "Kigali": {
                "exemplarCity": "ኪጋሊ"
              },
              "Kinshasa": {
                "exemplarCity": "ኪንሻሳ"
              },
              "Lagos": {
                "exemplarCity": "ሌጎስ"
              },
              "Libreville": {
                "exemplarCity": "ሊበርቪል"
              },
              "Lome": {
                "exemplarCity": "ሎሜ"
              },
              "Luanda": {
                "exemplarCity": "ሉአንዳ"
              },
              "Lubumbashi": {
                "exemplarCity": "ሉቡምባሺ"
              },
              "Lusaka": {
                "exemplarCity": "ሉሳካ"
              },
              "Malabo": {
                "exemplarCity": "ማላቡ"
              },
              "Maputo": {
                "exemplarCity": "ማፑቱ"
              },
              "Maseru": {
                "exemplarCity": "ማሴሩ"
              },
              "Mbabane": {
                "exemplarCity": "ምባባኔ"
              },
              "Mogadishu": {
                "exemplarCity": "ሞቃዲሹ"
              },
              "Monrovia": {
                "exemplarCity": "ሞንሮቪያ"
              },
              "Nairobi": {
                "exemplarCity": "ናይሮቢ"
              },
              "Ndjamena": {
                "exemplarCity": "ንጃሜና"
              },
              "Niamey": {
                "exemplarCity": "ኒያሜይ"
              },
              "Nouakchott": {
                "exemplarCity": "ኑአክቾት"
              },
              "Ouagadougou": {
                "exemplarCity": "ኡጋዱጉ"
              },
              "Porto-Novo": {
                "exemplarCity": "ፖርቶ - ኖቮ"
              },
              "Sao_Tome": {
                "exemplarCity": "ሳኦ ቶሜ"
              },
              "Tripoli": {
                "exemplarCity": "ትሪፖሊ"
              },
              "Tunis": {
                "exemplarCity": "ቱኒዝ"
              },
              "Windhoek": {
                "exemplarCity": "ዊንድሆክ"
              }
            },
            "Asia": {
              "Aden": {
                "exemplarCity": "ኤደን"
              },
              "Almaty": {
                "exemplarCity": "አልማትይ"
              },
              "Amman": {
                "exemplarCity": "አማን"
              },
              "Anadyr": {
                "exemplarCity": "አናድይር"
              },
              "Aqtau": {
                "exemplarCity": "አኩታኡ"
              },
              "Aqtobe": {
                "exemplarCity": "አኩቶቤ"
              },
              "Ashgabat": {
                "exemplarCity": "አሽጋባት"
              },
              "Atyrau": {
                "exemplarCity": "አትይራኡ"
              },
              "Baghdad": {
                "exemplarCity": "ባግዳድ"
              },
              "Bahrain": {
                "exemplarCity": "ባህሬን"
              },
              "Baku": {
                "exemplarCity": "ባኩ"
              },
              "Bangkok": {
                "exemplarCity": "ባንኮክ"
              },
              "Barnaul": {
                "exemplarCity": "ባርናኡል"
              },
              "Beirut": {
                "exemplarCity": "ቤሩት"
              },
              "Bishkek": {
                "exemplarCity": "ቢሽኬክ"
              },
              "Brunei": {
                "exemplarCity": "ብሩናይ"
              },
              "Calcutta": {
                "exemplarCity": "ኮልካታ"
              },
              "Chita": {
                "exemplarCity": "ቺታ"
              },
              "Choibalsan": {
                "exemplarCity": "ቾይባልሳን"
              },
              "Colombo": {
                "exemplarCity": "ኮሎምቦ"
              },
              "Damascus": {
                "exemplarCity": "ደማስቆ"
              },
              "Dhaka": {
                "exemplarCity": "ዳካ"
              },
              "Dili": {
                "exemplarCity": "ዲሊ"
              },
              "Dubai": {
                "exemplarCity": "ዱባይ"
              },
              "Dushanbe": {
                "exemplarCity": "ደሻንቤ"
              },
              "Famagusta": {
                "exemplarCity": "ፋማጉስታ"
              },
              "Gaza": {
                "exemplarCity": "ጋዛ"
              },
              "Hebron": {
                "exemplarCity": "ኬብሮን"
              },
              "Hong_Kong": {
                "exemplarCity": "ሆንግ ኮንግ"
              },
              "Hovd": {
                "exemplarCity": "ሆቭድ"
              },
              "Irkutsk": {
                "exemplarCity": "ኢርኩትስክ"
              },
              "Jakarta": {
                "exemplarCity": "ጃካርታ"
              },
              "Jayapura": {
                "exemplarCity": "ጃያፑራ"
              },
              "Jerusalem": {
                "exemplarCity": "እየሩሳሌም"
              },
              "Kabul": {
                "exemplarCity": "ካቡል"
              },
              "Kamchatka": {
                "exemplarCity": "ካምቻትካ"
              },
              "Karachi": {
                "exemplarCity": "ካራቺ"
              },
              "Katmandu": {
                "exemplarCity": "ካትማንዱ"
              },
              "Khandyga": {
                "exemplarCity": "ካንዲጋ"
              },
              "Krasnoyarsk": {
                "exemplarCity": "ክራስኖያርስክ"
              },
              "Kuala_Lumpur": {
                "exemplarCity": "ኩዋላ ላምፑር"
              },
              "Kuching": {
                "exemplarCity": "ኩቺንግ"
              },
              "Kuwait": {
                "exemplarCity": "ኩዌት"
              },
              "Macau": {
                "exemplarCity": "ማካኡ"
              },
              "Magadan": {
                "exemplarCity": "ማጋዳን"
              },
              "Makassar": {
                "exemplarCity": "ማካሳር"
              },
              "Manila": {
                "exemplarCity": "ማኒላ"
              },
              "Muscat": {
                "exemplarCity": "ሙስካት"
              },
              "Nicosia": {
                "exemplarCity": "ኒኮሲአ"
              },
              "Novokuznetsk": {
                "exemplarCity": "ኖቮኩትዝኔክ"
              },
              "Novosibirsk": {
                "exemplarCity": "ኖቮሲቢሪስክ"
              },
              "Omsk": {
                "exemplarCity": "ኦምስክ"
              },
              "Oral": {
                "exemplarCity": "ኦራል"
              },
              "Phnom_Penh": {
                "exemplarCity": "ፍኖም ፔንህ"
              },
              "Pontianak": {
                "exemplarCity": "ፖንቲአናክ"
              },
              "Pyongyang": {
                "exemplarCity": "ፕዮንግያንግ"
              },
              "Qatar": {
                "exemplarCity": "ኳታር"
              },
              "Qostanay": {
                "exemplarCity": "ኮስታናይ"
              },
              "Qyzylorda": {
                "exemplarCity": "ኩይዚሎርዳ"
              },
              "Rangoon": {
                "exemplarCity": "ያንጎን"
              },
              "Riyadh": {
                "exemplarCity": "ሪያድ"
              },
              "Saigon": {
                "exemplarCity": "ሆ ቺ ሚንህ ከተማ"
              },
              "Sakhalin": {
                "exemplarCity": "ሳክሃሊን"
              },
              "Samarkand": {
                "exemplarCity": "ሳማርካንድ"
              },
              "Seoul": {
                "exemplarCity": "ሴኦል"
              },
              "Shanghai": {
                "exemplarCity": "ሻንጋይ"
              },
              "Singapore": {
                "exemplarCity": "ሲንጋፖር"
              },
              "Srednekolymsk": {
                "exemplarCity": "ስሬድኔስኮልምስክ"
              },
              "Taipei": {
                "exemplarCity": "ታይፓይ"
              },
              "Tashkent": {
                "exemplarCity": "ታሽኬንት"
              },
              "Tbilisi": {
                "exemplarCity": "ትብሊሲ"
              },
              "Tehran": {
                "exemplarCity": "ቴህራን"
              },
              "Thimphu": {
                "exemplarCity": "ቲምፉ"
              },
              "Tokyo": {
                "exemplarCity": "ቶኪዮ"
              },
              "Tomsk": {
                "exemplarCity": "ቶምስክ"
              },
              "Ulaanbaatar": {
                "exemplarCity": "ኡላአንባአታር"
              },
              "Urumqi": {
                "exemplarCity": "ኡሩምኪ"
              },
              "Ust-Nera": {
                "exemplarCity": "ኡስት-ኔራ"
              },
              "Vientiane": {
                "exemplarCity": "ቬንቲአን"
              },
              "Vladivostok": {
                "exemplarCity": "ቭላዲቮስቶክ"
              },
              "Yakutsk": {
                "exemplarCity": "ያኩትስክ"
              },
              "Yekaterinburg": {
                "exemplarCity": "የካተሪንበርግ"
              },
              "Yerevan": {
                "exemplarCity": "ይሬቫን"
              }
            },
            "Indian": {
              "Antananarivo": {
                "exemplarCity": "አንታናናሪቮ"
              },
              "Chagos": {
                "exemplarCity": "ቻጎስ"
              },
              "Christmas": {
                "exemplarCity": "ገና"
              },
              "Cocos": {
                "exemplarCity": "ኮኮስ"
              },
              "Comoro": {
                "exemplarCity": "ኮሞሮ"
              },
              "Kerguelen": {
                "exemplarCity": "ኬርጉለን"
              },
              "Mahe": {
                "exemplarCity": "ማሄ"
              },
              "Maldives": {
                "exemplarCity": "ማልዲቨ"
              },
              "Mauritius": {
                "exemplarCity": "ሞሪሽየስ"
              },
              "Mayotte": {
                "exemplarCity": "ማዮቴ"
              },
              "Reunion": {
                "exemplarCity": "ሬዩኒየን"
              }
            },
            "Australia": {
              "Adelaide": {
                "exemplarCity": "አዴሌእድ"
              },
              "Brisbane": {
                "exemplarCity": "ብሪስቤን"
              },
              "Broken_Hill": {
                "exemplarCity": "ብሮክን ሂል"
              },
              "Currie": {
                "exemplarCity": "ከሪ"
              },
              "Darwin": {
                "exemplarCity": "ዳርዊን"
              },
              "Eucla": {
                "exemplarCity": "ኡክላ"
              },
              "Hobart": {
                "exemplarCity": "ሆባርት"
              },
              "Lindeman": {
                "exemplarCity": "ሊንድማን"
              },
              "Lord_Howe": {
                "exemplarCity": "ሎርድ ሆዊ"
              },
              "Melbourne": {
                "exemplarCity": "ሜልቦርን"
              },
              "Perth": {
                "exemplarCity": "ፐርዝ"
              },
              "Sydney": {
                "exemplarCity": "ሲድኒ"
              }
            },
            "Pacific": {
              "Apia": {
                "exemplarCity": "አፒአ"
              },
              "Auckland": {
                "exemplarCity": "ኦክላንድ"
              },
              "Bougainville": {
                "exemplarCity": "ቦጌይንቪል"
              },
              "Chatham": {
                "exemplarCity": "ቻታም"
              },
              "Easter": {
                "exemplarCity": "ፋሲካ"
              },
              "Efate": {
                "exemplarCity": "ኢፋቴ"
              },
              "Enderbury": {
                "exemplarCity": "ኢንደርበሪ"
              },
              "Fakaofo": {
                "exemplarCity": "ፋካኦፎ"
              },
              "Fiji": {
                "exemplarCity": "ፊጂ"
              },
              "Funafuti": {
                "exemplarCity": "ፈናፉቲ"
              },
              "Galapagos": {
                "exemplarCity": "ጋላፓጎስ"
              },
              "Gambier": {
                "exemplarCity": "ጋምቢየር"
              },
              "Guadalcanal": {
                "exemplarCity": "ጉዋዳልካናል"
              },
              "Guam": {
                "exemplarCity": "ጉአም"
              },
              "Honolulu": {
                "exemplarCity": "ሆኖሉሉ"
              },
              "Johnston": {
                "exemplarCity": "ጆንስተን"
              },
              "Kanton": {
                "exemplarCity": "ካንቶን"
              },
              "Kiritimati": {
                "exemplarCity": "ኪሪቲማቲ"
              },
              "Kosrae": {
                "exemplarCity": "ኮስሬ"
              },
              "Kwajalein": {
                "exemplarCity": "ክዋጃሊን"
              },
              "Majuro": {
                "exemplarCity": "ማጁሩ"
              },
              "Marquesas": {
                "exemplarCity": "ማርክዌሳስ"
              },
              "Midway": {
                "exemplarCity": "ሚድወይ"
              },
              "Nauru": {
                "exemplarCity": "ናውሩ"
              },
              "Niue": {
                "exemplarCity": "ኒዌ"
              },
              "Norfolk": {
                "exemplarCity": "ኖርፎልክ"
              },
              "Noumea": {
                "exemplarCity": "ናኦሚአ"
              },
              "Pago_Pago": {
                "exemplarCity": "ፓጎ ፓጎ"
              },
              "Palau": {
                "exemplarCity": "ፓላው"
              },
              "Pitcairn": {
                "exemplarCity": "ፒትከይርን"
              },
              "Ponape": {
                "exemplarCity": "ፖህንፔ"
              },
              "Port_Moresby": {
                "exemplarCity": "ፖርት ሞሬስባይ"
              },
              "Rarotonga": {
                "exemplarCity": "ራሮቶንጋ"
              },
              "Saipan": {
                "exemplarCity": "ሴይፓን"
              },
              "Tahiti": {
                "exemplarCity": "ታሂቲ"
              },
              "Tarawa": {
                "exemplarCity": "ታራዋ"
              },
              "Tongatapu": {
                "exemplarCity": "ቶንጋታፑ"
              },
              "Truk": {
                "exemplarCity": "ቹክ"
              },
              "Wake": {
                "exemplarCity": "ዋኬ"
              },
              "Wallis": {
                "exemplarCity": "ዋሊስ"
              }
            },
            "Arctic": {
              "Longyearbyen": {
                "exemplarCity": "ሎንግይርባየን"
              }
            },
            "Antarctica": {
              "Casey": {
                "exemplarCity": "ካዚይ"
              },
              "Davis": {
                "exemplarCity": "ዳቪስ"
              },
              "DumontDUrville": {
                "exemplarCity": "ደሞንት ዲኡርቪል"
              },
              "Macquarie": {
                "exemplarCity": "ማከሪ"
              },
              "Mawson": {
                "exemplarCity": "ናውሰን"
              },
              "McMurdo": {
                "exemplarCity": "ማክመርዶ"
              },
              "Palmer": {
                "exemplarCity": "ፓልመር"
              },
              "Rothera": {
                "exemplarCity": "ሮቴራ"
              },
              "Syowa": {
                "exemplarCity": "ስዮዋ"
              },
              "Troll": {
                "exemplarCity": "ትሮል"
              },
              "Vostok": {
                "exemplarCity": "ቭስቶክ"
              }
            },
            "Etc": {
              "UTC": {
                "long": {
                  "standard": "የተቀነባበረ ሁለገብ ሰዓት"
                },
                "short": {
                  "standard": "UTC"
                }
              },
              "Unknown": {
                "exemplarCity": "ያልታወቀ ከተማ"
              }
            }
          },
          "metazone": {
            "Afghanistan": {
              "long": {
                "standard": "የአፍጋኒስታን ሰዓት"
              }
            },
            "Africa_Central": {
              "long": {
                "standard": "የመካከለኛው አፍሪካ ሰዓት"
              }
            },
            "Africa_Eastern": {
              "long": {
                "standard": "የምስራቅ አፍሪካ ሰዓት"
              }
            },
            "Africa_Southern": {
              "long": {
                "standard": "የደቡብ አፍሪካ መደበኛ ሰዓት"
              }
            },
            "Africa_Western": {
              "long": {
                "generic": "የምዕራብ አፍሪካ ሰዓት",
                "standard": "የምዕራብ አፍሪካ መደበኛ ሰዓት",
                "daylight": "የምዕራብ አፍሪካ ክረምት ሰዓት"
              }
            },
            "Alaska": {
              "long": {
                "generic": "የአላስካ ሰዓት አቆጣጠር",
                "standard": "የአላስካ መደበኛ የሰዓት አቆጣጠር",
                "daylight": "የአላስካ የቀን ሰዓት አቆጣጠር"
              }
            },
            "Amazon": {
              "long": {
                "generic": "የአማዞን ሰዓት አቆጣጠር",
                "standard": "የአማዞን መደበኛ ሰዓት አቆጣጠር",
                "daylight": "የአማዞን የቀን ሰዓት አቆጣጠር"
              }
            },
            "America_Central": {
              "long": {
                "generic": "የሰሜን አሜሪካ የመካከለኛ ሰዓት አቆጣጠር",
                "standard": "የሰሜን አሜሪካ የመካከለኛ መደበኛ ሰዓት አቆጣጠር",
                "daylight": "የመካከለኛ የቀን ሰዓት አቆጣጠር"
              }
            },
            "America_Eastern": {
              "long": {
                "generic": "ምስራቃዊ ሰዓት አቆጣጠር",
                "standard": "ምስራቃዊ መደበኛ ሰዓት አቆጣጠር",
                "daylight": "ምስራቃዊ የቀን ሰዓት አቆጣጠር"
              }
            },
            "America_Mountain": {
              "long": {
                "generic": "የተራራ የሰዓት አቆጣጠር",
                "standard": "የተራራ መደበኛ የሰዓት አቆጣጠር",
                "daylight": "የተራራ የቀንሰዓት አቆጣጠር"
              }
            },
            "America_Pacific": {
              "long": {
                "generic": "የፓስፊክ ሰዓት አቆጣጠር",
                "standard": "የፓስፊክ መደበኛ ሰዓት አቆጣጠር",
                "daylight": "የፓስፊክ የቀን ሰዓት አቆጣጠር"
              }
            },
            "Anadyr": {
              "long": {
                "generic": "የአናድይር ሰዓት አቆጣጠር",
                "standard": "የአናዲይር ሰዓት አቆጣጠር",
                "daylight": "የአናድይር የበጋ የሰዓት አቆጣጠር"
              }
            },
            "Apia": {
              "long": {
                "generic": "የአፒያ ሰዓት",
                "standard": "የአፒያ መደበኛ ሰዓት",
                "daylight": "የአፒያ የቀን ጊዜ ሰዓት"
              }
            },
            "Arabian": {
              "long": {
                "generic": "የዓረቢያ ሰዓት",
                "standard": "የዓረቢያ መደበኛ ሰዓት",
                "daylight": "የዓረቢያ የቀን ብርሃን ሰዓት"
              }
            },
            "Argentina": {
              "long": {
                "generic": "የአርጀንቲና የሰዓት አቆጣጠር",
                "standard": "የአርጀንቲና መደበኛ ሰዓት አቆጣጠር",
                "daylight": "የአርጀንቲና የበጋ ሰዓት አቆጣጠር"
              }
            },
            "Argentina_Western": {
              "long": {
                "generic": "የአርጀንቲና ምስራቃዊ ሰዓት አቆጣጠር",
                "standard": "የምዕራባዊ አርጀንቲና መደበኛ ሰዓት አቆጣጠር",
                "daylight": "የአርጀንቲና ምስራቃዊ በጋ ሰዓት አቆጣጠር"
              }
            },
            "Armenia": {
              "long": {
                "generic": "የአርመኒያ ሰዓት",
                "standard": "የአርመኒያ መደበኛ ሰዓት",
                "daylight": "የአርመኒያ ክረምት ሰዓት"
              }
            },
            "Atlantic": {
              "long": {
                "generic": "የአትላንቲክ የሰዓት አቆጣጠር",
                "standard": "የአትላንቲክ መደበኛ የሰዓት አቆጣጠር",
                "daylight": "የአትላንቲክ የቀን ሰዓት አቆጣጠር"
              }
            },
            "Australia_Central": {
              "long": {
                "generic": "የመካከለኛው አውስትራሊያ ሰዓት አቆጣጠር",
                "standard": "የአውስትራሊያ መካከለኛ መደበኛ የሰዓት አቆጣጠር",
                "daylight": "የአውስትራሊያ መካከለኛ የቀን ሰዓት አቆጣጠር"
              }
            },
            "Australia_CentralWestern": {
              "long": {
                "generic": "የአውስትራሊያ መካከለኛ ምስራቃዊ ሰዓት አቆጣጠር",
                "standard": "የአውስትራሊያ መካከለኛ ምስራቃዊ መደበኛ ሰዓት አቆጣጠር",
                "daylight": "የአውስትራሊያ መካከለኛው ምስራቅ የቀን ሰዓት አቆጣጠር"
              }
            },
            "Australia_Eastern": {
              "long": {
                "generic": "የምዕራባዊ አውስትራሊያ የሰዓት አቆጣጠር",
                "standard": "የአውስትራሊያ ምዕራባዊ መደበኛ የሰዓት አቆጣጠር",
                "daylight": "የአውስትራሊያ ምዕራባዊ የቀን ሰዓት አቆጣጠር"
              }
            },
            "Australia_Western": {
              "long": {
                "generic": "የምስራቃዊ አውስትራሊያ ሰዓት አቆጣጠር",
                "standard": "የአውስትራሊያ ምስራቃዊ መደበኛ ሰዓት አቆጣጠር",
                "daylight": "የአውስትራሊያ ምስራቃዊ የቀን ሰዓት አቆጣጠር"
              }
            },
            "Azerbaijan": {
              "long": {
                "generic": "የአዘርባጃን ሰዓት",
                "standard": "የአዘርባጃን መደበኛ ሰዓት",
                "daylight": "የአዘርባጃን ክረምት ሰዓት"
              }
            },
            "Azores": {
              "long": {
                "generic": "የአዞረስ ሰዓት",
                "standard": "የአዞረስ መደበኛ ሰዓት",
                "daylight": "የአዞረስ ክረምት ሰዓት"
              }
            },
            "Bangladesh": {
              "long": {
                "generic": "የባንግላዴሽ ሰዓት",
                "standard": "የባንግላዴሽ መደበኛ ሰዓት",
                "daylight": "የባንግላዴሽ ክረምት ሰዓት"
              }
            },
            "Bhutan": {
              "long": {
                "standard": "የቡታን ሰዓት"
              }
            },
            "Bolivia": {
              "long": {
                "standard": "የቦሊቪያ ሰዓት"
              }
            },
            "Brasilia": {
              "long": {
                "generic": "የብራዚላዊ ሰዓት አቆጣጠር",
                "standard": "የብራሲሊያ መደበኛ ሰዓት አቆጣጠር",
                "daylight": "የብራዚላ የበጋ ሰዓት አቆጣጠር"
              }
            },
            "Brunei": {
              "long": {
                "standard": "የብሩኔይ ዳሩሳላም ሰዓት"
              }
            },
            "Cape_Verde": {
              "long": {
                "generic": "የኬፕ ቨርዴ ሰዓት",
                "standard": "የኬፕ ቨርዴ መደበኛ ሰዓት",
                "daylight": "የኬፕ ቨርዴ ክረምት ሰዓት"
              }
            },
            "Chamorro": {
              "long": {
                "standard": "የቻሞሮ መደበኛ ሰዓት"
              }
            },
            "Chatham": {
              "long": {
                "generic": "የቻታም ሰዓት",
                "standard": "የቻታም መደበኛ ሰዓት",
                "daylight": "የቻታም የቀን ብርሃን ሰዓት"
              }
            },
            "Chile": {
              "long": {
                "generic": "የቺሊ ሰዓት",
                "standard": "የቺሊ መደበኛ ሰዓት",
                "daylight": "የቺሊ ክረምት ሰዓት"
              }
            },
            "China": {
              "long": {
                "generic": "የቻይና ሰዓት",
                "standard": "የቻይና መደበኛ ሰዓት",
                "daylight": "የቻይና የቀን ብርሃን ሰዓት"
              }
            },
            "Choibalsan": {
              "long": {
                "generic": "የቾይባልሳ ሰዓት አቆጣጠር",
                "standard": "የቾይባልሳን መደበኛ የሰዓት አቆጣጠር",
                "daylight": "የቾይባልሳን የበጋ የሰዓት አቆጣጠር"
              }
            },
            "Christmas": {
              "long": {
                "standard": "የገና ደሴት ሰዓት"
              }
            },
            "Cocos": {
              "long": {
                "standard": "የኮኮስ ደሴቶች ሰዓት"
              }
            },
            "Colombia": {
              "long": {
                "generic": "የኮሎምቢያ ሰዓት",
                "standard": "የኮሎምቢያ መደበኛ ሰዓት",
                "daylight": "የኮሎምቢያ ክረምት ሰዓት"
              }
            },
            "Cook": {
              "long": {
                "generic": "የኩክ ደሴቶች ሰዓት",
                "standard": "የኩክ ደሴቶች መደበኛ ሰዓት",
                "daylight": "የኩክ ደሴቶች ግማሽ ክረምት ሰዓት"
              }
            },
            "Cuba": {
              "long": {
                "generic": "ኩባ ሰዓት",
                "standard": "የኩባ መደበኛ ሰዓት",
                "daylight": "የኩባ የቀን ብርሃን ሰዓት"
              }
            },
            "Davis": {
              "long": {
                "standard": "የዴቪስ ሰዓት"
              }
            },
            "DumontDUrville": {
              "long": {
                "standard": "የዱሞንት-ዱርቪል ሰዓት"
              }
            },
            "East_Timor": {
              "long": {
                "standard": "የምስራቅ ቲሞር ሰዓት"
              }
            },
            "Easter": {
              "long": {
                "generic": "የኢስተር ደሴት ሰዓት",
                "standard": "የኢስተር ደሴት መደበኛ ሰዓት",
                "daylight": "የኢስተር ደሴት ክረምት ሰዓት"
              }
            },
            "Ecuador": {
              "long": {
                "standard": "የኢኳዶር ሰዓት"
              }
            },
            "Europe_Central": {
              "long": {
                "generic": "የመካከለኛው አውሮፓ ሰዓት",
                "standard": "የመካከለኛው አውሮፓ መደበኛ ሰዓት",
                "daylight": "የመካከለኛው አውሮፓ ክረምት ሰዓት"
              }
            },
            "Europe_Eastern": {
              "long": {
                "generic": "የምስራቃዊ አውሮፓ ሰዓት",
                "standard": "የምስራቃዊ አውሮፓ መደበኛ ሰዓት",
                "daylight": "የምስራቃዊ አውሮፓ ክረምት ሰዓት"
              }
            },
            "Europe_Further_Eastern": {
              "long": {
                "standard": "የሩቅ ምስራቅ የአውሮፓ ሰዓት"
              }
            },
            "Europe_Western": {
              "long": {
                "generic": "የምዕራባዊ አውሮፓ ሰዓት",
                "standard": "የምዕራባዊ አውሮፓ መደበኛ ሰዓት",
                "daylight": "የምዕራባዊ አውሮፓ ክረምት ሰዓት"
              }
            },
            "Falkland": {
              "long": {
                "generic": "የፋልክላንድ ደሴቶች ሰዓት",
                "standard": "የፋልክላንድ ደሴቶች መደበኛ ሰዓት",
                "daylight": "የፋልክላንድ ደሴቶች ክረምት ሰዓት"
              }
            },
            "Fiji": {
              "long": {
                "generic": "የፊጂ ሰዓት",
                "standard": "የፊጂ መደበኛ ሰዓት",
                "daylight": "የፊጂ ክረምት ሰዓት"
              }
            },
            "French_Guiana": {
              "long": {
                "standard": "የፈረንሳይ ጉያና ሰዓት"
              }
            },
            "French_Southern": {
              "long": {
                "standard": "የፈረንሳይ ደቡባዊ እና አንታርክቲክ ሰዓት"
              }
            },
            "Galapagos": {
              "long": {
                "standard": "የጋላፓጎስ ሰዓት"
              }
            },
            "Gambier": {
              "long": {
                "standard": "የጋምቢየር ሰዓት"
              }
            },
            "Georgia": {
              "long": {
                "generic": "የጂዮርጂያ ሰዓት",
                "standard": "የጂዮርጂያ መደበኛ ሰዓት",
                "daylight": "የጂዮርጂያ ክረምት ሰዓት"
              }
            },
            "Gilbert_Islands": {
              "long": {
                "standard": "የጂልበርት ደሴቶች ሰዓት"
              }
            },
            "GMT": {
              "long": {
                "standard": "ግሪንዊች ማዕከላዊ ሰዓት"
              }
            },
            "Greenland_Eastern": {
              "long": {
                "generic": "የምስራቅ ግሪንላንድ ሰዓት",
                "standard": "የምስራቅ ግሪንላንድ መደበኛ ሰዓት",
                "daylight": "የምስራቅ ግሪንላንድ ክረምት ሰዓት"
              }
            },
            "Greenland_Western": {
              "long": {
                "generic": "የምዕራብ ግሪንላንድ ሰዓት",
                "standard": "የምዕራብ ግሪንላንድ መደበኛ ሰዓት",
                "daylight": "የምዕራብ ግሪንላንድ ክረምት ሰዓት"
              }
            },
            "Gulf": {
              "long": {
                "standard": "የባህረሰላጤ መደበኛ ሰዓት"
              }
            },
            "Guyana": {
              "long": {
                "standard": "የጉያና ሰዓት"
              }
            },
            "Hawaii_Aleutian": {
              "long": {
                "generic": "የሃዋይ አሌኡት ሰዓት አቆጣጠር",
                "standard": "የሃዋይ አሌኡት መደበኛ ሰዓት አቆጣጠር",
                "daylight": "የሃዋይ አሌኡት የቀን ሰዓት አቆጣጠር"
              }
            },
            "Hong_Kong": {
              "long": {
                "generic": "የሆንግ ኮንግ ሰዓት",
                "standard": "የሆንግ ኮንግ መደበኛ ሰዓት",
                "daylight": "የሆንግ ኮንግ ክረምት ሰዓት"
              }
            },
            "Hovd": {
              "long": {
                "generic": "የሆቭድ ሰዓት አቆጣጠር",
                "standard": "የሆቭድ መደበኛ የሰዓት አቆጣጠር",
                "daylight": "የሆቭድ የበጋ ሰዓት አቆጣጠር"
              }
            },
            "India": {
              "long": {
                "standard": "የህንድ መደበኛ ሰዓት"
              }
            },
            "Indian_Ocean": {
              "long": {
                "standard": "የህንድ ውቅያኖስ ሰዓት"
              }
            },
            "Indochina": {
              "long": {
                "standard": "የኢንዶቻይና ሰዓት"
              }
            },
            "Indonesia_Central": {
              "long": {
                "standard": "የመካከለኛው ኢንዶኔዢያ ሰዓት"
              }
            },
            "Indonesia_Eastern": {
              "long": {
                "standard": "የምስራቃዊ ኢንዶኔዢያ ሰዓት"
              }
            },
            "Indonesia_Western": {
              "long": {
                "standard": "የምዕራባዊ ኢንዶኔዢያ ሰዓት"
              }
            },
            "Iran": {
              "long": {
                "generic": "የኢራን ሰዓት",
                "standard": "የኢራን መደበኛ ሰዓት",
                "daylight": "የኢራን የቀን ብርሃን ሰዓት"
              }
            },
            "Irkutsk": {
              "long": {
                "generic": "የኢርኩትስክ ሰዓት አቆጣጠር",
                "standard": "የኢርኩትስክ መደበኛ የሰዓት አቆጣጠር",
                "daylight": "ኢርኩትስክ የበጋ የሰዓት አቆጣጠር"
              }
            },
            "Israel": {
              "long": {
                "generic": "የእስራኤል ሰዓት",
                "standard": "የእስራኤል መደበኛ ሰዓት",
                "daylight": "የእስራኤል የቀን ብርሃን ሰዓት"
              }
            },
            "Japan": {
              "long": {
                "generic": "የጃፓን ሰዓት",
                "standard": "የጃፓን መደበኛ ሰዓት",
                "daylight": "የጃፓን የቀን ብርሃን ሰዓት"
              }
            },
            "Kamchatka": {
              "long": {
                "generic": "የካምቻትካ ሰዓት አቆጣጠር",
                "standard": "የፔትሮፓቭሎስኪ - ካምቻትስኪ ሰዓት አቆጣጠር",
                "daylight": "የፔትሮፓቭሎስኪ - ካምቻትስኪ የበጋ ሰዓት አቆጣጠር"
              }
            },
            "Kazakhstan_Eastern": {
              "long": {
                "standard": "የምስራቅ ካዛኪስታን ሰዓት"
              }
            },
            "Kazakhstan_Western": {
              "long": {
                "standard": "የምዕራብ ካዛኪስታን ሰዓት"
              }
            },
            "Korea": {
              "long": {
                "generic": "የኮሪያ ሰዓት",
                "standard": "የኮሪያ መደበኛ ሰዓት",
                "daylight": "የኮሪያ የቀን ብርሃን ሰዓት"
              }
            },
            "Kosrae": {
              "long": {
                "standard": "የኮስራኤ ሰዓት"
              }
            },
            "Krasnoyarsk": {
              "long": {
                "generic": "የክራስኖያርስክ ሰዓት አቆጣጠር",
                "standard": "የክራስኖይአርስክ መደበኛ ሰዓት አቆጣጠር",
                "daylight": "የክራስኖያርስክ የበጋ ሰዓት አቆጣጠር"
              }
            },
            "Kyrgystan": {
              "long": {
                "standard": "የኪርጊስታን ሰዓት"
              }
            },
            "Line_Islands": {
              "long": {
                "standard": "የላይን ደሴቶች ሰዓት"
              }
            },
            "Lord_Howe": {
              "long": {
                "generic": "የሎርድ ሆዌ የሰዓት አቆጣጠር",
                "standard": "የሎርድ ሆዌ መደበኛ የሰዓት አቆጣጠር",
                "daylight": "የሎርድ ሆዌ የቀን ሰዓት አቆጣጠር"
              }
            },
            "Macquarie": {
              "long": {
                "standard": "የማከሪ ደሴት ሰዓት"
              }
            },
            "Magadan": {
              "long": {
                "generic": "የማጋዳን የሰዓት አቆጣጠር",
                "standard": "የማጋዳን መደበኛ ሰዓት አቆጣጠር",
                "daylight": "የማጋዳን በጋ ሰዓት አቆጣጠር"
              }
            },
            "Malaysia": {
              "long": {
                "standard": "የማሌይዢያ ሰዓት"
              }
            },
            "Maldives": {
              "long": {
                "standard": "የማልዲቭስ ሰዓት"
              }
            },
            "Marquesas": {
              "long": {
                "standard": "የማርኴሳስ ሰዓት"
              }
            },
            "Marshall_Islands": {
              "long": {
                "standard": "የማርሻል ደሴቶች ሰዓት"
              }
            },
            "Mauritius": {
              "long": {
                "generic": "የማውሪሺየስ ሰዓት",
                "standard": "የማውሪሺየስ መደበኛ ሰዓት",
                "daylight": "የማውሪሺየስ ክረምት ሰዓት"
              }
            },
            "Mawson": {
              "long": {
                "standard": "የማውሰን ሰዓት"
              }
            },
            "Mexico_Northwest": {
              "long": {
                "generic": "ሰሜናዊ ምእራብ የሜክሲኮ ሰዓት አቆጣጠር",
                "standard": "ሰሜናዊ ምእራብ የሜክሲኮ መደበኛ ሰዓት አቆጣጠር",
                "daylight": "ሰሜናዊ ምእራብ የሜክሲኮ የቀን ሰዓት አቆጣጠር"
              }
            },
            "Mexico_Pacific": {
              "long": {
                "generic": "የሜክሲኮ ፓሲፊክ ሰዓት አቆጣጠር",
                "standard": "የሜክሲኮ ፓሲፊክ መደበኛ ሰዓት አቆጣጠር",
                "daylight": "የሜክሲኮ ፓሲፊክ የቀን ሰዓት አቆጣጠር"
              }
            },
            "Mongolia": {
              "long": {
                "generic": "የኡላን ባቶር ጊዜ",
                "standard": "የኡላን ባቶር መደበኛ ሰዓት አቆጣጠር",
                "daylight": "የኡላን ባቶር የበጋ ሰዓት አቆጣጠር"
              }
            },
            "Moscow": {
              "long": {
                "generic": "የሞስኮ ሰዓት አቆጣጠር",
                "standard": "የሞስኮ መደበኛ ሰዓት አቆጣጠር",
                "daylight": "የሞስኮ የበጋ ሰዓት አቆጣጠር"
              }
            },
            "Myanmar": {
              "long": {
                "standard": "የሚያንማር ሰዓት"
              }
            },
            "Nauru": {
              "long": {
                "standard": "የናውሩ ሰዓት"
              }
            },
            "Nepal": {
              "long": {
                "standard": "የኔፓል ሰዓት"
              }
            },
            "New_Caledonia": {
              "long": {
                "generic": "የኒው ካሌዶኒያ ሰዓት",
                "standard": "የኒው ካሌዶኒያ መደበኛ ሰዓት",
                "daylight": "የኒው ካሌዶኒያ ክረምት ሰዓት"
              }
            },
            "New_Zealand": {
              "long": {
                "generic": "የኒው ዚላንድ ሰዓት",
                "standard": "የኒው ዚላንድ መደበኛ ሰዓት",
                "daylight": "የኒው ዚላንድ የቀን ብርሃን ሰዓት"
              }
            },
            "Newfoundland": {
              "long": {
                "generic": "የኒውፋውንድላንድ የሰዓት አቆጣጠር",
                "standard": "የኒውፋውንድላንድ መደበኛ የሰዓት አቆጣጠር",
                "daylight": "የኒውፋውንድላንድ የቀን የሰዓት አቆጣጠር"
              }
            },
            "Niue": {
              "long": {
                "standard": "የኒዩዌ ሰዓት"
              }
            },
            "Norfolk": {
              "long": {
                "generic": "የኖርፎልክ ደሴቶች ሰዓት",
                "standard": "የኖርፎልክ ደሴቶች መደበኛ የሰዓት አቆጣጠር",
                "daylight": "የኖርፎልክ ደሴቶች የቀን የሰዓት አቆጣጠር"
              }
            },
            "Noronha": {
              "long": {
                "generic": "የኖሮንሃ ሰዓት አቆጣጠር",
                "standard": "የፈርናንዶ ዲ ኖሮንቻ መደበኛ ሰዓት አቆጣጠር",
                "daylight": "የፈርናንዶ ዲ ኖሮንሃ የበጋ የሰዓት አቆጣጠር"
              }
            },
            "Novosibirsk": {
              "long": {
                "generic": "የኖቮሲብሪስክ የሰዓት አቆጣጠር",
                "standard": "የኖቮሲቢርስክ መደበኛ የሰዓት አቆጣጠር",
                "daylight": "የኖቮሲብሪስክ የበጋ ሰአት አቆጣጠር"
              }
            },
            "Omsk": {
              "long": {
                "generic": "የኦምስክ የሰዓት አቆጣጠር",
                "standard": "የኦምስክ መደበኛ ሰዓት አቆጣጠር",
                "daylight": "የኦምስክ የበጋ ሰዓት አቆጣጠር"
              }
            },
            "Pakistan": {
              "long": {
                "generic": "የፓኪስታን ሰዓት",
                "standard": "የፓኪስታን መደበኛ ሰዓት",
                "daylight": "የፓኪስታን ክረምት ሰዓት"
              }
            },
            "Palau": {
              "long": {
                "standard": "የፓላው ሰዓት"
              }
            },
            "Papua_New_Guinea": {
              "long": {
                "standard": "የፓፗ ኒው ጊኒ ሰዓት"
              }
            },
            "Paraguay": {
              "long": {
                "generic": "የፓራጓይ ሰዓት",
                "standard": "የፓራጓይ መደበኛ ሰዓት",
                "daylight": "የፓራጓይ ክረምት ሰዓት"
              }
            },
            "Peru": {
              "long": {
                "generic": "የፔሩ ሰዓት",
                "standard": "የፔሩ መደበኛ ሰዓት",
                "daylight": "የፔሩ ክረምት ሰዓት"
              }
            },
            "Philippines": {
              "long": {
                "generic": "የፊሊፒን ሰዓት",
                "standard": "የፊሊፒን መደበኛ ሰዓት",
                "daylight": "የፊሊፒን ክረምት ሰዓት"
              }
            },
            "Phoenix_Islands": {
              "long": {
                "standard": "የፊኒክስ ደሴቶች ሰዓት"
              }
            },
            "Pierre_Miquelon": {
              "long": {
                "generic": "ቅዱስ የፒዬር እና ሚኴሎን ሰዓት",
                "standard": "ቅዱስ የፒዬር እና ሚኴሎን መደበኛ ሰዓት",
                "daylight": "ቅዱስ የፒዬር እና ሚኴሎን የቀን ብርሃን ሰዓት"
              }
            },
            "Pitcairn": {
              "long": {
                "standard": "የፒትካይርን ሰዓት"
              }
            },
            "Ponape": {
              "long": {
                "standard": "የፖናፔ ሰዓት"
              }
            },
            "Pyongyang": {
              "long": {
                "standard": "የፕዮንግያንግ ሰዓት"
              }
            },
            "Reunion": {
              "long": {
                "standard": "የሬዩኒየን ሰዓት"
              }
            },
            "Rothera": {
              "long": {
                "standard": "የሮቴራ ሰዓት"
              }
            },
            "Sakhalin": {
              "long": {
                "generic": "የሳክሃሊን ሰዓት አቆጣጠር",
                "standard": "የሳክሃሊን መደበኛ ሰዓት አቆጣጠር",
                "daylight": "የሳክሃሊን የበጋ ሰዓት አቆጣጠር"
              }
            },
            "Samara": {
              "long": {
                "generic": "የሳማራ ሰዓት አቆጣጠር",
                "standard": "የሳማራ መደበኛ ሰዓት አቆጣጠር",
                "daylight": "የሳማራ የበጋ ሰዓት አቆጣጠር"
              }
            },
            "Samoa": {
              "long": {
                "generic": "የሳሞዋ ሰዓት",
                "standard": "የሳሞዋ መደበኛ ሰዓት",
                "daylight": "የሳሞዋ የበጋ ሰዓት"
              }
            },
            "Seychelles": {
              "long": {
                "standard": "የሴሸልስ ሰዓት"
              }
            },
            "Singapore": {
              "long": {
                "standard": "የሲንጋፒር መደበኛ ሰዓት"
              }
            },
            "Solomon": {
              "long": {
                "standard": "የሰለሞን ደሴቶች ሰዓት"
              }
            },
            "South_Georgia": {
              "long": {
                "standard": "የደቡብ ጂዮርጂያ ሰዓት"
              }
            },
            "Suriname": {
              "long": {
                "standard": "የሱሪናም ሰዓት"
              }
            },
            "Syowa": {
              "long": {
                "standard": "የሲዮዋ ሰዓት"
              }
            },
            "Tahiti": {
              "long": {
                "standard": "የታሂቲ ሰዓት"
              }
            },
            "Taipei": {
              "long": {
                "generic": "የታይፔይ ሰዓት",
                "standard": "የታይፔይ መደበኛ ሰዓት",
                "daylight": "የታይፔይ የቀን ብርሃን ሰዓት"
              }
            },
            "Tajikistan": {
              "long": {
                "standard": "የታጂኪስታን ሰዓት"
              }
            },
            "Tokelau": {
              "long": {
                "standard": "የቶኬላው ሰዓት"
              }
            },
            "Tonga": {
              "long": {
                "generic": "የቶንጋ ሰዓት",
                "standard": "የቶንጋ መደበኛ ሰዓት",
                "daylight": "የቶንጋ ክረምት ሰዓት"
              }
            },
            "Truk": {
              "long": {
                "standard": "የቹክ ሰዓት"
              }
            },
            "Turkmenistan": {
              "long": {
                "generic": "የቱርክመኒስታን ሰዓት",
                "standard": "የቱርክመኒስታን መደበኛ ሰዓት",
                "daylight": "የቱርክመኒስታን ክረምት ሰዓት"
              }
            },
            "Tuvalu": {
              "long": {
                "standard": "የቱቫሉ ሰዓት"
              }
            },
            "Uruguay": {
              "long": {
                "generic": "የኡራጓይ ሰዓት",
                "standard": "የኡራጓይ መደበኛ ሰዓት",
                "daylight": "የኡራጓይ ክረምት ሰዓት"
              }
            },
            "Uzbekistan": {
              "long": {
                "generic": "የኡዝቤኪስታን ሰዓት",
                "standard": "የኡዝቤኪስታን መደበኛ ሰዓት",
                "daylight": "የኡዝቤኪስታን ክረምት ሰዓት"
              }
            },
            "Vanuatu": {
              "long": {
                "generic": "የቫኗቱ ሰዓት",
                "standard": "የቫኗቱ መደበኛ ሰዓት",
                "daylight": "የቫኗቱ ክረምት ሰዓት"
              }
            },
            "Venezuela": {
              "long": {
                "standard": "የቬኔዝዌላ ሰዓት"
              }
            },
            "Vladivostok": {
              "long": {
                "generic": "የቭላዲቮስቶክ የሰዓት አቆጣጠር",
                "standard": "የቪላዲቮስቶክ መደበኛ የሰዓት አቆጣጠር",
                "daylight": "የቭላዲቮስቶክ የበጋ የሰዓት አቆጣጠር"
              }
            },
            "Volgograd": {
              "long": {
                "generic": "የቮልጎራድ የሰዓት አቆጣጠር",
                "standard": "የቮልጎራድ መደበኛ ሰዓት አቆጣጠር",
                "daylight": "የቫልጎራድ የበጋ ሰዓት አቆጣጠር"
              }
            },
            "Vostok": {
              "long": {
                "standard": "የቮስቶክ ሰዓት"
              }
            },
            "Wake": {
              "long": {
                "standard": "የዌክ ደሴት ሰዓት"
              }
            },
            "Wallis": {
              "long": {
                "standard": "የዋሊስ እና ፉቱና ሰዓት"
              }
            },
            "Yakutsk": {
              "long": {
                "generic": "ያኩትስክ የሰዓት አቆጣጠር",
                "standard": "ያኩትስክ መደበኛ ሰዓት አቆጣጠር",
                "daylight": "የያኩትስክ የበጋ ሰዓት አቆጣጠር"
              }
            },
            "Yekaterinburg": {
              "long": {
                "generic": "የየካተሪንበርግ ሰዓት አቆጣጠር",
                "standard": "የየካተሪንበርግ መደበኛ ሰዓት አቆጣጠር",
                "daylight": "የየካተሪንበርግ የበጋ ሰዓት አቆጣጠር"
              }
            },
            "Yukon": {
              "long": {
                "standard": "የዩኮን ጊዜ"
              }
            }
          }
        }
      }
    }
  }
}
