{
  "main": {
    "yo-BJ": {
      "identity": {
        "language": "yo",
        "territory": "BJ"
      },
      "dates": {
        "timeZoneNames": {
          "hourFormat": "+HH:mm;-HH:mm",
          "gmtFormat": "WAT{0}",
          "gmtZeroFormat": "WAT",
          "gmtUnknownFormat": "GMT+?",
          "regionFormat": "Ìgbà {0}",
          "regionFormat-type-daylight": "{0} Àkókò ojúmɔmɔ",
          "regionFormat-type-standard": "{0} Ìlànà Àkókò",
          "fallbackFormat": "{1} ({0})",
          "zone": {
            "Etc": {
              "UTC": {
                "_type": "zone",
                "long": {
                  "standard": "Àpapɔ̀ Àkókò Àgbáyé"
                },
                "short": {
                  "standard": "UTC"
                }
              },
              "Unknown": {
                "_type": "zone",
                "exemplarCity": "Ìlú Àìmɔ̀"
              }
            },
            "America": {
              "Antigua": {
                "_type": "zone",
                "exemplarCity": "ìlú Antígùà"
              },
              "Anguilla": {
                "_type": "zone",
                "exemplarCity": "ìlú Angúílà"
              },
              "Argentina": {
                "Rio_Gallegos": {
                  "_type": "zone",
                  "exemplarCity": "Río Gallegos"
                },
                "Tucuman": {
                  "_type": "zone",
                  "exemplarCity": "Tucumán"
                }
              },
              "Cordoba": {
                "_type": "zone",
                "exemplarCity": "Córdoba"
              },
              "Aruba": {
                "_type": "zone",
                "exemplarCity": "ìlú Arúbá"
              },
              "Barbados": {
                "_type": "zone",
                "exemplarCity": "ìlú Bábádɔ́ɔ̀sì"
              },
              "St_Barthelemy": {
                "_type": "zone",
                "exemplarCity": "ìlú Batilemì"
              },
              "Kralendijk": {
                "_type": "zone",
                "exemplarCity": "ìlú Kíralɛ́ndáikì"
              },
              "Eirunepe": {
                "_type": "zone",
                "exemplarCity": "Eirunepé"
              },
              "Cuiaba": {
                "_type": "zone",
                "exemplarCity": "Cuiabá"
              },
              "Santarem": {
                "_type": "zone",
                "exemplarCity": "Santarém"
              },
              "Belem": {
                "_type": "zone",
                "exemplarCity": "Belém"
              },
              "Araguaina": {
                "_type": "zone",
                "exemplarCity": "Araguaína"
              },
              "Sao_Paulo": {
                "_type": "zone",
                "exemplarCity": "São Paulo"
              },
              "Maceio": {
                "_type": "zone",
                "exemplarCity": "Maceió"
              },
              "Noronha": {
                "_type": "zone",
                "exemplarCity": "Fernando de Noronha"
              },
              "Nassau": {
                "_type": "zone",
                "exemplarCity": "ìlú Nasaò"
              },
              "Belize": {
                "_type": "zone",
                "exemplarCity": "ìlú Bɛ̀líìsì"
              },
              "Dawson": {
                "_type": "zone",
                "exemplarCity": "ìlú Dawson"
              },
              "Whitehorse": {
                "_type": "zone",
                "exemplarCity": "ìlú Whitehosì"
              },
              "Inuvik": {
                "_type": "zone",
                "exemplarCity": "ìlú Inuvik"
              },
              "Vancouver": {
                "_type": "zone",
                "exemplarCity": "ìlú Vankuva"
              },
              "Fort_Nelson": {
                "_type": "zone",
                "exemplarCity": "ìlú Fort Nelson"
              },
              "Dawson_Creek": {
                "_type": "zone",
                "exemplarCity": "ìlú Dawson Creek"
              },
              "Creston": {
                "_type": "zone",
                "exemplarCity": "ìlú Kírɛstɔ́ɔ̀nù"
              },
              "Edmonton": {
                "_type": "zone",
                "exemplarCity": "ìlú Edmonton"
              },
              "Swift_Current": {
                "_type": "zone",
                "exemplarCity": "ìlú Súfítù Kɔ̀rentì"
              },
              "Cambridge_Bay": {
                "_type": "zone",
                "exemplarCity": "ìlú òkun kambíríìjì"
              },
              "Regina": {
                "_type": "zone",
                "exemplarCity": "ìlú Regina"
              },
              "Winnipeg": {
                "_type": "zone",
                "exemplarCity": "ìlú Winipegì"
              },
              "Resolute": {
                "_type": "zone",
                "exemplarCity": "ìlú Resolútì"
              },
              "Rankin_Inlet": {
                "_type": "zone",
                "exemplarCity": "ìlú Rankin Inlet"
              },
              "Coral_Harbour": {
                "_type": "zone",
                "exemplarCity": "ìlú àtikɔkàn"
              },
              "Toronto": {
                "_type": "zone",
                "exemplarCity": "ìlú Toronto"
              },
              "Iqaluit": {
                "_type": "zone",
                "exemplarCity": "ìlú Iqaluit"
              },
              "Moncton": {
                "_type": "zone",
                "exemplarCity": "ìlú Montoni"
              },
              "Halifax": {
                "_type": "zone",
                "exemplarCity": "ìlú Halifásì"
              },
              "Goose_Bay": {
                "_type": "zone",
                "exemplarCity": "ìlú omi Goosù"
              },
              "Glace_Bay": {
                "_type": "zone",
                "exemplarCity": "ìlú omi Glace"
              },
              "Blanc-Sablon": {
                "_type": "zone",
                "exemplarCity": "ìlú Blank Sabulɔ́ɔ̀nì"
              },
              "St_Johns": {
                "_type": "zone",
                "exemplarCity": "ìlú St Jɔ́ɔ̀nù"
              },
              "Bogota": {
                "_type": "zone",
                "exemplarCity": "Bogotá"
              },
              "Costa_Rica": {
                "_type": "zone",
                "exemplarCity": "ìlú Kosta Ríkà"
              },
              "Havana": {
                "_type": "zone",
                "exemplarCity": "ìlú Havana"
              },
              "Curacao": {
                "_type": "zone",
                "exemplarCity": "ìlú Kurashao"
              },
              "Dominica": {
                "_type": "zone",
                "exemplarCity": "ìlú Dominika"
              },
              "Santo_Domingo": {
                "_type": "zone",
                "exemplarCity": "ìlú Santo Domigo"
              },
              "Grenada": {
                "_type": "zone",
                "exemplarCity": "ìlú Grenada"
              },
              "Thule": {
                "_type": "zone",
                "exemplarCity": "ìlú Tulè"
              },
              "Godthab": {
                "_type": "zone",
                "exemplarCity": "ìlú Nuuk"
              },
              "Scoresbysund": {
                "_type": "zone",
                "exemplarCity": "ìlú Itokotomiti"
              },
              "Danmarkshavn": {
                "_type": "zone",
                "exemplarCity": "ìlú Banmarkshan"
              },
              "Guadeloupe": {
                "_type": "zone",
                "exemplarCity": "ìlú Guadeloupe"
              },
              "Guatemala": {
                "_type": "zone",
                "exemplarCity": "ìlú Guatemala"
              },
              "Tegucigalpa": {
                "_type": "zone",
                "exemplarCity": "ìlú Tegusigapà"
              },
              "Port-au-Prince": {
                "_type": "zone",
                "exemplarCity": "ìlú Port-au-Prince"
              },
              "Jamaica": {
                "_type": "zone",
                "exemplarCity": "ìlú Jamaikà"
              },
              "St_Kitts": {
                "_type": "zone",
                "exemplarCity": "ìlú St kitisì"
              },
              "Cayman": {
                "_type": "zone",
                "exemplarCity": "ilú Kayman"
              },
              "St_Lucia": {
                "_type": "zone",
                "exemplarCity": "ìlú St Lusia"
              },
              "Marigot": {
                "_type": "zone",
                "exemplarCity": "ìlú Marigɔ́ɔ̀tì"
              },
              "Martinique": {
                "_type": "zone",
                "exemplarCity": "ìlú Mátíníkì"
              },
              "Montserrat": {
                "_type": "zone",
                "exemplarCity": "ìlú Monseratì"
              },
              "Tijuana": {
                "_type": "zone",
                "exemplarCity": "ìlú Tíjúana"
              },
              "Hermosillo": {
                "_type": "zone",
                "exemplarCity": "ìlú Hermosilo"
              },
              "Ciudad_Juarez": {
                "_type": "zone",
                "exemplarCity": "Ciudad Juárez"
              },
              "Mazatlan": {
                "_type": "zone",
                "exemplarCity": "ìlú Masatiani"
              },
              "Chihuahua": {
                "_type": "zone",
                "exemplarCity": "ìlú Shihuahua"
              },
              "Bahia_Banderas": {
                "_type": "zone",
                "exemplarCity": "ìlú Báhì Bándɛ́rásì"
              },
              "Ojinaga": {
                "_type": "zone",
                "exemplarCity": "ìlú Ojinaga"
              },
              "Monterrey": {
                "_type": "zone",
                "exemplarCity": "ìlú Monteri"
              },
              "Mexico_City": {
                "_type": "zone",
                "exemplarCity": "ìlú Mɛ́síkò"
              },
              "Matamoros": {
                "_type": "zone",
                "exemplarCity": "ìlú Matamorosì"
              },
              "Merida": {
                "_type": "zone",
                "exemplarCity": "ìlú Merida"
              },
              "Cancun": {
                "_type": "zone",
                "exemplarCity": "ìlú Kancun"
              },
              "Managua": {
                "_type": "zone",
                "exemplarCity": "ìlú Managua"
              },
              "Panama": {
                "_type": "zone",
                "exemplarCity": "ìlú Panama"
              },
              "Miquelon": {
                "_type": "zone",
                "exemplarCity": "ìlú Mikulɔ́nì"
              },
              "Puerto_Rico": {
                "_type": "zone",
                "exemplarCity": "ìlú Puerto Riko"
              },
              "Asuncion": {
                "_type": "zone",
                "exemplarCity": "Asunción"
              },
              "El_Salvador": {
                "_type": "zone",
                "exemplarCity": "ìlú El Savador"
              },
              "Lower_Princes": {
                "_type": "zone",
                "exemplarCity": "ìlú Lower Prince’s Quarter"
              },
              "Grand_Turk": {
                "_type": "zone",
                "exemplarCity": "ìlú Grand Turk"
              },
              "Port_of_Spain": {
                "_type": "zone",
                "exemplarCity": "ìlú etí omi Sípéènì"
              },
              "Adak": {
                "_type": "zone",
                "exemplarCity": "ìlú Adákì"
              },
              "Nome": {
                "_type": "zone",
                "exemplarCity": "ìlú Nomi"
              },
              "Anchorage": {
                "_type": "zone",
                "exemplarCity": "ìlú Ankɔ́réèjì"
              },
              "Yakutat": {
                "_type": "zone",
                "exemplarCity": "ìlú Yakuta"
              },
              "Sitka": {
                "_type": "zone",
                "exemplarCity": "ìlú Sika"
              },
              "Juneau": {
                "_type": "zone",
                "exemplarCity": "ìlú Junu"
              },
              "Metlakatla": {
                "_type": "zone",
                "exemplarCity": "ìlú Metilakatila"
              },
              "Los_Angeles": {
                "_type": "zone",
                "exemplarCity": "ìlú Los Angeles"
              },
              "Boise": {
                "_type": "zone",
                "exemplarCity": "ìlú Bɔ́isè"
              },
              "Phoenix": {
                "_type": "zone",
                "exemplarCity": "ìlú Fínísì"
              },
              "Denver": {
                "_type": "zone",
                "exemplarCity": "ìlú Denver"
              },
              "North_Dakota": {
                "Beulah": {
                  "_type": "zone",
                  "exemplarCity": "ìlú Beulà ní North Dakota"
                },
                "New_Salem": {
                  "_type": "zone",
                  "exemplarCity": "ìlú New Salem ni North Dakota"
                },
                "Center": {
                  "_type": "zone",
                  "exemplarCity": "ìlú Senta North Dakota"
                }
              },
              "Chicago": {
                "_type": "zone",
                "exemplarCity": "ìlú Chicago"
              },
              "Menominee": {
                "_type": "zone",
                "exemplarCity": "ìlú Menominì"
              },
              "Indiana": {
                "Vincennes": {
                  "_type": "zone",
                  "exemplarCity": "ìlú Vincennes ní Indiana"
                },
                "Petersburg": {
                  "_type": "zone",
                  "exemplarCity": "ìlú Petersburg"
                },
                "Tell_City": {
                  "_type": "zone",
                  "exemplarCity": "ìlú Tell City"
                },
                "Knox": {
                  "_type": "zone",
                  "exemplarCity": "ìlú nɔ́sì"
                },
                "Winamac": {
                  "_type": "zone",
                  "exemplarCity": "ìlú Winamak ní Indiana"
                },
                "Marengo": {
                  "_type": "zone",
                  "exemplarCity": "ìlú Marɛ́ngo"
                },
                "Vevay": {
                  "_type": "zone",
                  "exemplarCity": "ìlú Vevay"
                }
              },
              "Indianapolis": {
                "_type": "zone",
                "exemplarCity": "ìlú Indianapolis"
              },
              "Louisville": {
                "_type": "zone",
                "exemplarCity": "ìlú Lúífíìlì"
              },
              "Kentucky": {
                "Monticello": {
                  "_type": "zone",
                  "exemplarCity": "ìlú Montisɛ́lò"
                }
              },
              "Detroit": {
                "_type": "zone",
                "exemplarCity": "ìlú Detroit"
              },
              "New_York": {
                "_type": "zone",
                "exemplarCity": "ìlú New York"
              },
              "St_Vincent": {
                "_type": "zone",
                "exemplarCity": "ìlú Finsentì"
              },
              "Tortola": {
                "_type": "zone",
                "exemplarCity": "ìlú Totola"
              },
              "St_Thomas": {
                "_type": "zone",
                "exemplarCity": "ìlú St Tɔ́màsì"
              }
            },
            "Europe": {
              "Tirane": {
                "_type": "zone",
                "exemplarCity": "Tirana"
              },
              "Busingen": {
                "_type": "zone",
                "exemplarCity": "Büsingen"
              },
              "London": {
                "_type": "zone",
                "long": {
                  "daylight": "Àkókò Sɔmà Gɛɛsi"
                }
              },
              "Dublin": {
                "_type": "zone",
                "long": {
                  "daylight": "Àkókò Àfɛnukò Airiisi"
                }
              },
              "Chisinau": {
                "_type": "zone",
                "exemplarCity": "Chișinău"
              },
              "Kiev": {
                "_type": "zone",
                "exemplarCity": "Kyiv"
              }
            },
            "Antarctica": {
              "Syowa": {
                "_type": "zone",
                "exemplarCity": "Showa"
              },
              "DumontDUrville": {
                "_type": "zone",
                "exemplarCity": "Dumont-d’Urville"
              }
            },
            "Atlantic": {
              "Bermuda": {
                "_type": "zone",
                "exemplarCity": "ìlú Bɛ̀múdà"
              },
              "Canary": {
                "_type": "zone",
                "exemplarCity": "Canarias"
              },
              "Faeroe": {
                "_type": "zone",
                "exemplarCity": "Faroe"
              },
              "St_Helena": {
                "_type": "zone",
                "exemplarCity": "St. Helena"
              }
            },
            "Asia": {
              "Urumqi": {
                "_type": "zone",
                "exemplarCity": "Ürümqi"
              },
              "Calcutta": {
                "_type": "zone",
                "exemplarCity": "Kolkata"
              },
              "Rangoon": {
                "_type": "zone",
                "exemplarCity": "Yangon"
              },
              "Hovd": {
                "_type": "zone",
                "exemplarCity": "Khovd"
              },
              "Macau": {
                "_type": "zone",
                "exemplarCity": "Macao"
              },
              "Katmandu": {
                "_type": "zone",
                "exemplarCity": "Kathmandu"
              },
              "Saigon": {
                "_type": "zone",
                "exemplarCity": "Ilu Ho Chi Minh"
              }
            },
            "Pacific": {
              "Galapagos": {
                "_type": "zone",
                "exemplarCity": "Galápagos"
              },
              "Truk": {
                "_type": "zone",
                "exemplarCity": "Chuuk"
              },
              "Ponape": {
                "_type": "zone",
                "exemplarCity": "Pohnpei"
              },
              "Enderbury": {
                "_type": "zone",
                "exemplarCity": "Canton"
              },
              "Noumea": {
                "_type": "zone",
                "exemplarCity": "Nouméa"
              },
              "Wallis": {
                "_type": "zone",
                "exemplarCity": "Wallis & Futuna"
              }
            },
            "Africa": {
              "El_Aaiun": {
                "_type": "zone",
                "exemplarCity": "El Aaiún"
              },
              "Asmera": {
                "_type": "zone",
                "exemplarCity": "Asmara"
              },
              "Sao_Tome": {
                "_type": "zone",
                "exemplarCity": "São Tomé"
              },
              "Ndjamena": {
                "_type": "zone",
                "exemplarCity": "N’Djamena"
              },
              "Lome": {
                "_type": "zone",
                "exemplarCity": "Lomé"
              }
            },
            "Indian": {
              "Comoro": {
                "_type": "zone",
                "exemplarCity": "Comores"
              },
              "Reunion": {
                "_type": "zone",
                "exemplarCity": "Réunion"
              },
              "Mahe": {
                "_type": "zone",
                "exemplarCity": "Mahé"
              }
            }
          },
          "metazone": {
            "Afghanistan": {
              "long": {
                "standard": "Àkókò Afghanistan"
              }
            },
            "Africa_Central": {
              "long": {
                "standard": "Àkókò Àárín Afírikà"
              }
            },
            "Africa_Eastern": {
              "long": {
                "standard": "Àkókò Ìlà-Oòrùn Afírikà"
              }
            },
            "Africa_Southern": {
              "long": {
                "standard": "South Africa Standard Time"
              }
            },
            "Africa_Western": {
              "long": {
                "standard": "Àkókò Ìwɔ̀-Oòrùn Afírikà"
              }
            },
            "Alaska": {
              "long": {
                "generic": "Àkókò Alásíkà",
                "standard": "Àkókò Àfɛnukò Alásíkà",
                "daylight": "Àkókò Ojúmɔ́ Alásíkà"
              }
            },
            "Amazon": {
              "long": {
                "generic": "Àkókò Amásɔ́nì",
                "standard": "Àkókò Afɛnukò Amásɔ́nì",
                "daylight": "Àkókò Oru Amásɔ́nì"
              }
            },
            "America_Central": {
              "long": {
                "generic": "àkókò àárín gbùngbùn",
                "standard": "àkókò asiko àárín gbùngbùn",
                "daylight": "Akókò àárín gbùngbùn ojúmɔmɔ"
              }
            },
            "America_Eastern": {
              "long": {
                "generic": "Àkókò ìhà ìlà oòrùn",
                "standard": "Akókò Àsikò Ìha Ìla Oòrùn",
                "daylight": "Àkókò ojúmɔmɔ Ìhà Ìlà Oòrun"
              }
            },
            "America_Mountain": {
              "long": {
                "generic": "Àkókò òkè",
                "standard": "Àkókò asiko òkè",
                "daylight": "Àkókò ojúmɔmɔ Ori-òkè"
              }
            },
            "America_Pacific": {
              "long": {
                "generic": "Àkókò Pàsífíìkì",
                "standard": "Àkókò àsikò Pàsífíìkì",
                "daylight": "Àkókò Ìyálɛta Pàsífíìkì"
              }
            },
            "Apia": {
              "long": {
                "generic": "Àkókò Apia",
                "standard": "Àkókò Àfɛnukò Apia",
                "daylight": "Àkókò Ojúmɔmɔ Apia"
              }
            },
            "Arabian": {
              "long": {
                "generic": "Àkókò Arabia",
                "standard": "Àkókò Àfɛnukò Arabia",
                "daylight": "Àkókò Ojúmɔmɔ Arabia"
              }
            },
            "Argentina": {
              "long": {
                "generic": "Aago Ajɛntìnà",
                "standard": "Aago àsìkò Argentina",
                "daylight": "Aago Soma Argentina"
              }
            },
            "Argentina_Western": {
              "long": {
                "generic": "Àkókò Iwɔ́-oòrùn Ajɛ́ntínà",
                "standard": "Àkókò Iwɔ́-oòrùn Àfɛnukò Ajɛ́ntínà",
                "daylight": "Àkókò Oru Iwɔ́-oòrùn Ajɛ́ntínà"
              }
            },
            "Armenia": {
              "long": {
                "generic": "Àkókò Armenia",
                "standard": "Àkókò Àfɛnukò Armenia",
                "daylight": "Àkókò Sɔmà Arabia"
              }
            },
            "Atlantic": {
              "long": {
                "generic": "Àkókò Àtìláńtíìkì",
                "standard": "Àkókò àsikò Àtìláńtíìkì",
                "daylight": "Àkókò Ìyálɛta Àtìláńtíìkì"
              }
            },
            "Australia_Central": {
              "long": {
                "generic": "Àkókò Ààrin Gùngùn Australia",
                "standard": "Àkókò Àfɛnukò Ààrin Gùngùn Australia",
                "daylight": "Àkókò Ojúmɔmɔ Ààrin Gùngùn Australia"
              }
            },
            "Australia_CentralWestern": {
              "long": {
                "generic": "Àkókò Ààrin Gùngùn Ìwɔ̀-Oòrùn Australia",
                "standard": "Àkókò Àfɛnukò Ààrin Gùngùn Ìwɔ̀-Oòrùn Australia",
                "daylight": "Àkókò Ojúmɔmɔ Ààrin Gùngùn Ìwɔ̀-Oòrùn Australia"
              }
            },
            "Australia_Eastern": {
              "long": {
                "generic": "Àkókò Ìlà-Oòrùn Australia",
                "standard": "Àkókò Àfɛnukò Ìlà-Oòrùn Australia",
                "daylight": "Àkókò Ojúmɔmɔ Ìlà-Oòrùn Australia"
              }
            },
            "Australia_Western": {
              "long": {
                "generic": "Àkókò Ìwɔ̀-Oòrùn Australia",
                "standard": "Àkókò Àfɛnukò Ìwɔ̀-Oòrùn Australia",
                "daylight": "Àkókò Ojúmɔmɔ Ìwɔ̀-Oòrùn Australia"
              }
            },
            "Azerbaijan": {
              "long": {
                "generic": "Àkókò Azerbaijan",
                "standard": "Àkókò Àfɛnukò Azerbaijan",
                "daylight": "Àkókò Sɔmà Azerbaijan"
              }
            },
            "Azores": {
              "long": {
                "generic": "Àkókò Ásɔ́sì",
                "standard": "Àkókò Àfɛnukò Ásɔ́sì",
                "daylight": "Àkókò Ooru Ásɔ́sì"
              }
            },
            "Bangladesh": {
              "long": {
                "generic": "Àkókò Bangladesh",
                "standard": "Àkókò Àfɛnukò Bangladesh",
                "daylight": "Àkókò Sɔmà Bangladesh"
              }
            },
            "Bhutan": {
              "long": {
                "standard": "Àkókò Bhutan"
              }
            },
            "Bolivia": {
              "long": {
                "standard": "Aago Bolivia"
              }
            },
            "Brasilia": {
              "long": {
                "generic": "Aago Bùràsílíà",
                "standard": "Aago àsìkò Bùràsílíà",
                "daylight": "Aago Soma Brasilia"
              }
            },
            "Brunei": {
              "long": {
                "standard": "Brunei Darussalam Time"
              }
            },
            "Cape_Verde": {
              "long": {
                "generic": "Àkókò Képú Fáàdì",
                "standard": "Àkókò Àfɛnukò Képú Fáàdì",
                "daylight": "Àkókò Ɛ̀rún Képú Fáàdì"
              }
            },
            "Chamorro": {
              "long": {
                "standard": "Àkókò Àfɛnukò Chamorro"
              }
            },
            "Chatham": {
              "long": {
                "generic": "Àkókò Chatam",
                "standard": "Àkókò Àfɛnukò Chatam",
                "daylight": "Àkókò Ojúmɔmɔ Chatam"
              }
            },
            "Chile": {
              "long": {
                "generic": "Àkókò Shílè",
                "standard": "Àkókò Àfɛnukò Shílè",
                "daylight": "Àkókò Oru Shílè"
              }
            },
            "China": {
              "long": {
                "generic": "Àkókò Sháínà",
                "standard": "Àkókò Ìfɛnukòsí Sháínà",
                "daylight": "Àkókò Ojúmɔmɔ Sháínà"
              }
            },
            "Christmas": {
              "long": {
                "standard": "Àkókò Erékùsù Christmas"
              }
            },
            "Cocos": {
              "long": {
                "standard": "Àkókò Àwɔn Erékùsù Cocos"
              }
            },
            "Colombia": {
              "long": {
                "generic": "Aago Kolombia",
                "standard": "Aago àsìkò Kolombia",
                "daylight": "Aago Soma Colombia"
              }
            },
            "Cook": {
              "long": {
                "generic": "Àkókò Àwɔn Erekusu Kuuku",
                "standard": "Àkókò Àfɛnukò Àwɔn Erekusu Kuuku",
                "daylight": "Àkókò Ilaji Sɔma Àwɔn Erekusu Kuuku"
              }
            },
            "Cuba": {
              "long": {
                "generic": "Àkókò Kúbà",
                "standard": "Àkókò Àfɛnukò Kúbà",
                "daylight": "Àkókò Ojúmɔmɔ Kúbà"
              }
            },
            "Davis": {
              "long": {
                "standard": "Àkókò Davis"
              }
            },
            "DumontDUrville": {
              "long": {
                "standard": "Àkókò Dumont-d’Urville"
              }
            },
            "East_Timor": {
              "long": {
                "standard": "Àkókò Ìlà oorùn Timor"
              }
            },
            "Easter": {
              "long": {
                "generic": "Aago Ajnde Ibùgbé Omi",
                "standard": "Aago àsìkò Easter Island",
                "daylight": "Aago Soma Easter Island"
              }
            },
            "Ecuador": {
              "long": {
                "standard": "Aago Ecuador"
              }
            },
            "Europe_Central": {
              "long": {
                "generic": "Àkókò Àárin Europe",
                "standard": "Àkókò Àárin àsikò Europe",
                "daylight": "Àkókò Àárin Sɔmà Europe"
              }
            },
            "Europe_Eastern": {
              "long": {
                "generic": "Àkókò Ìhà Ìlà Oòrùn Europe",
                "standard": "Àkókò àsikò Ìhà Ìlà Oòrùn Europe",
                "daylight": "Àkókò Sɔmà Ìha Ìlà Oòrùn Europe"
              }
            },
            "Europe_Further_Eastern": {
              "long": {
                "standard": "Àkókò Iwájú Ìlà Oòrùn Yúróòpù"
              }
            },
            "Europe_Western": {
              "long": {
                "generic": "Àkókò Ìwɔ Oòrùn Europe",
                "standard": "Àkókò àsikò Ìwɔ Oòrùn Europe",
                "daylight": "Àkókò Sɔmà Ìhà Ìwɔ Oòrùn Europe"
              }
            },
            "Falkland": {
              "long": {
                "generic": "Àkókò Fókílándì",
                "standard": "Àkókò Àfɛnukò Etíkun Fókílándì",
                "daylight": "Àkókò Ooru Etíkun Fókílándì"
              }
            },
            "Fiji": {
              "long": {
                "generic": "Àkókò Fiji",
                "standard": "Àkókò Àfɛnukò Fiji",
                "daylight": "Àkókò Sɔma Fiji"
              }
            },
            "French_Guiana": {
              "long": {
                "standard": "Àkókò Gúyánà Fáránsè"
              }
            },
            "French_Southern": {
              "long": {
                "standard": "Àkókò Gúsù Fáransé àti Àntátíìkì"
              }
            },
            "Galapagos": {
              "long": {
                "standard": "Aago Galapago"
              }
            },
            "Gambier": {
              "long": {
                "standard": "Àkókò Gambia"
              }
            },
            "Georgia": {
              "long": {
                "generic": "Àkókò Georgia",
                "standard": "Àkókò Àfɛnukò Georgia",
                "daylight": "Àkókò Sɔmà Georgia"
              }
            },
            "Gilbert_Islands": {
              "long": {
                "standard": "Àkókò Àwɔn Erekusu Gilibati"
              }
            },
            "GMT": {
              "long": {
                "standard": "Greenwich Mean Time"
              }
            },
            "Greenland_Eastern": {
              "long": {
                "generic": "Àkókò Ìlà oorùn Greenland",
                "standard": "Àkókò Ìwɔ̀ Ìfɛnukò oorùn Greenland",
                "daylight": "Àkókò ìgbà Ooru Greenland"
              }
            },
            "Greenland_Western": {
              "long": {
                "generic": "Àkókò Ìwɔ̀ oorùn Greenland",
                "standard": "Àkókò Àfɛnukò Ìwɔ̀ Oòrùn Greenland",
                "daylight": "Àkókò Àfɛnukò Ìgba Oòru Greenland"
              }
            },
            "Gulf": {
              "long": {
                "standard": "Àkókò Àfɛnukò Gulf"
              }
            },
            "Guyana": {
              "long": {
                "standard": "Àkókò Gúyànà"
              }
            },
            "Hawaii": {
              "long": {
                "standard": "Àkókò Àfɛnukò Hawaii-Aleutian"
              }
            },
            "Hawaii_Aleutian": {
              "long": {
                "generic": "Àkókò Hawaii-Aleutian",
                "standard": "Àkókò Àfɛnukò Hawaii-Aleutian",
                "daylight": "Àkókò Ojúmɔmɔ Hawaii-Aleutian"
              }
            },
            "Hong_Kong": {
              "long": {
                "generic": "Àkókò Hong Kong",
                "standard": "Àkókò Ìfɛnukòsí Hong Kong",
                "daylight": "Àkókò Sɔmà Hong Kong"
              }
            },
            "Hovd": {
              "long": {
                "generic": "Àkókò Hofidi",
                "standard": "Àkókò Ìfɛnukòsí Hofidi",
                "daylight": "Àkókò Sɔmà Hofidi"
              }
            },
            "India": {
              "long": {
                "standard": "Àkókò Àfɛnukò India"
              }
            },
            "Indian_Ocean": {
              "long": {
                "standard": "Àkókò Etíkun Índíà"
              }
            },
            "Indochina": {
              "long": {
                "standard": "Àkókò Indochina"
              }
            },
            "Indonesia_Central": {
              "long": {
                "standard": "Àkókò Ààrin Gbùngbùn Indonesia"
              }
            },
            "Indonesia_Eastern": {
              "long": {
                "standard": "Àkókò Ìlà oorùn Indonesia"
              }
            },
            "Indonesia_Western": {
              "long": {
                "standard": "Àkókò Ìwɔ̀ oorùn Indonesia"
              }
            },
            "Iran": {
              "long": {
                "generic": "Àkókò Irani",
                "standard": "Àkókò Àfɛnukò Irani",
                "daylight": "Àkókò Ojúmɔmɔ Irani"
              }
            },
            "Irkutsk": {
              "long": {
                "generic": "Àkókò Íkósíkì",
                "standard": "Àkókò Àfɛnukò Íkósíkì",
                "daylight": "Àkókò Sɔmà Íkúsíkì"
              }
            },
            "Israel": {
              "long": {
                "generic": "Àkókò Israel",
                "standard": "Àkókò Àfɛnukò Israel",
                "daylight": "Àkókò Ojúmɔmɔ Israel"
              }
            },
            "Japan": {
              "long": {
                "generic": "Àkókò Japan",
                "standard": "Àkókò Ìfɛnukòsí Japan",
                "daylight": "Àkókò Sɔmà Japan"
              }
            },
            "Kazakhstan": {
              "long": {
                "standard": "Aago Kasasitáànì"
              }
            },
            "Kazakhstan_Eastern": {
              "long": {
                "standard": "Àkókò Ìlà-Oòrùn Kasasitáànì"
              }
            },
            "Kazakhstan_Western": {
              "long": {
                "standard": "Àkókò Ìwɔ̀-Oòrùn Kasasitáànì"
              }
            },
            "Korea": {
              "long": {
                "generic": "Àkókò Koria",
                "standard": "Àkókò Ìfɛnukòsí Koria",
                "daylight": "Àkókò Ojúmɔmɔ Koria"
              }
            },
            "Kosrae": {
              "long": {
                "standard": "Àkókò Kosirai"
              }
            },
            "Krasnoyarsk": {
              "long": {
                "generic": "Àkókò Krasinoyasiki",
                "standard": "Àkókò Àfɛnukò Krasinoyasiki",
                "daylight": "Àkókò Sɔmà Krasinoyasiki"
              }
            },
            "Kyrgystan": {
              "long": {
                "standard": "Àkókò Kirigisitaani"
              }
            },
            "Line_Islands": {
              "long": {
                "standard": "Àkókò Àwɔn Erekusu Laini"
              }
            },
            "Lord_Howe": {
              "long": {
                "generic": "Àkókò Lord Howe",
                "standard": "Àkókò Àfɛnukò Lord Howe",
                "daylight": "Àkókò Ojúmɔmɔ Lord Howe"
              }
            },
            "Magadan": {
              "long": {
                "generic": "Àkókò Magadani",
                "standard": "Àkókò Àfɛnukò Magadani",
                "daylight": "Àkókò Sɔmà Magadani"
              }
            },
            "Malaysia": {
              "long": {
                "standard": "Àkókò Malaysia"
              }
            },
            "Maldives": {
              "long": {
                "standard": "Àkókò Maldives"
              }
            },
            "Marquesas": {
              "long": {
                "standard": "Àkókò Makuesasi"
              }
            },
            "Marshall_Islands": {
              "long": {
                "standard": "Àkókò Àwɔn Erekusu Masaali"
              }
            },
            "Mauritius": {
              "long": {
                "generic": "Àkókò Máríshúshì",
                "standard": "Àkókò Àfɛnukò Máríshúshì",
                "daylight": "Àkókò Ooru Máríshúshì"
              }
            },
            "Mawson": {
              "long": {
                "standard": "Àkókò Mawson"
              }
            },
            "Mexico_Pacific": {
              "long": {
                "generic": "Àkókò Pásífíìkì Mɛ́shíkò",
                "standard": "Àkókò Àfɛnukò Pásífíìkì Mɛ́síkò",
                "daylight": "Àkókò Ojúmɔmɔ Pásífíìkì Mɛ́síkò"
              }
            },
            "Mongolia": {
              "long": {
                "generic": "Àkókò Ulaanbaatar",
                "standard": "Àkókò Ìfɛnukòsí Ulaanbaatar",
                "daylight": "Àkókò Sɔmà Ulaanbaatar"
              }
            },
            "Moscow": {
              "long": {
                "generic": "Àkókò Mosiko",
                "standard": "Àkókò Àfɛnukò Mosiko",
                "daylight": "Àkókò Sɔmà Mosiko"
              }
            },
            "Myanmar": {
              "long": {
                "standard": "Àkókò Ìlà Myanmar"
              }
            },
            "Nauru": {
              "long": {
                "standard": "Àkókò Nauru"
              }
            },
            "Nepal": {
              "long": {
                "standard": "Àkókò Nepali"
              }
            },
            "New_Caledonia": {
              "long": {
                "generic": "Àkókò Kalidonia Tuntun",
                "standard": "Àkókò Àfɛnukò Kalidonia Tuntun",
                "daylight": "Àkókò Sɔma Kalidonia Tuntun"
              }
            },
            "New_Zealand": {
              "long": {
                "generic": "Àkókò New Zealand",
                "standard": "Àkókò Àfɛnukò New zealand",
                "daylight": "Àkókò Ojúmɔmɔ New Zealand"
              }
            },
            "Newfoundland": {
              "long": {
                "generic": "Àkókò Newfoundland",
                "standard": "Àkókò Àfɛnukò Newfoundland",
                "daylight": "Àkókò Ojúmɔmɔ Newfoundland"
              }
            },
            "Niue": {
              "long": {
                "standard": "Àkókò Niue"
              }
            },
            "Norfolk": {
              "long": {
                "generic": "Àkókò Erékùsù Norfolk",
                "standard": "Àkókò Àfɛnukò Erékùsù Norfolk",
                "daylight": "Àkókò Ojúmɔmɔ Erékùsù Norfolk"
              }
            },
            "Noronha": {
              "long": {
                "generic": "Aago Fenando de Norona",
                "standard": "Aago àsìkò Fenando de Norona",
                "daylight": "Aago Soma Fernando de Noronha"
              }
            },
            "Novosibirsk": {
              "long": {
                "generic": "Àkókò Nofosibiriski",
                "standard": "Àkókò Àfɛnukò Nofosibiriki",
                "daylight": "Àkókò Sɔmà Noforibisiki"
              }
            },
            "Omsk": {
              "long": {
                "generic": "Àkókò Omisiki",
                "standard": "Àkókò Àfɛnukò Omisiki",
                "daylight": "Àkókò Sɔmà Omisiki"
              }
            },
            "Pakistan": {
              "long": {
                "generic": "Àkókò Pakistani",
                "standard": "Àkókò Àfɛnukò Pakistani",
                "daylight": "Àkókò Sɔmà Pakistani"
              }
            },
            "Palau": {
              "long": {
                "standard": "Àkókò Palau"
              }
            },
            "Papua_New_Guinea": {
              "long": {
                "standard": "Àkókò Papua New Guinea"
              }
            },
            "Paraguay": {
              "long": {
                "generic": "Àkókò Párágúwè",
                "standard": "Àkókò Àfɛnukò Párágúwè",
                "daylight": "Àkókò Ooru Párágúwè"
              }
            },
            "Peru": {
              "long": {
                "generic": "Àkókò Pérù",
                "standard": "Àkókò Àfɛnukò Pérù",
                "daylight": "Àkókò Ooru Pérù"
              }
            },
            "Philippines": {
              "long": {
                "generic": "Àkókò Filipininni",
                "standard": "Àkókò Àfɛnukò Filipininni",
                "daylight": "Àkókò Sɔmà Filipininni"
              }
            },
            "Phoenix_Islands": {
              "long": {
                "standard": "Àkókò Àwɔn Erékùsù Phoenix"
              }
            },
            "Pierre_Miquelon": {
              "long": {
                "generic": "Àkókò Pierre & Miquelon",
                "standard": "Àkókò Àfɛnukò Pierre & Miquelon",
                "daylight": "Àkókò Ojúmɔmɔ Pierre & Miquelon"
              }
            },
            "Pitcairn": {
              "long": {
                "standard": "Àkókò Pitcairn"
              }
            },
            "Ponape": {
              "long": {
                "standard": "Àkókò Ponape"
              }
            },
            "Pyongyang": {
              "long": {
                "standard": "Àkókò Pyongyangi"
              }
            },
            "Reunion": {
              "long": {
                "standard": "Àkókò Rɛ́yúníɔ́nì"
              }
            },
            "Rothera": {
              "long": {
                "standard": "Àkókò Rothera"
              }
            },
            "Sakhalin": {
              "long": {
                "generic": "Àkókò Sakhalin",
                "standard": "Àkókò Àfɛnukò Sakhalin",
                "daylight": "Àkókò Sɔmà Sakhalin"
              }
            },
            "Samoa": {
              "long": {
                "generic": "Àkókò Samoa",
                "standard": "Àkókò Àfɛnukò Samoa",
                "daylight": "Àkókò Ojúmɔmɔ Samoa"
              }
            },
            "Seychelles": {
              "long": {
                "standard": "Àkókò Sèshɛ́ɛ̀lì"
              }
            },
            "Singapore": {
              "long": {
                "standard": "Àkókò Àfɛnukò Singapore"
              }
            },
            "Solomon": {
              "long": {
                "standard": "Àkókò Àwɔn Erekusu Solomon"
              }
            },
            "South_Georgia": {
              "long": {
                "standard": "Àkókò Gúsù Jɔ́jíà"
              }
            },
            "Suriname": {
              "long": {
                "standard": "Àkókò Súrínámù"
              }
            },
            "Syowa": {
              "long": {
                "standard": "Àkókò Syowa"
              }
            },
            "Tahiti": {
              "long": {
                "standard": "Àkókò Tahiti"
              }
            },
            "Taipei": {
              "long": {
                "generic": "Àkókò Taipei",
                "standard": "Àkókò Ìfɛnukòsí Taipei",
                "daylight": "Àkókò Ojúmɔmɔ Taipei"
              }
            },
            "Tajikistan": {
              "long": {
                "standard": "Àkókò Tajikisitaani"
              }
            },
            "Tokelau": {
              "long": {
                "standard": "Àkókò Tokelau"
              }
            },
            "Tonga": {
              "long": {
                "generic": "Àkókò Tonga",
                "standard": "Àkókò Àfɛnukò Tonga",
                "daylight": "Àkókò Sɔmà Tonga"
              }
            },
            "Truk": {
              "long": {
                "standard": "Àkókò Chuuk"
              }
            },
            "Turkmenistan": {
              "long": {
                "generic": "Àkókò Turkimenistani",
                "standard": "Àkókò Àfɛnukò Turkimenistani",
                "daylight": "Àkókò Sɔmà Turkmenistani"
              }
            },
            "Tuvalu": {
              "long": {
                "standard": "Àkókò Tufalu"
              }
            },
            "Uruguay": {
              "long": {
                "generic": "Aago Uruguay",
                "standard": "Àkókò Àfɛnukò Úrúgúwè",
                "daylight": "Aago Soma Uruguay"
              }
            },
            "Uzbekistan": {
              "long": {
                "generic": "Àkókò Usibekistani",
                "standard": "Àkókò Àfɛnukò Usibekistani",
                "daylight": "Àkókò Sɔmà Usibekistani"
              }
            },
            "Vanuatu": {
              "long": {
                "generic": "Àkókò Fanuatu",
                "standard": "Àkókò Àfɛnukò Fanuatu",
                "daylight": "Àkókò Sɔmà Fanuatu"
              }
            },
            "Venezuela": {
              "long": {
                "standard": "Aago Venezuela"
              }
            },
            "Vladivostok": {
              "long": {
                "generic": "Àkókò Filadifositoki",
                "standard": "Àkókò Àfɛnukò Filadifositoki",
                "daylight": "Àkókò Sɔmà Filadifositoki"
              }
            },
            "Volgograd": {
              "long": {
                "generic": "Àkókò Foligogiradi",
                "standard": "Àkókò Àfɛnukò Foligogiradi",
                "daylight": "Àkókò Sɔmà Foligogiradi"
              }
            },
            "Vostok": {
              "long": {
                "standard": "Àkókò Vostok"
              }
            },
            "Wake": {
              "long": {
                "standard": "Àkókò Erékùsù Wake"
              }
            },
            "Wallis": {
              "long": {
                "standard": "Àkókò Wallis & Futuina"
              }
            },
            "Yakutsk": {
              "long": {
                "generic": "Àkókò Yatutsk",
                "standard": "Àkókò Àfɛnukò Yatutsk",
                "daylight": "Àkókò Sɔmà Yatutsk"
              }
            },
            "Yekaterinburg": {
              "long": {
                "generic": "Àkókò Yekaterinburg",
                "standard": "Àkókò Àfɛnukò Yekaterinburg",
                "daylight": "Àkókò Sɔmà Yekaterinburg"
              }
            },
            "Yukon": {
              "long": {
                "standard": "Àkókò Yúkɔ́nì"
              }
            }
          }
        }
      }
    }
  }
}
